\BOOKMARK [0][-]{chapter.1}{\376\377\0001\000\040\000M\000a\000i\000n\000\040\000P\000a\000g\000e}{}% 1
\BOOKMARK [1][-]{section.1.1}{\376\377\0001\000.\0001\000\040\000W\000e\000l\000c\000o\000m\000e\000\040\000t\000o\000\040\000A\000A\000X}{chapter.1}% 2
\BOOKMARK [2][-]{subsection.1.1.1}{\376\377\0001\000.\0001\000.\0001\000\040\000T\000h\000e\000\040\000B\000a\000s\000i\000c\000s}{section.1.1}% 3
\BOOKMARK [2][-]{subsection.1.1.2}{\376\377\0001\000.\0001\000.\0002\000\040\000M\000o\000r\000e\000\040\000T\000o\000p\000i\000c\000s}{section.1.1}% 4
\BOOKMARK [2][-]{subsection.1.1.3}{\376\377\0001\000.\0001\000.\0003\000\040\000T\000e\000s\000t\000\040\000T\000o\000o\000l\000s\000\040\000\046\000\040\000U\000t\000i\000l\000i\000t\000i\000e\000s}{section.1.1}% 5
\BOOKMARK [2][-]{subsection.1.1.4}{\376\377\0001\000.\0001\000.\0004\000\040\000S\000u\000p\000p\000l\000e\000m\000e\000n\000t\000a\000l\000\040\000I\000n\000f\000o\000r\000m\000a\000t\000i\000o\000n}{section.1.1}% 6
\BOOKMARK [1][-]{section.1.2}{\376\377\0001\000.\0002\000\040\000S\000D\000K\000\040\000F\000o\000l\000d\000e\000r\000\040\000H\000i\000e\000r\000a\000r\000c\000h\000y}{chapter.1}% 7
\BOOKMARK [1][-]{section.1.3}{\376\377\0001\000.\0003\000\040\000C\000o\000n\000t\000a\000c\000t\000i\000n\000g\000\040\000A\000v\000i\000d}{chapter.1}% 8
\BOOKMARK [1][-]{section.1.4}{\376\377\0001\000.\0004\000\040\000L\000i\000c\000e\000n\000s\000i\000n\000g}{chapter.1}% 9
\BOOKMARK [0][-]{chapter.2}{\376\377\0002\000\040\000T\000o\000d\000o\000\040\000L\000i\000s\000t}{}% 10
\BOOKMARK [0][-]{chapter.3}{\376\377\0003\000\040\000H\000o\000s\000t\000\040\000C\000o\000m\000p\000a\000t\000i\000b\000i\000l\000i\000t\000y\000\040\000N\000o\000t\000e\000s}{}% 11
\BOOKMARK [0][-]{chapter.4}{\376\377\0004\000\040\000L\000e\000g\000a\000c\000y\000\040\000P\000o\000r\000t\000i\000n\000g\000\040\000N\000o\000t\000e\000s}{}% 12
\BOOKMARK [0][-]{chapter.5}{\376\377\0005\000\040\000D\000e\000p\000r\000e\000c\000a\000t\000e\000d\000\040\000L\000i\000s\000t}{}% 13
\BOOKMARK [0][-]{chapter.6}{\376\377\0006\000\040\000N\000o\000t\000\040\000U\000s\000e\000d\000\040\000b\000y\000\040\000A\000A\000X\000\040\000P\000l\000u\000g\000-\000I\000n\000s}{}% 14
\BOOKMARK [0][-]{chapter.7}{\376\377\0007\000\040\000M\000o\000d\000u\000l\000e\000\040\000I\000n\000d\000e\000x}{}% 15
\BOOKMARK [1][-]{section.7.1}{\376\377\0007\000.\0001\000\040\000M\000a\000n\000u\000a\000l}{chapter.7}% 16
\BOOKMARK [0][-]{chapter.8}{\376\377\0008\000\040\000N\000a\000m\000e\000s\000p\000a\000c\000e\000\040\000I\000n\000d\000e\000x}{}% 17
\BOOKMARK [1][-]{section.8.1}{\376\377\0008\000.\0001\000\040\000N\000a\000m\000e\000s\000p\000a\000c\000e\000\040\000L\000i\000s\000t}{chapter.8}% 18
\BOOKMARK [0][-]{chapter.9}{\376\377\0009\000\040\000H\000i\000e\000r\000a\000r\000c\000h\000i\000c\000a\000l\000\040\000I\000n\000d\000e\000x}{}% 19
\BOOKMARK [1][-]{section.9.1}{\376\377\0009\000.\0001\000\040\000C\000l\000a\000s\000s\000\040\000H\000i\000e\000r\000a\000r\000c\000h\000y}{chapter.9}% 20
\BOOKMARK [0][-]{chapter.10}{\376\377\0001\0000\000\040\000C\000l\000a\000s\000s\000\040\000I\000n\000d\000e\000x}{}% 21
\BOOKMARK [1][-]{section.10.1}{\376\377\0001\0000\000.\0001\000\040\000C\000l\000a\000s\000s\000\040\000L\000i\000s\000t}{chapter.10}% 22
\BOOKMARK [0][-]{chapter.11}{\376\377\0001\0001\000\040\000F\000i\000l\000e\000\040\000I\000n\000d\000e\000x}{}% 23
\BOOKMARK [1][-]{section.11.1}{\376\377\0001\0001\000.\0001\000\040\000F\000i\000l\000e\000\040\000L\000i\000s\000t}{chapter.11}% 24
\BOOKMARK [0][-]{chapter.12}{\376\377\0001\0002\000\040\000M\000o\000d\000u\000l\000e\000\040\000D\000o\000c\000u\000m\000e\000n\000t\000a\000t\000i\000o\000n}{}% 25
\BOOKMARK [1][-]{section.12.1}{\376\377\0001\0002\000.\0001\000\040\000A\000A\000X\000\040\000S\000D\000K\000\040\000M\000a\000n\000u\000a\000l}{chapter.12}% 26
\BOOKMARK [2][-]{subsection.12.1.1}{\376\377\0001\0002\000.\0001\000.\0001\000\040\000\040}{section.12.1}% 27
\BOOKMARK [2][-]{subsection.12.1.2}{\376\377\0001\0002\000.\0001\000.\0002\000\040\000W\000e\000l\000c\000o\000m\000e\000\040\000t\000o\000\040\000A\000A\000X}{section.12.1}% 28
\BOOKMARK [3][-]{subsubsection.12.1.2.1}{\376\377\0001\0002\000.\0001\000.\0002\000.\0001\000\040\000T\000h\000e\000\040\000B\000a\000s\000i\000c\000s}{subsection.12.1.2}% 29
\BOOKMARK [3][-]{subsubsection.12.1.2.2}{\376\377\0001\0002\000.\0001\000.\0002\000.\0002\000\040\000M\000o\000r\000e\000\040\000T\000o\000p\000i\000c\000s}{subsection.12.1.2}% 30
\BOOKMARK [3][-]{subsubsection.12.1.2.3}{\376\377\0001\0002\000.\0001\000.\0002\000.\0003\000\040\000T\000e\000s\000t\000\040\000T\000o\000o\000l\000s\000\040\000\046\000\040\000U\000t\000i\000l\000i\000t\000i\000e\000s}{subsection.12.1.2}% 31
\BOOKMARK [3][-]{subsubsection.12.1.2.4}{\376\377\0001\0002\000.\0001\000.\0002\000.\0004\000\040\000S\000u\000p\000p\000l\000e\000m\000e\000n\000t\000a\000l\000\040\000I\000n\000f\000o\000r\000m\000a\000t\000i\000o\000n}{subsection.12.1.2}% 32
\BOOKMARK [2][-]{subsection.12.1.3}{\376\377\0001\0002\000.\0001\000.\0003\000\040\000S\000D\000K\000\040\000F\000o\000l\000d\000e\000r\000\040\000H\000i\000e\000r\000a\000r\000c\000h\000y}{section.12.1}% 33
\BOOKMARK [2][-]{subsection.12.1.4}{\376\377\0001\0002\000.\0001\000.\0004\000\040\000C\000o\000n\000t\000a\000c\000t\000i\000n\000g\000\040\000A\000v\000i\000d}{section.12.1}% 34
\BOOKMARK [2][-]{subsection.12.1.5}{\376\377\0001\0002\000.\0001\000.\0005\000\040\000L\000i\000c\000e\000n\000s\000i\000n\000g}{section.12.1}% 35
\BOOKMARK [1][-]{section.12.2}{\376\377\0001\0002\000.\0002\000\040\000G\000e\000t\000t\000i\000n\000g\000\040\000S\000t\000a\000r\000t\000e\000d\000\040\000w\000i\000t\000h\000\040\000A\000A\000X}{chapter.12}% 36
\BOOKMARK [2][-]{subsection.12.2.1}{\376\377\0001\0002\000.\0002\000.\0001\000\040\000C\000o\000n\000t\000e\000n\000t\000s}{section.12.2}% 37
\BOOKMARK [2][-]{subsection.12.2.2}{\376\377\0001\0002\000.\0002\000.\0002\000\040\000W\000e\000l\000c\000o\000m\000e}{section.12.2}% 38
\BOOKMARK [2][-]{subsection.12.2.3}{\376\377\0001\0002\000.\0002\000.\0003\000\040\000Q\000u\000i\000c\000k\000\040\000S\000t\000a\000r\000t}{section.12.2}% 39
\BOOKMARK [2][-]{subsection.12.2.4}{\376\377\0001\0002\000.\0002\000.\0004\000\040\000A\000A\000X\000\040\000D\000e\000s\000i\000g\000n\000\040\000O\000v\000e\000r\000v\000i\000e\000w}{section.12.2}% 40
\BOOKMARK [3][-]{subsubsection.12.2.4.1}{\376\377\0001\0002\000.\0002\000.\0004\000.\0001\000\040\000A\000r\000c\000h\000i\000t\000e\000c\000t\000u\000r\000e\000\040\000P\000h\000i\000l\000o\000s\000o\000p\000h\000y}{subsection.12.2.4}% 41
\BOOKMARK [3][-]{subsubsection.12.2.4.2}{\376\377\0001\0002\000.\0002\000.\0004\000.\0002\000\040\000D\000e\000s\000i\000g\000n\000\040\000A\000t\000t\000r\000i\000b\000u\000t\000e\000s}{subsection.12.2.4}% 42
\BOOKMARK [3][-]{subsubsection.12.2.4.3}{\376\377\0001\0002\000.\0002\000.\0004\000.\0003\000\040\000C\000o\000m\000p\000o\000n\000e\000n\000t\000\040\000S\000t\000r\000u\000c\000t\000u\000r\000e}{subsection.12.2.4}% 43
\BOOKMARK [3][-]{subsubsection.12.2.4.4}{\376\377\0001\0002\000.\0002\000.\0004\000.\0004\000\040\000A\000l\000g\000o\000r\000i\000t\000h\000m}{subsection.12.2.4}% 44
\BOOKMARK [3][-]{subsubsection.12.2.4.5}{\376\377\0001\0002\000.\0002\000.\0004\000.\0005\000\040\000D\000a\000t\000a\000\040\000M\000o\000d\000e\000l}{subsection.12.2.4}% 45
\BOOKMARK [3][-]{subsubsection.12.2.4.6}{\376\377\0001\0002\000.\0002\000.\0004\000.\0006\000\040\000G\000U\000I\000\040\000I\000n\000t\000e\000r\000f\000a\000c\000e}{subsection.12.2.4}% 46
\BOOKMARK [3][-]{subsubsection.12.2.4.7}{\376\377\0001\0002\000.\0002\000.\0004\000.\0007\000\040\000D\000e\000s\000c\000r\000i\000b\000e}{subsection.12.2.4}% 47
\BOOKMARK [3][-]{subsubsection.12.2.4.8}{\376\377\0001\0002\000.\0002\000.\0004\000.\0008\000\040\000C\000o\000n\000t\000r\000o\000l\000l\000e\000r}{subsection.12.2.4}% 48
\BOOKMARK [2][-]{subsection.12.2.5}{\376\377\0001\0002\000.\0002\000.\0005\000\040\000D\000e\000m\000o\000G\000a\000i\000n\000\040\000E\000x\000a\000m\000p\000l\000e}{section.12.2}% 49
\BOOKMARK [3][-]{subsubsection.12.2.5.1}{\376\377\0001\0002\000.\0002\000.\0005\000.\0001\000\040\000A\000A\000X\000\040\000P\000l\000u\000g\000-\000I\000n\000\040\000P\000a\000r\000a\000m\000e\000t\000e\000r\000s}{subsection.12.2.5}% 50
\BOOKMARK [3][-]{subsubsection.12.2.5.2}{\376\377\0001\0002\000.\0002\000.\0005\000.\0002\000\040\000D\000a\000t\000a\000\040\000M\000o\000d\000e\000l\000:\000\040\000C\000r\000e\000a\000t\000e\000\040\000Y\000o\000u\000r\000\040\000P\000a\000r\000a\000m\000e\000t\000e\000r}{subsection.12.2.5}% 51
\BOOKMARK [3][-]{subsubsection.12.2.5.3}{\376\377\0001\0002\000.\0002\000.\0005\000.\0003\000\040\000A\000l\000g\000o\000r\000i\000t\000h\000m\000:\000\040\000A\000d\000d\000\040\000c\000o\000e\000f\000f\000i\000c\000i\000e\000n\000t\000s\000\040\000t\000o\000\040\000t\000h\000e\000\040\000a\000l\000g\000o\000r\000i\000t\000h\000m\000\047\000s\000\040\000c\000o\000n\000t\000e\000x\000t\000\040\000s\000t\000r\000u\000c\000t\000u\000r\000e}{subsection.12.2.5}% 52
\BOOKMARK [3][-]{subsubsection.12.2.5.4}{\376\377\0001\0002\000.\0002\000.\0005\000.\0004\000\040\000D\000e\000s\000c\000r\000i\000b\000e\000:\000\040\000C\000o\000n\000n\000e\000c\000t\000\040\000t\000h\000e\000\040\000p\000a\000r\000a\000m\000e\000t\000e\000r\000\040\000t\000h\000r\000o\000u\000g\000h\000o\000u\000t\000\040\000t\000h\000e\000\040\000p\000l\000u\000g\000-\000i\000n}{subsection.12.2.5}% 53
\BOOKMARK [3][-]{subsubsection.12.2.5.5}{\376\377\0001\0002\000.\0002\000.\0005\000.\0005\000\040\000G\000U\000I\000:\000\040\000A\000d\000d\000\040\000a\000\040\000c\000o\000n\000t\000r\000o\000l}{subsection.12.2.5}% 54
\BOOKMARK [2][-]{subsection.12.2.6}{\376\377\0001\0002\000.\0002\000.\0006\000\040\000N\000e\000x\000t\000\040\000S\000t\000e\000p\000s}{section.12.2}% 55
\BOOKMARK [1][-]{section.12.3}{\376\377\0001\0002\000.\0003\000\040\000C\000o\000r\000e\000\040\000A\000A\000X\000\040\000I\000n\000t\000e\000r\000f\000a\000c\000e}{chapter.12}% 56
\BOOKMARK [2][-]{subsection.12.3.1}{\376\377\0001\0002\000.\0003\000.\0001\000\040\000\040}{section.12.3}% 57
\BOOKMARK [1][-]{section.12.4}{\376\377\0001\0002\000.\0004\000\040\000D\000e\000s\000c\000r\000i\000p\000t\000i\000o\000n\000\040\000c\000a\000l\000l\000b\000a\000c\000k}{chapter.12}% 58
\BOOKMARK [2][-]{subsection.12.4.1}{\376\377\0001\0002\000.\0004\000.\0001\000\040\000\040}{section.12.4}% 59
\BOOKMARK [2][-]{subsection.12.4.2}{\376\377\0001\0002\000.\0004\000.\0002\000\040\000O\000n\000\040\000t\000h\000i\000s\000\040\000p\000a\000g\000e}{section.12.4}% 60
\BOOKMARK [2][-]{subsection.12.4.3}{\376\377\0001\0002\000.\0004\000.\0003\000\040\000A\000b\000o\000u\000t\000\040\000t\000h\000e\000\040\000D\000e\000s\000c\000r\000i\000b\000e\000\040\000c\000a\000l\000l\000b\000a\000c\000k\000\040\000a\000n\000d\000\040\000A\000A\000X\000\040\000d\000e\000s\000c\000r\000i\000p\000t\000o\000r\000\040\000i\000n\000t\000e\000r\000f\000a\000c\000e\000s}{section.12.4}% 61
\BOOKMARK [2][-]{subsection.12.4.4}{\376\377\0001\0002\000.\0004\000.\0004\000\040\000T\000o\000p\000\040\000l\000e\000v\000e\000l\000:\000\040\000C\000o\000l\000l\000e\000c\000t\000i\000o\000n}{section.12.4}% 62
\BOOKMARK [2][-]{subsection.12.4.5}{\376\377\0001\0002\000.\0004\000.\0005\000\040\000M\000i\000d\000d\000l\000e\000\040\000l\000e\000v\000e\000l\000:\000\040\000E\000f\000f\000e\000c\000t\000s}{section.12.4}% 63
\BOOKMARK [3][-]{subsubsection.12.4.5.1}{\376\377\0001\0002\000.\0004\000.\0005\000.\0001\000\040\000R\000e\000g\000i\000s\000t\000e\000r\000i\000n\000g\000\040\000m\000u\000l\000t\000i\000p\000l\000e\000\040\000E\000f\000f\000e\000c\000t\000s}{subsection.12.4.5}% 64
\BOOKMARK [2][-]{subsection.12.4.6}{\376\377\0001\0002\000.\0004\000.\0006\000\040\000L\000o\000w\000e\000s\000t\000\040\000l\000e\000v\000e\000l\000:\000\040\000A\000l\000g\000o\000r\000i\000t\000h\000m\000\040\000c\000o\000m\000p\000o\000n\000e\000n\000t\000s}{section.12.4}% 65
\BOOKMARK [3][-]{subsubsection.12.4.6.1}{\376\377\0001\0002\000.\0004\000.\0006\000.\0001\000\040\000A\000l\000g\000o\000r\000i\000t\000h\000m\000\040\000c\000a\000l\000l\000b\000a\000c\000k\000\040\000p\000r\000o\000p\000e\000r\000t\000i\000e\000s}{subsection.12.4.6}% 66
\BOOKMARK [2][-]{subsection.12.4.7}{\376\377\0001\0002\000.\0004\000.\0007\000\040\000H\000o\000s\000t\000\040\000f\000e\000a\000t\000u\000r\000e\000\040\000a\000n\000d\000\040\000e\000n\000v\000i\000r\000o\000n\000m\000e\000n\000t\000\040\000c\000h\000e\000c\000k\000s}{section.12.4}% 67
\BOOKMARK [2][-]{subsection.12.4.8}{\376\377\0001\0002\000.\0004\000.\0008\000\040\000C\000h\000e\000c\000k\000i\000n\000g\000\040\000R\000e\000s\000u\000l\000t\000s}{section.12.4}% 68
\BOOKMARK [3][-]{subsubsection.12.4.8.1}{\376\377\0001\0002\000.\0004\000.\0008\000.\0001\000\040\000S\000u\000m\000m\000a\000r\000y}{subsection.12.4.8}% 69
\BOOKMARK [3][-]{subsubsection.12.4.8.2}{\376\377\0001\0002\000.\0004\000.\0008\000.\0002\000\040\000T\000h\000e\000\040\000P\000r\000o\000b\000l\000e\000m}{subsection.12.4.8}% 70
\BOOKMARK [3][-]{subsubsection.12.4.8.3}{\376\377\0001\0002\000.\0004\000.\0008\000.\0003\000\040\000T\000h\000e\000\040\000S\000o\000l\000u\000t\000i\000o\000n}{subsection.12.4.8}% 71
\BOOKMARK [3][-]{subsubsection.12.4.8.4}{\376\377\0001\0002\000.\0004\000.\0008\000.\0004\000\040\000H\000a\000n\000d\000l\000i\000n\000g\000\040\000E\000r\000r\000o\000r\000s\000\040\000a\000n\000d\000\040\000M\000a\000n\000a\000g\000i\000n\000g\000\040\000C\000o\000n\000t\000r\000o\000l\000\040\000F\000l\000o\000w}{subsection.12.4.8}% 72
\BOOKMARK [2][-]{subsection.12.4.9}{\376\377\0001\0002\000.\0004\000.\0009\000\040\000D\000e\000s\000c\000r\000i\000b\000e\000\040\000V\000a\000l\000i\000d\000a\000t\000i\000o\000n}{section.12.4}% 73
\BOOKMARK [3][-]{subsubsection.12.4.9.1}{\376\377\0001\0002\000.\0004\000.\0009\000.\0001\000\040\000V\000a\000l\000i\000d\000a\000t\000i\000o\000n\000\040\000w\000i\000t\000h\000\040\000D\000S\000H}{subsection.12.4.9}% 74
\BOOKMARK [3][-]{subsubsection.12.4.9.2}{\376\377\0001\0002\000.\0004\000.\0009\000.\0002\000\040\000V\000a\000l\000i\000d\000a\000t\000i\000o\000n\000\040\000w\000i\000t\000h\000\040\000P\000r\000o\000\040\000T\000o\000o\000l\000s}{subsection.12.4.9}% 75
\BOOKMARK [2][-]{subsection.12.4.10}{\376\377\0001\0002\000.\0004\000.\0001\0000\000\040\000A\000d\000d\000i\000t\000i\000o\000n\000a\000l\000\040\000T\000o\000p\000i\000c\000s}{section.12.4}% 76
\BOOKMARK [2][-]{subsection.12.4.11}{\376\377\0001\0002\000.\0004\000.\0001\0001\000\040\000F\000u\000n\000c\000t\000i\000o\000n\000\040\000D\000o\000c\000u\000m\000e\000n\000t\000a\000t\000i\000o\000n}{section.12.4}% 77
\BOOKMARK [3][-]{subsubsection.12.4.11.1}{\376\377\0001\0002\000.\0004\000.\0001\0001\000.\0001\000\040\000A\000A\000X\000R\000e\000g\000i\000s\000t\000e\000r\000P\000l\000u\000g\000i\000n\000\050\000\051}{subsection.12.4.11}% 78
\BOOKMARK [3][-]{subsubsection.12.4.11.2}{\376\377\0001\0002\000.\0004\000.\0001\0001\000.\0002\000\040\000G\000e\000t\000E\000f\000f\000e\000c\000t\000D\000e\000s\000c\000r\000i\000p\000t\000i\000o\000n\000s\000\050\000\051}{subsection.12.4.11}% 79
\BOOKMARK [1][-]{section.12.5}{\376\377\0001\0002\000.\0005\000\040\000R\000e\000a\000l\000-\000t\000i\000m\000e\000\040\000a\000l\000g\000o\000r\000i\000t\000h\000m\000\040\000c\000a\000l\000l\000b\000a\000c\000k}{chapter.12}% 80
\BOOKMARK [2][-]{subsection.12.5.1}{\376\377\0001\0002\000.\0005\000.\0001\000\040\000O\000n\000\040\000t\000h\000i\000s\000\040\000p\000a\000g\000e}{section.12.5}% 81
\BOOKMARK [2][-]{subsection.12.5.2}{\376\377\0001\0002\000.\0005\000.\0002\000\040\000A\000l\000g\000o\000r\000i\000t\000h\000m\000\040\000d\000e\000f\000i\000n\000i\000t\000i\000o\000n}{section.12.5}% 82
\BOOKMARK [2][-]{subsection.12.5.3}{\376\377\0001\0002\000.\0005\000.\0003\000\040\000A\000l\000g\000o\000r\000i\000t\000h\000m\000\040\000m\000e\000m\000o\000r\000y\000\040\000m\000a\000n\000a\000g\000e\000m\000e\000n\000t}{section.12.5}% 83
\BOOKMARK [2][-]{subsection.12.5.4}{\376\377\0001\0002\000.\0005\000.\0004\000\040\000C\000o\000m\000m\000u\000n\000i\000c\000a\000t\000i\000n\000g\000\040\000w\000i\000t\000h\000\040\000t\000h\000e\000\040\000a\000l\000g\000o\000r\000i\000t\000h\000m}{section.12.5}% 84
\BOOKMARK [2][-]{subsection.12.5.5}{\376\377\0001\0002\000.\0005\000.\0005\000\040\000A\000l\000g\000o\000r\000i\000t\000h\000m\000\040\000i\000n\000i\000t\000i\000a\000l\000i\000z\000a\000t\000i\000o\000n}{section.12.5}% 85
\BOOKMARK [3][-]{subsubsection.12.5.5.1}{\376\377\0001\0002\000.\0005\000.\0005\000.\0001\000\040\000P\000r\000i\000v\000a\000t\000e\000\040\000d\000a\000t\000a\000\040\000i\000n\000i\000t\000i\000a\000l\000i\000z\000a\000t\000i\000o\000n}{subsection.12.5.5}% 86
\BOOKMARK [3][-]{subsubsection.12.5.5.2}{\376\377\0001\0002\000.\0005\000.\0005\000.\0002\000\040\000O\000p\000t\000i\000o\000n\000a\000l\000\040\000i\000n\000i\000t\000i\000a\000l\000i\000z\000a\000t\000i\000o\000n\000\040\000c\000a\000l\000l\000b\000a\000c\000k}{subsection.12.5.5}% 87
\BOOKMARK [2][-]{subsection.12.5.6}{\376\377\0001\0002\000.\0005\000.\0006\000\040\000A\000l\000g\000o\000r\000i\000t\000h\000m\000\040\000p\000r\000o\000c\000e\000s\000s\000i\000n\000g}{section.12.5}% 88
\BOOKMARK [2][-]{subsection.12.5.7}{\376\377\0001\0002\000.\0005\000.\0007\000\040\000P\000e\000r\000s\000i\000s\000t\000e\000n\000t\000\040\000a\000l\000g\000o\000r\000i\000t\000h\000m\000\040\000m\000e\000m\000o\000r\000y}{section.12.5}% 89
\BOOKMARK [3][-]{subsubsection.12.5.7.1}{\376\377\0001\0002\000.\0005\000.\0007\000.\0001\000\040\000P\000r\000i\000v\000a\000t\000e\000\040\000m\000e\000m\000o\000r\000y\000\040\000c\000h\000a\000r\000a\000c\000t\000e\000r\000i\000s\000t\000i\000c\000s}{subsection.12.5.7}% 90
\BOOKMARK [3][-]{subsubsection.12.5.7.2}{\376\377\0001\0002\000.\0005\000.\0007\000.\0002\000\040\000P\000r\000i\000v\000a\000t\000e\000\040\000d\000a\000t\000a\000\040\000p\000o\000r\000t\000\040\000r\000e\000g\000i\000s\000t\000r\000a\000t\000i\000o\000n}{subsection.12.5.7}% 91
\BOOKMARK [3][-]{subsubsection.12.5.7.3}{\376\377\0001\0002\000.\0005\000.\0007\000.\0003\000\040\000P\000r\000i\000v\000a\000t\000e\000\040\000d\000a\000t\000a\000\040\000i\000n\000i\000t\000i\000a\000l\000i\000z\000a\000t\000i\000o\000n}{subsection.12.5.7}% 92
\BOOKMARK [3][-]{subsubsection.12.5.7.4}{\376\377\0001\0002\000.\0005\000.\0007\000.\0004\000\040\000P\000r\000i\000v\000a\000t\000e\000\040\000d\000a\000t\000a\000\040\000c\000o\000m\000m\000u\000n\000i\000c\000a\000t\000i\000o\000n}{subsection.12.5.7}% 93
\BOOKMARK [2][-]{subsection.12.5.8}{\376\377\0001\0002\000.\0005\000.\0008\000\040\000E\000x\000a\000m\000p\000l\000e\000\040\000a\000l\000g\000o\000r\000i\000t\000h\000m\000\040\000c\000a\000l\000l\000b\000a\000c\000k}{section.12.5}% 94
\BOOKMARK [2][-]{subsection.12.5.9}{\376\377\0001\0002\000.\0005\000.\0009\000\040\000P\000o\000r\000t\000\040\000T\000y\000p\000e\000s\000\040\000a\000n\000d\000\040\000B\000e\000h\000a\000v\000i\000o\000r}{section.12.5}% 95
\BOOKMARK [3][-]{subsubsection.12.5.9.1}{\376\377\0001\0002\000.\0005\000.\0009\000.\0001\000\040\000S\000t\000a\000n\000d\000a\000r\000d\000\040\000m\000e\000s\000s\000a\000g\000e\000\040\000i\000n\000p\000u\000t}{subsection.12.5.9}% 96
\BOOKMARK [3][-]{subsubsection.12.5.9.2}{\376\377\0001\0002\000.\0005\000.\0009\000.\0002\000\040\000I\000n\000t\000e\000r\000n\000a\000l\000\040\000s\000t\000a\000t\000e\000\040\000s\000t\000o\000r\000a\000g\000e}{subsection.12.5.9}% 97
\BOOKMARK [3][-]{subsubsection.12.5.9.3}{\376\377\0001\0002\000.\0005\000.\0009\000.\0003\000\040\000M\000e\000t\000e\000r\000i\000n\000g\000\040\000o\000u\000t\000p\000u\000t}{subsection.12.5.9}% 98
\BOOKMARK [3][-]{subsubsection.12.5.9.4}{\376\377\0001\0002\000.\0005\000.\0009\000.\0004\000\040\000E\000n\000v\000i\000r\000o\000n\000m\000e\000n\000t\000\040\000v\000a\000r\000i\000a\000b\000l\000e\000\040\000r\000e\000t\000r\000i\000e\000v\000a\000l}{subsection.12.5.9}% 99
\BOOKMARK [3][-]{subsubsection.12.5.9.5}{\376\377\0001\0002\000.\0005\000.\0009\000.\0005\000\040\000O\000t\000h\000e\000r\000\040\000f\000u\000n\000c\000t\000i\000o\000n\000a\000l\000i\000t\000y\000\040\000e\000n\000h\000a\000n\000c\000e\000m\000e\000n\000t}{subsection.12.5.9}% 100
\BOOKMARK [2][-]{subsection.12.5.10}{\376\377\0001\0002\000.\0005\000.\0001\0000\000\040\000A\000d\000d\000i\000t\000i\000o\000n\000a\000l\000\040\000I\000n\000f\000o\000r\000m\000a\000t\000i\000o\000n}{section.12.5}% 101
\BOOKMARK [1][-]{section.12.6}{\376\377\0001\0002\000.\0006\000\040\000D\000a\000t\000a\000\040\000m\000o\000d\000e\000l\000\040\000i\000n\000t\000e\000r\000f\000a\000c\000e}{chapter.12}% 102
\BOOKMARK [2][-]{subsection.12.6.1}{\376\377\0001\0002\000.\0006\000.\0001\000\040\000\040}{section.12.6}% 103
\BOOKMARK [2][-]{subsection.12.6.2}{\376\377\0001\0002\000.\0006\000.\0002\000\040\000R\000e\000l\000a\000t\000e\000d\000\040\000c\000l\000a\000s\000s\000e\000s}{section.12.6}% 104
\BOOKMARK [1][-]{section.12.7}{\376\377\0001\0002\000.\0007\000\040\000D\000a\000t\000a\000\040\000m\000o\000d\000e\000l\000\040\000o\000v\000e\000r\000r\000i\000d\000e\000s\000\040\000i\000n\000t\000e\000r\000f\000a\000c\000e}{chapter.12}% 105
\BOOKMARK [2][-]{subsection.12.7.1}{\376\377\0001\0002\000.\0007\000.\0001\000\040\000\040}{section.12.7}% 106
\BOOKMARK [2][-]{subsection.12.7.2}{\376\377\0001\0002\000.\0007\000.\0002\000\040\000F\000u\000n\000c\000t\000i\000o\000n\000\040\000D\000o\000c\000u\000m\000e\000n\000t\000a\000t\000i\000o\000n}{section.12.7}% 107
\BOOKMARK [3][-]{subsubsection.12.7.2.1}{\376\377\0001\0002\000.\0007\000.\0002\000.\0001\000\040\000G\000e\000t\000N\000u\000m\000b\000e\000r\000O\000f\000C\000h\000a\000n\000g\000e\000s\000\050\000\051}{subsection.12.7.2}% 108
\BOOKMARK [1][-]{section.12.8}{\376\377\0001\0002\000.\0008\000\040\000G\000U\000I\000\040\000i\000n\000t\000e\000r\000f\000a\000c\000e}{chapter.12}% 109
\BOOKMARK [2][-]{subsection.12.8.1}{\376\377\0001\0002\000.\0008\000.\0001\000\040\000\040}{section.12.8}% 110
\BOOKMARK [1][-]{section.12.9}{\376\377\0001\0002\000.\0009\000\040\000A\000A\000X\000\040\000c\000o\000m\000m\000u\000n\000i\000c\000a\000t\000i\000o\000n\000\040\000p\000r\000o\000t\000o\000c\000o\000l\000s}{chapter.12}% 111
\BOOKMARK [2][-]{subsection.12.9.1}{\376\377\0001\0002\000.\0009\000.\0001\000\040\000C\000o\000m\000m\000u\000n\000i\000c\000a\000t\000i\000o\000n\000\040\000w\000i\000t\000h\000\040\000t\000h\000e\000\040\000C\000+\000+\000\040\000i\000n\000t\000e\000r\000f\000a\000c\000e\000\040\000o\000b\000j\000e\000c\000t\000s}{section.12.9}% 112
\BOOKMARK [3][-]{subsubsection.12.9.1.1}{\376\377\0001\0002\000.\0009\000.\0001\000.\0001\000\040\000D\000i\000r\000e\000c\000t\000\040\000h\000o\000s\000t\000\040\000c\000o\000m\000m\000u\000n\000i\000c\000a\000t\000i\000o\000n}{subsection.12.9.1}% 113
\BOOKMARK [3][-]{subsubsection.12.9.1.2}{\376\377\0001\0002\000.\0009\000.\0001\000.\0002\000\040\000C\000u\000s\000t\000o\000m\000\040\000d\000a\000t\000a\000\040\000b\000l\000o\000c\000k\000s}{subsection.12.9.1}% 114
\BOOKMARK [3][-]{subsubsection.12.9.1.3}{\376\377\0001\0002\000.\0009\000.\0001\000.\0003\000\040\000N\000o\000t\000i\000f\000i\000c\000a\000t\000i\000o\000n\000s}{subsection.12.9.1}% 115
\BOOKMARK [3][-]{subsubsection.12.9.1.4}{\376\377\0001\0002\000.\0009\000.\0001\000.\0004\000\040\000D\000i\000r\000e\000c\000t\000\040\000p\000o\000i\000n\000t\000e\000r\000\040\000s\000h\000a\000r\000i\000n\000g}{subsection.12.9.1}% 116
\BOOKMARK [2][-]{subsection.12.9.2}{\376\377\0001\0002\000.\0009\000.\0002\000\040\000C\000o\000m\000m\000u\000n\000i\000c\000a\000t\000i\000o\000n\000\040\000w\000i\000t\000h\000\040\000t\000h\000e\000\040\000r\000e\000a\000l\000-\000t\000i\000m\000e\000\040\000a\000l\000g\000o\000r\000i\000t\000h\000m}{section.12.9}% 117
\BOOKMARK [3][-]{subsubsection.12.9.2.1}{\376\377\0001\0002\000.\0009\000.\0002\000.\0001\000\040\000D\000a\000t\000a\000\040\000p\000a\000c\000k\000e\000t\000s}{subsection.12.9.2}% 118
\BOOKMARK [3][-]{subsubsection.12.9.2.2}{\376\377\0001\0002\000.\0009\000.\0002\000.\0002\000\040\000H\000o\000s\000t\000-\000m\000a\000n\000a\000g\000e\000d\000\040\000c\000o\000n\000t\000e\000x\000t\000\040\000f\000i\000e\000l\000d\000s}{subsection.12.9.2}% 119
\BOOKMARK [3][-]{subsubsection.12.9.2.3}{\376\377\0001\0002\000.\0009\000.\0002\000.\0003\000\040\000D\000i\000r\000e\000c\000t\000\040\000d\000a\000t\000a\000\040\000t\000r\000a\000n\000s\000f\000e\000r\000s}{subsection.12.9.2}% 120
\BOOKMARK [1][-]{section.12.10}{\376\377\0001\0002\000.\0001\0000\000\040\000A\000A\000X\000\040\000F\000o\000r\000m\000a\000t\000\040\000S\000p\000e\000c\000i\000f\000i\000c\000a\000t\000i\000o\000n}{chapter.12}% 121
\BOOKMARK [2][-]{subsection.12.10.1}{\376\377\0001\0002\000.\0001\0000\000.\0001\000\040\000.\000a\000a\000x\000p\000l\000u\000g\000i\000n\000\040\000D\000i\000r\000e\000c\000t\000o\000r\000y\000\040\000S\000t\000r\000u\000c\000t\000u\000r\000e}{section.12.10}% 122
\BOOKMARK [2][-]{subsection.12.10.2}{\376\377\0001\0002\000.\0001\0000\000.\0002\000\040\000R\000e\000q\000u\000i\000r\000e\000d\000\040\000S\000y\000m\000b\000o\000l\000s}{section.12.10}% 123
\BOOKMARK [1][-]{section.12.11}{\376\377\0001\0002\000.\0001\0001\000\040\000A\000d\000d\000i\000t\000i\000o\000n\000a\000l\000\040\000A\000A\000X\000\040\000f\000e\000a\000t\000u\000r\000e\000s}{chapter.12}% 124
\BOOKMARK [2][-]{subsection.12.11.1}{\376\377\0001\0002\000.\0001\0001\000.\0001\000\040\000\040}{section.12.11}% 125
\BOOKMARK [1][-]{section.12.12}{\376\377\0001\0002\000.\0001\0002\000\040\000A\000u\000x\000i\000l\000i\000a\000r\000y\000\040\000O\000u\000t\000p\000u\000t\000\040\000S\000t\000e\000m\000s}{chapter.12}% 126
\BOOKMARK [2][-]{subsection.12.12.1}{\376\377\0001\0002\000.\0001\0002\000.\0001\000\040\000O\000v\000e\000r\000v\000i\000e\000w\000\040\000o\000f\000\040\000A\000u\000x\000i\000l\000i\000a\000r\000y\000\040\000O\000u\000t\000p\000u\000t\000\040\000S\000t\000e\000m\000s\000\040\000i\000n\000\040\000A\000A\000X}{section.12.12}% 127
\BOOKMARK [2][-]{subsection.12.12.2}{\376\377\0001\0002\000.\0001\0002\000.\0002\000\040\000I\000m\000p\000l\000e\000m\000e\000n\000t\000i\000n\000g\000\040\000A\000u\000x\000i\000l\000i\000a\000r\000y\000\040\000O\000u\000t\000p\000u\000t\000\040\000S\000t\000e\000m\000s}{section.12.12}% 128
\BOOKMARK [1][-]{section.12.13}{\376\377\0001\0002\000.\0001\0003\000\040\000B\000a\000c\000k\000g\000r\000o\000u\000n\000d\000\040\000p\000r\000o\000c\000e\000s\000s\000i\000n\000g\000\040\000c\000a\000l\000l\000b\000a\000c\000k}{chapter.12}% 129
\BOOKMARK [2][-]{subsection.12.13.1}{\376\377\0001\0002\000.\0001\0003\000.\0001\000\040\000O\000n\000\040\000t\000h\000i\000s\000\040\000p\000a\000g\000e}{section.12.13}% 130
\BOOKMARK [2][-]{subsection.12.13.2}{\376\377\0001\0002\000.\0001\0003\000.\0002\000\040\000B\000a\000c\000k\000g\000r\000o\000u\000n\000d\000\040\000t\000h\000r\000e\000a\000d\000\040\000d\000e\000s\000c\000r\000i\000p\000t\000i\000o\000n}{section.12.13}% 131
\BOOKMARK [2][-]{subsection.12.13.3}{\376\377\0001\0002\000.\0001\0003\000.\0003\000\040\000R\000e\000s\000t\000r\000i\000c\000t\000i\000o\000n\000s\000\040\000a\000n\000d\000\040\000l\000i\000m\000i\000t\000a\000t\000i\000o\000n\000s\000\040\000o\000f\000\040\000b\000a\000c\000k\000g\000r\000o\000u\000n\000d\000\040\000t\000h\000r\000e\000a\000d\000s}{section.12.13}% 132
\BOOKMARK [2][-]{subsection.12.13.4}{\376\377\0001\0002\000.\0001\0003\000.\0004\000\040\000B\000a\000c\000k\000g\000r\000o\000u\000n\000d\000\040\000t\000h\000r\000e\000a\000d\000\040\000p\000e\000r\000f\000o\000r\000m\000a\000n\000c\000e\000\040\000c\000h\000a\000r\000a\000c\000t\000e\000r\000i\000s\000t\000i\000c\000s\000\040\000o\000n\000\040\000D\000S\000P\000\040\000s\000y\000s\000t\000e\000m\000s}{section.12.13}% 133
\BOOKMARK [2][-]{subsection.12.13.5}{\376\377\0001\0002\000.\0001\0003\000.\0005\000\040\000B\000a\000c\000k\000g\000r\000o\000u\000n\000d\000\040\000t\000h\000r\000e\000a\000d\000\040\000m\000e\000m\000o\000r\000y\000\040\000m\000a\000n\000a\000g\000e\000m\000e\000n\000t}{section.12.13}% 134
\BOOKMARK [2][-]{subsection.12.13.6}{\376\377\0001\0002\000.\0001\0003\000.\0006\000\040\000A\000d\000d\000i\000t\000i\000o\000n\000a\000l\000\040\000i\000n\000f\000o\000r\000m\000a\000t\000i\000o\000n}{section.12.13}% 135
\BOOKMARK [1][-]{section.12.14}{\376\377\0001\0002\000.\0001\0004\000\040\000D\000i\000r\000e\000c\000t\000\040\000M\000e\000m\000o\000r\000y\000\040\000A\000c\000c\000e\000s\000s}{chapter.12}% 136
\BOOKMARK [2][-]{subsection.12.14.1}{\376\377\0001\0002\000.\0001\0004\000.\0001\000\040\000O\000n\000\040\000t\000h\000i\000s\000\040\000p\000a\000g\000e}{section.12.14}% 137
\BOOKMARK [2][-]{subsection.12.14.2}{\376\377\0001\0002\000.\0001\0004\000.\0002\000\040\000D\000M\000A\000\040\000f\000a\000c\000i\000l\000i\000t\000y\000\040\000o\000v\000e\000r\000v\000i\000e\000w}{section.12.14}% 138
\BOOKMARK [2][-]{subsection.12.14.3}{\376\377\0001\0002\000.\0001\0004\000.\0003\000\040\000D\000M\000A\000\040\000t\000r\000a\000n\000s\000f\000e\000r\000\040\000m\000o\000d\000e\000s}{section.12.14}% 139
\BOOKMARK [2][-]{subsection.12.14.4}{\376\377\0001\0002\000.\0001\0004\000.\0004\000\040\000R\000e\000g\000i\000s\000t\000e\000r\000i\000n\000g\000\040\000f\000o\000r\000\040\000D\000M\000A\000\040\000t\000r\000a\000n\000s\000f\000e\000r\000s}{section.12.14}% 140
\BOOKMARK [2][-]{subsection.12.14.5}{\376\377\0001\0002\000.\0001\0004\000.\0005\000\040\000D\000M\000A\000\040\000r\000e\000s\000t\000r\000i\000c\000t\000i\000o\000n\000s}{section.12.14}% 141
\BOOKMARK [2][-]{subsection.12.14.6}{\376\377\0001\0002\000.\0001\0004\000.\0006\000\040\000A\000d\000d\000i\000t\000i\000o\000n\000a\000l\000\040\000i\000n\000f\000o\000r\000m\000a\000t\000i\000o\000n}{section.12.14}% 142
\BOOKMARK [1][-]{section.12.15}{\376\377\0001\0002\000.\0001\0005\000\040\000D\000i\000r\000e\000c\000t\000\040\000d\000a\000t\000a\000\040\000a\000c\000c\000e\000s\000s\000\040\000i\000n\000t\000e\000r\000f\000a\000c\000e}{chapter.12}% 143
\BOOKMARK [2][-]{subsection.12.15.1}{\376\377\0001\0002\000.\0001\0005\000.\0001\000\040\000\040}{section.12.15}% 144
\BOOKMARK [2][-]{subsection.12.15.2}{\376\377\0001\0002\000.\0001\0005\000.\0002\000\040\000C\000o\000n\000v\000e\000n\000i\000e\000n\000c\000e\000\040\000c\000l\000a\000s\000s}{section.12.15}% 145
\BOOKMARK [2][-]{subsection.12.15.3}{\376\377\0001\0002\000.\0001\0005\000.\0003\000\040\000P\000r\000i\000v\000a\000t\000e\000\040\000d\000a\000t\000a\000\040\000a\000c\000c\000e\000s\000s\000\040\000i\000n\000t\000e\000r\000f\000a\000c\000e}{section.12.15}% 146
\BOOKMARK [2][-]{subsection.12.15.4}{\376\377\0001\0002\000.\0001\0005\000.\0004\000\040\000C\000o\000m\000m\000u\000n\000i\000c\000a\000t\000i\000n\000g\000\040\000w\000i\000t\000h\000\040\000o\000t\000h\000e\000r\000\040\000m\000o\000d\000u\000l\000e\000s}{section.12.15}% 147
\BOOKMARK [1][-]{section.12.16}{\376\377\0001\0002\000.\0001\0006\000\040\000E\000Q\000\040\000a\000n\000d\000\040\000D\000y\000n\000a\000m\000i\000c\000s\000\040\000C\000u\000r\000v\000e\000\040\000D\000i\000s\000p\000l\000a\000y\000s}{chapter.12}% 148
\BOOKMARK [2][-]{subsection.12.16.1}{\376\377\0001\0002\000.\0001\0006\000.\0001\000\040\000\040}{section.12.16}% 149
\BOOKMARK [2][-]{subsection.12.16.2}{\376\377\0001\0002\000.\0001\0006\000.\0002\000\040\000E\000n\000u\000m\000e\000r\000a\000t\000i\000o\000n\000\040\000T\000y\000p\000e\000\040\000D\000o\000c\000u\000m\000e\000n\000t\000a\000t\000i\000o\000n}{section.12.16}% 150
\BOOKMARK [3][-]{subsubsection.12.16.2.1}{\376\377\0001\0002\000.\0001\0006\000.\0002\000.\0001\000\040\000A\000A\000X\000\137\000E\000C\000u\000r\000v\000e\000T\000y\000p\000e}{subsection.12.16.2}% 151
\BOOKMARK [2][-]{subsection.12.16.3}{\376\377\0001\0002\000.\0001\0006\000.\0003\000\040\000F\000u\000n\000c\000t\000i\000o\000n\000\040\000D\000o\000c\000u\000m\000e\000n\000t\000a\000t\000i\000o\000n}{section.12.16}% 152
\BOOKMARK [3][-]{subsubsection.12.16.3.1}{\376\377\0001\0002\000.\0001\0006\000.\0003\000.\0001\000\040\000G\000e\000t\000C\000u\000r\000v\000e\000D\000a\000t\000a\000\050\000\051}{subsection.12.16.3}% 153
\BOOKMARK [3][-]{subsubsection.12.16.3.2}{\376\377\0001\0002\000.\0001\0006\000.\0003\000.\0002\000\040\000G\000e\000t\000C\000u\000r\000v\000e\000D\000a\000t\000a\000M\000e\000t\000e\000r\000I\000d\000s\000\050\000\051}{subsection.12.16.3}% 154
\BOOKMARK [3][-]{subsubsection.12.16.3.3}{\376\377\0001\0002\000.\0001\0006\000.\0003\000.\0003\000\040\000G\000e\000t\000C\000u\000r\000v\000e\000D\000a\000t\000a\000D\000i\000s\000p\000l\000a\000y\000R\000a\000n\000g\000e\000\050\000\051}{subsection.12.16.3}% 155
\BOOKMARK [1][-]{section.12.17}{\376\377\0001\0002\000.\0001\0007\000\040\000H\000y\000b\000r\000i\000d\000\040\000P\000r\000o\000c\000e\000s\000s\000i\000n\000g\000\040\000a\000r\000c\000h\000i\000t\000e\000c\000t\000u\000r\000e}{chapter.12}% 156
\BOOKMARK [2][-]{subsection.12.17.1}{\376\377\0001\0002\000.\0001\0007\000.\0001\000\040\000\040}{section.12.17}% 157
\BOOKMARK [2][-]{subsection.12.17.2}{\376\377\0001\0002\000.\0001\0007\000.\0002\000\040\000O\000v\000e\000r\000v\000i\000e\000w\000\040\000o\000f\000\040\000H\000y\000b\000r\000i\000d}{section.12.17}% 158
\BOOKMARK [2][-]{subsection.12.17.3}{\376\377\0001\0002\000.\0001\0007\000.\0003\000\040\000I\000m\000p\000l\000e\000m\000e\000n\000t\000i\000n\000g\000\040\000H\000y\000b\000r\000i\000d\000\040\000p\000r\000o\000c\000e\000s\000s\000i\000n\000g}{section.12.17}% 159
\BOOKMARK [2][-]{subsection.12.17.4}{\376\377\0001\0002\000.\0001\0007\000.\0004\000\040\000A\000d\000d\000i\000t\000i\000o\000n\000a\000l\000\040\000i\000n\000f\000o\000r\000m\000a\000t\000i\000o\000n}{section.12.17}% 160
\BOOKMARK [3][-]{subsubsection.12.17.4.1}{\376\377\0001\0002\000.\0001\0007\000.\0004\000.\0001\000\040\000P\000a\000r\000a\000m\000e\000t\000e\000r\000\040\000u\000p\000d\000a\000t\000e\000\040\000t\000i\000m\000i\000n\000g}{subsection.12.17.4}% 161
\BOOKMARK [3][-]{subsubsection.12.17.4.2}{\376\377\0001\0002\000.\0001\0007\000.\0004\000.\0002\000\040\000H\000o\000s\000t\000\040\000s\000u\000p\000p\000o\000r\000t\000\040\000a\000n\000d\000\040\000a\000l\000t\000e\000r\000n\000a\000t\000i\000v\000e\000s}{subsection.12.17.4}% 162
\BOOKMARK [2][-]{subsection.12.17.5}{\376\377\0001\0002\000.\0001\0007\000.\0005\000\040\000F\000u\000n\000c\000t\000i\000o\000n\000\040\000D\000o\000c\000u\000m\000e\000n\000t\000a\000t\000i\000o\000n}{section.12.17}% 163
\BOOKMARK [3][-]{subsubsection.12.17.5.1}{\376\377\0001\0002\000.\0001\0007\000.\0005\000.\0001\000\040\000R\000e\000n\000d\000e\000r\000A\000u\000d\000i\000o\000\137\000H\000y\000b\000r\000i\000d\000\050\000\051}{subsection.12.17.5}% 164
\BOOKMARK [3][-]{subsubsection.12.17.5.2}{\376\377\0001\0002\000.\0001\0007\000.\0005\000.\0002\000\040\000G\000e\000t\000H\000y\000b\000r\000i\000d\000S\000i\000g\000n\000a\000l\000L\000a\000t\000e\000n\000c\000y\000\050\000\051}{subsection.12.17.5}% 165
\BOOKMARK [1][-]{section.12.18}{\376\377\0001\0002\000.\0001\0008\000\040\000P\000l\000u\000g\000-\000i\000n\000\040\000m\000e\000t\000e\000r\000s}{chapter.12}% 166
\BOOKMARK [2][-]{subsection.12.18.1}{\376\377\0001\0002\000.\0001\0008\000.\0001\000\040\000O\000v\000e\000r\000v\000i\000e\000w\000\040\000o\000f\000\040\000m\000e\000t\000e\000r\000i\000n\000g\000\040\000i\000n\000\040\000A\000A\000X}{section.12.18}% 167
\BOOKMARK [2][-]{subsection.12.18.2}{\376\377\0001\0002\000.\0001\0008\000.\0002\000\040\000A\000d\000d\000i\000n\000g\000\040\000m\000e\000t\000e\000r\000s\000\040\000t\000o\000\040\000a\000n\000\040\000E\000f\000f\000e\000c\000t}{section.12.18}% 168
\BOOKMARK [3][-]{subsubsection.12.18.2.1}{\376\377\0001\0002\000.\0001\0008\000.\0002\000.\0001\000\040\000C\000u\000s\000t\000o\000m\000i\000z\000i\000n\000g\000\040\000m\000e\000t\000e\000r\000\040\000b\000e\000h\000a\000v\000i\000o\000r}{subsection.12.18.2}% 169
\BOOKMARK [2][-]{subsection.12.18.3}{\376\377\0001\0002\000.\0001\0008\000.\0003\000\040\000R\000e\000p\000o\000r\000t\000i\000n\000g\000\040\000m\000e\000t\000e\000r\000\040\000v\000a\000l\000u\000e\000s}{section.12.18}% 170
\BOOKMARK [2][-]{subsection.12.18.4}{\376\377\0001\0002\000.\0001\0008\000.\0004\000\040\000D\000i\000s\000p\000l\000a\000y\000i\000n\000g\000\040\000m\000e\000t\000e\000r\000\040\000v\000a\000l\000u\000e\000s}{section.12.18}% 171
\BOOKMARK [2][-]{subsection.12.18.5}{\376\377\0001\0002\000.\0001\0008\000.\0005\000\040\000A\000l\000t\000e\000r\000n\000a\000t\000i\000v\000e\000s}{section.12.18}% 172
\BOOKMARK [1][-]{section.12.19}{\376\377\0001\0002\000.\0001\0009\000\040\000M\000I\000D\000I}{chapter.12}% 173
\BOOKMARK [2][-]{subsection.12.19.1}{\376\377\0001\0002\000.\0001\0009\000.\0001\000\040\000M\000I\000D\000I\000\040\000O\000v\000e\000r\000v\000i\000e\000w}{section.12.19}% 174
\BOOKMARK [2][-]{subsection.12.19.2}{\376\377\0001\0002\000.\0001\0009\000.\0002\000\040\000M\000I\000D\000I\000\040\000n\000o\000d\000e\000\040\000t\000y\000p\000e\000s}{section.12.19}% 175
\BOOKMARK [2][-]{subsection.12.19.3}{\376\377\0001\0002\000.\0001\0009\000.\0003\000\040\000A\000d\000d\000i\000n\000g\000\040\000M\000I\000D\000I\000\040\000f\000u\000n\000c\000t\000i\000o\000n\000a\000l\000i\000t\000y\000\040\000t\000o\000\040\000a\000\040\000p\000l\000u\000g\000-\000i\000n}{section.12.19}% 176
\BOOKMARK [2][-]{subsection.12.19.4}{\376\377\0001\0002\000.\0001\0009\000.\0004\000\040\000U\000s\000i\000n\000g\000\040\000M\000I\000D\000I\000\040\000i\000n\000\040\000a\000\040\000p\000l\000u\000g\000-\000i\000n\000\040\000a\000l\000g\000o\000r\000i\000t\000h\000m}{section.12.19}% 177
\BOOKMARK [2][-]{subsection.12.19.5}{\376\377\0001\0002\000.\0001\0009\000.\0005\000\040\000A\000c\000c\000e\000s\000s\000i\000n\000g\000\040\000M\000I\000D\000I\000\040\000i\000n\000\040\000t\000h\000e\000\040\000p\000l\000u\000g\000-\000i\000n\000\040\000d\000a\000t\000a\000\040\000m\000o\000d\000e\000l}{section.12.19}% 178
\BOOKMARK [2][-]{subsection.12.19.6}{\376\377\0001\0002\000.\0001\0009\000.\0006\000\040\000S\000u\000p\000p\000o\000r\000t\000\040\000f\000u\000n\000c\000t\000i\000o\000n\000s}{section.12.19}% 179
\BOOKMARK [1][-]{section.12.20}{\376\377\0001\0002\000.\0002\0000\000\040\000O\000f\000f\000l\000i\000n\000e\000\040\000p\000r\000o\000c\000e\000s\000s\000i\000n\000g\000\040\000i\000n\000t\000e\000r\000f\000a\000c\000e}{chapter.12}% 180
\BOOKMARK [2][-]{subsection.12.20.1}{\376\377\0001\0002\000.\0002\0000\000.\0001\000\040\000\040}{section.12.20}% 181
\BOOKMARK [1][-]{section.12.21}{\376\377\0001\0002\000.\0002\0001\000\040\000P\000r\000o\000p\000e\000r\000t\000i\000e\000s\000\040\000F\000i\000l\000e}{chapter.12}% 182
\BOOKMARK [1][-]{section.12.22}{\376\377\0001\0002\000.\0002\0002\000\040\000S\000i\000d\000e\000c\000h\000a\000i\000n\000\040\000I\000n\000p\000u\000t\000s}{chapter.12}% 183
\BOOKMARK [2][-]{subsection.12.22.1}{\376\377\0001\0002\000.\0002\0002\000.\0001\000\040\000O\000v\000e\000r\000v\000i\000e\000w\000\040\000o\000f\000\040\000S\000i\000d\000e\000c\000h\000a\000i\000n\000\040\000I\000n\000p\000u\000t\000s}{section.12.22}% 184
\BOOKMARK [2][-]{subsection.12.22.2}{\376\377\0001\0002\000.\0002\0002\000.\0002\000\040\000A\000d\000d\000i\000n\000g\000\040\000a\000\040\000S\000i\000d\000e\000c\000h\000a\000i\000n\000\040\000I\000n\000p\000u\000t\000\040\000t\000o\000\040\000a\000n\000\040\000E\000f\000f\000e\000c\000t}{section.12.22}% 185
\BOOKMARK [1][-]{section.12.23}{\376\377\0001\0002\000.\0002\0003\000\040\000T\000a\000s\000k\000\040\000a\000g\000e\000n\000t\000\040\000i\000n\000t\000e\000r\000f\000a\000c\000e}{chapter.12}% 186
\BOOKMARK [2][-]{subsection.12.23.1}{\376\377\0001\0002\000.\0002\0003\000.\0001\000\040\000\040}{section.12.23}% 187
\BOOKMARK [2][-]{subsection.12.23.2}{\376\377\0001\0002\000.\0002\0003\000.\0002\000\040\000C\000o\000m\000m\000u\000n\000i\000c\000a\000t\000i\000n\000g\000\040\000w\000i\000t\000h\000\040\000o\000t\000h\000e\000r\000\040\000m\000o\000d\000u\000l\000e\000s}{section.12.23}% 188
\BOOKMARK [2][-]{subsection.12.23.3}{\376\377\0001\0002\000.\0002\0003\000.\0003\000\040\000E\000n\000u\000m\000e\000r\000a\000t\000i\000o\000n\000\040\000T\000y\000p\000e\000\040\000D\000o\000c\000u\000m\000e\000n\000t\000a\000t\000i\000o\000n}{section.12.23}% 189
\BOOKMARK [3][-]{subsubsection.12.23.3.1}{\376\377\0001\0002\000.\0002\0003\000.\0003\000.\0001\000\040\000A\000A\000X\000\137\000T\000a\000s\000k\000C\000o\000m\000p\000l\000e\000t\000i\000o\000n\000S\000t\000a\000t\000u\000s}{subsection.12.23.3}% 190
\BOOKMARK [1][-]{section.12.24}{\376\377\0001\0002\000.\0002\0004\000\040\000A\000A\000X\000\040\000L\000i\000b\000r\000a\000r\000y\000\040\000f\000e\000a\000t\000u\000r\000e\000s}{chapter.12}% 191
\BOOKMARK [2][-]{subsection.12.24.1}{\376\377\0001\0002\000.\0002\0004\000.\0001\000\040\000\040}{section.12.24}% 192
\BOOKMARK [1][-]{section.12.25}{\376\377\0001\0002\000.\0002\0005\000\040\000P\000a\000r\000a\000m\000e\000t\000e\000r\000\040\000M\000a\000n\000a\000g\000e\000r}{chapter.12}% 193
\BOOKMARK [2][-]{subsection.12.25.1}{\376\377\0001\0002\000.\0002\0005\000.\0001\000\040\000\040}{section.12.25}% 194
\BOOKMARK [2][-]{subsection.12.25.2}{\376\377\0001\0002\000.\0002\0005\000.\0002\000\040\000P\000a\000r\000a\000m\000e\000t\000e\000r\000\040\000c\000o\000n\000c\000e\000p\000t\000s}{section.12.25}% 195
\BOOKMARK [3][-]{subsubsection.12.25.2.1}{\376\377\0001\0002\000.\0002\0005\000.\0002\000.\0001\000\040\000P\000a\000r\000a\000m\000e\000t\000e\000r\000\040\000v\000a\000l\000u\000e\000\040\000d\000o\000m\000a\000i\000n\000s}{subsection.12.25.2}% 196
\BOOKMARK [3][-]{subsubsection.12.25.2.2}{\376\377\0001\0002\000.\0002\0005\000.\0002\000.\0002\000\040\000T\000a\000p\000e\000r}{subsection.12.25.2}% 197
\BOOKMARK [3][-]{subsubsection.12.25.2.3}{\376\377\0001\0002\000.\0002\0005\000.\0002\000.\0003\000\040\000D\000e\000l\000e\000g\000a\000t\000e\000s}{subsection.12.25.2}% 198
\BOOKMARK [3][-]{subsubsection.12.25.2.4}{\376\377\0001\0002\000.\0002\0005\000.\0002\000.\0004\000\040\000M\000o\000d\000e\000l\000-\000V\000i\000e\000w\000-\000C\000o\000n\000t\000r\000o\000l\000l\000e\000r}{subsection.12.25.2}% 199
\BOOKMARK [1][-]{section.12.26}{\376\377\0001\0002\000.\0002\0006\000\040\000T\000a\000p\000e\000r\000\040\000d\000e\000l\000e\000g\000a\000t\000e\000s}{chapter.12}% 200
\BOOKMARK [2][-]{subsection.12.26.1}{\376\377\0001\0002\000.\0002\0006\000.\0001\000\040\000\040}{section.12.26}% 201
\BOOKMARK [1][-]{section.12.27}{\376\377\0001\0002\000.\0002\0007\000\040\000D\000i\000s\000p\000l\000a\000y\000\040\000d\000e\000l\000e\000g\000a\000t\000e\000s}{chapter.12}% 202
\BOOKMARK [2][-]{subsection.12.27.1}{\376\377\0001\0002\000.\0002\0007\000.\0001\000\040\000\040}{section.12.27}% 203
\BOOKMARK [2][-]{subsection.12.27.2}{\376\377\0001\0002\000.\0002\0007\000.\0002\000\040\000D\000i\000s\000p\000l\000a\000y\000\040\000d\000e\000l\000e\000g\000a\000t\000e\000\040\000d\000e\000c\000o\000r\000a\000t\000o\000r\000s}{section.12.27}% 204
\BOOKMARK [3][-]{subsubsection.12.27.2.1}{\376\377\0001\0002\000.\0002\0007\000.\0002\000.\0001\000\040\000D\000i\000s\000p\000l\000a\000y\000\040\000d\000e\000l\000e\000g\000a\000t\000e\000\040\000d\000e\000c\000o\000r\000a\000t\000o\000r\000\040\000i\000m\000p\000l\000e\000m\000e\000n\000t\000a\000t\000i\000o\000n}{subsection.12.27.2}% 205
\BOOKMARK [3][-]{subsubsection.12.27.2.2}{\376\377\0001\0002\000.\0002\0007\000.\0002\000.\0002\000\040\000D\000e\000c\000i\000b\000e\000l\000\040\000d\000e\000c\000o\000r\000a\000t\000o\000r\000\040\000e\000x\000a\000m\000p\000l\000e}{subsection.12.27.2}% 206
\BOOKMARK [1][-]{section.12.28}{\376\377\0001\0002\000.\0002\0008\000\040\000D\000i\000s\000p\000l\000a\000y\000\040\000d\000e\000l\000e\000g\000a\000t\000e\000\040\000d\000e\000c\000o\000r\000a\000t\000o\000r\000s}{chapter.12}% 207
\BOOKMARK [2][-]{subsection.12.28.1}{\376\377\0001\0002\000.\0002\0008\000.\0001\000\040\000\040}{section.12.28}% 208
\BOOKMARK [1][-]{section.12.29}{\376\377\0001\0002\000.\0002\0009\000\040\000M\000o\000n\000o\000l\000i\000t\000h\000i\000c\000\040\000p\000a\000r\000a\000m\000e\000t\000e\000r\000s}{chapter.12}% 209
\BOOKMARK [2][-]{subsection.12.29.1}{\376\377\0001\0002\000.\0002\0009\000.\0001\000\040\000\040}{section.12.29}% 210
\BOOKMARK [1][-]{section.12.30}{\376\377\0001\0002\000.\0003\0000\000\040\000A\000d\000d\000i\000t\000i\000o\000n\000a\000l\000\040\000T\000o\000p\000i\000c\000s}{chapter.12}% 211
\BOOKMARK [2][-]{subsection.12.30.1}{\376\377\0001\0002\000.\0003\0000\000.\0001\000\040\000\040}{section.12.30}% 212
\BOOKMARK [1][-]{section.12.31}{\376\377\0001\0002\000.\0003\0001\000\040\000R\000e\000a\000l\000-\000t\000i\000m\000e\000\040\000p\000e\000r\000f\000o\000r\000m\000a\000n\000c\000e}{chapter.12}% 213
\BOOKMARK [2][-]{subsection.12.31.1}{\376\377\0001\0002\000.\0003\0001\000.\0001\000\040\000T\000h\000i\000n\000g\000s\000\040\000N\000O\000T\000\040\000T\000o\000\040\000D\000o\000\040\000I\000n\000\040\000A\000n\000\040\000A\000u\000d\000i\000o\000\040\000P\000l\000u\000g\000-\000I\000n\000\040\000R\000e\000n\000d\000e\000r\000\040\000C\000a\000l\000l\000b\000a\000c\000k}{section.12.31}% 214
\BOOKMARK [2][-]{subsection.12.31.2}{\376\377\0001\0002\000.\0003\0001\000.\0002\000\040\000T\000h\000i\000n\000g\000s\000\040\000T\000o\000\040\000D\000o\000\040\000I\000n\000\040\000A\000n\000\040\000A\000u\000d\000i\000o\000\040\000P\000l\000u\000g\000-\000I\000n\000\040\000R\000e\000n\000d\000e\000r\000\040\000C\000a\000l\000l\000b\000a\000c\000k}{section.12.31}% 215
\BOOKMARK [2][-]{subsection.12.31.3}{\376\377\0001\0002\000.\0003\0001\000.\0003\000\040\000G\000o\000o\000d\000\040\000R\000e\000s\000o\000u\000r\000c\000e\000s\000\040\000A\000n\000d\000\040\000E\000x\000a\000m\000p\000l\000e\000s}{section.12.31}% 216
\BOOKMARK [1][-]{section.12.32}{\376\377\0001\0002\000.\0003\0002\000\040\000P\000a\000r\000a\000m\000e\000t\000e\000r\000\040\000a\000u\000t\000o\000m\000a\000t\000i\000o\000n}{chapter.12}% 217
\BOOKMARK [2][-]{subsection.12.32.1}{\376\377\0001\0002\000.\0003\0002\000.\0001\000\040\000O\000n\000\040\000t\000h\000i\000s\000\040\000p\000a\000g\000e}{section.12.32}% 218
\BOOKMARK [2][-]{subsection.12.32.2}{\376\377\0001\0002\000.\0003\0002\000.\0002\000\040\000O\000v\000e\000r\000v\000i\000e\000w}{section.12.32}% 219
\BOOKMARK [2][-]{subsection.12.32.3}{\376\377\0001\0002\000.\0003\0002\000.\0003\000\040\000P\000l\000u\000g\000-\000i\000n\000\040\000e\000l\000e\000m\000e\000n\000t\000s\000\040\000u\000s\000e\000d\000\040\000f\000o\000r\000\040\000a\000u\000t\000o\000m\000a\000t\000i\000o\000n}{section.12.32}% 220
\BOOKMARK [3][-]{subsubsection.12.32.3.1}{\376\377\0001\0002\000.\0003\0002\000.\0003\000.\0001\000\040\000D\000e\000f\000i\000n\000i\000n\000g\000\040\000a\000u\000t\000o\000m\000a\000t\000a\000b\000l\000e\000\040\000p\000a\000r\000a\000m\000e\000t\000e\000r\000s}{subsection.12.32.3}% 221
\BOOKMARK [2][-]{subsection.12.32.4}{\376\377\0001\0002\000.\0003\0002\000.\0004\000\040\000A\000d\000v\000a\000n\000c\000e\000d\000\040\000a\000u\000t\000o\000m\000a\000t\000i\000o\000n\000\040\000t\000o\000p\000i\000c\000s}{section.12.32}% 222
\BOOKMARK [1][-]{section.12.33}{\376\377\0001\0002\000.\0003\0003\000\040\000P\000a\000r\000a\000m\000e\000t\000e\000r\000\040\000u\000p\000d\000a\000t\000e\000s}{chapter.12}% 223
\BOOKMARK [2][-]{subsection.12.33.1}{\376\377\0001\0002\000.\0003\0003\000.\0001\000\040\000\040}{section.12.33}% 224
\BOOKMARK [1][-]{section.12.34}{\376\377\0001\0002\000.\0003\0004\000\040\000P\000a\000r\000a\000m\000e\000t\000e\000r\000\040\000u\000p\000d\000a\000t\000e\000\040\000t\000i\000m\000i\000n\000g}{chapter.12}% 225
\BOOKMARK [2][-]{subsection.12.34.1}{\376\377\0001\0002\000.\0003\0004\000.\0001\000\040\000O\000n\000\040\000t\000h\000i\000s\000\040\000p\000a\000g\000e}{section.12.34}% 226
\BOOKMARK [2][-]{subsection.12.34.2}{\376\377\0001\0002\000.\0003\0004\000.\0002\000\040\000T\000i\000m\000e\000l\000i\000n\000e\000\040\000L\000o\000c\000a\000t\000i\000o\000n\000s}{section.12.34}% 227
\BOOKMARK [2][-]{subsection.12.34.3}{\376\377\0001\0002\000.\0003\0004\000.\0003\000\040\000C\000o\000o\000r\000d\000i\000n\000a\000t\000i\000n\000g\000\040\000t\000h\000e\000\040\000d\000a\000t\000a\000\040\000m\000o\000d\000e\000l\000\040\000a\000n\000d\000\040\000a\000l\000g\000o\000r\000i\000t\000h\000m}{section.12.34}% 228
\BOOKMARK [3][-]{subsubsection.12.34.3.1}{\376\377\0001\0002\000.\0003\0004\000.\0003\000.\0001\000\040\000A\000\040\000c\000l\000o\000s\000e\000r\000\040\000l\000o\000o\000k\000\040\000a\000t\000\040\000t\000h\000e\000\040\000A\000A\000X\000\040\000p\000a\000c\000k\000e\000t\000\040\000d\000e\000l\000i\000v\000e\000r\000y\000\040\000s\000y\000s\000t\000e\000m}{subsection.12.34.3}% 229
\BOOKMARK [2][-]{subsection.12.34.4}{\376\377\0001\0002\000.\0003\0004\000.\0004\000\040\000F\000i\000x\000i\000n\000g\000\040\000t\000i\000m\000i\000n\000g\000\040\000i\000s\000s\000u\000e\000s\000\040\000d\000u\000e\000\040\000t\000o\000\040\000s\000h\000a\000r\000e\000d\000\040\000d\000a\000t\000a}{section.12.34}% 230
\BOOKMARK [3][-]{subsubsection.12.34.4.1}{\376\377\0001\0002\000.\0003\0004\000.\0004\000.\0001\000\040\000M\000o\000n\000o\000l\000i\000t\000h\000i\000c\000\040\000p\000l\000u\000g\000-\000i\000n\000s}{subsection.12.34.4}% 231
\BOOKMARK [3][-]{subsubsection.12.34.4.2}{\376\377\0001\0002\000.\0003\0004\000.\0004\000.\0002\000\040\000H\000o\000w\000\040\000t\000o\000\040\000r\000e\000s\000o\000l\000v\000e\000\040\000t\000i\000m\000i\000n\000g\000\040\000e\000r\000r\000o\000r\000s}{subsection.12.34.4}% 232
\BOOKMARK [3][-]{subsubsection.12.34.4.3}{\376\377\0001\0002\000.\0003\0004\000.\0004\000.\0003\000\040\000A\000d\000d\000i\000t\000i\000o\000n\000a\000l\000\040\000c\000o\000n\000s\000i\000d\000e\000r\000a\000t\000i\000o\000n\000s}{subsection.12.34.4}% 233
\BOOKMARK [2][-]{subsection.12.34.5}{\376\377\0001\0002\000.\0003\0004\000.\0005\000\040\000D\000e\000t\000e\000r\000m\000i\000n\000i\000n\000g\000\040\000t\000h\000e\000\040\000a\000b\000s\000o\000l\000u\000t\000e\000\040\000t\000i\000m\000e\000s\000t\000a\000m\000p\000\040\000f\000o\000r\000\040\000a\000\040\000p\000a\000r\000a\000m\000e\000t\000e\000r\000\040\000u\000p\000d\000a\000t\000e}{section.12.34}% 234
\BOOKMARK [3][-]{subsubsection.12.34.5.1}{\376\377\0001\0002\000.\0003\0004\000.\0005\000.\0001\000\040\000O\000b\000t\000a\000i\000n\000i\000n\000g\000\040\000t\000i\000m\000e\000l\000i\000n\000e\000\040\000i\000n\000f\000o\000r\000m\000a\000t\000i\000o\000n}{subsection.12.34.5}% 235
\BOOKMARK [3][-]{subsubsection.12.34.5.2}{\376\377\0001\0002\000.\0003\0004\000.\0005\000.\0002\000\040\000D\000e\000t\000e\000r\000m\000i\000n\000i\000n\000g\000\040\000t\000h\000e\000\040\000t\000i\000m\000e\000l\000i\000n\000e\000\040\000p\000o\000s\000i\000t\000i\000o\000n\000\040\000o\000f\000\040\000a\000\040\000p\000a\000r\000a\000m\000e\000t\000e\000r\000\040\000u\000p\000d\000a\000t\000e}{subsection.12.34.5}% 236
\BOOKMARK [1][-]{section.12.35}{\376\377\0001\0002\000.\0003\0005\000\040\000T\000o\000k\000e\000n\000\040\000p\000r\000o\000t\000o\000c\000o\000l}{chapter.12}% 237
\BOOKMARK [2][-]{subsection.12.35.1}{\376\377\0001\0002\000.\0003\0005\000.\0001\000\040\000O\000n\000\040\000t\000h\000i\000s\000\040\000p\000a\000g\000e}{section.12.35}% 238
\BOOKMARK [2][-]{subsection.12.35.2}{\376\377\0001\0002\000.\0003\0005\000.\0002\000\040\000A\000n\000\040\000I\000n\000t\000r\000o\000d\000u\000c\000t\000i\000o\000n\000\040\000t\000o\000\040\000T\000o\000k\000e\000n\000s}{section.12.35}% 239
\BOOKMARK [3][-]{subsubsection.12.35.2.1}{\376\377\0001\0002\000.\0003\0005\000.\0002\000.\0001\000\040\000T\000o\000u\000c\000h}{subsection.12.35.2}% 240
\BOOKMARK [3][-]{subsubsection.12.35.2.2}{\376\377\0001\0002\000.\0003\0005\000.\0002\000.\0002\000\040\000S\000e\000t}{subsection.12.35.2}% 241
\BOOKMARK [3][-]{subsubsection.12.35.2.3}{\376\377\0001\0002\000.\0003\0005\000.\0002\000.\0003\000\040\000U\000p\000d\000a\000t\000e}{subsection.12.35.2}% 242
\BOOKMARK [2][-]{subsection.12.35.3}{\376\377\0001\0002\000.\0003\0005\000.\0003\000\040\000B\000a\000s\000i\000c\000\040\000T\000o\000k\000e\000n\000\040\000O\000p\000e\000r\000a\000t\000i\000o\000n}{section.12.35}% 243
\BOOKMARK [3][-]{subsubsection.12.35.3.1}{\376\377\0001\0002\000.\0003\0005\000.\0003\000.\0001\000\040\000U\000s\000e\000r\000\040\000E\000d\000i\000t\000i\000n\000g}{subsection.12.35.3}% 244
\BOOKMARK [3][-]{subsubsection.12.35.3.2}{\376\377\0001\0002\000.\0003\0005\000.\0003\000.\0002\000\040\000A\000u\000t\000o\000m\000a\000t\000i\000o\000n\000\040\000P\000l\000a\000y\000b\000a\000c\000k}{subsection.12.35.3}% 245
\BOOKMARK [3][-]{subsubsection.12.35.3.3}{\376\377\0001\0002\000.\0003\0005\000.\0003\000.\0003\000\040\000C\000h\000u\000n\000k\000\040\000R\000e\000s\000t\000o\000r\000i\000n\000g}{subsection.12.35.3}% 246
\BOOKMARK [1][-]{section.12.36}{\376\377\0001\0002\000.\0003\0006\000\040\000B\000a\000s\000i\000c\000\040\000p\000a\000r\000a\000m\000e\000t\000e\000r\000\040\000u\000p\000d\000a\000t\000e\000\040\000s\000e\000q\000u\000e\000n\000c\000e\000s}{chapter.12}% 247
\BOOKMARK [2][-]{subsection.12.36.1}{\376\377\0001\0002\000.\0003\0006\000.\0001\000\040\000O\000n\000\040\000t\000h\000i\000s\000\040\000p\000a\000g\000e}{section.12.36}% 248
\BOOKMARK [3][-]{subsubsection.12.36.1.1}{\376\377\0001\0002\000.\0003\0006\000.\0001\000.\0001\000\040\000N\000o\000t\000e\000s\000\040\000o\000n\000\040\000t\000h\000r\000e\000a\000d\000i\000n\000g\000\040\000f\000o\000r\000\040\000t\000h\000e\000s\000e\000\040\000s\000e\000q\000u\000e\000n\000c\000e\000s}{subsection.12.36.1}% 249
\BOOKMARK [2][-]{subsection.12.36.2}{\376\377\0001\0002\000.\0003\0006\000.\0002\000\040\000U\000s\000e\000r\000-\000g\000e\000n\000e\000r\000a\000t\000e\000d\000\040\000u\000p\000d\000a\000t\000e}{section.12.36}% 250
\BOOKMARK [3][-]{subsubsection.12.36.2.1}{\376\377\0001\0002\000.\0003\0006\000.\0002\000.\0001\000\040\000H\000i\000g\000h\000-\000l\000e\000v\000e\000l\000\040\000i\000n\000t\000e\000r\000f\000a\000c\000e\000\040\000c\000a\000l\000l\000s\000\040\000a\000n\000d\000\040\000e\000v\000e\000n\000t\000s}{subsection.12.36.2}% 251
\BOOKMARK [3][-]{subsubsection.12.36.2.2}{\376\377\0001\0002\000.\0003\0006\000.\0002\000.\0002\000\040\000D\000e\000t\000a\000i\000l\000e\000d\000\040\000s\000e\000q\000u\000e\000n\000c\000e\000\040\000f\000o\000r\000\040\000d\000e\000f\000a\000u\000l\000t\000\040\000i\000m\000p\000l\000e\000m\000e\000n\000t\000a\000t\000i\000o\000n}{subsection.12.36.2}% 252
\BOOKMARK [3][-]{subsubsection.12.36.2.3}{\376\377\0001\0002\000.\0003\0006\000.\0002\000.\0003\000\040\000U\000p\000d\000a\000t\000e\000s\000\040\000f\000r\000o\000m\000\040\000c\000o\000n\000t\000r\000o\000l\000\040\000s\000u\000r\000f\000a\000c\000e\000s}{subsection.12.36.2}% 253
\BOOKMARK [2][-]{subsection.12.36.3}{\376\377\0001\0002\000.\0003\0006\000.\0003\000\040\000A\000u\000t\000o\000m\000a\000t\000i\000o\000n\000\040\000p\000l\000a\000y\000b\000a\000c\000k}{section.12.36}% 254
\BOOKMARK [2][-]{subsection.12.36.4}{\376\377\0001\0002\000.\0003\0006\000.\0004\000\040\000I\000n\000i\000t\000i\000a\000l\000i\000z\000a\000t\000i\000o\000n}{section.12.36}% 255
\BOOKMARK [1][-]{section.12.37}{\376\377\0001\0002\000.\0003\0007\000\040\000L\000i\000n\000k\000e\000d\000\040\000p\000a\000r\000a\000m\000e\000t\000e\000r\000s}{chapter.12}% 256
\BOOKMARK [2][-]{subsection.12.37.1}{\376\377\0001\0002\000.\0003\0007\000.\0001\000\040\000O\000n\000\040\000t\000h\000i\000s\000\040\000p\000a\000g\000e}{section.12.37}% 257
\BOOKMARK [2][-]{subsection.12.37.2}{\376\377\0001\0002\000.\0003\0007\000.\0002\000\040\000B\000a\000s\000i\000c\000s\000\040\000o\000f\000\040\000L\000i\000n\000k\000e\000d\000\040\000P\000a\000r\000a\000m\000e\000t\000e\000r\000s}{section.12.37}% 258
\BOOKMARK [3][-]{subsubsection.12.37.2.1}{\376\377\0001\0002\000.\0003\0007\000.\0002\000.\0001\000\040\000B\000a\000s\000i\000c\000\040\000c\000o\000n\000s\000i\000d\000e\000r\000a\000t\000i\000o\000n\000s\000\040\000f\000o\000r\000\040\000p\000a\000r\000a\000m\000e\000t\000e\000r\000\040\000l\000i\000n\000k\000i\000n\000g}{subsection.12.37.2}% 259
\BOOKMARK [3][-]{subsubsection.12.37.2.2}{\376\377\0001\0002\000.\0003\0007\000.\0002\000.\0002\000\040\000D\000e\000f\000i\000n\000i\000n\000g\000\040\000p\000r\000o\000p\000e\000r\000\040\000l\000i\000n\000k\000e\000d\000\040\000p\000a\000r\000a\000m\000e\000t\000e\000r\000\040\000b\000e\000h\000a\000v\000i\000o\000r}{subsection.12.37.2}% 260
\BOOKMARK [2][-]{subsection.12.37.3}{\376\377\0001\0002\000.\0003\0007\000.\0003\000\040\000L\000i\000n\000k\000e\000d\000\040\000P\000a\000r\000a\000m\000e\000t\000e\000r\000\040\000O\000p\000e\000r\000a\000t\000i\000o\000n}{section.12.37}% 261
\BOOKMARK [3][-]{subsubsection.12.37.3.1}{\376\377\0001\0002\000.\0003\0007\000.\0003\000.\0001\000\040\000U\000s\000e\000r\000\040\000E\000d\000i\000t\000i\000n\000g}{subsection.12.37.3}% 262
\BOOKMARK [3][-]{subsubsection.12.37.3.2}{\376\377\0001\0002\000.\0003\0007\000.\0003\000.\0002\000\040\000A\000u\000t\000o\000m\000a\000t\000i\000o\000n\000\040\000P\000l\000a\000y\000b\000a\000c\000k}{subsection.12.37.3}% 263
\BOOKMARK [3][-]{subsubsection.12.37.3.3}{\376\377\0001\0002\000.\0003\0007\000.\0003\000.\0003\000\040\000C\000h\000u\000n\000k\000\040\000R\000e\000s\000t\000o\000r\000i\000n\000g}{subsection.12.37.3}% 264
\BOOKMARK [2][-]{subsection.12.37.4}{\376\377\0001\0002\000.\0003\0007\000.\0004\000\040\000C\000h\000a\000n\000g\000i\000n\000g\000\040\000T\000a\000p\000e\000r\000s}{section.12.37}% 265
\BOOKMARK [1][-]{section.12.38}{\376\377\0001\0002\000.\0003\0008\000\040\000L\000i\000n\000k\000e\000d\000\040\000p\000a\000r\000a\000m\000e\000t\000e\000r\000\040\000u\000p\000d\000a\000t\000e\000\040\000s\000e\000q\000u\000e\000n\000c\000e\000s}{chapter.12}% 266
\BOOKMARK [2][-]{subsection.12.38.1}{\376\377\0001\0002\000.\0003\0008\000.\0001\000\040\000O\000n\000\040\000t\000h\000i\000s\000\040\000p\000a\000g\000e}{section.12.38}% 267
\BOOKMARK [3][-]{subsubsection.12.38.1.1}{\376\377\0001\0002\000.\0003\0008\000.\0001\000.\0001\000\040\000N\000o\000t\000e\000s\000\040\000o\000n\000\040\000t\000h\000r\000e\000a\000d\000i\000n\000g\000\040\000f\000o\000r\000\040\000t\000h\000e\000s\000e\000\040\000s\000e\000q\000u\000e\000n\000c\000e\000s}{subsection.12.38.1}% 268
\BOOKMARK [2][-]{subsection.12.38.2}{\376\377\0001\0002\000.\0003\0008\000.\0002\000\040\000U\000s\000e\000r\000-\000g\000e\000n\000e\000r\000a\000t\000e\000d\000\040\000u\000p\000d\000a\000t\000e}{section.12.38}% 269
\BOOKMARK [3][-]{subsubsection.12.38.2.1}{\376\377\0001\0002\000.\0003\0008\000.\0002\000.\0001\000\040\000H\000i\000g\000h\000-\000l\000e\000v\000e\000l\000\040\000i\000n\000t\000e\000r\000f\000a\000c\000e\000\040\000c\000a\000l\000l\000s\000\040\000a\000n\000d\000\040\000e\000v\000e\000n\000t\000s}{subsection.12.38.2}% 270
\BOOKMARK [3][-]{subsubsection.12.38.2.2}{\376\377\0001\0002\000.\0003\0008\000.\0002\000.\0002\000\040\000D\000e\000t\000a\000i\000l\000e\000d\000\040\000i\000n\000t\000e\000r\000f\000a\000c\000e\000\040\000c\000a\000l\000l\000s\000\040\000a\000n\000d\000\040\000e\000v\000e\000n\000t\000s}{subsection.12.38.2}% 271
\BOOKMARK [2][-]{subsection.12.38.3}{\376\377\0001\0002\000.\0003\0008\000.\0003\000\040\000U\000p\000d\000a\000t\000e\000\040\000f\000r\000o\000m\000\040\000a\000u\000t\000o\000m\000a\000t\000i\000o\000n\000\040\000p\000l\000a\000y\000b\000a\000c\000k}{section.12.38}% 272
\BOOKMARK [1][-]{section.12.39}{\376\377\0001\0002\000.\0003\0009\000\040\000P\000l\000u\000g\000-\000i\000n\000\040\000t\000y\000p\000e\000\040\000c\000o\000n\000v\000e\000r\000s\000i\000o\000n}{chapter.12}% 273
\BOOKMARK [2][-]{subsection.12.39.1}{\376\377\0001\0002\000.\0003\0009\000.\0001\000\040\000A\000b\000o\000u\000t\000\040\000t\000h\000i\000s\000\040\000s\000p\000e\000c\000i\000f\000i\000c\000a\000t\000i\000o\000n}{section.12.39}% 274
\BOOKMARK [2][-]{subsection.12.39.2}{\376\377\0001\0002\000.\0003\0009\000.\0002\000\040\000T\000e\000r\000m\000i\000n\000o\000l\000o\000g\000y}{section.12.39}% 275
\BOOKMARK [2][-]{subsection.12.39.3}{\376\377\0001\0002\000.\0003\0009\000.\0003\000\040\000S\000c\000o\000p\000e\000\040\000o\000f\000\040\000t\000h\000i\000s\000\040\000s\000p\000e\000c\000i\000f\000i\000c\000a\000t\000i\000o\000n}{section.12.39}% 276
\BOOKMARK [2][-]{subsection.12.39.4}{\376\377\0001\0002\000.\0003\0009\000.\0004\000\040\000T\000o\000p\000o\000l\000o\000g\000i\000c\000a\000l\000\040\000c\000o\000n\000s\000t\000r\000a\000i\000n\000t\000s}{section.12.39}% 277
\BOOKMARK [2][-]{subsection.12.39.5}{\376\377\0001\0002\000.\0003\0009\000.\0005\000\040\000I\000m\000p\000l\000i\000c\000i\000t\000\040\000c\000o\000n\000v\000e\000r\000s\000i\000o\000n\000s}{section.12.39}% 278
\BOOKMARK [2][-]{subsection.12.39.6}{\376\377\0001\0002\000.\0003\0009\000.\0006\000\040\000E\000x\000p\000l\000i\000c\000i\000t\000\040\000c\000o\000n\000v\000e\000r\000s\000i\000o\000n\000s}{section.12.39}% 279
\BOOKMARK [2][-]{subsection.12.39.7}{\376\377\0001\0002\000.\0003\0009\000.\0007\000\040\000T\000y\000p\000e\000\040\000d\000e\000p\000r\000e\000c\000a\000t\000i\000o\000n}{section.12.39}% 280
\BOOKMARK [1][-]{section.12.40}{\376\377\0001\0002\000.\0004\0000\000\040\000T\000h\000e\000\040\000A\000v\000i\000d\000\040\000C\000o\000m\000p\000o\000n\000e\000n\000t\000\040\000F\000r\000a\000m\000e\000w\000o\000r\000k\000\040\000\050\000A\000C\000F\000\051}{chapter.12}% 281
\BOOKMARK [2][-]{subsection.12.40.1}{\376\377\0001\0002\000.\0004\0000\000.\0001\000\040\000\040}{section.12.40}% 282
\BOOKMARK [2][-]{subsection.12.40.2}{\376\377\0001\0002\000.\0004\0000\000.\0002\000\040\000M\000o\000r\000e\000\040\000d\000e\000t\000a\000i\000l\000s}{section.12.40}% 283
\BOOKMARK [2][-]{subsection.12.40.3}{\376\377\0001\0002\000.\0004\0000\000.\0003\000\040\000A\000C\000F\000\040\000i\000n\000t\000e\000r\000f\000a\000c\000e\000s\000\040\000i\000n\000\040\000A\000A\000X}{section.12.40}% 284
\BOOKMARK [2][-]{subsection.12.40.4}{\376\377\0001\0002\000.\0004\0000\000.\0004\000\040\000U\000s\000i\000n\000g\000\040\000A\000C\000F\000\040\000i\000n\000t\000e\000r\000f\000a\000c\000e\000s}{section.12.40}% 285
\BOOKMARK [3][-]{subsubsection.12.40.4.1}{\376\377\0001\0002\000.\0004\0000\000.\0004\000.\0001\000\040\000H\000o\000s\000t\000-\000p\000r\000o\000v\000i\000d\000e\000d\000\040\000i\000n\000t\000e\000r\000f\000a\000c\000e\000s}{subsection.12.40.4}% 286
\BOOKMARK [3][-]{subsubsection.12.40.4.2}{\376\377\0001\0002\000.\0004\0000\000.\0004\000.\0002\000\040\000P\000l\000u\000g\000-\000i\000n\000\040\000i\000n\000t\000e\000r\000f\000a\000c\000e\000s}{subsection.12.40.4}% 287
\BOOKMARK [2][-]{subsection.12.40.5}{\376\377\0001\0002\000.\0004\0000\000.\0005\000\040\000I\000n\000t\000e\000r\000f\000a\000c\000e\000\040\000v\000e\000r\000s\000i\000o\000n\000i\000n\000g\000\040\000i\000n\000\040\000A\000A\000X}{section.12.40}% 288
\BOOKMARK [1][-]{section.12.41}{\376\377\0001\0002\000.\0004\0001\000\040\000A\000C\000F\000\040\000E\000l\000e\000m\000e\000n\000t\000s}{chapter.12}% 289
\BOOKMARK [2][-]{subsection.12.41.1}{\376\377\0001\0002\000.\0004\0001\000.\0001\000\040\000\040}{section.12.41}% 290
\BOOKMARK [1][-]{section.12.42}{\376\377\0001\0002\000.\0004\0002\000\040\000A\000A\000X\000\040\000H\000o\000s\000t\000\040\000G\000u\000i\000d\000e\000s}{chapter.12}% 291
\BOOKMARK [2][-]{subsection.12.42.1}{\376\377\0001\0002\000.\0004\0002\000.\0001\000\040\000\040}{section.12.42}% 292
\BOOKMARK [1][-]{section.12.43}{\376\377\0001\0002\000.\0004\0003\000\040\000P\000r\000o\000\040\000T\000o\000o\000l\000s\000\040\000G\000u\000i\000d\000e}{chapter.12}% 293
\BOOKMARK [2][-]{subsection.12.43.1}{\376\377\0001\0002\000.\0004\0003\000.\0001\000\040\000C\000o\000n\000t\000e\000n\000t\000s}{section.12.43}% 294
\BOOKMARK [2][-]{subsection.12.43.2}{\376\377\0001\0002\000.\0004\0003\000.\0002\000\040\000A\000b\000o\000u\000t\000\040\000t\000h\000i\000s\000\040\000d\000o\000c\000u\000m\000e\000n\000t}{section.12.43}% 295
\BOOKMARK [2][-]{subsection.12.43.3}{\376\377\0001\0002\000.\0004\0003\000.\0003\000\040\000P\000r\000o\000c\000e\000s\000s\000i\000n\000g\000\040\000m\000o\000d\000e\000s}{section.12.43}% 296
\BOOKMARK [3][-]{subsubsection.12.43.3.1}{\376\377\0001\0002\000.\0004\0003\000.\0003\000.\0001\000\040\000R\000e\000a\000l\000-\000t\000i\000m\000e\000\040\000p\000r\000o\000c\000e\000s\000s\000i\000n\000g}{subsection.12.43.3}% 297
\BOOKMARK [3][-]{subsubsection.12.43.3.2}{\376\377\0001\0002\000.\0004\0003\000.\0003\000.\0002\000\040\000N\000o\000n\000-\000r\000e\000a\000l\000-\000t\000i\000m\000e\000\040\000p\000r\000o\000c\000e\000s\000s\000i\000n\000g\000\040\000\050\000A\000u\000d\000i\000o\000S\000u\000i\000t\000e\000\051}{subsection.12.43.3}% 298
\BOOKMARK [3][-]{subsubsection.12.43.3.3}{\376\377\0001\0002\000.\0004\0003\000.\0003\000.\0003\000\040\000M\000u\000l\000t\000i\000c\000h\000a\000n\000n\000e\000l\000\040\000a\000n\000d\000\040\000M\000u\000l\000t\000i\000-\000M\000o\000n\000o}{subsection.12.43.3}% 299
\BOOKMARK [2][-]{subsection.12.43.4}{\376\377\0001\0002\000.\0004\0003\000.\0004\000\040\000R\000e\000q\000u\000i\000r\000e\000m\000e\000n\000t\000s\000\040\000f\000o\000r\000\040\000A\000A\000X\000\040\000p\000l\000u\000g\000-\000i\000n\000\040\000c\000o\000m\000p\000a\000t\000i\000b\000i\000l\000i\000t\000y\000\040\000w\000i\000t\000h\000\040\000P\000r\000o\000\040\000T\000o\000o\000l\000s}{section.12.43}% 300
\BOOKMARK [3][-]{subsubsection.12.43.4.1}{\376\377\0001\0002\000.\0004\0003\000.\0004\000.\0001\000\040\000I\000n\000s\000t\000a\000l\000l\000\040\000d\000i\000r\000e\000c\000t\000o\000r\000i\000e\000s}{subsection.12.43.4}% 301
\BOOKMARK [3][-]{subsubsection.12.43.4.2}{\376\377\0001\0002\000.\0004\0003\000.\0004\000.\0002\000\040\000P\000l\000u\000g\000-\000i\000n\000\040\000n\000a\000m\000e\000\040\000a\000n\000d\000\040\000f\000i\000l\000e\000\040\000s\000t\000r\000u\000c\000t\000u\000r\000e}{subsection.12.43.4}% 302
\BOOKMARK [3][-]{subsubsection.12.43.4.3}{\376\377\0001\0002\000.\0004\0003\000.\0004\000.\0003\000\040\000D\000i\000g\000i\000t\000a\000l\000\040\000s\000i\000g\000n\000a\000t\000u\000r\000e}{subsection.12.43.4}% 303
\BOOKMARK [2][-]{subsection.12.43.5}{\376\377\0001\0002\000.\0004\0003\000.\0005\000\040\000A\000u\000d\000i\000o\000\040\000E\000n\000g\000i\000n\000e\000\040\000B\000e\000h\000a\000v\000i\000o\000r\000\040\000a\000n\000d\000\040\000F\000e\000a\000t\000u\000r\000e\000s}{section.12.43}% 304
\BOOKMARK [3][-]{subsubsection.12.43.5.1}{\376\377\0001\0002\000.\0004\0003\000.\0005\000.\0001\000\040\000P\000l\000u\000g\000-\000i\000n\000\040\000l\000o\000a\000d\000i\000n\000g\000\040\000a\000n\000d\000\040\000A\000A\000E\000\040\000i\000n\000i\000t\000i\000a\000l\000i\000z\000a\000t\000i\000o\000n}{subsection.12.43.5}% 305
\BOOKMARK [3][-]{subsubsection.12.43.5.2}{\376\377\0001\0002\000.\0004\0003\000.\0005\000.\0002\000\040\000P\000l\000u\000g\000-\000i\000n\000\040\000i\000n\000i\000t\000i\000a\000l\000i\000z\000a\000t\000i\000o\000n}{subsection.12.43.5}% 306
\BOOKMARK [3][-]{subsubsection.12.43.5.3}{\376\377\0001\0002\000.\0004\0003\000.\0005\000.\0003\000\040\000R\000u\000n\000-\000t\000i\000m\000e\000\040\000p\000r\000o\000c\000e\000s\000s\000i\000n\000g\000\040\000b\000e\000h\000a\000v\000i\000o\000r}{subsection.12.43.5}% 307
\BOOKMARK [2][-]{subsection.12.43.6}{\376\377\0001\0002\000.\0004\0003\000.\0006\000\040\000B\000a\000s\000i\000c\000\040\000p\000l\000u\000g\000-\000i\000n\000\040\000o\000p\000e\000r\000a\000t\000i\000o\000n}{section.12.43}% 308
\BOOKMARK [3][-]{subsubsection.12.43.6.1}{\376\377\0001\0002\000.\0004\0003\000.\0006\000.\0001\000\040\000C\000o\000n\000f\000i\000g\000u\000r\000a\000t\000i\000o\000n\000\040\000m\000a\000n\000a\000g\000e\000m\000e\000n\000t}{subsection.12.43.6}% 309
\BOOKMARK [3][-]{subsubsection.12.43.6.2}{\376\377\0001\0002\000.\0004\0003\000.\0006\000.\0002\000\040\000P\000l\000u\000g\000-\000i\000n\000\040\000a\000c\000t\000i\000v\000a\000t\000i\000o\000n\000\040\000a\000n\000d\000\040\000d\000e\000a\000c\000t\000i\000v\000a\000t\000i\000o\000n}{subsection.12.43.6}% 310
\BOOKMARK [3][-]{subsubsection.12.43.6.3}{\376\377\0001\0002\000.\0004\0003\000.\0006\000.\0003\000\040\000P\000l\000u\000g\000-\000i\000n\000\040\000b\000y\000p\000a\000s\000s}{subsection.12.43.6}% 311
\BOOKMARK [3][-]{subsubsection.12.43.6.4}{\376\377\0001\0002\000.\0004\0003\000.\0006\000.\0004\000\040\000P\000r\000e\000s\000e\000t\000s\000\040\000a\000n\000d\000\040\000s\000e\000t\000t\000i\000n\000g\000s\000\040\000m\000a\000n\000a\000g\000e\000m\000e\000n\000t}{subsection.12.43.6}% 312
\BOOKMARK [3][-]{subsubsection.12.43.6.5}{\376\377\0001\0002\000.\0004\0003\000.\0006\000.\0005\000\040\000M\000o\000d\000i\000f\000i\000e\000r\000\040\000k\000e\000y\000\040\000b\000e\000h\000a\000v\000i\000o\000r}{subsection.12.43.6}% 313
\BOOKMARK [2][-]{subsection.12.43.7}{\376\377\0001\0002\000.\0004\0003\000.\0007\000\040\000O\000p\000t\000i\000o\000n\000a\000l\000\040\000p\000l\000u\000g\000-\000i\000n\000\040\000f\000e\000a\000t\000u\000r\000e\000s}{section.12.43}% 314
\BOOKMARK [3][-]{subsubsection.12.43.7.1}{\376\377\0001\0002\000.\0004\0003\000.\0007\000.\0001\000\040\000A\000u\000d\000i\000o\000\040\000m\000a\000n\000a\000g\000e\000m\000e\000n\000t\000\040\000f\000e\000a\000t\000u\000r\000e\000s}{subsection.12.43.7}% 315
\BOOKMARK [3][-]{subsubsection.12.43.7.2}{\376\377\0001\0002\000.\0004\0003\000.\0007\000.\0002\000\040\000P\000l\000u\000g\000-\000i\000n\000\040\000c\000a\000t\000e\000g\000o\000r\000i\000e\000s}{subsection.12.43.7}% 316
\BOOKMARK [3][-]{subsubsection.12.43.7.3}{\376\377\0001\0002\000.\0004\0003\000.\0007\000.\0003\000\040\000A\000d\000v\000a\000n\000c\000e\000d\000\040\000n\000o\000n\000-\000r\000e\000a\000l\000-\000t\000i\000m\000e\000\040\000p\000r\000o\000c\000e\000s\000s\000i\000n\000g}{subsection.12.43.7}% 317
\BOOKMARK [3][-]{subsubsection.12.43.7.4}{\376\377\0001\0002\000.\0004\0003\000.\0007\000.\0004\000\040\000C\000l\000i\000p\000\040\000d\000r\000a\000g\000\040\000a\000n\000d\000\040\000d\000r\000o\000p}{subsection.12.43.7}% 318
\BOOKMARK [2][-]{subsection.12.43.8}{\376\377\0001\0002\000.\0004\0003\000.\0008\000\040\000U\000s\000i\000n\000g\000\040\000t\000h\000e\000\040\000P\000r\000o\000\040\000T\000o\000o\000l\000s\000\040\000S\000c\000r\000i\000p\000t\000i\000n\000g\000\040\000S\000D\000K\000\040\000w\000i\000t\000h\000\040\000A\000A\000X}{section.12.43}% 319
\BOOKMARK [2][-]{subsection.12.43.9}{\376\377\0001\0002\000.\0004\0003\000.\0009\000\040\000P\000l\000u\000g\000-\000i\000n\000s\000\040\000w\000i\000t\000h\000\040\000M\000I\000D\000I\000\040\000s\000u\000p\000p\000o\000r\000t}{section.12.43}% 320
\BOOKMARK [3][-]{subsubsection.12.43.9.1}{\376\377\0001\0002\000.\0004\0003\000.\0009\000.\0001\000\040\000I\000n\000s\000t\000r\000u\000m\000e\000n\000t\000\040\000t\000r\000a\000c\000k\000s}{subsection.12.43.9}% 321
\BOOKMARK [3][-]{subsubsection.12.43.9.2}{\376\377\0001\0002\000.\0004\0003\000.\0009\000.\0002\000\040\000M\000I\000D\000I\000\040\000e\000f\000f\000e\000c\000t\000s\000\040\000a\000n\000d\000\040\000M\000I\000D\000I\000\040\000i\000n\000s\000e\000r\000t\000\040\000c\000h\000a\000i\000n\000s}{subsection.12.43.9}% 322
\BOOKMARK [2][-]{subsection.12.43.10}{\376\377\0001\0002\000.\0004\0003\000.\0001\0000\000\040\000D\000e\000b\000u\000g\000g\000i\000n\000g\000\040\000A\000A\000X\000\040\000p\000l\000u\000g\000-\000i\000n\000s}{section.12.43}% 323
\BOOKMARK [3][-]{subsubsection.12.43.10.1}{\376\377\0001\0002\000.\0004\0003\000.\0001\0000\000.\0001\000\040\000D\000e\000b\000u\000g\000g\000i\000n\000g\000\040\000w\000i\000t\000h\000i\000n\000\040\000P\000r\000o\000\040\000T\000o\000o\000l\000s}{subsection.12.43.10}% 324
\BOOKMARK [3][-]{subsubsection.12.43.10.2}{\376\377\0001\0002\000.\0004\0003\000.\0001\0000\000.\0002\000\040\000D\000i\000g\000i\000S\000h\000e\000l\000l}{subsection.12.43.10}% 325
\BOOKMARK [3][-]{subsubsection.12.43.10.3}{\376\377\0001\0002\000.\0004\0003\000.\0001\0000\000.\0003\000\040\000D\000i\000g\000i\000T\000r\000a\000c\000e}{subsection.12.43.10}% 326
\BOOKMARK [2][-]{subsection.12.43.11}{\376\377\0001\0002\000.\0004\0003\000.\0001\0001\000\040\000T\000r\000o\000u\000b\000l\000e\000s\000h\000o\000o\000t\000i\000n\000g\000\040\000c\000o\000m\000m\000o\000n\000\040\000A\000A\000X\000\040\000p\000l\000u\000g\000-\000i\000n\000\040\000f\000a\000i\000l\000u\000r\000e\000s}{section.12.43}% 327
\BOOKMARK [2][-]{subsection.12.43.12}{\376\377\0001\0002\000.\0004\0003\000.\0001\0002\000\040\000U\000s\000i\000n\000g\000\040\000D\000i\000g\000i\000O\000p\000t\000i\000o\000n\000s}{section.12.43}% 328
\BOOKMARK [3][-]{subsubsection.12.43.12.1}{\376\377\0001\0002\000.\0004\0003\000.\0001\0002\000.\0001\000\040\000U\000s\000e\000f\000u\000l\000\040\000D\000i\000g\000i\000O\000p\000t\000i\000o\000n\000s}{subsection.12.43.12}% 329
\BOOKMARK [2][-]{subsection.12.43.13}{\376\377\0001\0002\000.\0004\0003\000.\0001\0003\000\040\000C\000o\000m\000p\000a\000t\000i\000b\000i\000l\000i\000t\000y\000\040\000N\000o\000t\000e\000s}{section.12.43}% 330
\BOOKMARK [1][-]{section.12.44}{\376\377\0001\0002\000.\0004\0004\000\040\000M\000e\000d\000i\000a\000\040\000C\000o\000m\000p\000o\000s\000e\000r\000\040\000G\000u\000i\000d\000e}{chapter.12}% 331
\BOOKMARK [2][-]{subsection.12.44.1}{\376\377\0001\0002\000.\0004\0004\000.\0001\000\040\000C\000o\000n\000t\000e\000n\000t\000s}{section.12.44}% 332
\BOOKMARK [2][-]{subsection.12.44.2}{\376\377\0001\0002\000.\0004\0004\000.\0002\000\040\000A\000b\000o\000u\000t\000\040\000t\000h\000i\000s\000\040\000d\000o\000c\000u\000m\000e\000n\000t}{section.12.44}% 333
\BOOKMARK [2][-]{subsection.12.44.3}{\376\377\0001\0002\000.\0004\0004\000.\0003\000\040\000P\000r\000o\000c\000e\000s\000s\000i\000n\000g\000\040\000m\000o\000d\000e\000s}{section.12.44}% 334
\BOOKMARK [3][-]{subsubsection.12.44.3.1}{\376\377\0001\0002\000.\0004\0004\000.\0003\000.\0001\000\040\000N\000o\000n\000-\000r\000e\000a\000l\000-\000t\000i\000m\000e\000\040\000p\000r\000o\000c\000e\000s\000s\000i\000n\000g\000\040\000\050\000A\000u\000d\000i\000o\000S\000u\000i\000t\000e\000\051}{subsection.12.44.3}% 335
\BOOKMARK [3][-]{subsubsection.12.44.3.2}{\376\377\0001\0002\000.\0004\0004\000.\0003\000.\0002\000\040\000R\000e\000a\000l\000-\000t\000i\000m\000e\000\040\000p\000r\000o\000c\000e\000s\000s\000i\000n\000g}{subsection.12.44.3}% 336
\BOOKMARK [2][-]{subsection.12.44.4}{\376\377\0001\0002\000.\0004\0004\000.\0004\000\040\000C\000o\000m\000p\000a\000t\000i\000b\000i\000l\000i\000t\000y\000\040\000r\000e\000q\000u\000i\000r\000e\000m\000e\000n\000t\000s}{section.12.44}% 337
\BOOKMARK [3][-]{subsubsection.12.44.4.1}{\376\377\0001\0002\000.\0004\0004\000.\0004\000.\0001\000\040\000I\000n\000s\000t\000a\000l\000l\000\040\000d\000i\000r\000e\000c\000t\000o\000r\000i\000e\000s}{subsection.12.44.4}% 338
\BOOKMARK [3][-]{subsubsection.12.44.4.2}{\376\377\0001\0002\000.\0004\0004\000.\0004\000.\0002\000\040\000P\000l\000u\000g\000-\000i\000n\000\040\000n\000a\000m\000e\000\040\000a\000n\000d\000\040\000f\000i\000l\000e\000\040\000s\000t\000r\000u\000c\000t\000u\000r\000e}{subsection.12.44.4}% 339
\BOOKMARK [2][-]{subsection.12.44.5}{\376\377\0001\0002\000.\0004\0004\000.\0005\000\040\000A\000A\000X\000\040\000f\000e\000a\000t\000u\000r\000e\000\040\000s\000u\000p\000p\000o\000r\000t\000\040\000i\000n\000\040\000M\000e\000d\000i\000a\000\040\000C\000o\000m\000p\000o\000s\000e\000r}{section.12.44}% 340
\BOOKMARK [3][-]{subsubsection.12.44.5.1}{\376\377\0001\0002\000.\0004\0004\000.\0005\000.\0001\000\040\000P\000r\000o\000c\000e\000s\000s\000i\000n\000g\000\040\000c\000o\000n\000f\000i\000g\000u\000r\000a\000t\000i\000o\000n\000s}{subsection.12.44.5}% 341
\BOOKMARK [3][-]{subsubsection.12.44.5.2}{\376\377\0001\0002\000.\0004\0004\000.\0005\000.\0002\000\040\000P\000r\000e\000s\000e\000t\000\040\000m\000a\000n\000a\000g\000e\000m\000e\000n\000t}{subsection.12.44.5}% 342
\BOOKMARK [3][-]{subsubsection.12.44.5.3}{\376\377\0001\0002\000.\0004\0004\000.\0005\000.\0003\000\040\000U\000n\000s\000u\000p\000p\000o\000r\000t\000e\000d\000\040\000f\000e\000a\000t\000u\000r\000e\000s}{subsection.12.44.5}% 343
\BOOKMARK [3][-]{subsubsection.12.44.5.4}{\376\377\0001\0002\000.\0004\0004\000.\0005\000.\0004\000\040\000A\000d\000d\000i\000t\000i\000o\000n\000a\000l\000\040\000f\000e\000a\000t\000u\000r\000e\000\040\000s\000u\000p\000p\000o\000r\000t\000\040\000n\000o\000t\000e\000s}{subsection.12.44.5}% 344
\BOOKMARK [2][-]{subsection.12.44.6}{\376\377\0001\0002\000.\0004\0004\000.\0006\000\040\000A\000d\000d\000i\000t\000i\000o\000n\000a\000l\000\040\000I\000n\000f\000o\000r\000m\000a\000t\000i\000o\000n}{section.12.44}% 345
\BOOKMARK [3][-]{subsubsection.12.44.6.1}{\376\377\0001\0002\000.\0004\0004\000.\0006\000.\0001\000\040\000A\000u\000d\000i\000o\000\040\000E\000n\000g\000i\000n\000e\000\040\000f\000e\000a\000t\000u\000r\000e\000s\000\040\000a\000n\000d\000\040\000b\000e\000h\000a\000v\000i\000o\000r}{subsection.12.44.6}% 346
\BOOKMARK [3][-]{subsubsection.12.44.6.2}{\376\377\0001\0002\000.\0004\0004\000.\0006\000.\0002\000\040\000D\000e\000b\000u\000g\000g\000i\000n\000g\000\040\000A\000A\000X\000\040\000p\000l\000u\000g\000-\000i\000n\000s\000\040\000i\000n\000\040\000M\000e\000d\000i\000a\000\040\000C\000o\000m\000p\000o\000s\000e\000r}{subsection.12.44.6}% 347
\BOOKMARK [1][-]{section.12.45}{\376\377\0001\0002\000.\0004\0005\000\040\000H\000D\000X\000\040\000D\000S\000P\000\040\000G\000u\000i\000d\000e}{chapter.12}% 348
\BOOKMARK [2][-]{subsection.12.45.1}{\376\377\0001\0002\000.\0004\0005\000.\0001\000\040\000C\000o\000n\000t\000e\000n\000t\000s}{section.12.45}% 349
\BOOKMARK [2][-]{subsection.12.45.2}{\376\377\0001\0002\000.\0004\0005\000.\0002\000\040\000O\000v\000e\000r\000v\000i\000e\000w\000\040\000o\000f\000\040\000T\000I\000\040\000D\000S\000P\000\040\000A\000l\000g\000o\000r\000i\000t\000h\000m\000s\000\040\000i\000n\000\040\000A\000A\000X}{section.12.45}% 350
\BOOKMARK [2][-]{subsection.12.45.3}{\376\377\0001\0002\000.\0004\0005\000.\0003\000\040\000G\000e\000t\000t\000i\000n\000g\000\040\000S\000t\000a\000r\000t\000e\000d\000\040\000w\000i\000t\000h\000\040\000H\000D\000X\000\040\000D\000S\000P}{section.12.45}% 351
\BOOKMARK [2][-]{subsection.12.45.4}{\376\377\0001\0002\000.\0004\0005\000.\0004\000\040\000T\000h\000e\000\040\000H\000D\000X\000\040\000D\000S\000P\000\040\000P\000l\000a\000t\000f\000o\000r\000m}{section.12.45}% 352
\BOOKMARK [3][-]{subsubsection.12.45.4.1}{\376\377\0001\0002\000.\0004\0005\000.\0004\000.\0001\000\040\000D\000S\000P\000\040\000c\000h\000a\000r\000a\000c\000t\000e\000r\000i\000s\000t\000i\000c\000s\000:\000\040\000i\000n\000s\000t\000r\000u\000c\000t\000i\000o\000n\000\040\000p\000r\000o\000c\000e\000s\000s\000i\000n\000g}{subsection.12.45.4}% 353
\BOOKMARK [3][-]{subsubsection.12.45.4.2}{\376\377\0001\0002\000.\0004\0005\000.\0004\000.\0002\000\040\000D\000S\000P\000\040\000c\000h\000a\000r\000a\000c\000t\000e\000r\000i\000s\000t\000i\000c\000s\000:\000\040\000a\000u\000d\000i\000o\000\040\000b\000u\000f\000f\000e\000r\000s}{subsection.12.45.4}% 354
\BOOKMARK [3][-]{subsubsection.12.45.4.3}{\376\377\0001\0002\000.\0004\0005\000.\0004\000.\0003\000\040\000D\000S\000P\000\040\000c\000h\000a\000r\000a\000c\000t\000e\000r\000i\000s\000t\000i\000c\000s\000:\000\040\000m\000e\000m\000o\000r\000y}{subsection.12.45.4}% 355
\BOOKMARK [3][-]{subsubsection.12.45.4.4}{\376\377\0001\0002\000.\0004\0005\000.\0004\000.\0004\000\040\000S\000y\000s\000t\000e\000m\000\040\000c\000h\000a\000r\000a\000c\000t\000e\000r\000i\000s\000t\000i\000c\000s\000:\000\040\000D\000S\000P\000/\000h\000o\000s\000t\000\040\000d\000a\000t\000a\000\040\000t\000r\000a\000n\000s\000f\000e\000r\000s}{subsection.12.45.4}% 356
\BOOKMARK [3][-]{subsubsection.12.45.4.5}{\376\377\0001\0002\000.\0004\0005\000.\0004\000.\0005\000\040\000T\000I\000\040\000S\000h\000e\000l\000l\000\040\000c\000h\000a\000r\000a\000c\000t\000e\000r\000i\000s\000t\000i\000c\000s\000:\000\040\000M\000e\000m\000o\000r\000y\000\040\000a\000l\000l\000o\000c\000a\000t\000i\000o\000n}{subsection.12.45.4}% 357
\BOOKMARK [3][-]{subsubsection.12.45.4.6}{\376\377\0001\0002\000.\0004\0005\000.\0004\000.\0006\000\040\000T\000I\000\040\000S\000h\000e\000l\000l\000\040\000c\000h\000a\000r\000a\000c\000t\000e\000r\000i\000s\000t\000i\000c\000s\000:\000\040\000D\000a\000t\000a\000\040\000p\000a\000c\000k\000e\000t\000\040\000s\000e\000r\000v\000i\000c\000e\000s}{subsection.12.45.4}% 358
\BOOKMARK [3][-]{subsubsection.12.45.4.7}{\376\377\0001\0002\000.\0004\0005\000.\0004\000.\0007\000\040\000T\000I\000\040\000S\000h\000e\000l\000l\000\040\000c\000h\000a\000r\000a\000c\000t\000e\000r\000i\000s\000t\000i\000c\000s\000:\000\040\000I\000n\000s\000t\000a\000n\000c\000e\000\040\000a\000l\000l\000o\000c\000a\000t\000i\000o\000n}{subsection.12.45.4}% 359
\BOOKMARK [3][-]{subsubsection.12.45.4.8}{\376\377\0001\0002\000.\0004\0005\000.\0004\000.\0008\000\040\000A\000d\000d\000i\000t\000i\000o\000n\000a\000l\000\040\000T\000I\000\040\000S\000h\000e\000l\000l\000\040\000s\000e\000r\000v\000i\000c\000e\000s}{subsection.12.45.4}% 360
\BOOKMARK [2][-]{subsection.12.45.5}{\376\377\0001\0002\000.\0004\0005\000.\0005\000\040\000R\000e\000q\000u\000i\000r\000e\000m\000e\000n\000t\000s\000\040\000f\000o\000r\000\040\000H\000D\000X\000\040\000D\000S\000P\000\040\000P\000l\000u\000g\000-\000I\000n\000s}{section.12.45}% 361
\BOOKMARK [3][-]{subsubsection.12.45.5.1}{\376\377\0001\0002\000.\0004\0005\000.\0005\000.\0001\000\040\000P\000l\000u\000g\000-\000i\000n\000\040\000d\000e\000s\000c\000r\000i\000p\000t\000i\000o\000n}{subsection.12.45.5}% 362
\BOOKMARK [3][-]{subsubsection.12.45.5.2}{\376\377\0001\0002\000.\0004\0005\000.\0005\000.\0002\000\040\000P\000e\000r\000f\000o\000r\000m\000a\000n\000c\000e\000\040\000m\000e\000a\000s\000u\000r\000e\000m\000e\000n\000t\000\040\000a\000n\000d\000\040\000r\000e\000p\000o\000r\000t\000i\000n\000g}{subsection.12.45.5}% 363
\BOOKMARK [3][-]{subsubsection.12.45.5.3}{\376\377\0001\0002\000.\0004\0005\000.\0005\000.\0003\000\040\000P\000l\000u\000g\000-\000i\000n\000\040\000c\000o\000m\000p\000i\000l\000a\000t\000i\000o\000n\000\040\000a\000n\000d\000\040\000p\000a\000c\000k\000a\000g\000i\000n\000g}{subsection.12.45.5}% 364
\BOOKMARK [2][-]{subsection.12.45.6}{\376\377\0001\0002\000.\0004\0005\000.\0006\000\040\000T\000I\000\040\000D\000e\000v\000e\000l\000o\000p\000m\000e\000n\000t\000\040\000T\000o\000o\000l\000s}{section.12.45}% 365
\BOOKMARK [3][-]{subsubsection.12.45.6.1}{\376\377\0001\0002\000.\0004\0005\000.\0006\000.\0001\000\040\000C\000o\000d\000e\000\040\000C\000o\000m\000p\000o\000s\000e\000r\000\040\000S\000t\000u\000d\000i\000o}{subsection.12.45.6}% 366
\BOOKMARK [3][-]{subsubsection.12.45.6.2}{\376\377\0001\0002\000.\0004\0005\000.\0006\000.\0002\000\040\000T\000h\000e\000\040\000T\000M\000S\0003\0002\0000\000C\0006\0000\0000\0000\000\040\000C\000+\000+\000\040\000c\000o\000m\000p\000i\000l\000e\000r}{subsection.12.45.6}% 367
\BOOKMARK [3][-]{subsubsection.12.45.6.3}{\376\377\0001\0002\000.\0004\0005\000.\0006\000.\0003\000\040\000D\000i\000g\000i\000S\000h\000e\000l\000l\000\040\000t\000e\000s\000t\000\040\000t\000o\000o\000l\000\040\000\050\000D\000S\000H\000\051}{subsection.12.45.6}% 368
\BOOKMARK [3][-]{subsubsection.12.45.6.4}{\376\377\0001\0002\000.\0004\0005\000.\0006\000.\0004\000\040\000H\000a\000r\000d\000w\000a\000r\000e\000\040\000D\000e\000b\000u\000g\000g\000i\000n\000g}{subsection.12.45.6}% 369
\BOOKMARK [3][-]{subsubsection.12.45.6.5}{\376\377\0001\0002\000.\0004\0005\000.\0006\000.\0005\000\040\000T\000r\000a\000c\000i\000n\000g}{subsection.12.45.6}% 370
\BOOKMARK [3][-]{subsubsection.12.45.6.6}{\376\377\0001\0002\000.\0004\0005\000.\0006\000.\0006\000\040\000T\000e\000s\000t\000i\000n\000g\000\040\000i\000n\000\040\000P\000r\000o\000\040\000T\000o\000o\000l\000s}{subsection.12.45.6}% 371
\BOOKMARK [2][-]{subsection.12.45.7}{\376\377\0001\0002\000.\0004\0005\000.\0007\000\040\000C\000o\000m\000m\000o\000n\000\040\000I\000s\000s\000u\000e\000s\000\040\000w\000i\000t\000h\000\040\000T\000I\000\040\000D\000e\000v\000e\000l\000o\000p\000m\000e\000n\000t}{section.12.45}% 372
\BOOKMARK [3][-]{subsubsection.12.45.7.1}{\376\377\0001\0002\000.\0004\0005\000.\0007\000.\0001\000\040\000D\000a\000t\000a\000\040\000s\000t\000r\000u\000c\000t\000u\000r\000e\000\040\000c\000o\000m\000p\000a\000t\000i\000b\000i\000l\000i\000t\000y}{subsection.12.45.7}% 373
\BOOKMARK [2][-]{subsection.12.45.8}{\376\377\0001\0002\000.\0004\0005\000.\0008\000\040\000T\000I\000\040\000O\000p\000t\000i\000m\000i\000z\000a\000t\000i\000o\000n\000\040\000G\000u\000i\000d\000e}{section.12.45}% 374
\BOOKMARK [3][-]{subsubsection.12.45.8.1}{\376\377\0001\0002\000.\0004\0005\000.\0008\000.\0001\000\040\000O\000p\000t\000i\000m\000i\000z\000a\000t\000i\000o\000n\000\040\000q\000u\000i\000c\000k\000\040\000s\000t\000a\000r\000t}{subsection.12.45.8}% 375
\BOOKMARK [3][-]{subsubsection.12.45.8.2}{\376\377\0001\0002\000.\0004\0005\000.\0008\000.\0002\000\040\000C\000o\000m\000p\000i\000l\000e\000r\000\040\000a\000n\000d\000\040\000l\000i\000n\000k\000e\000r\000\040\000o\000p\000t\000i\000o\000n\000s}{subsection.12.45.8}% 376
\BOOKMARK [3][-]{subsubsection.12.45.8.3}{\376\377\0001\0002\000.\0004\0005\000.\0008\000.\0003\000\040\000T\000h\000e\000\040\000l\000o\000a\000d\000-\000u\000p\000d\000a\000t\000e\000-\000s\000t\000o\000r\000e\000\040\000p\000a\000t\000t\000e\000r\000n}{subsection.12.45.8}% 377
\BOOKMARK [3][-]{subsubsection.12.45.8.4}{\376\377\0001\0002\000.\0004\0005\000.\0008\000.\0004\000\040\000C\000a\000s\000e\000\040\000s\000t\000u\000d\000y\000:\000\040\000I\000I\000R\000\040\000f\000i\000l\000t\000e\000r\000\040\000i\000m\000p\000l\000e\000m\000e\000n\000a\000t\000i\000o\000n\000\040\000o\000n\000\040\000T\000I\000\040\0006\0007\0002\000x\000\040\000D\000S\000P\000s}{subsection.12.45.8}% 378
\BOOKMARK [3][-]{subsubsection.12.45.8.5}{\376\377\0001\0002\000.\0004\0005\000.\0008\000.\0005\000\040\000U\000n\000d\000e\000r\000s\000t\000a\000n\000d\000i\000n\000g\000\040\000C\000G\000T\000o\000o\000l\000s\000-\000g\000e\000n\000e\000r\000a\000t\000e\000d\000\040\000A\000S\000M\000\040\000f\000i\000l\000e\000s}{subsection.12.45.8}% 379
\BOOKMARK [3][-]{subsubsection.12.45.8.6}{\376\377\0001\0002\000.\0004\0005\000.\0008\000.\0006\000\040\000C\000\040\000k\000e\000y\000w\000o\000r\000d\000s}{subsection.12.45.8}% 380
\BOOKMARK [3][-]{subsubsection.12.45.8.7}{\376\377\0001\0002\000.\0004\0005\000.\0008\000.\0007\000\040\000D\000a\000t\000a\000\040\000t\000y\000p\000e\000s}{subsection.12.45.8}% 381
\BOOKMARK [3][-]{subsubsection.12.45.8.8}{\376\377\0001\0002\000.\0004\0005\000.\0008\000.\0008\000\040\000C\000a\000s\000e\000\040\000s\000t\000u\000d\000y\000:\000\040\000E\000f\000f\000i\000c\000i\000e\000n\000t\000\040\000p\000a\000r\000a\000m\000e\000t\000e\000r\000\040\000s\000m\000o\000o\000t\000h\000i\000n\000g\000\040\000a\000t\000\040\000s\000i\000n\000g\000l\000e\000\040\000a\000n\000d\000\040\000d\000o\000u\000b\000l\000e\000\040\000p\000r\000e\000c\000i\000s\000i\000o\000n}{subsection.12.45.8}% 382
\BOOKMARK [3][-]{subsubsection.12.45.8.9}{\376\377\0001\0002\000.\0004\0005\000.\0008\000.\0009\000\040\000R\000e\000f\000a\000c\000t\000o\000r\000i\000n\000g\000\040\000c\000o\000n\000d\000i\000t\000i\000o\000n\000a\000l\000s\000\040\000a\000n\000d\000\040\000b\000r\000a\000n\000c\000h\000e\000s}{subsection.12.45.8}% 383
\BOOKMARK [3][-]{subsubsection.12.45.8.10}{\376\377\0001\0002\000.\0004\0005\000.\0008\000.\0001\0000\000\040\000C\000a\000s\000e\000\040\000s\000t\000u\000d\000y\000:\000\040\000p\000i\000p\000e\000l\000i\000n\000e\000\040\000r\000e\000f\000a\000c\000t\000o\000r\000i\000n\000g\000\040\000i\000n\000\040\000A\000v\000i\000d\000\047\000s\000\040\000E\000Q\0003\000\040\000a\000n\000d\000\040\000D\000y\000n\0003\000\040\000p\000l\000u\000g\000-\000i\000n\000s}{subsection.12.45.8}% 384
\BOOKMARK [3][-]{subsubsection.12.45.8.11}{\376\377\0001\0002\000.\0004\0005\000.\0008\000.\0001\0001\000\040\000C\000a\000s\000e\000\040\000s\000t\000u\000d\000y\000:\000\040\000A\000d\000d\000i\000t\000i\000o\000n\000a\000l\000\040\000o\000p\000t\000i\000m\000i\000z\000a\000t\000i\000o\000n\000\040\000l\000e\000s\000s\000o\000n\000s\000\040\000f\000r\000o\000m\000\040\000E\000Q\0003\000\040\000a\000n\000d\000\040\000D\000y\000n\0003}{subsection.12.45.8}% 385
\BOOKMARK [3][-]{subsubsection.12.45.8.12}{\376\377\0001\0002\000.\0004\0005\000.\0008\000.\0001\0002\000\040\000O\000p\000t\000i\000m\000i\000z\000a\000t\000i\000o\000n\000\040\000o\000n\000\040\000t\000h\000e\000\040\000H\000D\000X\000\040\000p\000l\000a\000t\000f\000o\000r\000m}{subsection.12.45.8}% 386
\BOOKMARK [3][-]{subsubsection.12.45.8.13}{\376\377\0001\0002\000.\0004\0005\000.\0008\000.\0001\0003\000\040\000C\000o\000d\000e\000\040\000C\000o\000m\000p\000o\000s\000e\000r\000\040\000S\000t\000u\000d\000i\000o\000\040\000o\000p\000t\000i\000m\000i\000z\000a\000t\000i\000o\000n\000\040\000t\000o\000o\000l\000s}{subsection.12.45.8}% 387
\BOOKMARK [2][-]{subsection.12.45.9}{\376\377\0001\0002\000.\0004\0005\000.\0009\000\040\000E\000r\000r\000o\000r\000\040\000C\000o\000d\000e\000s}{section.12.45}% 388
\BOOKMARK [3][-]{subsubsection.12.45.9.1}{\376\377\0001\0002\000.\0004\0005\000.\0009\000.\0001\000\040\000-\0001\0003\0008\000x\000x\000:\000\040\000D\000H\000M\000\040\000C\000o\000r\000e\000\040\000D\000S\000P\000\040\000e\000r\000r\000o\000r\000s}{subsection.12.45.9}% 389
\BOOKMARK [3][-]{subsubsection.12.45.9.2}{\376\377\0001\0002\000.\0004\0005\000.\0009\000.\0002\000\040\000-\0001\0004\0000\000x\000x\000:\000\040\000A\000A\000X\000\040\000H\000o\000s\000t\000\040\000e\000r\000r\000o\000r\000s}{subsection.12.45.9}% 390
\BOOKMARK [3][-]{subsubsection.12.45.9.3}{\376\377\0001\0002\000.\0004\0005\000.\0009\000.\0003\000\040\000-\0001\0004\0001\000x\000x\000:\000\040\000T\000I\000\040\000S\000y\000s\000t\000e\000m\000\040\000e\000r\000r\000o\000r\000s}{subsection.12.45.9}% 391
\BOOKMARK [3][-]{subsubsection.12.45.9.4}{\376\377\0001\0002\000.\0004\0005\000.\0009\000.\0004\000\040\000-\0001\0004\0002\000x\000x\000:\000\040\000D\000I\000D\000L\000\040\000e\000r\000r\000o\000r\000s}{subsection.12.45.9}% 392
\BOOKMARK [3][-]{subsubsection.12.45.9.5}{\376\377\0001\0002\000.\0004\0005\000.\0009\000.\0005\000\040\000-\0001\0004\0004\000x\000x\000:\000\040\000H\000D\000X\000\040\000h\000a\000r\000d\000w\000a\000r\000e\000\040\000e\000r\000r\000o\000r\000s}{subsection.12.45.9}% 393
\BOOKMARK [3][-]{subsubsection.12.45.9.6}{\376\377\0001\0002\000.\0004\0005\000.\0009\000.\0006\000\040\000-\0001\0004\0005\000x\000x\000:\000\040\000D\000H\000M\000\040\000i\000s\000o\000c\000h\000r\000o\000n\000o\000u\000s\000\040\000a\000u\000d\000i\000o\000\040\000e\000n\000g\000i\000n\000e\000\040\000e\000r\000r\000o\000r\000s}{subsection.12.45.9}% 394
\BOOKMARK [3][-]{subsubsection.12.45.9.7}{\376\377\0001\0002\000.\0004\0005\000.\0009\000.\0007\000\040\000-\0003\0000\000x\000x\000x\000:\000\040\000D\000y\000n\000a\000m\000i\000c\000a\000l\000l\000y\000-\000g\000e\000n\000e\000r\000a\000t\000e\000d\000\040\000e\000r\000r\000o\000r\000\040\000c\000o\000d\000e\000s}{subsection.12.45.9}% 395
\BOOKMARK [1][-]{section.12.46}{\376\377\0001\0002\000.\0004\0006\000\040\000P\000a\000g\000e\000\040\000T\000a\000b\000l\000e\000\040\000G\000u\000i\000d\000e}{chapter.12}% 396
\BOOKMARK [2][-]{subsection.12.46.1}{\376\377\0001\0002\000.\0004\0006\000.\0001\000\040\000C\000o\000n\000t\000e\000n\000t\000s}{section.12.46}% 397
\BOOKMARK [2][-]{subsection.12.46.2}{\376\377\0001\0002\000.\0004\0006\000.\0002\000\040\000I\000n\000t\000r\000o\000d\000u\000c\000t\000i\000o\000n}{section.12.46}% 398
\BOOKMARK [3][-]{subsubsection.12.46.2.1}{\376\377\0001\0002\000.\0004\0006\000.\0002\000.\0001\000\040\000C\000o\000n\000t\000r\000o\000l\000\040\000S\000u\000r\000f\000a\000c\000e\000s\000\040\000O\000v\000e\000r\000v\000i\000e\000w}{subsection.12.46.2}% 399
\BOOKMARK [3][-]{subsubsection.12.46.2.2}{\376\377\0001\0002\000.\0004\0006\000.\0002\000.\0002\000\040\000P\000a\000g\000e\000\040\000T\000a\000b\000l\000e\000s\000\040\000O\000v\000e\000r\000v\000i\000e\000w}{subsection.12.46.2}% 400
\BOOKMARK [2][-]{subsection.12.46.3}{\376\377\0001\0002\000.\0004\0006\000.\0003\000\040\000A\000v\000i\000d\000\040\000C\000o\000n\000t\000r\000o\000l\000\040\000S\000u\000r\000f\000a\000c\000e\000s}{section.12.46}% 401
\BOOKMARK [3][-]{subsubsection.12.46.3.1}{\376\377\0001\0002\000.\0004\0006\000.\0003\000.\0001\000\040\000E\000U\000C\000O\000N}{subsection.12.46.3}% 402
\BOOKMARK [3][-]{subsubsection.12.46.3.2}{\376\377\0001\0002\000.\0004\0006\000.\0003\000.\0002\000\040\000V\000E\000N\000U\000E}{subsection.12.46.3}% 403
\BOOKMARK [2][-]{subsection.12.46.4}{\376\377\0001\0002\000.\0004\0006\000.\0004\000\040\000P\000l\000u\000g\000-\000I\000n\000\040\000P\000a\000g\000e\000\040\000T\000a\000b\000l\000e\000\040\000G\000u\000i\000d\000e\000l\000i\000n\000e\000s}{section.12.46}% 404
\BOOKMARK [3][-]{subsubsection.12.46.4.1}{\376\377\0001\0002\000.\0004\0006\000.\0004\000.\0001\000\040\000G\000e\000n\000e\000r\000a\000l\000\040\000G\000u\000i\000d\000e\000l\000i\000n\000e\000s}{subsection.12.46.4}% 405
\BOOKMARK [2][-]{subsection.12.46.5}{\376\377\0001\0002\000.\0004\0006\000.\0005\000\040\000A\000v\000i\000d\000\040\000C\000e\000n\000t\000e\000r\000\040\000S\000e\000c\000t\000i\000o\000n\000\040\000P\000a\000g\000e\000\040\000T\000a\000b\000l\000e\000s}{section.12.46}% 406
\BOOKMARK [3][-]{subsubsection.12.46.5.1}{\376\377\0001\0002\000.\0004\0006\000.\0005\000.\0001\000\040\000C\000e\000n\000t\000e\000r\000\040\000S\000e\000c\000t\000i\000o\000n\000\040\000P\000a\000g\000e\000\040\000T\000a\000b\000l\000e\000\040\000G\000u\000i\000d\000e\000l\000i\000n\000e\000s}{subsection.12.46.5}% 407
\BOOKMARK [3][-]{subsubsection.12.46.5.2}{\376\377\0001\0002\000.\0004\0006\000.\0005\000.\0002\000\040\000C\000e\000n\000t\000e\000r\000\040\000S\000e\000c\000t\000i\000o\000n\000\040\000P\000a\000r\000a\000m\000e\000t\000e\000r\000\040\000M\000a\000p\000p\000i\000n\000g\000\040\000t\000o\000\040\000S\000i\000n\000g\000l\000e\000-\000C\000o\000l\000u\000m\000n\000/\000R\000o\000w\000\040\000L\000a\000y\000o\000u\000t\000s}{subsection.12.46.5}% 408
\BOOKMARK [3][-]{subsubsection.12.46.5.3}{\376\377\0001\0002\000.\0004\0006\000.\0005\000.\0003\000\040\000C\000e\000n\000t\000e\000r\000\040\000S\000e\000c\000t\000i\000o\000n\000\040\000P\000a\000r\000a\000m\000e\000t\000e\000r\000\040\000M\000a\000p\000p\000i\000n\000g\000\040\000i\000n\000\040\000S\0006\000\040\000E\000x\000p\000a\000n\000d\000\040\000M\000o\000d\000e}{subsection.12.46.5}% 409
\BOOKMARK [3][-]{subsubsection.12.46.5.4}{\376\377\0001\0002\000.\0004\0006\000.\0005\000.\0004\000\040\000C\000e\000n\000t\000e\000r\000\040\000S\000e\000c\000t\000i\000o\000n\000\040\000P\000a\000r\000a\000m\000e\000t\000e\000r\000\040\000M\000a\000p\000p\000i\000n\000g\000\040\000o\000n\000\040\000V\000E\000N\000U\000E\000\040\000\040\000S\0003\000L\000-\000X}{subsection.12.46.5}% 410
\BOOKMARK [2][-]{subsection.12.46.6}{\376\377\0001\0002\000.\0004\0006\000.\0006\000\040\000E\000U\000C\000O\000N\000\040\000P\000a\000g\000e\000\040\000T\000a\000b\000l\000e\000s}{section.12.46}% 411
\BOOKMARK [3][-]{subsubsection.12.46.6.1}{\376\377\0001\0002\000.\0004\0006\000.\0006\000.\0001\000\040\000S\000p\000e\000c\000i\000f\000i\000c\000a\000t\000i\000o\000n}{subsection.12.46.6}% 412
\BOOKMARK [3][-]{subsubsection.12.46.6.2}{\376\377\0001\0002\000.\0004\0006\000.\0006\000.\0002\000\040\000T\000y\000p\000e\000s}{subsection.12.46.6}% 413
\BOOKMARK [3][-]{subsubsection.12.46.6.3}{\376\377\0001\0002\000.\0004\0006\000.\0006\000.\0003\000\040\000C\000o\000n\000v\000e\000n\000t\000i\000o\000n\000s}{subsection.12.46.6}% 414
\BOOKMARK [3][-]{subsubsection.12.46.6.4}{\376\377\0001\0002\000.\0004\0006\000.\0006\000.\0004\000\040\000R\000e\000q\000u\000i\000r\000e\000m\000e\000n\000t\000s}{subsection.12.46.6}% 415
\BOOKMARK [2][-]{subsection.12.46.7}{\376\377\0001\0002\000.\0004\0006\000.\0007\000\040\000I\000m\000p\000l\000e\000m\000e\000n\000t\000i\000n\000g\000\040\000P\000a\000g\000e\000\040\000T\000a\000b\000l\000e\000s}{section.12.46}% 416
\BOOKMARK [3][-]{subsubsection.12.46.7.1}{\376\377\0001\0002\000.\0004\0006\000.\0007\000.\0001\000\040\000P\000a\000g\000e\000\040\000t\000a\000b\000l\000e\000\040\000X\000M\000L\000\040\000s\000p\000e\000c\000i\000f\000i\000c\000a\000t\000i\000o\000n}{subsection.12.46.7}% 417
\BOOKMARK [3][-]{subsubsection.12.46.7.2}{\376\377\0001\0002\000.\0004\0006\000.\0007\000.\0002\000\040\000P\000a\000r\000a\000m\000e\000t\000e\000r\000\040\000i\000d\000e\000n\000t\000i\000f\000i\000e\000r\000s}{subsection.12.46.7}% 418
\BOOKMARK [3][-]{subsubsection.12.46.7.3}{\376\377\0001\0002\000.\0004\0006\000.\0007\000.\0003\000\040\000C\000r\000e\000a\000t\000i\000n\000g\000\040\000p\000a\000g\000e\000\040\000t\000a\000b\000l\000e\000s\000\040\000u\000s\000i\000n\000g\000\040\000t\000h\000e\000\040\000A\000A\000X\000\040\000P\000l\000u\000g\000-\000I\000n\000\040\000P\000a\000g\000e\000\040\000T\000a\000b\000l\000e\000\040\000E\000d\000i\000t\000o\000r}{subsection.12.46.7}% 419
\BOOKMARK [3][-]{subsubsection.12.46.7.4}{\376\377\0001\0002\000.\0004\0006\000.\0007\000.\0004\000\040\000V\000e\000r\000i\000f\000y\000i\000n\000g\000\040\000P\000a\000g\000e\000\040\000T\000a\000b\000l\000e\000\040\000L\000a\000y\000o\000u\000t\000s\000:\000\040\000T\000h\000e\000\040\000H\000i\000d\000d\000e\000n\000\040\000P\000o\000p\000-\000U\000p\000\040\000M\000e\000n\000u}{subsection.12.46.7}% 420
\BOOKMARK [3][-]{subsubsection.12.46.7.5}{\376\377\0001\0002\000.\0004\0006\000.\0007\000.\0005\000\040\000C\000o\000n\000t\000r\000o\000l\000\040\000H\000i\000g\000h\000l\000i\000g\000h\000t\000i\000n\000g\000\040\000S\000c\000h\000e\000m\000e}{subsection.12.46.7}% 421
\BOOKMARK [3][-]{subsubsection.12.46.7.6}{\376\377\0001\0002\000.\0004\0006\000.\0007\000.\0006\000\040\000C\000o\000n\000t\000r\000o\000l\000\040\000N\000u\000m\000b\000e\000r\000i\000n\000g\000\040\000L\000a\000y\000o\000u\000t\000s}{subsection.12.46.7}% 422
\BOOKMARK [3][-]{subsubsection.12.46.7.7}{\376\377\0001\0002\000.\0004\0006\000.\0007\000.\0007\000\040\000A\000l\000p\000h\000a\000n\000u\000m\000e\000r\000i\000c\000\040\000D\000i\000s\000p\000l\000a\000y\000s}{subsection.12.46.7}% 423
\BOOKMARK [3][-]{subsubsection.12.46.7.8}{\376\377\0001\0002\000.\0004\0006\000.\0007\000.\0008\000\040\000P\000r\000o\000C\000o\000n\000t\000r\000o\000l\000\040\000D\000i\000s\000p\000l\000a\000y}{subsection.12.46.7}% 424
\BOOKMARK [2][-]{subsection.12.46.8}{\376\377\0001\0002\000.\0004\0006\000.\0008\000\040\000A\000p\000p\000e\000n\000d\000i\000x\000\040\000A\000.\000\040\000G\000e\000t\000\040\000P\000a\000r\000a\000m\000e\000t\000e\000r\000\040\000V\000a\000l\000u\000e\000\040\000I\000n\000f\000o}{section.12.46}% 425
\BOOKMARK [3][-]{subsubsection.12.46.8.1}{\376\377\0001\0002\000.\0004\0006\000.\0008\000.\0001\000\040\000O\000v\000e\000r\000v\000i\000e\000w}{subsection.12.46.8}% 426
\BOOKMARK [3][-]{subsubsection.12.46.8.2}{\376\377\0001\0002\000.\0004\0006\000.\0008\000.\0002\000\040\000I\000m\000p\000l\000e\000m\000e\000n\000t\000a\000t\000i\000o\000n}{subsection.12.46.8}% 427
\BOOKMARK [1][-]{section.12.47}{\376\377\0001\0002\000.\0004\0007\000\040\000D\000i\000g\000i\000T\000r\000a\000c\000e\000\040\000G\000u\000i\000d\000e}{chapter.12}% 428
\BOOKMARK [2][-]{subsection.12.47.1}{\376\377\0001\0002\000.\0004\0007\000.\0001\000\040\000O\000n\000\040\000t\000h\000i\000s\000\040\000p\000a\000g\000e}{section.12.47}% 429
\BOOKMARK [2][-]{subsection.12.47.2}{\376\377\0001\0002\000.\0004\0007\000.\0002\000\040\000W\000h\000a\000t\000\040\000i\000s\000\040\000D\000i\000g\000i\000T\000r\000a\000c\000e\000?}{section.12.47}% 430
\BOOKMARK [3][-]{subsubsection.12.47.2.1}{\376\377\0001\0002\000.\0004\0007\000.\0002\000.\0001\000\040\000W\000h\000a\000t\000\040\000d\000o\000e\000s\000\040\000D\000i\000g\000i\000T\000r\000a\000c\000e\000\040\000d\000o\000?}{subsection.12.47.2}% 431
\BOOKMARK [2][-]{subsection.12.47.3}{\376\377\0001\0002\000.\0004\0007\000.\0003\000\040\000D\000i\000g\000i\000T\000r\000a\000c\000e\000\040\000q\000u\000i\000c\000k\000\040\000s\000t\000a\000r\000t\000\040\000g\000u\000i\000d\000e}{section.12.47}% 432
\BOOKMARK [3][-]{subsubsection.12.47.3.1}{\376\377\0001\0002\000.\0004\0007\000.\0003\000.\0001\000\040\000F\000i\000n\000d\000\040\000a\000n\000d\000\040\000d\000e\000c\000r\000y\000p\000t\000\040\000D\000i\000g\000i\000T\000r\000a\000c\000e\000\040\000l\000o\000g\000\040\000f\000i\000l\000e\000s}{subsection.12.47.3}% 433
\BOOKMARK [3][-]{subsubsection.12.47.3.2}{\376\377\0001\0002\000.\0004\0007\000.\0003\000.\0002\000\040\000C\000o\000n\000f\000i\000g\000u\000r\000e\000\040\000D\000i\000g\000i\000T\000r\000a\000c\000e\000\040\000f\000o\000r\000\040\000A\000A\000X\000\040\000p\000l\000u\000g\000-\000i\000n\000\040\000l\000o\000g\000g\000i\000n\000g}{subsection.12.47.3}% 434
\BOOKMARK [3][-]{subsubsection.12.47.3.3}{\376\377\0001\0002\000.\0004\0007\000.\0003\000.\0003\000\040\000C\000o\000n\000f\000i\000g\000u\000r\000e\000\040\000D\000i\000g\000i\000T\000r\000a\000c\000e\000\040\000f\000o\000r\000\040\000p\000l\000a\000i\000n\000-\000t\000e\000x\000t\000\040\000o\000u\000t\000p\000u\000t}{subsection.12.47.3}% 435
\BOOKMARK [3][-]{subsubsection.12.47.3.4}{\376\377\0001\0002\000.\0004\0007\000.\0003\000.\0004\000\040\000A\000d\000d\000\040\000t\000r\000a\000c\000i\000n\000g\000\040\000t\000o\000\040\000a\000\040\000p\000l\000u\000g\000-\000i\000n}{subsection.12.47.3}% 436
\BOOKMARK [2][-]{subsection.12.47.4}{\376\377\0001\0002\000.\0004\0007\000.\0004\000\040\000D\000i\000g\000i\000T\000r\000a\000c\000e\000\040\000l\000o\000g\000\040\000f\000i\000l\000e\000s}{section.12.47}% 437
\BOOKMARK [3][-]{subsubsection.12.47.4.1}{\376\377\0001\0002\000.\0004\0007\000.\0004\000.\0001\000\040\000W\000h\000e\000r\000e\000\040\000a\000r\000e\000\040\000D\000i\000g\000i\000T\000r\000a\000c\000e\000\040\000l\000o\000g\000\040\000f\000i\000l\000e\000s\000\040\000s\000t\000o\000r\000e\000d\000?}{subsection.12.47.4}% 438
\BOOKMARK [3][-]{subsubsection.12.47.4.2}{\376\377\0001\0002\000.\0004\0007\000.\0004\000.\0002\000\040\000M\000o\000n\000i\000t\000o\000r\000i\000n\000g\000\040\000D\000i\000g\000i\000T\000r\000a\000c\000e\000\040\000l\000o\000g\000s}{subsection.12.47.4}% 439
\BOOKMARK [3][-]{subsubsection.12.47.4.3}{\376\377\0001\0002\000.\0004\0007\000.\0004\000.\0003\000\040\000L\000o\000g\000\040\000f\000i\000l\000e\000\040\000f\000o\000r\000m\000a\000t\000t\000i\000n\000g}{subsection.12.47.4}% 440
\BOOKMARK [2][-]{subsection.12.47.5}{\376\377\0001\0002\000.\0004\0007\000.\0005\000\040\000C\000o\000n\000f\000i\000g\000u\000r\000i\000n\000g\000\040\000D\000i\000g\000i\000T\000r\000a\000c\000e}{section.12.47}% 441
\BOOKMARK [3][-]{subsubsection.12.47.5.1}{\376\377\0001\0002\000.\0004\0007\000.\0005\000.\0001\000\040\000T\000r\000a\000c\000e\000\040\000f\000a\000c\000i\000l\000i\000t\000i\000e\000s}{subsection.12.47.5}% 442
\BOOKMARK [3][-]{subsubsection.12.47.5.2}{\376\377\0001\0002\000.\0004\0007\000.\0005\000.\0002\000\040\000T\000r\000a\000c\000e\000\040\000p\000r\000i\000o\000r\000i\000t\000i\000e\000s}{subsection.12.47.5}% 443
\BOOKMARK [3][-]{subsubsection.12.47.5.3}{\376\377\0001\0002\000.\0004\0007\000.\0005\000.\0003\000\040\000U\000s\000e\000f\000u\000l\000\040\000D\000i\000g\000i\000T\000r\000a\000c\000e\000\040\000f\000a\000c\000i\000l\000i\000t\000i\000e\000s}{subsection.12.47.5}% 444
\BOOKMARK [2][-]{subsection.12.47.6}{\376\377\0001\0002\000.\0004\0007\000.\0006\000\040\000B\000o\000n\000u\000s\000\040\000f\000e\000a\000t\000u\000r\000e\000s}{section.12.47}% 445
\BOOKMARK [3][-]{subsubsection.12.47.6.1}{\376\377\0001\0002\000.\0004\0007\000.\0006\000.\0001\000\040\000R\000e\000a\000l\000-\000t\000i\000m\000e\000\040\000A\000A\000E\000\040\000p\000e\000r\000f\000o\000r\000m\000a\000n\000c\000e\000\040\000l\000o\000g\000g\000i\000n\000g\000\040\000w\000i\000t\000h\000\040\000D\000i\000g\000i\000T\000r\000a\000c\000e}{subsection.12.47.6}% 446
\BOOKMARK [3][-]{subsubsection.12.47.6.2}{\376\377\0001\0002\000.\0004\0007\000.\0006\000.\0002\000\040\000A\000d\000d\000i\000n\000g\000\040\000s\000i\000g\000n\000p\000o\000s\000t\000s\000\040\000t\000o\000\040\000t\000h\000e\000\040\000D\000i\000g\000i\000T\000r\000a\000c\000e\000\040\000l\000o\000g\000\040\000a\000t\000\040\000r\000u\000n\000-\000t\000i\000m\000e}{subsection.12.47.6}% 447
\BOOKMARK [2][-]{subsection.12.47.7}{\376\377\0001\0002\000.\0004\0007\000.\0007\000\040\000A\000d\000d\000i\000n\000g\000\040\000t\000r\000a\000c\000e\000s\000\040\000t\000o\000\040\000a\000n\000\040\000A\000A\000X\000\040\000p\000l\000u\000g\000-\000i\000n}{section.12.47}% 448
\BOOKMARK [3][-]{subsubsection.12.47.7.1}{\376\377\0001\0002\000.\0004\0007\000.\0007\000.\0001\000\040\000B\000a\000s\000i\000c\000\040\000A\000A\000X\000\040\000l\000o\000g\000g\000i\000n\000g}{subsection.12.47.7}% 449
\BOOKMARK [3][-]{subsubsection.12.47.7.2}{\376\377\0001\0002\000.\0004\0007\000.\0007\000.\0002\000\040\000A\000d\000v\000a\000n\000c\000e\000d\000\040\000D\000i\000g\000i\000T\000r\000a\000c\000e\000\040\000l\000o\000g\000g\000i\000n\000g\000\040\000f\000e\000a\000t\000u\000r\000e\000s}{subsection.12.47.7}% 450
\BOOKMARK [3][-]{subsubsection.12.47.7.3}{\376\377\0001\0002\000.\0004\0007\000.\0007\000.\0003\000\040\000S\000e\000c\000u\000r\000i\000t\000y\000\040\000c\000o\000n\000c\000e\000r\000n\000s}{subsection.12.47.7}% 451
\BOOKMARK [2][-]{subsection.12.47.8}{\376\377\0001\0002\000.\0004\0007\000.\0008\000\040\000A\000d\000v\000a\000n\000c\000e\000d\000\040\000D\000i\000g\000i\000T\000r\000a\000c\000e\000\040\000c\000o\000n\000f\000i\000g\000u\000r\000a\000t\000i\000o\000n}{section.12.47}% 452
\BOOKMARK [3][-]{subsubsection.12.47.8.1}{\376\377\0001\0002\000.\0004\0007\000.\0008\000.\0001\000\040\000C\000o\000n\000f\000i\000g\000u\000r\000a\000t\000i\000o\000n\000\040\000c\000o\000m\000m\000a\000n\000d\000\040\000f\000o\000r\000m\000a\000t}{subsection.12.47.8}% 453
\BOOKMARK [3][-]{subsubsection.12.47.8.2}{\376\377\0001\0002\000.\0004\0007\000.\0008\000.\0002\000\040\000A\000d\000v\000a\000n\000c\000e\000d\000\040\000c\000o\000n\000f\000i\000g\000u\000r\000a\000t\000i\000o\000n\000\040\000c\000o\000m\000m\000a\000n\000d\000s}{subsection.12.47.8}% 454
\BOOKMARK [3][-]{subsubsection.12.47.8.3}{\376\377\0001\0002\000.\0004\0007\000.\0008\000.\0003\000\040\000D\000y\000n\000a\000m\000i\000c\000a\000l\000l\000y\000\040\000c\000h\000a\000n\000g\000i\000n\000g\000\040\000t\000h\000e\000\040\000D\000i\000g\000i\000T\000r\000a\000c\000e\000\040\000c\000o\000n\000f\000i\000g\000u\000r\000a\000t\000i\000o\000n}{subsection.12.47.8}% 455
\BOOKMARK [2][-]{subsection.12.47.9}{\376\377\0001\0002\000.\0004\0007\000.\0009\000\040\000C\000o\000m\000p\000a\000t\000i\000b\000i\000l\000i\000t\000y}{section.12.47}% 456
\BOOKMARK [2][-]{subsection.12.47.10}{\376\377\0001\0002\000.\0004\0007\000.\0001\0000\000\040\000A\000d\000d\000i\000t\000i\000o\000n\000a\000l\000\040\000I\000n\000f\000o\000r\000m\000a\000t\000i\000o\000n}{section.12.47}% 457
\BOOKMARK [3][-]{subsubsection.12.47.10.1}{\376\377\0001\0002\000.\0004\0007\000.\0001\0000\000.\0001\000\040\000C\000o\000n\000f\000i\000d\000e\000n\000t\000i\000a\000l\000i\000t\000y}{subsection.12.47.10}% 458
\BOOKMARK [1][-]{section.12.48}{\376\377\0001\0002\000.\0004\0008\000\040\000D\000S\000H\000\040\000G\000u\000i\000d\000e}{chapter.12}% 459
\BOOKMARK [2][-]{subsection.12.48.1}{\376\377\0001\0002\000.\0004\0008\000.\0001\000\040\000C\000o\000n\000t\000e\000n\000t\000s}{section.12.48}% 460
\BOOKMARK [2][-]{subsection.12.48.2}{\376\377\0001\0002\000.\0004\0008\000.\0002\000\040\000W\000h\000a\000t\000\040\000i\000s\000\040\000D\000S\000H\000\040\000a\000n\000d\000\040\000h\000o\000w\000\040\000i\000t\000\040\000w\000o\000r\000k\000s}{section.12.48}% 461
\BOOKMARK [2][-]{subsection.12.48.3}{\376\377\0001\0002\000.\0004\0008\000.\0003\000\040\000B\000a\000s\000i\000c\000\040\000s\000e\000t\000\040\000o\000f\000\040\000c\000o\000m\000m\000a\000n\000d\000s\000\040\000o\000f\000\040\000t\000h\000e\000\040\000D\000A\000E\000\040\000d\000i\000s\000h}{section.12.48}% 462
\BOOKMARK [3][-]{subsubsection.12.48.3.1}{\376\377\0001\0002\000.\0004\0008\000.\0003\000.\0001\000\040\000L\000o\000a\000d\000i\000n\000g\000\040\000p\000l\000u\000g\000-\000i\000n\000s\000\040\000i\000n\000\040\000D\000S\000H}{subsection.12.48.3}% 463
\BOOKMARK [3][-]{subsubsection.12.48.3.2}{\376\377\0001\0002\000.\0004\0008\000.\0003\000.\0002\000\040\000W\000o\000r\000k\000i\000n\000g\000\040\000w\000i\000t\000h\000\040\000H\000D\000X\000\040\000c\000a\000r\000d\000\040\000f\000r\000o\000m\000\040\000D\000S\000H}{subsection.12.48.3}% 464
\BOOKMARK [3][-]{subsubsection.12.48.3.3}{\376\377\0001\0002\000.\0004\0008\000.\0003\000.\0003\000\040\000D\000A\000E\000\040\000d\000i\000s\000h\000\040\000t\000i\000p\000s}{subsection.12.48.3}% 465
\BOOKMARK [2][-]{subsection.12.48.4}{\376\377\0001\0002\000.\0004\0008\000.\0004\000\040\000B\000a\000s\000i\000c\000\040\000p\000l\000u\000g\000-\000i\000n\000\040\000t\000e\000s\000t\000s}{section.12.48}% 466
\BOOKMARK [3][-]{subsubsection.12.48.4.1}{\376\377\0001\0002\000.\0004\0008\000.\0004\000.\0001\000\040\000C\000y\000c\000l\000e\000\040\000c\000o\000u\000n\000t\000\040\000p\000e\000r\000f\000o\000r\000m\000a\000n\000c\000e\000\040\000t\000e\000s\000t}{subsection.12.48.4}% 467
\BOOKMARK [3][-]{subsubsection.12.48.4.2}{\376\377\0001\0002\000.\0004\0008\000.\0004\000.\0002\000\040\000C\000a\000n\000c\000e\000l\000l\000a\000t\000i\000o\000n\000\040\000t\000e\000s\000t}{subsection.12.48.4}% 468
\BOOKMARK [2][-]{subsection.12.48.5}{\376\377\0001\0002\000.\0004\0008\000.\0005\000\040\000D\000e\000b\000u\000g\000g\000i\000n\000g\000\040\000a\000n\000d\000\040\000t\000r\000a\000c\000i\000n\000g\000\040\000i\000n\000\040\000D\000S\000H}{section.12.48}% 469
\BOOKMARK [2][-]{subsection.12.48.6}{\376\377\0001\0002\000.\0004\0008\000.\0006\000\040\000S\000c\000r\000i\000p\000t\000i\000n\000g\000\040\000i\000n\000t\000e\000r\000f\000a\000c\000e\000\040\000a\000n\000d\000\040\000b\000a\000t\000c\000h\000\040\000p\000r\000o\000f\000i\000l\000i\000n\000g}{section.12.48}% 470
\BOOKMARK [1][-]{section.12.49}{\376\377\0001\0002\000.\0004\0009\000\040\000D\000T\000T\000\040\000G\000u\000i\000d\000e}{chapter.12}% 471
\BOOKMARK [2][-]{subsection.12.49.1}{\376\377\0001\0002\000.\0004\0009\000.\0001\000\040\000C\000o\000n\000t\000e\000n\000t\000s}{section.12.49}% 472
\BOOKMARK [2][-]{subsection.12.49.2}{\376\377\0001\0002\000.\0004\0009\000.\0002\000\040\000W\000h\000a\000t\000\040\000i\000s\000\040\000D\000T\000T}{section.12.49}% 473
\BOOKMARK [2][-]{subsection.12.49.3}{\376\377\0001\0002\000.\0004\0009\000.\0003\000\040\000H\000o\000w\000\040\000t\000o\000\040\000r\000u\000n\000\040\000t\000e\000s\000t\000s\000\040\000a\000n\000d\000\040\000s\000u\000i\000t\000e\000s\000\040\000i\000n\000\040\000D\000T\000T}{section.12.49}% 474
\BOOKMARK [2][-]{subsection.12.49.4}{\376\377\0001\0002\000.\0004\0009\000.\0004\000\040\000W\000r\000i\000t\000i\000n\000g\000\040\000D\000T\000T\000\040\000s\000c\000r\000i\000p\000t\000s}{section.12.49}% 475
\BOOKMARK [3][-]{subsubsection.12.49.4.1}{\376\377\0001\0002\000.\0004\0009\000.\0004\000.\0001\000\040\000D\000e\000s\000c\000r\000i\000b\000i\000n\000g\000\040\000a\000n\000d\000\040\000u\000s\000i\000n\000g\000\040\000i\000n\000p\000u\000t\000\040\000a\000r\000g\000u\000m\000e\000n\000t\000s\000\040\000o\000f\000\040\000t\000h\000e\000\040\000s\000c\000r\000i\000p\000t}{subsection.12.49.4}% 476
\BOOKMARK [3][-]{subsubsection.12.49.4.2}{\376\377\0001\0002\000.\0004\0009\000.\0004\000.\0002\000\040\000W\000r\000i\000t\000i\000n\000g\000\040\000b\000o\000d\000y\000\040\000o\000f\000\040\000t\000h\000e\000\040\000s\000c\000r\000i\000p\000t}{subsection.12.49.4}% 477
\BOOKMARK [2][-]{subsection.12.49.5}{\376\377\0001\0002\000.\0004\0009\000.\0005\000\040\000L\000o\000g\000g\000i\000n\000g\000\040\000i\000n\000\040\000D\000T\000T\000\040\000a\000n\000d\000\040\000d\000e\000b\000u\000g\000g\000i\000n\000g\000\040\000D\000T\000T\000\040\000s\000c\000r\000i\000p\000t\000s}{section.12.49}% 478
\BOOKMARK [3][-]{subsubsection.12.49.5.1}{\376\377\0001\0002\000.\0004\0009\000.\0005\000.\0001\000\040\000I\000n\000t\000e\000r\000a\000c\000t\000i\000v\000e\000\040\000m\000o\000d\000e}{subsection.12.49.5}% 479
\BOOKMARK [2][-]{subsection.12.49.6}{\376\377\0001\0002\000.\0004\0009\000.\0006\000\040\000W\000o\000r\000k\000i\000n\000g\000\040\000w\000i\000t\000h\000\040\000D\000T\000T\000\040\000t\000e\000s\000t\000\040\000s\000u\000i\000t\000e\000s}{section.12.49}% 480
\BOOKMARK [3][-]{subsubsection.12.49.6.1}{\376\377\0001\0002\000.\0004\0009\000.\0006\000.\0001\000\040\000A\000u\000t\000o\000g\000e\000n\000e\000r\000a\000t\000i\000o\000n\000\040\000o\000f\000\040\000t\000h\000e\000\040\000s\000u\000i\000t\000e\000s}{subsection.12.49.6}% 481
\BOOKMARK [1][-]{section.12.50}{\376\377\0001\0002\000.\0005\0000\000\040\000E\000x\000t\000e\000n\000s\000i\000o\000n\000s}{chapter.12}% 482
\BOOKMARK [2][-]{subsection.12.50.1}{\376\377\0001\0002\000.\0005\0000\000.\0001\000\040\000\040}{section.12.50}% 483
\BOOKMARK [1][-]{section.12.51}{\376\377\0001\0002\000.\0005\0001\000\040\000G\000U\000I\000\040\000E\000x\000t\000e\000n\000s\000i\000o\000n\000s}{chapter.12}% 484
\BOOKMARK [2][-]{subsection.12.51.1}{\376\377\0001\0002\000.\0005\0001\000.\0001\000\040\000A\000b\000o\000u\000t\000\040\000t\000h\000e\000\040\000S\000D\000K\000\047\000s\000\040\000G\000U\000I\000\040\000E\000x\000t\000e\000n\000s\000i\000o\000n\000s}{section.12.51}% 485
\BOOKMARK [2][-]{subsection.12.51.2}{\376\377\0001\0002\000.\0005\0001\000.\0002\000\040\000N\000o\000t\000e\000s}{section.12.51}% 486
\BOOKMARK [1][-]{section.12.52}{\376\377\0001\0002\000.\0005\0002\000\040\000M\000o\000n\000o\000l\000i\000t\000h\000i\000c\000\040\000V\000I\000s\000\040\000a\000n\000d\000\040\000E\000f\000f\000e\000c\000t\000s}{chapter.12}% 487
\BOOKMARK [1][-]{section.12.53}{\376\377\0001\0002\000.\0005\0003\000\040\000O\000t\000h\000e\000r\000\040\000E\000x\000t\000e\000n\000s\000i\000o\000n\000s}{chapter.12}% 488
\BOOKMARK [2][-]{subsection.12.53.1}{\376\377\0001\0002\000.\0005\0003\000.\0001\000\040\000\040}{section.12.53}% 489
\BOOKMARK [2][-]{subsection.12.53.2}{\376\377\0001\0002\000.\0005\0003\000.\0002\000\040\000F\000u\000n\000c\000t\000i\000o\000n\000\040\000D\000o\000c\000u\000m\000e\000n\000t\000a\000t\000i\000o\000n}{section.12.53}% 490
\BOOKMARK [3][-]{subsubsection.12.53.2.1}{\376\377\0001\0002\000.\0005\0003\000.\0002\000.\0001\000\040\000A\000s\000S\000t\000r\000i\000n\000g\000M\000I\000D\000I\000S\000t\000r\000e\000a\000m\000\137\000D\000e\000b\000u\000g\000\050\000\051}{subsection.12.53.2}% 491
\BOOKMARK [3][-]{subsubsection.12.53.2.2}{\376\377\0001\0002\000.\0005\0003\000.\0002\000.\0002\000\040\000G\000e\000t\000P\000a\000t\000h\000T\000o\000P\000l\000u\000g\000I\000n\000B\000u\000n\000d\000l\000e\000\050\000\051}{subsection.12.53.2}% 492
\BOOKMARK [1][-]{section.12.54}{\376\377\0001\0002\000.\0005\0004\000\040\000S\000u\000p\000p\000l\000e\000m\000e\000n\000t\000a\000l\000\040\000I\000n\000f\000o\000r\000m\000a\000t\000i\000o\000n}{chapter.12}% 493
\BOOKMARK [2][-]{subsection.12.54.1}{\376\377\0001\0002\000.\0005\0004\000.\0001\000\040\000\040}{section.12.54}% 494
\BOOKMARK [1][-]{section.12.55}{\376\377\0001\0002\000.\0005\0005\000\040\000T\000r\000o\000u\000b\000l\000e\000s\000h\000o\000o\000t\000i\000n\000g}{chapter.12}% 495
\BOOKMARK [2][-]{subsection.12.55.1}{\376\377\0001\0002\000.\0005\0005\000.\0001\000\040\000C\000o\000n\000t\000e\000n\000t\000s}{section.12.55}% 496
\BOOKMARK [2][-]{subsection.12.55.2}{\376\377\0001\0002\000.\0005\0005\000.\0002\000\040\000P\000l\000u\000g\000-\000I\000n\000\040\000F\000a\000i\000l\000s\000\040\000t\000o\000\040\000L\000o\000a\000d\000\040\000i\000n\000\040\000S\000h\000i\000p\000p\000i\000n\000g\000\040\000P\000r\000o\000\040\000T\000o\000o\000l\000s}{section.12.55}% 497
\BOOKMARK [2][-]{subsection.12.55.3}{\376\377\0001\0002\000.\0005\0005\000.\0003\000\040\000P\000l\000u\000g\000-\000I\000n\000\040\000C\000a\000u\000s\000e\000s\000\040\000A\000u\000d\000i\000o\000\040\000S\000t\000r\000e\000a\000m\000i\000n\000g\000\040\000E\000r\000r\000o\000r\000s}{section.12.55}% 498
\BOOKMARK [1][-]{section.12.56}{\376\377\0001\0002\000.\0005\0006\000\040\000D\000i\000s\000t\000r\000i\000b\000u\000t\000i\000n\000g\000\040\000Y\000o\000u\000r\000\040\000A\000A\000X\000\040\000P\000l\000u\000g\000-\000I\000n}{chapter.12}% 499
\BOOKMARK [2][-]{subsection.12.56.1}{\376\377\0001\0002\000.\0005\0006\000.\0001\000\040\000C\000o\000n\000t\000e\000n\000t\000s}{section.12.56}% 500
\BOOKMARK [2][-]{subsection.12.56.2}{\376\377\0001\0002\000.\0005\0006\000.\0002\000\040\000T\000h\000e\000\040\000f\000i\000n\000i\000s\000h\000i\000n\000g\000\040\000t\000o\000u\000c\000h\000e\000s}{section.12.56}% 501
\BOOKMARK [3][-]{subsubsection.12.56.2.1}{\376\377\0001\0002\000.\0005\0006\000.\0002\000.\0001\000\040\000C\000h\000e\000c\000k\000\040\000a\000n\000d\000\040\000f\000i\000n\000a\000l\000i\000z\000e\000\040\000p\000a\000g\000e\000\040\000t\000a\000b\000l\000e\000s}{subsection.12.56.2}% 502
\BOOKMARK [3][-]{subsubsection.12.56.2.2}{\376\377\0001\0002\000.\0005\0006\000.\0002\000.\0002\000\040\000C\000r\000e\000a\000t\000e\000\040\000f\000a\000c\000t\000o\000r\000y\000\040\000p\000r\000e\000s\000e\000t\000s}{subsection.12.56.2}% 503
\BOOKMARK [3][-]{subsubsection.12.56.2.3}{\376\377\0001\0002\000.\0005\0006\000.\0002\000.\0003\000\040\000S\000i\000g\000n\000\040\000y\000o\000u\000r\000\040\000p\000l\000u\000g\000-\000i\000n}{subsection.12.56.2}% 504
\BOOKMARK [2][-]{subsection.12.56.3}{\376\377\0001\0002\000.\0005\0006\000.\0003\000\040\000B\000u\000i\000l\000d\000i\000n\000g\000\040\000y\000o\000u\000r\000\040\000p\000l\000u\000g\000-\000i\000n\000\040\000i\000n\000s\000t\000a\000l\000l\000e\000r}{section.12.56}% 505
\BOOKMARK [3][-]{subsubsection.12.56.3.1}{\376\377\0001\0002\000.\0005\0006\000.\0003\000.\0001\000\040\000I\000n\000s\000t\000a\000l\000l\000i\000n\000g\000\040\000T\000r\000a\000c\000k\000\040\000P\000r\000e\000s\000e\000t\000s}{subsection.12.56.3}% 506
\BOOKMARK [2][-]{subsection.12.56.4}{\376\377\0001\0002\000.\0005\0006\000.\0004\000\040\000T\000e\000s\000t\000i\000n\000g\000\040\000y\000o\000u\000r\000\040\000p\000l\000u\000g\000-\000i\000n}{section.12.56}% 507
\BOOKMARK [2][-]{subsection.12.56.5}{\376\377\0001\0002\000.\0005\0006\000.\0005\000\040\000S\000e\000l\000l\000i\000n\000g\000\040\000y\000o\000u\000r\000\040\000p\000l\000u\000g\000-\000i\000n}{section.12.56}% 508
\BOOKMARK [3][-]{subsubsection.12.56.5.1}{\376\377\0001\0002\000.\0005\0006\000.\0005\000.\0001\000\040\000A\000v\000i\000d\000\040\000M\000a\000r\000k\000e\000t\000p\000l\000a\000c\000e}{subsection.12.56.5}% 509
\BOOKMARK [3][-]{subsubsection.12.56.5.2}{\376\377\0001\0002\000.\0005\0006\000.\0005\000.\0002\000\040\000I\000n\000-\000A\000p\000p\000\040\000P\000u\000r\000c\000h\000a\000s\000e}{subsection.12.56.5}% 510
\BOOKMARK [1][-]{section.12.57}{\376\377\0001\0002\000.\0005\0007\000\040\000A\000A\000X\000\040\000I\000n\000t\000e\000r\000f\000a\000c\000e\000s}{chapter.12}% 511
\BOOKMARK [2][-]{subsubsection.12.57.0.1}{\376\377\0001\0002\000.\0005\0007\000.\0000\000.\0001\000\040\000I\000n\000t\000e\000r\000f\000a\000c\000e\000s\000\040\000I\000m\000p\000l\000e\000m\000e\000n\000t\000e\000d\000\040\000b\000y\000\040\000t\000h\000e\000\040\000A\000A\000X\000\040\000H\000o\000s\000t}{section.12.57}% 512
\BOOKMARK [3][-]{subsubsection.12.57.0.2}{\376\377\0001\0002\000.\0005\0007\000.\0000\000.\0002\000\040\000I\000n\000t\000e\000r\000f\000a\000c\000e\000s\000\040\000I\000m\000p\000l\000e\000m\000e\000n\000t\000e\000d\000\040\000b\000y\000\040\000t\000h\000e\000\040\000A\000A\000X\000\040\000P\000l\000u\000g\000-\000I\000n}{subsubsection.12.57.0.1}% 513
\BOOKMARK [3][-]{subsubsection.12.57.0.3}{\376\377\0001\0002\000.\0005\0007\000.\0000\000.\0003\000\040\000I\000n\000t\000e\000r\000f\000a\000c\000e\000s\000\040\000i\000n\000t\000e\000r\000n\000a\000l\000\040\000t\000o\000\040\000t\000h\000e\000\040\000A\000A\000X\000\040\000S\000D\000K}{subsubsection.12.57.0.1}% 514
\BOOKMARK [1][-]{section.12.58}{\376\377\0001\0002\000.\0005\0008\000\040\000H\000o\000s\000t\000\040\000S\000u\000p\000p\000o\000r\000t}{chapter.12}% 515
\BOOKMARK [2][-]{subsection.12.58.1}{\376\377\0001\0002\000.\0005\0008\000.\0001\000\040\000H\000o\000s\000t\000\040\000S\000u\000p\000p\000o\000r\000t}{section.12.58}% 516
\BOOKMARK [3][-]{subsubsection.12.58.1.1}{\376\377\0001\0002\000.\0005\0008\000.\0001\000.\0001\000\040\000P\000l\000a\000t\000f\000o\000r\000m\000\040\000S\000u\000p\000p\000o\000r\000t}{subsection.12.58.1}% 517
\BOOKMARK [3][-]{subsubsection.12.58.1.2}{\376\377\0001\0002\000.\0005\0008\000.\0001\000.\0002\000\040\000D\000e\000s\000c\000r\000i\000b\000e\000\040\000I\000n\000t\000e\000r\000f\000a\000c\000e\000s}{subsection.12.58.1}% 518
\BOOKMARK [3][-]{subsubsection.12.58.1.3}{\376\377\0001\0002\000.\0005\0008\000.\0001\000.\0003\000\040\000R\000u\000n\000-\000T\000i\000m\000e\000\040\000I\000n\000t\000e\000r\000f\000a\000c\000e\000s}{subsection.12.58.1}% 519
\BOOKMARK [3][-]{subsubsection.12.58.1.4}{\376\377\0001\0002\000.\0005\0008\000.\0001\000.\0004\000\040\000F\000e\000a\000t\000u\000r\000e\000s}{subsection.12.58.1}% 520
\BOOKMARK [2][-]{subsection.12.58.2}{\376\377\0001\0002\000.\0005\0008\000.\0002\000\040\000H\000o\000s\000t\000\040\000C\000o\000m\000p\000a\000t\000i\000b\000i\000l\000i\000t\000y\000\040\000N\000o\000t\000e\000s}{section.12.58}% 521
\BOOKMARK [1][-]{section.12.59}{\376\377\0001\0002\000.\0005\0009\000\040\000K\000n\000o\000w\000n\000\040\000I\000s\000s\000u\000e\000s}{chapter.12}% 522
\BOOKMARK [2][-]{subsection.12.59.1}{\376\377\0001\0002\000.\0005\0009\000.\0001\000\040\000C\000o\000n\000t\000e\000n\000t\000s}{section.12.59}% 523
\BOOKMARK [2][-]{subsection.12.59.2}{\376\377\0001\0002\000.\0005\0009\000.\0002\000\040\000K\000n\000o\000w\000n\000\040\000I\000s\000s\000u\000e\000s\000\040\000i\000n\000\040\000t\000h\000e\000\040\000A\000A\000X\000\040\000S\000D\000K}{section.12.59}% 524
\BOOKMARK [3][-]{subsubsection.12.59.2.1}{\376\377\0001\0002\000.\0005\0009\000.\0002\000.\0001\000\040\000A\000A\000X\000S\000D\000K\000-\0001\0000\0005\0002}{subsection.12.59.2}% 525
\BOOKMARK [3][-]{subsubsection.12.59.2.2}{\376\377\0001\0002\000.\0005\0009\000.\0002\000.\0002\000\040\000A\000A\000X\000S\000D\000K\000-\0001\0000\0003\0006}{subsection.12.59.2}% 526
\BOOKMARK [3][-]{subsubsection.12.59.2.3}{\376\377\0001\0002\000.\0005\0009\000.\0002\000.\0003\000\040\000A\000A\000X\000S\000D\000K\000-\0008\0009\0007}{subsection.12.59.2}% 527
\BOOKMARK [3][-]{subsubsection.12.59.2.4}{\376\377\0001\0002\000.\0005\0009\000.\0002\000.\0004\000\040\000A\000A\000X\000S\000D\000K\000-\0008\0005\0001}{subsection.12.59.2}% 528
\BOOKMARK [3][-]{subsubsection.12.59.2.5}{\376\377\0001\0002\000.\0005\0009\000.\0002\000.\0005\000\040\000A\000A\000X\000S\000D\000K\000-\0008\0003\0002}{subsection.12.59.2}% 529
\BOOKMARK [3][-]{subsubsection.12.59.2.6}{\376\377\0001\0002\000.\0005\0009\000.\0002\000.\0006\000\040\000A\000A\000X\000S\000D\000K\000-\0007\0000\0008}{subsection.12.59.2}% 530
\BOOKMARK [3][-]{subsubsection.12.59.2.7}{\376\377\0001\0002\000.\0005\0009\000.\0002\000.\0007\000\040\000A\000A\000X\000S\000D\000K\000-\0007\0000\0005}{subsection.12.59.2}% 531
\BOOKMARK [3][-]{subsubsection.12.59.2.8}{\376\377\0001\0002\000.\0005\0009\000.\0002\000.\0008\000\040\000A\000A\000X\000S\000D\000K\000-\0006\0006\0003}{subsection.12.59.2}% 532
\BOOKMARK [3][-]{subsubsection.12.59.2.9}{\376\377\0001\0002\000.\0005\0009\000.\0002\000.\0009\000\040\000A\000A\000X\000S\000D\000K\000-\0005\0009\0009}{subsection.12.59.2}% 533
\BOOKMARK [3][-]{subsubsection.12.59.2.10}{\376\377\0001\0002\000.\0005\0009\000.\0002\000.\0001\0000\000\040\000A\000A\000X\000-\0005\0007\0008\000\040\000/\000\040\000P\000T\000S\000W\000-\0001\0005\0008\0003\0001\0000}{subsection.12.59.2}% 534
\BOOKMARK [3][-]{subsubsection.12.59.2.11}{\376\377\0001\0002\000.\0005\0009\000.\0002\000.\0001\0001\000\040\000A\000A\000X\000-\0005\0008\0005\000\040\000/\000\040\000P\000T\000S\000W\000-\0001\0005\0007\0004\0005\0001}{subsection.12.59.2}% 535
\BOOKMARK [3][-]{subsubsection.12.59.2.12}{\376\377\0001\0002\000.\0005\0009\000.\0002\000.\0001\0002\000\040\000A\000A\000X\000-\0005\0008\0002\000\040\000/\000\040\000P\000T\000S\000W\000-\0001\0005\0007\0007\0002\0006}{subsection.12.59.2}% 536
\BOOKMARK [3][-]{subsubsection.12.59.2.13}{\376\377\0001\0002\000.\0005\0009\000.\0002\000.\0001\0003\000\040\000A\000A\000X\000S\000D\000K\000-\0005\0006\0001\000\040\000/\000\040\000P\000T\000-\0002\0003\0002\0001\0005\0009}{subsection.12.59.2}% 537
\BOOKMARK [3][-]{subsubsection.12.59.2.14}{\376\377\0001\0002\000.\0005\0009\000.\0002\000.\0001\0004\000\040\000A\000A\000X\000S\000D\000K\000-\0005\0003\0003}{subsection.12.59.2}% 538
\BOOKMARK [3][-]{subsubsection.12.59.2.15}{\376\377\0001\0002\000.\0005\0009\000.\0002\000.\0001\0005\000\040\000A\000A\000X\000S\000D\000K\000-\0005\0001\0004}{subsection.12.59.2}% 539
\BOOKMARK [3][-]{subsubsection.12.59.2.16}{\376\377\0001\0002\000.\0005\0009\000.\0002\000.\0001\0006\000\040\000A\000A\000X\000S\000D\000K\000-\0003\0002\0001}{subsection.12.59.2}% 540
\BOOKMARK [3][-]{subsubsection.12.59.2.17}{\376\377\0001\0002\000.\0005\0009\000.\0002\000.\0001\0007\000\040\000A\000A\000X\000S\000D\000K\000-\0002\0007\0001}{subsection.12.59.2}% 541
\BOOKMARK [3][-]{subsubsection.12.59.2.18}{\376\377\0001\0002\000.\0005\0009\000.\0002\000.\0001\0008\000\040\000A\000A\000X\000S\000D\000K\000-\0001\0008\0006}{subsection.12.59.2}% 542
\BOOKMARK [3][-]{subsubsection.12.59.2.19}{\376\377\0001\0002\000.\0005\0009\000.\0002\000.\0001\0009\000\040\000A\000A\000X\000S\000D\000K\000-\0001\0006\0002}{subsection.12.59.2}% 543
\BOOKMARK [3][-]{subsubsection.12.59.2.20}{\376\377\0001\0002\000.\0005\0009\000.\0002\000.\0002\0000\000\040\000A\000A\000X\000S\000D\000K\000-\0001\0006}{subsection.12.59.2}% 544
\BOOKMARK [3][-]{subsubsection.12.59.2.21}{\376\377\0001\0002\000.\0005\0009\000.\0002\000.\0002\0001\000\040\000A\000A\000X\000S\000D\000K\000-\0001\0004}{subsection.12.59.2}% 545
\BOOKMARK [3][-]{subsubsection.12.59.2.22}{\376\377\0001\0002\000.\0005\0009\000.\0002\000.\0002\0002\000\040\000A\000A\000X\000S\000D\000K\000-\0001\0003\000\040\000/\000\040\000A\000A\000X\000-\0005\0007\0009\000\040\000/\000\040\000P\000T\000S\000W\000-\0001\0005\0008\0003\0008\0001}{subsection.12.59.2}% 546
\BOOKMARK [3][-]{subsubsection.12.59.2.23}{\376\377\0001\0002\000.\0005\0009\000.\0002\000.\0002\0003\000\040\000A\000A\000X\000S\000D\000K\000-\0001\0001\000\040\000/\000\040\000A\000A\000X\000-\0005\0008\0001\000\040\000/\000\040\000P\000T\000S\000W\000-\0001\0005\0008\0003\0004\0008}{subsection.12.59.2}% 547
\BOOKMARK [3][-]{subsubsection.12.59.2.24}{\376\377\0001\0002\000.\0005\0009\000.\0002\000.\0002\0004\000\040\000A\000A\000X\000S\000D\000K\000-\0001\0000\000\040\000/\000\040\000A\000A\000X\000-\0005\0008\0000\000\040\000/\000\040\000P\000T\000S\000W\000-\0001\0005\0004\0000\0008\0003}{subsection.12.59.2}% 548
\BOOKMARK [3][-]{subsubsection.12.59.2.25}{\376\377\0001\0002\000.\0005\0009\000.\0002\000.\0002\0005\000\040\000A\000A\000X\000S\000D\000K\000-\0006\000\040\000/\000\040\000A\000A\000X\000-\0006\0004\0006}{subsection.12.59.2}% 549
\BOOKMARK [3][-]{subsubsection.12.59.2.26}{\376\377\0001\0002\000.\0005\0009\000.\0002\000.\0002\0006\000\040\000A\000A\000X\000S\000D\000K\000-\0005}{subsection.12.59.2}% 550
\BOOKMARK [3][-]{subsubsection.12.59.2.27}{\376\377\0001\0002\000.\0005\0009\000.\0002\000.\0002\0007\000\040\000A\000A\000X\000S\000D\000K\000-\0002\000\040\000/\000\040\000A\000A\000X\000-\0006\0004\0008}{subsection.12.59.2}% 551
\BOOKMARK [2][-]{subsection.12.59.3}{\376\377\0001\0002\000.\0005\0009\000.\0003\000\040\000K\000n\000o\000w\000n\000\040\000I\000s\000s\000u\000e\000s\000\040\000i\000n\000\040\000P\000r\000o\000\040\000T\000o\000o\000l\000s}{section.12.59}% 552
\BOOKMARK [3][-]{subsubsection.12.59.3.1}{\376\377\0001\0002\000.\0005\0009\000.\0003\000.\0001\000\040\000P\000T\000-\0003\0002\0005\0007\0008\0001}{subsection.12.59.3}% 553
\BOOKMARK [3][-]{subsubsection.12.59.3.2}{\376\377\0001\0002\000.\0005\0009\000.\0003\000.\0002\000\040\000P\000T\000-\0003\0002\0003\0009\0003\0006}{subsection.12.59.3}% 554
\BOOKMARK [3][-]{subsubsection.12.59.3.3}{\376\377\0001\0002\000.\0005\0009\000.\0003\000.\0003\000\040\000P\000T\000-\0003\0002\0002\0006\0000\0004}{subsection.12.59.3}% 555
\BOOKMARK [3][-]{subsubsection.12.59.3.4}{\376\377\0001\0002\000.\0005\0009\000.\0003\000.\0004\000\040\000P\000T\000-\0003\0002\0002\0005\0002\0006}{subsection.12.59.3}% 556
\BOOKMARK [3][-]{subsubsection.12.59.3.5}{\376\377\0001\0002\000.\0005\0009\000.\0003\000.\0005\000\040\000P\000T\000-\0003\0001\0007\0006\0004\0008}{subsection.12.59.3}% 557
\BOOKMARK [3][-]{subsubsection.12.59.3.6}{\376\377\0001\0002\000.\0005\0009\000.\0003\000.\0006\000\040\000P\000T\000-\0003\0001\0006\0001\0000\0001}{subsection.12.59.3}% 558
\BOOKMARK [3][-]{subsubsection.12.59.3.7}{\376\377\0001\0002\000.\0005\0009\000.\0003\000.\0007\000\040\000P\000T\000-\0003\0000\0007\0009\0008\0006}{subsection.12.59.3}% 559
\BOOKMARK [3][-]{subsubsection.12.59.3.8}{\376\377\0001\0002\000.\0005\0009\000.\0003\000.\0008\000\040\000P\000T\000-\0003\0000\0007\0007\0004\0006}{subsection.12.59.3}% 560
\BOOKMARK [3][-]{subsubsection.12.59.3.9}{\376\377\0001\0002\000.\0005\0009\000.\0003\000.\0009\000\040\000P\000T\000-\0003\0000\0007\0001\0009\0003}{subsection.12.59.3}% 561
\BOOKMARK [3][-]{subsubsection.12.59.3.10}{\376\377\0001\0002\000.\0005\0009\000.\0003\000.\0001\0000\000\040\000P\000T\000-\0003\0000\0006\0008\0006\0003}{subsection.12.59.3}% 562
\BOOKMARK [3][-]{subsubsection.12.59.3.11}{\376\377\0001\0002\000.\0005\0009\000.\0003\000.\0001\0001\000\040\000P\000T\000-\0003\0000\0005\0003\0005\0002}{subsection.12.59.3}% 563
\BOOKMARK [3][-]{subsubsection.12.59.3.12}{\376\377\0001\0002\000.\0005\0009\000.\0003\000.\0001\0002\000\040\000P\000T\000-\0003\0000\0003\0004\0008\0002}{subsection.12.59.3}% 564
\BOOKMARK [3][-]{subsubsection.12.59.3.13}{\376\377\0001\0002\000.\0005\0009\000.\0003\000.\0001\0003\000\040\000P\000T\000-\0002\0009\0009\0009\0000\0006}{subsection.12.59.3}% 565
\BOOKMARK [3][-]{subsubsection.12.59.3.14}{\376\377\0001\0002\000.\0005\0009\000.\0003\000.\0001\0004\000\040\000P\000T\000-\0002\0009\0007\0008\0000\0002}{subsection.12.59.3}% 566
\BOOKMARK [3][-]{subsubsection.12.59.3.15}{\376\377\0001\0002\000.\0005\0009\000.\0003\000.\0001\0005\000\040\000P\000T\000-\0002\0009\0000\0005\0008\0008}{subsection.12.59.3}% 567
\BOOKMARK [3][-]{subsubsection.12.59.3.16}{\376\377\0001\0002\000.\0005\0009\000.\0003\000.\0001\0006\000\040\000P\000T\000-\0002\0008\0004\0009\0001\0006}{subsection.12.59.3}% 568
\BOOKMARK [3][-]{subsubsection.12.59.3.17}{\376\377\0001\0002\000.\0005\0009\000.\0003\000.\0001\0007\000\040\000P\000T\000-\0002\0008\0002\0009\0004\0006}{subsection.12.59.3}% 569
\BOOKMARK [3][-]{subsubsection.12.59.3.18}{\376\377\0001\0002\000.\0005\0009\000.\0003\000.\0001\0008\000\040\000P\000T\000-\0002\0007\0008\0002\0008\0002}{subsection.12.59.3}% 570
\BOOKMARK [3][-]{subsubsection.12.59.3.19}{\376\377\0001\0002\000.\0005\0009\000.\0003\000.\0001\0009\000\040\000P\000T\000-\0002\0007\0006\0002\0008\0000}{subsection.12.59.3}% 571
\BOOKMARK [3][-]{subsubsection.12.59.3.20}{\376\377\0001\0002\000.\0005\0009\000.\0003\000.\0002\0000\000\040\000P\000T\000-\0002\0007\0004\0007\0001\0007}{subsection.12.59.3}% 572
\BOOKMARK [3][-]{subsubsection.12.59.3.21}{\376\377\0001\0002\000.\0005\0009\000.\0003\000.\0002\0001\000\040\000P\000T\000-\0002\0007\0001\0008\0003\0000}{subsection.12.59.3}% 573
\BOOKMARK [3][-]{subsubsection.12.59.3.22}{\376\377\0001\0002\000.\0005\0009\000.\0003\000.\0002\0002\000\040\000P\000T\000-\0002\0006\0005\0005\0003\0009}{subsection.12.59.3}% 574
\BOOKMARK [3][-]{subsubsection.12.59.3.23}{\376\377\0001\0002\000.\0005\0009\000.\0003\000.\0002\0003\000\040\000P\000T\000-\0002\0006\0003\0009\0000\0009}{subsection.12.59.3}% 575
\BOOKMARK [3][-]{subsubsection.12.59.3.24}{\376\377\0001\0002\000.\0005\0009\000.\0003\000.\0002\0004\000\040\000P\000T\000-\0002\0006\0003\0008\0005\0009}{subsection.12.59.3}% 576
\BOOKMARK [3][-]{subsubsection.12.59.3.25}{\376\377\0001\0002\000.\0005\0009\000.\0003\000.\0002\0005\000\040\000P\000T\000-\0002\0006\0001\0003\0009\0004}{subsection.12.59.3}% 577
\BOOKMARK [3][-]{subsubsection.12.59.3.26}{\376\377\0001\0002\000.\0005\0009\000.\0003\000.\0002\0006\000\040\000P\000T\000-\0002\0005\0008\0005\0006\0000\000\040\000/\000\040\000P\000T\000-\0002\0005\0006\0009\0001\0009}{subsection.12.59.3}% 578
\BOOKMARK [3][-]{subsubsection.12.59.3.27}{\376\377\0001\0002\000.\0005\0009\000.\0003\000.\0002\0007\000\040\000P\000T\000-\0002\0005\0008\0003\0009\0004}{subsection.12.59.3}% 579
\BOOKMARK [3][-]{subsubsection.12.59.3.28}{\376\377\0001\0002\000.\0005\0009\000.\0003\000.\0002\0008\000\040\000P\000T\000-\0002\0005\0007\0002\0001\0003}{subsection.12.59.3}% 580
\BOOKMARK [3][-]{subsubsection.12.59.3.29}{\376\377\0001\0002\000.\0005\0009\000.\0003\000.\0002\0009\000\040\000P\000T\000-\0002\0005\0006\0007\0000\0004}{subsection.12.59.3}% 581
\BOOKMARK [3][-]{subsubsection.12.59.3.30}{\376\377\0001\0002\000.\0005\0009\000.\0003\000.\0003\0000\000\040\000P\000T\000-\0002\0005\0005\0008\0000\0000}{subsection.12.59.3}% 582
\BOOKMARK [3][-]{subsubsection.12.59.3.31}{\376\377\0001\0002\000.\0005\0009\000.\0003\000.\0003\0001\000\040\000P\000T\000-\0002\0005\0005\0004\0000\0008}{subsection.12.59.3}% 583
\BOOKMARK [3][-]{subsubsection.12.59.3.32}{\376\377\0001\0002\000.\0005\0009\000.\0003\000.\0003\0002\000\040\000P\000T\000-\0002\0005\0004\0002\0000\0003}{subsection.12.59.3}% 584
\BOOKMARK [3][-]{subsubsection.12.59.3.33}{\376\377\0001\0002\000.\0005\0009\000.\0003\000.\0003\0003\000\040\000P\000T\000-\0002\0005\0004\0001\0001\0008\000\040\000/\000\040\000P\000T\000-\0002\0007\0005\0004\0004\0001\000\040\000/\000\040\000P\000T\000-\0002\0007\0009\0009\0004\0001}{subsection.12.59.3}% 585
\BOOKMARK [3][-]{subsubsection.12.59.3.34}{\376\377\0001\0002\000.\0005\0009\000.\0003\000.\0003\0004\000\040\000P\000T\000-\0002\0005\0004\0001\0000\0003}{subsection.12.59.3}% 586
\BOOKMARK [3][-]{subsubsection.12.59.3.35}{\376\377\0001\0002\000.\0005\0009\000.\0003\000.\0003\0005\000\040\000P\000T\000-\0002\0005\0000\0007\0005\0001}{subsection.12.59.3}% 587
\BOOKMARK [3][-]{subsubsection.12.59.3.36}{\376\377\0001\0002\000.\0005\0009\000.\0003\000.\0003\0006\000\040\000P\000T\000-\0002\0004\0009\0007\0009\0001}{subsection.12.59.3}% 588
\BOOKMARK [3][-]{subsubsection.12.59.3.37}{\376\377\0001\0002\000.\0005\0009\000.\0003\000.\0003\0007\000\040\000P\000T\000-\0002\0004\0009\0007\0009\0000}{subsection.12.59.3}% 589
\BOOKMARK [3][-]{subsubsection.12.59.3.38}{\376\377\0001\0002\000.\0005\0009\000.\0003\000.\0003\0008\000\040\000P\000T\000-\0002\0004\0008\0000\0000\0000}{subsection.12.59.3}% 590
\BOOKMARK [3][-]{subsubsection.12.59.3.39}{\376\377\0001\0002\000.\0005\0009\000.\0003\000.\0003\0009\000\040\000P\000T\000-\0002\0004\0005\0006\0009\0003\000\040\000/\000\040\000P\000T\000-\0002\0000\0000\0007\0005\0006}{subsection.12.59.3}% 591
\BOOKMARK [3][-]{subsubsection.12.59.3.40}{\376\377\0001\0002\000.\0005\0009\000.\0003\000.\0004\0000\000\040\000P\000T\000-\0002\0004\0003\0002\0001\0001}{subsection.12.59.3}% 592
\BOOKMARK [3][-]{subsubsection.12.59.3.41}{\376\377\0001\0002\000.\0005\0009\000.\0003\000.\0004\0001\000\040\000P\000T\000-\0002\0003\0007\0008\0005\0007}{subsection.12.59.3}% 593
\BOOKMARK [3][-]{subsubsection.12.59.3.42}{\376\377\0001\0002\000.\0005\0009\000.\0003\000.\0004\0002\000\040\000P\000T\000-\0002\0003\0006\0007\0005\0005}{subsection.12.59.3}% 594
\BOOKMARK [3][-]{subsubsection.12.59.3.43}{\376\377\0001\0002\000.\0005\0009\000.\0003\000.\0004\0003\000\040\000P\000T\000-\0002\0003\0005\0008\0003\0001}{subsection.12.59.3}% 595
\BOOKMARK [3][-]{subsubsection.12.59.3.44}{\376\377\0001\0002\000.\0005\0009\000.\0003\000.\0004\0004\000\040\000P\000T\000-\0002\0003\0005\0003\0003\0003}{subsection.12.59.3}% 596
\BOOKMARK [3][-]{subsubsection.12.59.3.45}{\376\377\0001\0002\000.\0005\0009\000.\0003\000.\0004\0005\000\040\000P\000T\000-\0002\0003\0004\0006\0008\0001}{subsection.12.59.3}% 597
\BOOKMARK [3][-]{subsubsection.12.59.3.46}{\376\377\0001\0002\000.\0005\0009\000.\0003\000.\0004\0006\000\040\000P\000T\000-\0002\0003\0003\0007\0002\0006}{subsection.12.59.3}% 598
\BOOKMARK [3][-]{subsubsection.12.59.3.47}{\376\377\0001\0002\000.\0005\0009\000.\0003\000.\0004\0007\000\040\000P\000T\000-\0002\0003\0003\0001\0007\0006}{subsection.12.59.3}% 599
\BOOKMARK [3][-]{subsubsection.12.59.3.48}{\376\377\0001\0002\000.\0005\0009\000.\0003\000.\0004\0008\000\040\000P\000T\000-\0002\0003\0002\0006\0007\0008\000\040\000/\000\040\000P\000T\000-\0002\0003\0006\0007\0005\0005}{subsection.12.59.3}% 600
\BOOKMARK [3][-]{subsubsection.12.59.3.49}{\376\377\0001\0002\000.\0005\0009\000.\0003\000.\0004\0009\000\040\000P\000T\000-\0002\0003\0002\0004\0000\0003}{subsection.12.59.3}% 601
\BOOKMARK [3][-]{subsubsection.12.59.3.50}{\376\377\0001\0002\000.\0005\0009\000.\0003\000.\0005\0000\000\040\000P\000T\000-\0002\0003\0002\0001\0005\0009}{subsection.12.59.3}% 602
\BOOKMARK [3][-]{subsubsection.12.59.3.51}{\376\377\0001\0002\000.\0005\0009\000.\0003\000.\0005\0001\000\040\000P\000T\000-\0002\0003\0000\0003\0002\0007}{subsection.12.59.3}% 603
\BOOKMARK [3][-]{subsubsection.12.59.3.52}{\376\377\0001\0002\000.\0005\0009\000.\0003\000.\0005\0002\000\040\000P\000T\000-\0002\0003\0000\0002\0009\0000}{subsection.12.59.3}% 604
\BOOKMARK [3][-]{subsubsection.12.59.3.53}{\376\377\0001\0002\000.\0005\0009\000.\0003\000.\0005\0003\000\040\000P\000T\000-\0002\0003\0000\0002\0008\0008}{subsection.12.59.3}% 605
\BOOKMARK [3][-]{subsubsection.12.59.3.54}{\376\377\0001\0002\000.\0005\0009\000.\0003\000.\0005\0004\000\040\000P\000T\000-\0002\0002\0009\0000\0002\0006}{subsection.12.59.3}% 606
\BOOKMARK [3][-]{subsubsection.12.59.3.55}{\376\377\0001\0002\000.\0005\0009\000.\0003\000.\0005\0005\000\040\000P\000T\000-\0002\0002\0007\0006\0005\0005}{subsection.12.59.3}% 607
\BOOKMARK [3][-]{subsubsection.12.59.3.56}{\376\377\0001\0002\000.\0005\0009\000.\0003\000.\0005\0006\000\040\000P\000T\000-\0002\0002\0007\0001\0007\0003}{subsection.12.59.3}% 608
\BOOKMARK [3][-]{subsubsection.12.59.3.57}{\376\377\0001\0002\000.\0005\0009\000.\0003\000.\0005\0007\000\040\000P\000T\000-\0002\0002\0006\0009\0005\0009}{subsection.12.59.3}% 609
\BOOKMARK [3][-]{subsubsection.12.59.3.58}{\376\377\0001\0002\000.\0005\0009\000.\0003\000.\0005\0008\000\040\000P\000T\000-\0002\0002\0006\0005\0005\0009}{subsection.12.59.3}% 610
\BOOKMARK [3][-]{subsubsection.12.59.3.59}{\376\377\0001\0002\000.\0005\0009\000.\0003\000.\0005\0009\000\040\000P\000T\000-\0002\0002\0005\0007\0006\0003}{subsection.12.59.3}% 611
\BOOKMARK [3][-]{subsubsection.12.59.3.60}{\376\377\0001\0002\000.\0005\0009\000.\0003\000.\0006\0000\000\040\000P\000T\000-\0002\0002\0005\0006\0003\0007}{subsection.12.59.3}% 612
\BOOKMARK [3][-]{subsubsection.12.59.3.61}{\376\377\0001\0002\000.\0005\0009\000.\0003\000.\0006\0001\000\040\000P\000T\000-\0002\0002\0003\0005\0008\0001}{subsection.12.59.3}% 613
\BOOKMARK [3][-]{subsubsection.12.59.3.62}{\376\377\0001\0002\000.\0005\0009\000.\0003\000.\0006\0002\000\040\000P\000T\000-\0002\0001\0008\0005\0004\0005}{subsection.12.59.3}% 614
\BOOKMARK [3][-]{subsubsection.12.59.3.63}{\376\377\0001\0002\000.\0005\0009\000.\0003\000.\0006\0003\000\040\000P\000T\000-\0002\0001\0008\0004\0008\0006}{subsection.12.59.3}% 615
\BOOKMARK [3][-]{subsubsection.12.59.3.64}{\376\377\0001\0002\000.\0005\0009\000.\0003\000.\0006\0004\000\040\000P\000T\000-\0002\0001\0000\0009\0000\0004\000\040\000/\000\040\000V\000S\000W\000-\0001\0004\0002\0001\0006}{subsection.12.59.3}% 616
\BOOKMARK [3][-]{subsubsection.12.59.3.65}{\376\377\0001\0002\000.\0005\0009\000.\0003\000.\0006\0005\000\040\000P\000T\000-\0002\0000\0006\0009\0009\0005}{subsection.12.59.3}% 617
\BOOKMARK [3][-]{subsubsection.12.59.3.66}{\376\377\0001\0002\000.\0005\0009\000.\0003\000.\0006\0006\000\040\000P\000T\000-\0002\0000\0006\0005\0004\0001}{subsection.12.59.3}% 618
\BOOKMARK [3][-]{subsubsection.12.59.3.67}{\376\377\0001\0002\000.\0005\0009\000.\0003\000.\0006\0007\000\040\000P\000T\000-\0002\0000\0006\0001\0006\0001}{subsection.12.59.3}% 619
\BOOKMARK [3][-]{subsubsection.12.59.3.68}{\376\377\0001\0002\000.\0005\0009\000.\0003\000.\0006\0008\000\040\000P\000T\000-\0002\0000\0005\0006\0001\0000}{subsection.12.59.3}% 620
\BOOKMARK [3][-]{subsubsection.12.59.3.69}{\376\377\0001\0002\000.\0005\0009\000.\0003\000.\0006\0009\000\040\000P\000T\000-\0002\0000\0003\0004\0002\0000}{subsection.12.59.3}% 621
\BOOKMARK [3][-]{subsubsection.12.59.3.70}{\376\377\0001\0002\000.\0005\0009\000.\0003\000.\0007\0000\000\040\000P\000T\000-\0002\0000\0002\0003\0004\0005}{subsection.12.59.3}% 622
\BOOKMARK [3][-]{subsubsection.12.59.3.71}{\376\377\0001\0002\000.\0005\0009\000.\0003\000.\0007\0001\000\040\000P\000T\000S\000W\000-\0002\0000\0000\0004\0003\0007\000\040\000/\000\040\000P\000T\000S\000W\000-\0001\0009\0007\0005\0009\0008}{subsection.12.59.3}% 623
\BOOKMARK [3][-]{subsubsection.12.59.3.72}{\376\377\0001\0002\000.\0005\0009\000.\0003\000.\0007\0002\000\040\000P\000T\000S\000W\000-\0001\0009\0007\0006\0005\0001\000\040\000/\000\040\000P\000T\000-\0002\0001\0008\0004\0000\0005}{subsection.12.59.3}% 624
\BOOKMARK [3][-]{subsubsection.12.59.3.73}{\376\377\0001\0002\000.\0005\0009\000.\0003\000.\0007\0003\000\040\000P\000T\000S\000W\000-\0001\0009\0007\0006\0000\0001\000\040\000/\000\040\000P\000T\000-\0002\0001\0008\0004\0005\0009}{subsection.12.59.3}% 625
\BOOKMARK [3][-]{subsubsection.12.59.3.74}{\376\377\0001\0002\000.\0005\0009\000.\0003\000.\0007\0004\000\040\000P\000T\000S\000W\000-\0001\0009\0007\0005\0009\0003\000\040\000/\000\040\000P\000T\000-\0002\0001\0008\0004\0008\0000}{subsection.12.59.3}% 626
\BOOKMARK [3][-]{subsubsection.12.59.3.75}{\376\377\0001\0002\000.\0005\0009\000.\0003\000.\0007\0005\000\040\000P\000T\000S\000W\000-\0001\0009\0007\0005\0004\0000}{subsection.12.59.3}% 627
\BOOKMARK [3][-]{subsubsection.12.59.3.76}{\376\377\0001\0002\000.\0005\0009\000.\0003\000.\0007\0006\000\040\000P\000T\000S\000W\000-\0001\0009\0007\0004\0007\0002}{subsection.12.59.3}% 628
\BOOKMARK [3][-]{subsubsection.12.59.3.77}{\376\377\0001\0002\000.\0005\0009\000.\0003\000.\0007\0007\000\040\000P\000T\000S\000W\000-\0001\0009\0007\0004\0007\0001}{subsection.12.59.3}% 629
\BOOKMARK [3][-]{subsubsection.12.59.3.78}{\376\377\0001\0002\000.\0005\0009\000.\0003\000.\0007\0008\000\040\000P\000T\000S\000W\000-\0001\0009\0007\0004\0006\0008\000\040\000/\000\040\000P\000T\000-\0002\0001\0008\0004\0006\0000}{subsection.12.59.3}% 630
\BOOKMARK [3][-]{subsubsection.12.59.3.79}{\376\377\0001\0002\000.\0005\0009\000.\0003\000.\0007\0009\000\040\000P\000T\000S\000W\000-\0001\0009\0007\0004\0003\0001\000\040\000/\000\040\000P\000T\000-\0002\0001\0008\0004\0001\0004}{subsection.12.59.3}% 631
\BOOKMARK [3][-]{subsubsection.12.59.3.80}{\376\377\0001\0002\000.\0005\0009\000.\0003\000.\0008\0000\000\040\000P\000T\000S\000W\000-\0001\0009\0007\0000\0007\0005}{subsection.12.59.3}% 632
\BOOKMARK [3][-]{subsubsection.12.59.3.81}{\376\377\0001\0002\000.\0005\0009\000.\0003\000.\0008\0001\000\040\000P\000T\000S\000W\000-\0001\0009\0006\0007\0007\0002\000\040\000/\000\040\000P\000T\000-\0002\0001\0008\0004\0002\0003}{subsection.12.59.3}% 633
\BOOKMARK [3][-]{subsubsection.12.59.3.82}{\376\377\0001\0002\000.\0005\0009\000.\0003\000.\0008\0002\000\040\000P\000T\000S\000W\000-\0001\0009\0006\0006\0000\0004}{subsection.12.59.3}% 634
\BOOKMARK [3][-]{subsubsection.12.59.3.83}{\376\377\0001\0002\000.\0005\0009\000.\0003\000.\0008\0003\000\040\000P\000T\000S\000W\000-\0001\0009\0006\0004\0002\0008\000\040\000/\000\040\000P\000T\000-\0002\0001\0008\0004\0008\0008}{subsection.12.59.3}% 635
\BOOKMARK [3][-]{subsubsection.12.59.3.84}{\376\377\0001\0002\000.\0005\0009\000.\0003\000.\0008\0004\000\040\000P\000T\000S\000W\000-\0001\0009\0005\0003\0001\0006\000\040\000/\000\040\000P\000T\000-\0002\0001\0008\0004\0008\0005}{subsection.12.59.3}% 636
\BOOKMARK [3][-]{subsubsection.12.59.3.85}{\376\377\0001\0002\000.\0005\0009\000.\0003\000.\0008\0005\000\040\000P\000T\000S\000W\000-\0001\0009\0005\0002\0005\0007}{subsection.12.59.3}% 637
\BOOKMARK [3][-]{subsubsection.12.59.3.86}{\376\377\0001\0002\000.\0005\0009\000.\0003\000.\0008\0006\000\040\000P\000T\000S\000W\000-\0001\0009\0005\0002\0005\0006\000\040\000/\000\040\000P\000T\000-\0002\0001\0008\0004\0002\0009}{subsection.12.59.3}% 638
\BOOKMARK [3][-]{subsubsection.12.59.3.87}{\376\377\0001\0002\000.\0005\0009\000.\0003\000.\0008\0007\000\040\000P\000T\000S\000W\000-\0001\0009\0005\0002\0000\0009\000\040\000/\000\040\000P\000T\000-\0002\0001\0008\0004\0007\0004}{subsection.12.59.3}% 639
\BOOKMARK [3][-]{subsubsection.12.59.3.88}{\376\377\0001\0002\000.\0005\0009\000.\0003\000.\0008\0008\000\040\000P\000T\000S\000W\000-\0001\0009\0005\0001\0001\0003}{subsection.12.59.3}% 640
\BOOKMARK [3][-]{subsubsection.12.59.3.89}{\376\377\0001\0002\000.\0005\0009\000.\0003\000.\0008\0009\000\040\000P\000T\000S\000W\000-\0001\0009\0004\0006\0009\0008\000\040\000/\000\040\000P\000T\000-\0002\0001\0008\0004\0007\0008}{subsection.12.59.3}% 641
\BOOKMARK [3][-]{subsubsection.12.59.3.90}{\376\377\0001\0002\000.\0005\0009\000.\0003\000.\0009\0000\000\040\000P\000T\000S\000W\000-\0001\0009\0004\0002\0003\0001\000\040\000/\000\040\000P\000T\000-\0002\0001\0008\0004\0003\0004}{subsection.12.59.3}% 642
\BOOKMARK [3][-]{subsubsection.12.59.3.91}{\376\377\0001\0002\000.\0005\0009\000.\0003\000.\0009\0001\000\040\000P\000T\000S\000W\000-\0001\0009\0003\0006\0004\0006}{subsection.12.59.3}% 643
\BOOKMARK [3][-]{subsubsection.12.59.3.92}{\376\377\0001\0002\000.\0005\0009\000.\0003\000.\0009\0002\000\040\000P\000T\000S\000W\000-\0001\0009\0003\0004\0000\0000}{subsection.12.59.3}% 644
\BOOKMARK [3][-]{subsubsection.12.59.3.93}{\376\377\0001\0002\000.\0005\0009\000.\0003\000.\0009\0003\000\040\000P\000T\000S\000W\000-\0001\0009\0003\0003\0004\0005}{subsection.12.59.3}% 645
\BOOKMARK [3][-]{subsubsection.12.59.3.94}{\376\377\0001\0002\000.\0005\0009\000.\0003\000.\0009\0004\000\040\000P\000T\000S\000W\000-\0001\0009\0003\0003\0003\0009}{subsection.12.59.3}% 646
\BOOKMARK [3][-]{subsubsection.12.59.3.95}{\376\377\0001\0002\000.\0005\0009\000.\0003\000.\0009\0005\000\040\000P\000T\000S\000W\000-\0001\0009\0003\0000\0005\0001}{subsection.12.59.3}% 647
\BOOKMARK [3][-]{subsubsection.12.59.3.96}{\376\377\0001\0002\000.\0005\0009\000.\0003\000.\0009\0006\000\040\000P\000T\000S\000W\000-\0001\0009\0002\0008\0006\0003\000\040\000/\000\040\000P\000T\000-\0002\0001\0008\0004\0009\0008}{subsection.12.59.3}% 648
\BOOKMARK [3][-]{subsubsection.12.59.3.97}{\376\377\0001\0002\000.\0005\0009\000.\0003\000.\0009\0007\000\040\000P\000T\000S\000W\000-\0001\0009\0002\0007\0005\0005}{subsection.12.59.3}% 649
\BOOKMARK [3][-]{subsubsection.12.59.3.98}{\376\377\0001\0002\000.\0005\0009\000.\0003\000.\0009\0008\000\040\000P\000T\000S\000W\000-\0001\0009\0002\0007\0002\0000\000\040\000/\000\040\000P\000T\000-\0002\0001\0008\0004\0006\0007}{subsection.12.59.3}% 650
\BOOKMARK [3][-]{subsubsection.12.59.3.99}{\376\377\0001\0002\000.\0005\0009\000.\0003\000.\0009\0009\000\040\000P\000T\000S\000W\000-\0001\0009\0002\0006\0003\0005}{subsection.12.59.3}% 651
\BOOKMARK [3][-]{subsubsection.12.59.3.100}{\376\377\0001\0002\000.\0005\0009\000.\0003\000.\0001\0000\0000\000\040\000P\000T\000S\000W\000-\0001\0009\0002\0004\0005\0006\000\040\000/\000\040\000P\000T\000-\0002\0001\0008\0004\0009\0000}{subsection.12.59.3}% 652
\BOOKMARK [3][-]{subsubsection.12.59.3.101}{\376\377\0001\0002\000.\0005\0009\000.\0003\000.\0001\0000\0001\000\040\000P\000T\000S\000W\000-\0001\0009\0002\0002\0005\0001\000\040\000/\000\040\000P\000T\000-\0002\0001\0008\0003\0009\0004}{subsection.12.59.3}% 653
\BOOKMARK [3][-]{subsubsection.12.59.3.102}{\376\377\0001\0002\000.\0005\0009\000.\0003\000.\0001\0000\0002\000\040\000P\000T\000S\000W\000-\0001\0009\0002\0000\0008\0006\000\040\000/\000\040\000P\000T\000-\0002\0001\0008\0004\0006\0005}{subsection.12.59.3}% 654
\BOOKMARK [3][-]{subsubsection.12.59.3.103}{\376\377\0001\0002\000.\0005\0009\000.\0003\000.\0001\0000\0003\000\040\000P\000T\000S\000W\000-\0001\0009\0001\0008\0007\0005}{subsection.12.59.3}% 655
\BOOKMARK [3][-]{subsubsection.12.59.3.104}{\376\377\0001\0002\000.\0005\0009\000.\0003\000.\0001\0000\0004\000\040\000P\000T\000S\000W\000-\0001\0009\0001\0004\0004\0006\000\040\000/\000\040\000P\000T\000-\0002\0001\0008\0006\0000\0000}{subsection.12.59.3}% 656
\BOOKMARK [3][-]{subsubsection.12.59.3.105}{\376\377\0001\0002\000.\0005\0009\000.\0003\000.\0001\0000\0005\000\040\000P\000T\000S\000W\000-\0001\0009\0001\0003\0001\0007\000\040\000/\000\040\000P\000T\000-\0002\0001\0008\0004\0002\0005}{subsection.12.59.3}% 657
\BOOKMARK [3][-]{subsubsection.12.59.3.106}{\376\377\0001\0002\000.\0005\0009\000.\0003\000.\0001\0000\0006\000\040\000P\000T\000S\000W\000-\0001\0009\0001\0001\0003\0009}{subsection.12.59.3}% 658
\BOOKMARK [3][-]{subsubsection.12.59.3.107}{\376\377\0001\0002\000.\0005\0009\000.\0003\000.\0001\0000\0007\000\040\000P\000T\000S\000W\000-\0001\0009\0000\0007\0002\0002}{subsection.12.59.3}% 659
\BOOKMARK [3][-]{subsubsection.12.59.3.108}{\376\377\0001\0002\000.\0005\0009\000.\0003\000.\0001\0000\0008\000\040\000P\000T\000S\000W\000-\0001\0009\0000\0007\0001\0009}{subsection.12.59.3}% 660
\BOOKMARK [3][-]{subsubsection.12.59.3.109}{\376\377\0001\0002\000.\0005\0009\000.\0003\000.\0001\0000\0009\000\040\000P\000T\000S\000W\000-\0001\0009\0000\0003\0004\0000}{subsection.12.59.3}% 661
\BOOKMARK [3][-]{subsubsection.12.59.3.110}{\376\377\0001\0002\000.\0005\0009\000.\0003\000.\0001\0001\0000\000\040\000P\000T\000S\000W\000-\0001\0008\0009\0009\0002\0008\000\040\000/\000\040\000P\000T\000-\0002\0001\0008\0004\0005\0006}{subsection.12.59.3}% 662
\BOOKMARK [3][-]{subsubsection.12.59.3.111}{\376\377\0001\0002\000.\0005\0009\000.\0003\000.\0001\0001\0001\000\040\000P\000T\000S\000W\000-\0001\0008\0009\0007\0003\0008\000\040\000/\000\040\000P\000T\000-\0002\0001\0008\0004\0009\0004}{subsection.12.59.3}% 663
\BOOKMARK [3][-]{subsubsection.12.59.3.112}{\376\377\0001\0002\000.\0005\0009\000.\0003\000.\0001\0001\0002\000\040\000P\000T\000S\000W\000-\0001\0008\0009\0007\0002\0005\000\040\000/\000\040\000P\000T\000-\0002\0001\0008\0003\0009\0007}{subsection.12.59.3}% 664
\BOOKMARK [3][-]{subsubsection.12.59.3.113}{\376\377\0001\0002\000.\0005\0009\000.\0003\000.\0001\0001\0003\000\040\000P\000T\000S\000W\000-\0001\0008\0009\0004\0003\0009\000\040\000/\000\040\000P\000T\000-\0002\0001\0008\0004\0002\0007}{subsection.12.59.3}% 665
\BOOKMARK [3][-]{subsubsection.12.59.3.114}{\376\377\0001\0002\000.\0005\0009\000.\0003\000.\0001\0001\0004\000\040\000P\000T\000S\000W\000-\0001\0008\0009\0002\0007\0009}{subsection.12.59.3}% 666
\BOOKMARK [3][-]{subsubsection.12.59.3.115}{\376\377\0001\0002\000.\0005\0009\000.\0003\000.\0001\0001\0005\000\040\000P\000T\000S\000W\000-\0001\0008\0008\0008\0003\0006\000\040\000/\000\040\000P\000T\000-\0002\0001\0008\0004\0002\0008}{subsection.12.59.3}% 667
\BOOKMARK [3][-]{subsubsection.12.59.3.116}{\376\377\0001\0002\000.\0005\0009\000.\0003\000.\0001\0001\0006\000\040\000P\000T\000S\000W\000-\0001\0008\0008\0008\0003\0000}{subsection.12.59.3}% 668
\BOOKMARK [3][-]{subsubsection.12.59.3.117}{\376\377\0001\0002\000.\0005\0009\000.\0003\000.\0001\0001\0007\000\040\000P\000T\000S\000W\000-\0001\0008\0008\0006\0005\0003\000\040\000/\000\040\000P\000T\000-\0002\0001\0008\0004\0005\0001}{subsection.12.59.3}% 669
\BOOKMARK [3][-]{subsubsection.12.59.3.118}{\376\377\0001\0002\000.\0005\0009\000.\0003\000.\0001\0001\0008\000\040\000P\000T\000S\000W\000-\0001\0008\0008\0001\0006\0001}{subsection.12.59.3}% 670
\BOOKMARK [3][-]{subsubsection.12.59.3.119}{\376\377\0001\0002\000.\0005\0009\000.\0003\000.\0001\0001\0009\000\040\000P\000T\000S\000W\000-\0001\0008\0007\0006\0007\0000}{subsection.12.59.3}% 671
\BOOKMARK [3][-]{subsubsection.12.59.3.120}{\376\377\0001\0002\000.\0005\0009\000.\0003\000.\0001\0002\0000\000\040\000P\000T\000S\000W\000-\0001\0008\0007\0002\0002\0000\000\040\000/\000\040\000P\000T\000-\0002\0001\0008\0005\0008\0004}{subsection.12.59.3}% 672
\BOOKMARK [3][-]{subsubsection.12.59.3.121}{\376\377\0001\0002\000.\0005\0009\000.\0003\000.\0001\0002\0001\000\040\000P\000T\000S\000W\000-\0001\0008\0007\0002\0001\0006\000\040\000/\000\040\000P\000T\000-\0002\0001\0008\0004\0009\0001}{subsection.12.59.3}% 673
\BOOKMARK [3][-]{subsubsection.12.59.3.122}{\376\377\0001\0002\000.\0005\0009\000.\0003\000.\0001\0002\0002\000\040\000P\000T\000S\000W\000-\0001\0008\0007\0001\0005\0009}{subsection.12.59.3}% 674
\BOOKMARK [3][-]{subsubsection.12.59.3.123}{\376\377\0001\0002\000.\0005\0009\000.\0003\000.\0001\0002\0003\000\040\000P\000T\000S\000W\000-\0001\0008\0007\0000\0006\0006\000\040\000/\000\040\000P\000T\000-\0002\0001\0008\0003\0009\0001}{subsection.12.59.3}% 675
\BOOKMARK [3][-]{subsubsection.12.59.3.124}{\376\377\0001\0002\000.\0005\0009\000.\0003\000.\0001\0002\0004\000\040\000P\000T\000S\000W\000-\0001\0008\0006\0008\0006\0004}{subsection.12.59.3}% 676
\BOOKMARK [3][-]{subsubsection.12.59.3.125}{\376\377\0001\0002\000.\0005\0009\000.\0003\000.\0001\0002\0005\000\040\000P\000T\000S\000W\000-\0001\0008\0006\0007\0002\0005}{subsection.12.59.3}% 677
\BOOKMARK [3][-]{subsubsection.12.59.3.126}{\376\377\0001\0002\000.\0005\0009\000.\0003\000.\0001\0002\0006\000\040\000P\000T\000S\000W\000-\0001\0008\0006\0006\0002\0007}{subsection.12.59.3}% 678
\BOOKMARK [3][-]{subsubsection.12.59.3.127}{\376\377\0001\0002\000.\0005\0009\000.\0003\000.\0001\0002\0007\000\040\000P\000T\000S\000W\000-\0001\0008\0006\0002\0005\0003}{subsection.12.59.3}% 679
\BOOKMARK [3][-]{subsubsection.12.59.3.128}{\376\377\0001\0002\000.\0005\0009\000.\0003\000.\0001\0002\0008\000\040\000P\000T\000S\000W\000-\0001\0008\0006\0001\0008\0009}{subsection.12.59.3}% 680
\BOOKMARK [3][-]{subsubsection.12.59.3.129}{\376\377\0001\0002\000.\0005\0009\000.\0003\000.\0001\0002\0009\000\040\000P\000T\000S\000W\000-\0001\0008\0006\0001\0008\0002}{subsection.12.59.3}% 681
\BOOKMARK [3][-]{subsubsection.12.59.3.130}{\376\377\0001\0002\000.\0005\0009\000.\0003\000.\0001\0003\0000\000\040\000P\000T\000S\000W\000-\0001\0008\0005\0008\0006\0008\000\040\000/\000\040\000P\000T\000-\0002\0001\0008\0004\0003\0009}{subsection.12.59.3}% 682
\BOOKMARK [3][-]{subsubsection.12.59.3.131}{\376\377\0001\0002\000.\0005\0009\000.\0003\000.\0001\0003\0001\000\040\000P\000T\000S\000W\000-\0001\0008\0005\0008\0006\0007\000\040\000/\000\040\000P\000T\000-\0002\0001\0008\0004\0007\0000}{subsection.12.59.3}% 683
\BOOKMARK [3][-]{subsubsection.12.59.3.132}{\376\377\0001\0002\000.\0005\0009\000.\0003\000.\0001\0003\0002\000\040\000P\000T\000S\000W\000-\0001\0008\0005\0008\0006\0006}{subsection.12.59.3}% 684
\BOOKMARK [3][-]{subsubsection.12.59.3.133}{\376\377\0001\0002\000.\0005\0009\000.\0003\000.\0001\0003\0003\000\040\000P\000T\000S\000W\000-\0001\0008\0005\0008\0002\0005\000\040\000/\000\040\000P\000T\000-\0002\0001\0008\0004\0006\0004}{subsection.12.59.3}% 685
\BOOKMARK [3][-]{subsubsection.12.59.3.134}{\376\377\0001\0002\000.\0005\0009\000.\0003\000.\0001\0003\0004\000\040\000P\000T\000S\000W\000-\0001\0008\0005\0005\0003\0007}{subsection.12.59.3}% 686
\BOOKMARK [3][-]{subsubsection.12.59.3.135}{\376\377\0001\0002\000.\0005\0009\000.\0003\000.\0001\0003\0005\000\040\000P\000T\000S\000W\000-\0001\0008\0005\0004\0008\0004}{subsection.12.59.3}% 687
\BOOKMARK [3][-]{subsubsection.12.59.3.136}{\376\377\0001\0002\000.\0005\0009\000.\0003\000.\0001\0003\0006\000\040\000P\000T\000S\000W\000-\0001\0008\0005\0004\0008\0003}{subsection.12.59.3}% 688
\BOOKMARK [3][-]{subsubsection.12.59.3.137}{\376\377\0001\0002\000.\0005\0009\000.\0003\000.\0001\0003\0007\000\040\000P\000T\000S\000W\000-\0001\0008\0005\0004\0006\0002}{subsection.12.59.3}% 689
\BOOKMARK [3][-]{subsubsection.12.59.3.138}{\376\377\0001\0002\000.\0005\0009\000.\0003\000.\0001\0003\0008\000\040\000P\000T\000S\000W\000-\0001\0008\0005\0003\0004\0003}{subsection.12.59.3}% 690
\BOOKMARK [3][-]{subsubsection.12.59.3.139}{\376\377\0001\0002\000.\0005\0009\000.\0003\000.\0001\0003\0009\000\040\000P\000T\000S\000W\000-\0001\0008\0005\0003\0004\0001}{subsection.12.59.3}% 691
\BOOKMARK [3][-]{subsubsection.12.59.3.140}{\376\377\0001\0002\000.\0005\0009\000.\0003\000.\0001\0004\0000\000\040\000P\000T\000S\000W\000-\0001\0008\0004\0007\0007\0007\000\040\000/\000\040\000P\000T\000-\0002\0001\0008\0004\0008\0003}{subsection.12.59.3}% 692
\BOOKMARK [3][-]{subsubsection.12.59.3.141}{\376\377\0001\0002\000.\0005\0009\000.\0003\000.\0001\0004\0001\000\040\000P\000T\000S\000W\000-\0001\0008\0004\0007\0007\0000}{subsection.12.59.3}% 693
\BOOKMARK [3][-]{subsubsection.12.59.3.142}{\376\377\0001\0002\000.\0005\0009\000.\0003\000.\0001\0004\0002\000\040\000P\000T\000S\000W\000-\0001\0008\0004\0006\0008\0002}{subsection.12.59.3}% 694
\BOOKMARK [3][-]{subsubsection.12.59.3.143}{\376\377\0001\0002\000.\0005\0009\000.\0003\000.\0001\0004\0003\000\040\000P\000T\000S\000W\000-\0001\0008\0004\0006\0004\0002\000\040\000/\000\040\000P\000T\000-\0002\0001\0008\0006\0002\0007}{subsection.12.59.3}% 695
\BOOKMARK [3][-]{subsubsection.12.59.3.144}{\376\377\0001\0002\000.\0005\0009\000.\0003\000.\0001\0004\0004\000\040\000P\000T\000S\000W\000-\0001\0008\0004\0006\0001\0009\000\040\000/\000\040\000P\000T\000-\0002\0001\0008\0004\0007\0003\000\040\000/\000\040\000A\000A\000X\000-\0006\0000\0000}{subsection.12.59.3}% 696
\BOOKMARK [3][-]{subsubsection.12.59.3.145}{\376\377\0001\0002\000.\0005\0009\000.\0003\000.\0001\0004\0005\000\040\000P\000T\000S\000W\000-\0001\0008\0004\0005\0004\0001}{subsection.12.59.3}% 697
\BOOKMARK [3][-]{subsubsection.12.59.3.146}{\376\377\0001\0002\000.\0005\0009\000.\0003\000.\0001\0004\0006\000\040\000P\000T\000S\000W\000-\0001\0008\0003\0009\0000\0002\000\040\000/\000\040\000P\000T\000-\0002\0001\0008\0004\0007\0009}{subsection.12.59.3}% 698
\BOOKMARK [3][-]{subsubsection.12.59.3.147}{\376\377\0001\0002\000.\0005\0009\000.\0003\000.\0001\0004\0007\000\040\000P\000T\000S\000W\000-\0001\0008\0003\0008\0004\0008\000\040\000/\000\040\000P\000T\000-\0002\0001\0008\0003\0009\0000}{subsection.12.59.3}% 699
\BOOKMARK [3][-]{subsubsection.12.59.3.148}{\376\377\0001\0002\000.\0005\0009\000.\0003\000.\0001\0004\0008\000\040\000P\000T\000S\000W\000-\0001\0008\0003\0008\0004\0001}{subsection.12.59.3}% 700
\BOOKMARK [3][-]{subsubsection.12.59.3.149}{\376\377\0001\0002\000.\0005\0009\000.\0003\000.\0001\0004\0009\000\040\000P\000T\000S\000W\000-\0001\0008\0003\0007\0003\0001}{subsection.12.59.3}% 701
\BOOKMARK [3][-]{subsubsection.12.59.3.150}{\376\377\0001\0002\000.\0005\0009\000.\0003\000.\0001\0005\0000\000\040\000P\000T\000S\000W\000-\0001\0008\0003\0007\0000\0008}{subsection.12.59.3}% 702
\BOOKMARK [3][-]{subsubsection.12.59.3.151}{\376\377\0001\0002\000.\0005\0009\000.\0003\000.\0001\0005\0001\000\040\000P\000T\000S\000W\000-\0001\0006\0008\0002\0002\0002}{subsection.12.59.3}% 703
\BOOKMARK [3][-]{subsubsection.12.59.3.152}{\376\377\0001\0002\000.\0005\0009\000.\0003\000.\0001\0005\0002\000\040\000P\000T\000S\000W\000-\0001\0006\0005\0009\0009\0002}{subsection.12.59.3}% 704
\BOOKMARK [3][-]{subsubsection.12.59.3.153}{\376\377\0001\0002\000.\0005\0009\000.\0003\000.\0001\0005\0003\000\040\000P\000T\000S\000W\000-\0001\0006\0003\0007\0003\0009}{subsection.12.59.3}% 705
\BOOKMARK [3][-]{subsubsection.12.59.3.154}{\376\377\0001\0002\000.\0005\0009\000.\0003\000.\0001\0005\0004\000\040\000P\000T\000S\000W\000-\0001\0006\0001\0006\0007\0004}{subsection.12.59.3}% 706
\BOOKMARK [3][-]{subsubsection.12.59.3.155}{\376\377\0001\0002\000.\0005\0009\000.\0003\000.\0001\0005\0005\000\040\000P\000T\000S\000W\000-\0001\0006\0000\0007\0007\0008}{subsection.12.59.3}% 707
\BOOKMARK [3][-]{subsubsection.12.59.3.156}{\376\377\0001\0002\000.\0005\0009\000.\0003\000.\0001\0005\0006\000\040\000P\000T\000S\000W\000-\0001\0006\0000\0006\0002\0000}{subsection.12.59.3}% 708
\BOOKMARK [3][-]{subsubsection.12.59.3.157}{\376\377\0001\0002\000.\0005\0009\000.\0003\000.\0001\0005\0007\000\040\000P\000T\000S\000W\000-\0001\0005\0009\0007\0000\0002}{subsection.12.59.3}% 709
\BOOKMARK [3][-]{subsubsection.12.59.3.158}{\376\377\0001\0002\000.\0005\0009\000.\0003\000.\0001\0005\0008\000\040\000P\000T\000S\000W\000-\0001\0005\0009\0007\0000\0000}{subsection.12.59.3}% 710
\BOOKMARK [3][-]{subsubsection.12.59.3.159}{\376\377\0001\0002\000.\0005\0009\000.\0003\000.\0001\0005\0009\000\040\000P\000T\000S\000W\000-\0001\0005\0009\0005\0002\0004}{subsection.12.59.3}% 711
\BOOKMARK [3][-]{subsubsection.12.59.3.160}{\376\377\0001\0002\000.\0005\0009\000.\0003\000.\0001\0006\0000\000\040\000P\000T\000S\000W\000-\0001\0005\0008\0001\0001\0009}{subsection.12.59.3}% 712
\BOOKMARK [3][-]{subsubsection.12.59.3.161}{\376\377\0001\0002\000.\0005\0009\000.\0003\000.\0001\0006\0001\000\040\000P\000T\000S\000W\000-\0001\0005\0007\0007\0004\0005}{subsection.12.59.3}% 713
\BOOKMARK [3][-]{subsubsection.12.59.3.162}{\376\377\0001\0002\000.\0005\0009\000.\0003\000.\0001\0006\0002\000\040\000P\000T\000S\000W\000-\0001\0005\0007\0005\0001\0008}{subsection.12.59.3}% 714
\BOOKMARK [3][-]{subsubsection.12.59.3.163}{\376\377\0001\0002\000.\0005\0009\000.\0003\000.\0001\0006\0003\000\040\000P\000T\000S\000W\000-\0001\0005\0007\0000\0001\0002}{subsection.12.59.3}% 715
\BOOKMARK [3][-]{subsubsection.12.59.3.164}{\376\377\0001\0002\000.\0005\0009\000.\0003\000.\0001\0006\0004\000\040\000P\000T\000S\000W\000-\0001\0005\0006\0003\0001\0000}{subsection.12.59.3}% 716
\BOOKMARK [3][-]{subsubsection.12.59.3.165}{\376\377\0001\0002\000.\0005\0009\000.\0003\000.\0001\0006\0005\000\040\000P\000T\000S\000W\000-\0001\0005\0006\0002\0008\0006}{subsection.12.59.3}% 717
\BOOKMARK [3][-]{subsubsection.12.59.3.166}{\376\377\0001\0002\000.\0005\0009\000.\0003\000.\0001\0006\0006\000\040\000P\000T\000S\000W\000-\0001\0005\0006\0002\0001\0006}{subsection.12.59.3}% 718
\BOOKMARK [3][-]{subsubsection.12.59.3.167}{\376\377\0001\0002\000.\0005\0009\000.\0003\000.\0001\0006\0007\000\040\000P\000T\000S\000W\000-\0001\0005\0006\0001\0009\0005}{subsection.12.59.3}% 719
\BOOKMARK [3][-]{subsubsection.12.59.3.168}{\376\377\0001\0002\000.\0005\0009\000.\0003\000.\0001\0006\0008\000\040\000P\000T\000S\000W\000-\0001\0005\0006\0000\0003\0005}{subsection.12.59.3}% 720
\BOOKMARK [3][-]{subsubsection.12.59.3.169}{\376\377\0001\0002\000.\0005\0009\000.\0003\000.\0001\0006\0009\000\040\000P\000T\000S\000W\000-\0001\0005\0005\0003\0000\0000\000\040\000/\000\040\000P\000T\000-\0002\0001\0008\0004\0005\0008}{subsection.12.59.3}% 721
\BOOKMARK [3][-]{subsubsection.12.59.3.170}{\376\377\0001\0002\000.\0005\0009\000.\0003\000.\0001\0007\0000\000\040\000P\000T\000S\000W\000-\0001\0005\0005\0001\0007\0007}{subsection.12.59.3}% 722
\BOOKMARK [3][-]{subsubsection.12.59.3.171}{\376\377\0001\0002\000.\0005\0009\000.\0003\000.\0001\0007\0001\000\040\000P\000T\000S\000W\000-\0001\0005\0004\0003\0006\0001}{subsection.12.59.3}% 723
\BOOKMARK [3][-]{subsubsection.12.59.3.172}{\376\377\0001\0002\000.\0005\0009\000.\0003\000.\0001\0007\0002\000\040\000P\000T\000S\000W\000-\0001\0005\0003\0001\0004\0000}{subsection.12.59.3}% 724
\BOOKMARK [3][-]{subsubsection.12.59.3.173}{\376\377\0001\0002\000.\0005\0009\000.\0003\000.\0001\0007\0003\000\040\000P\000T\000S\000W\000-\0001\0005\0000\0000\0004\0007}{subsection.12.59.3}% 725
\BOOKMARK [3][-]{subsubsection.12.59.3.174}{\376\377\0001\0002\000.\0005\0009\000.\0003\000.\0001\0007\0004\000\040\000P\000T\000S\000W\000-\0001\0004\0009\0008\0008\0000}{subsection.12.59.3}% 726
\BOOKMARK [3][-]{subsubsection.12.59.3.175}{\376\377\0001\0002\000.\0005\0009\000.\0003\000.\0001\0007\0005\000\040\000P\000T\000S\000W\000-\0001\0004\0009\0008\0001\0009}{subsection.12.59.3}% 727
\BOOKMARK [3][-]{subsubsection.12.59.3.176}{\376\377\0001\0002\000.\0005\0009\000.\0003\000.\0001\0007\0006\000\040\000P\000T\000S\000W\000-\0001\0003\0005\0005\0003\0006\000\040\000/\000\040\000P\000T\000-\0002\0001\0008\0004\0001\0002}{subsection.12.59.3}% 728
\BOOKMARK [3][-]{subsubsection.12.59.3.177}{\376\377\0001\0002\000.\0005\0009\000.\0003\000.\0001\0007\0007\000\040\000P\000T\000S\000W\000-\0003\0000\0002\0000\000\040\000/\000\040\000P\000T\000-\0002\0001\0008\0004\0006\0003}{subsection.12.59.3}% 729
\BOOKMARK [3][-]{subsubsection.12.59.3.178}{\376\377\0001\0002\000.\0005\0009\000.\0003\000.\0001\0007\0008\000\040\000A\000A\000X\000-\0006\0008\0006}{subsection.12.59.3}% 730
\BOOKMARK [3][-]{subsubsection.12.59.3.179}{\376\377\0001\0002\000.\0005\0009\000.\0003\000.\0001\0007\0009\000\040\000A\000A\000X\000-\0005\0008\0003\000\040\000/\000\040\000P\000T\000S\000W\000-\0001\0005\0007\0007\0004\0003}{subsection.12.59.3}% 731
\BOOKMARK [2][-]{subsection.12.59.4}{\376\377\0001\0002\000.\0005\0009\000.\0004\000\040\000K\000n\000o\000w\000n\000\040\000I\000s\000s\000u\000e\000s\000\040\000i\000n\000\040\000V\000e\000n\000u\000e\000\040\000L\000i\000v\000e\000\040\000S\000o\000u\000n\000d\000\040\000S\000y\000s\000t\000e\000m\000s}{section.12.59}% 732
\BOOKMARK [3][-]{subsubsection.12.59.4.1}{\376\377\0001\0002\000.\0005\0009\000.\0004\000.\0001\000\040\000V\000S\000W\000-\0001\0003\0008\0005\0007}{subsection.12.59.4}% 733
\BOOKMARK [3][-]{subsubsection.12.59.4.2}{\376\377\0001\0002\000.\0005\0009\000.\0004\000.\0002\000\040\000V\000S\000W\000-\0001\0003\0002\0009\0002}{subsection.12.59.4}% 734
\BOOKMARK [3][-]{subsubsection.12.59.4.3}{\376\377\0001\0002\000.\0005\0009\000.\0004\000.\0003\000\040\000O\000t\000h\000e\000r\000\040\000K\000n\000o\000w\000n\000\040\000I\000s\000s\000u\000e\000s}{subsection.12.59.4}% 735
\BOOKMARK [2][-]{subsection.12.59.5}{\376\377\0001\0002\000.\0005\0009\000.\0005\000\040\000K\000n\000o\000w\000n\000\040\000I\000s\000s\000u\000e\000s\000\040\000i\000n\000\040\000M\000e\000d\000i\000a\000\040\000C\000o\000m\000p\000o\000s\000e\000r}{section.12.59}% 736
\BOOKMARK [3][-]{subsubsection.12.59.5.1}{\376\377\0001\0002\000.\0005\0009\000.\0005\000.\0001\000\040\000M\000C\000D\000E\000V\000-\0002\0009\0000\0004}{subsection.12.59.5}% 737
\BOOKMARK [2][-]{subsection.12.59.6}{\376\377\0001\0002\000.\0005\0009\000.\0006\000\040\000K\000n\000o\000w\000n\000\040\000I\000s\000s\000u\000e\000s\000\040\000i\000n\000\040\000C\000o\000n\000t\000r\000o\000l\000\040\000S\000u\000r\000f\000a\000c\000e\000s}{section.12.59}% 738
\BOOKMARK [3][-]{subsubsection.12.59.6.1}{\376\377\0001\0002\000.\0005\0009\000.\0006\000.\0001\000\040\000P\000T\000-\0002\0008\0005\0003\0008\0003}{subsection.12.59.6}% 739
\BOOKMARK [3][-]{subsubsection.12.59.6.2}{\376\377\0001\0002\000.\0005\0009\000.\0006\000.\0002\000\040\000P\000T\000-\0002\0002\0006\0002\0002\0008}{subsection.12.59.6}% 740
\BOOKMARK [3][-]{subsubsection.12.59.6.3}{\376\377\0001\0002\000.\0005\0009\000.\0006\000.\0003\000\040\000P\000T\000-\0002\0002\0006\0002\0002\0007}{subsection.12.59.6}% 741
\BOOKMARK [3][-]{subsubsection.12.59.6.4}{\376\377\0001\0002\000.\0005\0009\000.\0006\000.\0004\000\040\000G\000W\000S\000W\000-\0001\0006\0006\0005\0006}{subsection.12.59.6}% 742
\BOOKMARK [3][-]{subsubsection.12.59.6.5}{\376\377\0001\0002\000.\0005\0009\000.\0006\000.\0005\000\040\000G\000W\000S\000W\000-\0008\0004\0007\0000}{subsection.12.59.6}% 743
\BOOKMARK [3][-]{subsubsection.12.59.6.6}{\376\377\0001\0002\000.\0005\0009\000.\0006\000.\0006\000\040\000G\000W\000S\000W\000-\0006\0006\0009\0004}{subsection.12.59.6}% 744
\BOOKMARK [2][-]{subsection.12.59.7}{\376\377\0001\0002\000.\0005\0009\000.\0007\000\040\000K\000n\000o\000w\000n\000\040\000I\000s\000s\000u\000e\000s\000\040\000i\000n\000\040\000O\000t\000h\000e\000r\000\040\000S\000o\000f\000t\000w\000a\000r\000e}{section.12.59}% 745
\BOOKMARK [3][-]{subsubsection.12.59.7.1}{\376\377\0001\0002\000.\0005\0009\000.\0007\000.\0001\000\040\000X\000P\000A\000C\000E\000-\0002\0003}{subsection.12.59.7}% 746
\BOOKMARK [2][-]{subsection.12.59.8}{\376\377\0001\0002\000.\0005\0009\000.\0008\000\040\000K\000n\000o\000w\000n\000\040\000I\000s\000s\000u\000e\000s\000\040\000i\000n\000\040\000A\000A\000X\000\040\000T\000o\000o\000l\000s}{section.12.59}% 747
\BOOKMARK [3][-]{subsubsection.12.59.8.1}{\376\377\0001\0002\000.\0005\0009\000.\0008\000.\0001\000\040\000A\000A\000X\000T\000O\000O\000L\000-\0001\0003\0004\0004}{subsection.12.59.8}% 748
\BOOKMARK [3][-]{subsubsection.12.59.8.2}{\376\377\0001\0002\000.\0005\0009\000.\0008\000.\0002\000\040\000P\000T\000-\0002\0001\0008\0005\0009\0007}{subsection.12.59.8}% 749
\BOOKMARK [3][-]{subsubsection.12.59.8.3}{\376\377\0001\0002\000.\0005\0009\000.\0008\000.\0003\000\040\000A\000d\000d\000i\000t\000i\000o\000n\000a\000l\000\040\000I\000n\000f\000o\000r\000m\000a\000t\000i\000o\000n}{subsection.12.59.8}% 750
\BOOKMARK [1][-]{section.12.60}{\376\377\0001\0002\000.\0006\0000\000\040\000C\000h\000a\000n\000g\000e\000\040\000L\000o\000g}{chapter.12}% 751
\BOOKMARK [2][-]{subsection.12.60.1}{\376\377\0001\0002\000.\0006\0000\000.\0001\000\040\000C\000h\000a\000n\000g\000e\000\040\000L\000o\000g}{section.12.60}% 752
\BOOKMARK [3][-]{subsubsection.12.60.1.1}{\376\377\0001\0002\000.\0006\0000\000.\0001\000.\0001\000\040\000A\000A\000X\000\040\000S\000D\000K\000\040\0002\000.\0008\000.\0001}{subsection.12.60.1}% 753
\BOOKMARK [3][-]{subsubsection.12.60.1.2}{\376\377\0001\0002\000.\0006\0000\000.\0001\000.\0002\000\040\000A\000A\000X\000\040\000S\000D\000K\000\040\0002\000.\0008\000.\0000}{subsection.12.60.1}% 754
\BOOKMARK [3][-]{subsubsection.12.60.1.3}{\376\377\0001\0002\000.\0006\0000\000.\0001\000.\0003\000\040\000A\000A\000X\000\040\000S\000D\000K\000\040\0002\000.\0007\000.\0000}{subsection.12.60.1}% 755
\BOOKMARK [3][-]{subsubsection.12.60.1.4}{\376\377\0001\0002\000.\0006\0000\000.\0001\000.\0004\000\040\000A\000A\000X\000\040\000S\000D\000K\000\040\0002\000.\0006\000.\0001}{subsection.12.60.1}% 756
\BOOKMARK [3][-]{subsubsection.12.60.1.5}{\376\377\0001\0002\000.\0006\0000\000.\0001\000.\0005\000\040\000A\000A\000X\000\040\000S\000D\000K\000\040\0002\000.\0006\000.\0000}{subsection.12.60.1}% 757
\BOOKMARK [3][-]{subsubsection.12.60.1.6}{\376\377\0001\0002\000.\0006\0000\000.\0001\000.\0006\000\040\000A\000A\000X\000\040\000S\000D\000K\000\040\0002\000.\0005\000.\0001}{subsection.12.60.1}% 758
\BOOKMARK [3][-]{subsubsection.12.60.1.7}{\376\377\0001\0002\000.\0006\0000\000.\0001\000.\0007\000\040\000A\000A\000X\000\040\000S\000D\000K\000\040\0002\000.\0005\000.\0000}{subsection.12.60.1}% 759
\BOOKMARK [3][-]{subsubsection.12.60.1.8}{\376\377\0001\0002\000.\0006\0000\000.\0001\000.\0008\000\040\000A\000A\000X\000\040\000S\000D\000K\000\040\0002\000.\0004\000.\0001}{subsection.12.60.1}% 760
\BOOKMARK [3][-]{subsubsection.12.60.1.9}{\376\377\0001\0002\000.\0006\0000\000.\0001\000.\0009\000\040\000A\000A\000X\000\040\000S\000D\000K\000\040\0002\000.\0004\000.\0000}{subsection.12.60.1}% 761
\BOOKMARK [3][-]{subsubsection.12.60.1.10}{\376\377\0001\0002\000.\0006\0000\000.\0001\000.\0001\0000\000\040\000A\000A\000X\000\040\000S\000D\000K\000\040\0002\000.\0003\000.\0002}{subsection.12.60.1}% 762
\BOOKMARK [3][-]{subsubsection.12.60.1.11}{\376\377\0001\0002\000.\0006\0000\000.\0001\000.\0001\0001\000\040\000A\000A\000X\000\040\000S\000D\000K\000\040\0002\000.\0003\000.\0001}{subsection.12.60.1}% 763
\BOOKMARK [3][-]{subsubsection.12.60.1.12}{\376\377\0001\0002\000.\0006\0000\000.\0001\000.\0001\0002\000\040\000A\000A\000X\000\040\000S\000D\000K\000\040\0002\000.\0003\000.\0000}{subsection.12.60.1}% 764
\BOOKMARK [3][-]{subsubsection.12.60.1.13}{\376\377\0001\0002\000.\0006\0000\000.\0001\000.\0001\0003\000\040\000A\000A\000X\000\040\000S\000D\000K\000\040\0002\000.\0002\000.\0002}{subsection.12.60.1}% 765
\BOOKMARK [3][-]{subsubsection.12.60.1.14}{\376\377\0001\0002\000.\0006\0000\000.\0001\000.\0001\0004\000\040\000A\000A\000X\000\040\000S\000D\000K\000\040\0002\000.\0002\000.\0001}{subsection.12.60.1}% 766
\BOOKMARK [3][-]{subsubsection.12.60.1.15}{\376\377\0001\0002\000.\0006\0000\000.\0001\000.\0001\0005\000\040\000A\000A\000X\000\040\000S\000D\000K\000\040\0002\000.\0002\000.\0000}{subsection.12.60.1}% 767
\BOOKMARK [3][-]{subsubsection.12.60.1.16}{\376\377\0001\0002\000.\0006\0000\000.\0001\000.\0001\0006\000\040\000A\000A\000X\000\040\000S\000D\000K\000\040\0002\000.\0001\000.\0001}{subsection.12.60.1}% 768
\BOOKMARK [3][-]{subsubsection.12.60.1.17}{\376\377\0001\0002\000.\0006\0000\000.\0001\000.\0001\0007\000\040\000A\000A\000X\000\040\000S\000D\000K\000\040\0002\000.\0001\000.\0000}{subsection.12.60.1}% 769
\BOOKMARK [3][-]{subsubsection.12.60.1.18}{\376\377\0001\0002\000.\0006\0000\000.\0001\000.\0001\0008\000\040\000A\000A\000X\000\040\000S\000D\000K\000\040\0002\000.\0000\000.\0001}{subsection.12.60.1}% 770
\BOOKMARK [3][-]{subsubsection.12.60.1.19}{\376\377\0001\0002\000.\0006\0000\000.\0001\000.\0001\0009\000\040\000A\000A\000X\000\040\000S\000D\000K\000\040\0002\000.\0000\000.\0000}{subsection.12.60.1}% 771
\BOOKMARK [3][-]{subsubsection.12.60.1.20}{\376\377\0001\0002\000.\0006\0000\000.\0001\000.\0002\0000\000\040\000A\000A\000X\000\040\000S\000D\000K\000\040\0001\000.\0005\000.\0000}{subsection.12.60.1}% 772
\BOOKMARK [3][-]{subsubsection.12.60.1.21}{\376\377\0001\0002\000.\0006\0000\000.\0001\000.\0002\0001\000\040\000A\000A\000X\000\040\000S\000D\000K\000\040\0001\000.\0000\000.\0006}{subsection.12.60.1}% 773
\BOOKMARK [3][-]{subsubsection.12.60.1.22}{\376\377\0001\0002\000.\0006\0000\000.\0001\000.\0002\0002\000\040\000A\000A\000X\000\040\000S\000D\000K\000\040\0001\000.\0000\000.\0005}{subsection.12.60.1}% 774
\BOOKMARK [3][-]{subsubsection.12.60.1.23}{\376\377\0001\0002\000.\0006\0000\000.\0001\000.\0002\0003\000\040\000A\000A\000X\000\040\000S\000D\000K\000\040\0001\000.\0000\000.\0004}{subsection.12.60.1}% 775
\BOOKMARK [3][-]{subsubsection.12.60.1.24}{\376\377\0001\0002\000.\0006\0000\000.\0001\000.\0002\0004\000\040\000A\000A\000X\000\040\000S\000D\000K\000\040\0001\000.\0000\000.\0003}{subsection.12.60.1}% 776
\BOOKMARK [3][-]{subsubsection.12.60.1.25}{\376\377\0001\0002\000.\0006\0000\000.\0001\000.\0002\0005\000\040\000A\000A\000X\000\040\000S\000D\000K\000\040\0001\000.\0000\000.\0002}{subsection.12.60.1}% 777
\BOOKMARK [1][-]{section.12.61}{\376\377\0001\0002\000.\0006\0001\000\040\000E\000x\000a\000m\000p\000l\000e\000\040\000P\000l\000u\000g\000-\000I\000n\000s}{chapter.12}% 778
\BOOKMARK [2][-]{subsection.12.61.1}{\376\377\0001\0002\000.\0006\0001\000.\0001\000\040\000S\000D\000K\000\040\000E\000x\000a\000m\000p\000l\000e\000\040\000p\000l\000u\000g\000-\000i\000n\000s}{section.12.61}% 779
\BOOKMARK [3][-]{subsubsection.12.61.1.1}{\376\377\0001\0002\000.\0006\0001\000.\0001\000.\0001\000\040\000B\000a\000s\000i\000c\000\040\000e\000x\000a\000m\000p\000l\000e\000s}{subsection.12.61.1}% 780
\BOOKMARK [3][-]{subsubsection.12.61.1.2}{\376\377\0001\0002\000.\0006\0001\000.\0001\000.\0002\000\040\000F\000e\000a\000t\000u\000r\000e\000\040\000e\000x\000a\000m\000p\000l\000e\000s}{subsection.12.61.1}% 781
\BOOKMARK [3][-]{subsubsection.12.61.1.3}{\376\377\0001\0002\000.\0006\0001\000.\0001\000.\0003\000\040\000D\000e\000p\000r\000e\000c\000a\000t\000e\000d\000\040\000E\000x\000a\000m\000p\000l\000e\000s}{subsection.12.61.1}% 782
\BOOKMARK [1][-]{section.12.62}{\376\377\0001\0002\000.\0006\0002\000\040\000V\000E\000N\000U\000E\000\040\000G\000u\000i\000d\000e}{chapter.12}% 783
\BOOKMARK [2][-]{subsection.12.62.1}{\376\377\0001\0002\000.\0006\0002\000.\0001\000\040\000C\000o\000n\000t\000e\000n\000t\000s}{section.12.62}% 784
\BOOKMARK [2][-]{subsection.12.62.2}{\376\377\0001\0002\000.\0006\0002\000.\0002\000\040\000A\000b\000o\000u\000t\000\040\000t\000h\000i\000s\000\040\000d\000o\000c\000u\000m\000e\000n\000t}{section.12.62}% 785
\BOOKMARK [2][-]{subsection.12.62.3}{\376\377\0001\0002\000.\0006\0002\000.\0003\000\040\000O\000v\000e\000r\000v\000i\000e\000w\000\040\000o\000f\000\040\000V\000E\000N\000U\000E}{section.12.62}% 786
\BOOKMARK [2][-]{subsection.12.62.4}{\376\377\0001\0002\000.\0006\0002\000.\0004\000\040\000V\000E\000N\000U\000E\000\040\000s\000y\000s\000t\000e\000m\000s}{section.12.62}% 787
\BOOKMARK [3][-]{subsubsection.12.62.4.1}{\376\377\0001\0002\000.\0006\0002\000.\0004\000.\0001\000\040\000V\000E\000N\000U\000E\000\040\000\040\000S\0006\000L}{subsection.12.62.4}% 788
\BOOKMARK [3][-]{subsubsection.12.62.4.2}{\376\377\0001\0002\000.\0006\0002\000.\0004\000.\0002\000\040\000V\000E\000N\000U\000E\000\040\000\040\000S\0003\000L\000-\000X}{subsection.12.62.4}% 789
\BOOKMARK [2][-]{subsection.12.62.5}{\376\377\0001\0002\000.\0006\0002\000.\0005\000\040\000H\000o\000s\000t\000\040\000e\000n\000v\000i\000r\000o\000n\000m\000e\000n\000t}{section.12.62}% 790
\BOOKMARK [3][-]{subsubsection.12.62.5.1}{\376\377\0001\0002\000.\0006\0002\000.\0005\000.\0001\000\040\000A\000u\000d\000i\000o\000\040\000e\000n\000g\000i\000n\000e}{subsection.12.62.5}% 791
\BOOKMARK [3][-]{subsubsection.12.62.5.2}{\376\377\0001\0002\000.\0006\0002\000.\0005\000.\0002\000\040\000A\000v\000a\000i\000l\000a\000b\000l\000e\000\040\000D\000S\000P\000\040\000r\000e\000s\000o\000u\000r\000c\000e\000s}{subsection.12.62.5}% 792
\BOOKMARK [3][-]{subsubsection.12.62.5.3}{\376\377\0001\0002\000.\0006\0002\000.\0005\000.\0003\000\040\000O\000p\000e\000r\000a\000t\000i\000n\000g\000\040\000s\000y\000s\000t\000e\000m}{subsection.12.62.5}% 793
\BOOKMARK [3][-]{subsubsection.12.62.5.4}{\376\377\0001\0002\000.\0006\0002\000.\0005\000.\0004\000\040\000D\000i\000s\000p\000l\000a\000y}{subsection.12.62.5}% 794
\BOOKMARK [3][-]{subsubsection.12.62.5.5}{\376\377\0001\0002\000.\0006\0002\000.\0005\000.\0005\000\040\000P\000a\000g\000e\000\040\000t\000a\000b\000l\000e\000s}{subsection.12.62.5}% 795
\BOOKMARK [3][-]{subsubsection.12.62.5.6}{\376\377\0001\0002\000.\0006\0002\000.\0005\000.\0006\000\040\000N\000e\000t\000w\000o\000r\000k\000\040\000c\000o\000m\000m\000u\000n\000i\000c\000a\000t\000i\000o\000n\000s}{subsection.12.62.5}% 796
\BOOKMARK [3][-]{subsubsection.12.62.5.7}{\376\377\0001\0002\000.\0006\0002\000.\0005\000.\0007\000\040\000H\000o\000s\000t\000\040\000e\000n\000v\000i\000r\000o\000n\000m\000e\000n\000t\000\040\000s\000u\000m\000m\000a\000r\000y}{subsection.12.62.5}% 797
\BOOKMARK [2][-]{subsection.12.62.6}{\376\377\0001\0002\000.\0006\0002\000.\0006\000\040\000A\000A\000X\000\040\000f\000e\000a\000t\000u\000r\000e\000\040\000s\000u\000p\000p\000o\000r\000t\000\040\000a\000n\000d\000\040\000c\000o\000m\000p\000a\000t\000i\000b\000i\000l\000i\000t\000y}{section.12.62}% 798
\BOOKMARK [3][-]{subsubsection.12.62.6.1}{\376\377\0001\0002\000.\0006\0002\000.\0006\000.\0001\000\040\000P\000r\000o\000c\000e\000s\000s\000i\000n\000g\000\040\000c\000o\000n\000f\000i\000g\000u\000r\000a\000t\000i\000o\000n\000s}{subsection.12.62.6}% 799
\BOOKMARK [3][-]{subsubsection.12.62.6.2}{\376\377\0001\0002\000.\0006\0002\000.\0006\000.\0002\000\040\000P\000r\000e\000s\000e\000t\000s\000\040\000a\000n\000d\000\040\000a\000u\000t\000o\000m\000a\000t\000i\000o\000n}{subsection.12.62.6}% 800
\BOOKMARK [3][-]{subsubsection.12.62.6.3}{\376\377\0001\0002\000.\0006\0002\000.\0006\000.\0003\000\040\000U\000n\000s\000u\000p\000p\000o\000r\000t\000e\000d\000\040\000f\000e\000a\000t\000u\000r\000e\000s}{subsection.12.62.6}% 801
\BOOKMARK [2][-]{subsection.12.62.7}{\376\377\0001\0002\000.\0006\0002\000.\0007\000\040\000V\000E\000N\000U\000E\000\040\000P\000l\000u\000g\000-\000i\000n\000\040\000i\000n\000s\000t\000a\000l\000l\000e\000r\000\040\000s\000p\000e\000c\000i\000f\000i\000c\000a\000t\000i\000o\000n}{section.12.62}% 802
\BOOKMARK [3][-]{subsubsection.12.62.7.1}{\376\377\0001\0002\000.\0006\0002\000.\0007\000.\0001\000\040\000O\000v\000e\000r\000v\000i\000e\000w}{subsection.12.62.7}% 803
\BOOKMARK [3][-]{subsubsection.12.62.7.2}{\376\377\0001\0002\000.\0006\0002\000.\0007\000.\0002\000\040\000D\000i\000r\000e\000c\000t\000o\000r\000y\000\040\000s\000t\000r\000u\000c\000t\000u\000r\000e}{subsection.12.62.7}% 804
\BOOKMARK [3][-]{subsubsection.12.62.7.3}{\376\377\0001\0002\000.\0006\0002\000.\0007\000.\0003\000\040\000O\000p\000t\000i\000o\000n\000a\000l\000\040\000i\000n\000s\000t\000a\000l\000l\000e\000r\000\040\000f\000i\000l\000e\000s}{subsection.12.62.7}% 805
\BOOKMARK [3][-]{subsubsection.12.62.7.4}{\376\377\0001\0002\000.\0006\0002\000.\0007\000.\0004\000\040\000U\000s\000i\000n\000g\000\040\000a\000\040\000V\000E\000N\000U\000E\000\040\000p\000l\000u\000g\000-\000i\000n\000\040\000i\000n\000s\000t\000a\000l\000l\000e\000r}{subsection.12.62.7}% 806
\BOOKMARK [2][-]{subsection.12.62.8}{\376\377\0001\0002\000.\0006\0002\000.\0008\000\040\000A\000d\000d\000i\000t\000i\000o\000n\000a\000l\000\040\000p\000l\000u\000g\000-\000i\000n\000\040\000g\000u\000i\000d\000e\000l\000i\000n\000e\000s}{section.12.62}% 807
\BOOKMARK [3][-]{subsubsection.12.62.8.1}{\376\377\0001\0002\000.\0006\0002\000.\0008\000.\0001\000\040\000G\000e\000n\000e\000r\000a\000l\000\040\000R\000e\000l\000i\000a\000b\000i\000l\000i\000t\000y\000\040\000a\000n\000d\000\040\000F\000a\000u\000l\000t\000\040\000T\000o\000l\000e\000r\000a\000n\000c\000e}{subsection.12.62.8}% 808
\BOOKMARK [3][-]{subsubsection.12.62.8.2}{\376\377\0001\0002\000.\0006\0002\000.\0008\000.\0002\000\040\000P\000l\000u\000g\000-\000I\000n\000\040\000D\000i\000a\000l\000o\000g\000s}{subsection.12.62.8}% 809
\BOOKMARK [3][-]{subsubsection.12.62.8.3}{\376\377\0001\0002\000.\0006\0002\000.\0008\000.\0003\000\040\000O\000n\000l\000i\000n\000e\000\040\000H\000e\000l\000p}{subsection.12.62.8}% 810
\BOOKMARK [2][-]{subsection.12.62.9}{\376\377\0001\0002\000.\0006\0002\000.\0009\000\040\000S\000y\000s\000t\000e\000m\000\040\000d\000e\000t\000a\000i\000l\000s}{section.12.62}% 811
\BOOKMARK [3][-]{subsubsection.12.62.9.1}{\376\377\0001\0002\000.\0006\0002\000.\0009\000.\0001\000\040\000E\000x\000t\000e\000r\000n\000a\000l\000\040\000d\000e\000p\000e\000n\000d\000e\000n\000c\000i\000e\000s}{subsection.12.62.9}% 812
\BOOKMARK [3][-]{subsubsection.12.62.9.2}{\376\377\0001\0002\000.\0006\0002\000.\0009\000.\0002\000\040\000E\000n\000v\000i\000r\000o\000n\000m\000e\000n\000t\000\040\000v\000a\000r\000i\000a\000b\000l\000e\000s}{subsection.12.62.9}% 813
\BOOKMARK [3][-]{subsubsection.12.62.9.3}{\376\377\0001\0002\000.\0006\0002\000.\0009\000.\0003\000\040\000P\000l\000u\000g\000-\000i\000n\000\040\000f\000i\000l\000e\000\040\000l\000o\000c\000a\000t\000i\000o\000n\000s}{subsection.12.62.9}% 814
\BOOKMARK [3][-]{subsubsection.12.62.9.4}{\376\377\0001\0002\000.\0006\0002\000.\0009\000.\0004\000\040\000I\000n\000s\000t\000a\000l\000l\000a\000t\000i\000o\000n\000\040\000p\000r\000o\000c\000e\000s\000s}{subsection.12.62.9}% 815
\BOOKMARK [2][-]{subsection.12.62.10}{\376\377\0001\0002\000.\0006\0002\000.\0001\0000\000\040\000A\000d\000d\000i\000t\000i\000o\000n\000a\000l\000\040\000I\000n\000f\000o\000r\000m\000a\000t\000i\000o\000n}{section.12.62}% 816
\BOOKMARK [3][-]{subsubsection.12.62.10.1}{\376\377\0001\0002\000.\0006\0002\000.\0001\0000\000.\0001\000\040\000M\000e\000t\000e\000r\000i\000n\000g}{subsection.12.62.10}% 817
\BOOKMARK [0][-]{chapter.13}{\376\377\0001\0003\000\040\000N\000a\000m\000e\000s\000p\000a\000c\000e\000\040\000D\000o\000c\000u\000m\000e\000n\000t\000a\000t\000i\000o\000n}{}% 818
\BOOKMARK [1][-]{section.13.1}{\376\377\0001\0003\000.\0001\000\040\000A\000A\000X\000\040\000N\000a\000m\000e\000s\000p\000a\000c\000e\000\040\000R\000e\000f\000e\000r\000e\000n\000c\000e}{chapter.13}% 819
\BOOKMARK [2][-]{subsection.13.1.1}{\376\377\0001\0003\000.\0001\000.\0001\000\040\000E\000n\000u\000m\000e\000r\000a\000t\000i\000o\000n\000\040\000T\000y\000p\000e\000\040\000D\000o\000c\000u\000m\000e\000n\000t\000a\000t\000i\000o\000n}{section.13.1}% 820
\BOOKMARK [3][-]{subsubsection.13.1.1.1}{\376\377\0001\0003\000.\0001\000.\0001\000.\0001\000\040\000E\000S\000t\000a\000t\000u\000s\000N\000i\000b\000b\000l\000e}{subsection.13.1.1}% 821
\BOOKMARK [3][-]{subsubsection.13.1.1.2}{\376\377\0001\0003\000.\0001\000.\0001\000.\0002\000\040\000E\000S\000t\000a\000t\000u\000s\000B\000y\000t\000e}{subsection.13.1.1}% 822
\BOOKMARK [3][-]{subsubsection.13.1.1.3}{\376\377\0001\0003\000.\0001\000.\0001\000.\0003\000\040\000E\000C\000h\000a\000n\000n\000e\000l\000M\000o\000d\000e\000D\000a\000t\000a}{subsection.13.1.1}% 823
\BOOKMARK [3][-]{subsubsection.13.1.1.4}{\376\377\0001\0003\000.\0001\000.\0001\000.\0004\000\040\000E\000S\000p\000e\000c\000i\000a\000l\000D\000a\000t\000a}{subsection.13.1.1}% 824
\BOOKMARK [3][-]{subsubsection.13.1.1.5}{\376\377\0001\0003\000.\0001\000.\0001\000.\0005\000\040\000E\000S\000a\000m\000p\000l\000e\000R\000a\000t\000e\000s}{subsection.13.1.1}% 825
\BOOKMARK [2][-]{subsection.13.1.2}{\376\377\0001\0003\000.\0001\000.\0002\000\040\000F\000u\000n\000c\000t\000i\000o\000n\000\040\000D\000o\000c\000u\000m\000e\000n\000t\000a\000t\000i\000o\000n}{section.13.1}% 826
\BOOKMARK [3][-]{subsubsection.13.1.2.1}{\376\377\0001\0003\000.\0001\000.\0002\000.\0001\000\040\000A\000s\000S\000t\000r\000i\000n\000g\000\050\000\051\000\040\000[\0001\000/\0003\000]}{subsection.13.1.2}% 827
\BOOKMARK [3][-]{subsubsection.13.1.2.2}{\376\377\0001\0003\000.\0001\000.\0002\000.\0002\000\040\000A\000s\000S\000t\000r\000i\000n\000g\000\050\000\051\000\040\000[\0002\000/\0003\000]}{subsection.13.1.2}% 828
\BOOKMARK [3][-]{subsubsection.13.1.2.3}{\376\377\0001\0003\000.\0001\000.\0002\000.\0003\000\040\000A\000s\000S\000t\000r\000i\000n\000g\000\050\000\051\000\040\000[\0003\000/\0003\000]}{subsection.13.1.2}% 829
\BOOKMARK [3][-]{subsubsection.13.1.2.4}{\376\377\0001\0003\000.\0001\000.\0002\000.\0004\000\040\000I\000s\000N\000o\000t\000e\000O\000n\000\050\000\051}{subsection.13.1.2}% 830
\BOOKMARK [3][-]{subsubsection.13.1.2.5}{\376\377\0001\0003\000.\0001\000.\0002\000.\0005\000\040\000I\000s\000N\000o\000t\000e\000O\000f\000f\000\050\000\051}{subsection.13.1.2}% 831
\BOOKMARK [3][-]{subsubsection.13.1.2.6}{\376\377\0001\0003\000.\0001\000.\0002\000.\0006\000\040\000I\000s\000A\000l\000l\000N\000o\000t\000e\000s\000O\000f\000f\000\050\000\051}{subsection.13.1.2}% 832
\BOOKMARK [3][-]{subsubsection.13.1.2.7}{\376\377\0001\0003\000.\0001\000.\0002\000.\0007\000\040\000I\000s\000A\000c\000c\000e\000n\000t\000e\000d\000C\000l\000i\000c\000k\000\050\000\051}{subsection.13.1.2}% 833
\BOOKMARK [3][-]{subsubsection.13.1.2.8}{\376\377\0001\0003\000.\0001\000.\0002\000.\0008\000\040\000I\000s\000U\000n\000a\000c\000c\000e\000n\000t\000e\000d\000C\000l\000i\000c\000k\000\050\000\051}{subsection.13.1.2}% 834
\BOOKMARK [3][-]{subsubsection.13.1.2.9}{\376\377\0001\0003\000.\0001\000.\0002\000.\0009\000\040\000I\000s\000C\000l\000i\000c\000k\000\050\000\051}{subsection.13.1.2}% 835
\BOOKMARK [3][-]{subsubsection.13.1.2.10}{\376\377\0001\0003\000.\0001\000.\0002\000.\0001\0000\000\040\000P\000a\000g\000e\000T\000a\000b\000l\000e\000P\000a\000r\000a\000m\000e\000t\000e\000r\000M\000a\000p\000p\000i\000n\000g\000s\000A\000r\000e\000E\000q\000u\000a\000l\000\050\000\051}{subsection.13.1.2}% 836
\BOOKMARK [3][-]{subsubsection.13.1.2.11}{\376\377\0001\0003\000.\0001\000.\0002\000.\0001\0001\000\040\000P\000a\000g\000e\000T\000a\000b\000l\000e\000P\000a\000r\000a\000m\000e\000t\000e\000r\000N\000a\000m\000e\000V\000a\000r\000i\000a\000t\000i\000o\000n\000s\000A\000r\000e\000E\000q\000u\000a\000l\000\050\000\051}{subsection.13.1.2}% 837
\BOOKMARK [3][-]{subsubsection.13.1.2.12}{\376\377\0001\0003\000.\0001\000.\0002\000.\0001\0002\000\040\000P\000a\000g\000e\000T\000a\000b\000l\000e\000s\000A\000r\000e\000E\000q\000u\000a\000l\000\050\000\051}{subsection.13.1.2}% 838
\BOOKMARK [3][-]{subsubsection.13.1.2.13}{\376\377\0001\0003\000.\0001\000.\0002\000.\0001\0003\000\040\000C\000o\000p\000y\000P\000a\000g\000e\000T\000a\000b\000l\000e\000\050\000\051}{subsection.13.1.2}% 839
\BOOKMARK [3][-]{subsubsection.13.1.2.14}{\376\377\0001\0003\000.\0001\000.\0002\000.\0001\0004\000\040\000F\000i\000n\000d\000P\000a\000r\000a\000m\000e\000t\000e\000r\000M\000a\000p\000p\000i\000n\000g\000s\000I\000n\000P\000a\000g\000e\000T\000a\000b\000l\000e\000\050\000\051}{subsection.13.1.2}% 840
\BOOKMARK [3][-]{subsubsection.13.1.2.15}{\376\377\0001\0003\000.\0001\000.\0002\000.\0001\0005\000\040\000C\000l\000e\000a\000r\000M\000a\000p\000p\000e\000d\000P\000a\000r\000a\000m\000e\000t\000e\000r\000B\000y\000I\000D\000\050\000\051}{subsection.13.1.2}% 841
\BOOKMARK [3][-]{subsubsection.13.1.2.16}{\376\377\0001\0003\000.\0001\000.\0002\000.\0001\0006\000\040\000G\000e\000t\000C\000S\000t\000r\000i\000n\000g\000O\000f\000L\000e\000n\000g\000t\000h\000\050\000\051}{subsection.13.1.2}% 842
\BOOKMARK [3][-]{subsubsection.13.1.2.17}{\376\377\0001\0003\000.\0001\000.\0002\000.\0001\0007\000\040\000C\000a\000s\000e\000l\000e\000s\000s\000\137\000s\000t\000r\000c\000m\000p\000\050\000\051}{subsection.13.1.2}% 843
\BOOKMARK [3][-]{subsubsection.13.1.2.18}{\376\377\0001\0003\000.\0001\000.\0002\000.\0001\0008\000\040\000B\000i\000n\000a\000r\000y\0002\000S\000t\000r\000i\000n\000g\000\050\000\051}{subsection.13.1.2}% 844
\BOOKMARK [3][-]{subsubsection.13.1.2.19}{\376\377\0001\0003\000.\0001\000.\0002\000.\0001\0009\000\040\000S\000t\000r\000i\000n\000g\0002\000B\000i\000n\000a\000r\000y\000\050\000\051}{subsection.13.1.2}% 845
\BOOKMARK [3][-]{subsubsection.13.1.2.20}{\376\377\0001\0003\000.\0001\000.\0002\000.\0002\0000\000\040\000I\000s\000A\000S\000C\000I\000I\000\050\000\051}{subsection.13.1.2}% 846
\BOOKMARK [3][-]{subsubsection.13.1.2.21}{\376\377\0001\0003\000.\0001\000.\0002\000.\0002\0001\000\040\000I\000s\000F\000o\000u\000r\000C\000h\000a\000r\000A\000S\000C\000I\000I\000\050\000\051}{subsection.13.1.2}% 847
\BOOKMARK [3][-]{subsubsection.13.1.2.22}{\376\377\0001\0003\000.\0001\000.\0002\000.\0002\0002\000\040\000A\000s\000S\000t\000r\000i\000n\000g\000F\000o\000u\000r\000C\000h\000a\000r\000\050\000\051}{subsection.13.1.2}% 848
\BOOKMARK [3][-]{subsubsection.13.1.2.23}{\376\377\0001\0003\000.\0001\000.\0002\000.\0002\0003\000\040\000A\000s\000S\000t\000r\000i\000n\000g\000P\000r\000o\000p\000e\000r\000t\000y\000V\000a\000l\000u\000e\000\050\000\051}{subsection.13.1.2}% 849
\BOOKMARK [3][-]{subsubsection.13.1.2.24}{\376\377\0001\0003\000.\0001\000.\0002\000.\0002\0004\000\040\000A\000s\000S\000t\000r\000i\000n\000g\000I\000n\000t\0003\0002\000\050\000\051}{subsection.13.1.2}% 850
\BOOKMARK [3][-]{subsubsection.13.1.2.25}{\376\377\0001\0003\000.\0001\000.\0002\000.\0002\0005\000\040\000A\000s\000S\000t\000r\000i\000n\000g\000U\000I\000n\000t\0003\0002\000\050\000\051}{subsection.13.1.2}% 851
\BOOKMARK [3][-]{subsubsection.13.1.2.26}{\376\377\0001\0003\000.\0001\000.\0002\000.\0002\0006\000\040\000A\000s\000S\000t\000r\000i\000n\000g\000I\000D\000T\000r\000i\000a\000d\000\050\000\051}{subsection.13.1.2}% 852
\BOOKMARK [3][-]{subsubsection.13.1.2.27}{\376\377\0001\0003\000.\0001\000.\0002\000.\0002\0007\000\040\000A\000s\000S\000t\000r\000i\000n\000g\000S\000t\000e\000m\000F\000o\000r\000m\000a\000t\000\050\000\051}{subsection.13.1.2}% 853
\BOOKMARK [3][-]{subsubsection.13.1.2.28}{\376\377\0001\0003\000.\0001\000.\0002\000.\0002\0008\000\040\000A\000s\000S\000t\000r\000i\000n\000g\000S\000t\000e\000m\000C\000h\000a\000n\000n\000e\000l\000\050\000\051}{subsection.13.1.2}% 854
\BOOKMARK [3][-]{subsubsection.13.1.2.29}{\376\377\0001\0003\000.\0001\000.\0002\000.\0002\0009\000\040\000A\000s\000S\000t\000r\000i\000n\000g\000R\000e\000s\000u\000l\000t\000\050\000\051}{subsection.13.1.2}% 855
\BOOKMARK [3][-]{subsubsection.13.1.2.30}{\376\377\0001\0003\000.\0001\000.\0002\000.\0003\0000\000\040\000A\000s\000S\000t\000r\000i\000n\000g\000S\000u\000p\000p\000o\000r\000t\000L\000e\000v\000e\000l\000\050\000\051}{subsection.13.1.2}% 856
\BOOKMARK [3][-]{subsubsection.13.1.2.31}{\376\377\0001\0003\000.\0001\000.\0002\000.\0003\0001\000\040\000S\000a\000f\000e\000L\000o\000g\000\050\000\051}{subsection.13.1.2}% 857
\BOOKMARK [3][-]{subsubsection.13.1.2.32}{\376\377\0001\0003\000.\0001\000.\0002\000.\0003\0002\000\040\000S\000a\000f\000e\000L\000o\000g\000f\000\050\000\051}{subsection.13.1.2}% 858
\BOOKMARK [3][-]{subsubsection.13.1.2.33}{\376\377\0001\0003\000.\0001\000.\0002\000.\0003\0003\000\040\000I\000s\000P\000a\000r\000a\000m\000e\000t\000e\000r\000I\000D\000E\000q\000u\000a\000l\000\050\000\051}{subsection.13.1.2}% 859
\BOOKMARK [3][-]{subsubsection.13.1.2.34}{\376\377\0001\0003\000.\0001\000.\0002\000.\0003\0004\000\040\000I\000s\000E\000f\000f\000e\000c\000t\000I\000D\000E\000q\000u\000a\000l\000\050\000\051}{subsection.13.1.2}% 860
\BOOKMARK [3][-]{subsubsection.13.1.2.35}{\376\377\0001\0003\000.\0001\000.\0002\000.\0003\0005\000\040\000I\000s\000A\000v\000i\000d\000N\000o\000t\000i\000f\000i\000c\000a\000t\000i\000o\000n\000\050\000\051}{subsection.13.1.2}% 861
\BOOKMARK [3][-]{subsubsection.13.1.2.36}{\376\377\0001\0003\000.\0001\000.\0002\000.\0003\0006\000\040\000a\000l\000i\000g\000n\000F\000r\000e\000e\000\050\000\051}{subsection.13.1.2}% 862
\BOOKMARK [3][-]{subsubsection.13.1.2.37}{\376\377\0001\0003\000.\0001\000.\0002\000.\0003\0007\000\040\000a\000l\000i\000g\000n\000M\000a\000l\000l\000o\000c\000\050\000\051}{subsection.13.1.2}% 863
\BOOKMARK [3][-]{subsubsection.13.1.2.38}{\376\377\0001\0003\000.\0001\000.\0002\000.\0003\0008\000\040\000D\000e\000D\000e\000n\000o\000r\000m\000a\000l\000\050\000\051\000\040\000[\0001\000/\0002\000]}{subsection.13.1.2}% 864
\BOOKMARK [3][-]{subsubsection.13.1.2.39}{\376\377\0001\0003\000.\0001\000.\0002\000.\0003\0009\000\040\000D\000e\000D\000e\000n\000o\000r\000m\000a\000l\000\050\000\051\000\040\000[\0002\000/\0002\000]}{subsection.13.1.2}% 865
\BOOKMARK [3][-]{subsubsection.13.1.2.40}{\376\377\0001\0003\000.\0001\000.\0002\000.\0004\0000\000\040\000D\000e\000D\000e\000n\000o\000r\000m\000a\000l\000F\000i\000n\000e\000\050\000\051}{subsection.13.1.2}% 866
\BOOKMARK [3][-]{subsubsection.13.1.2.41}{\376\377\0001\0003\000.\0001\000.\0002\000.\0004\0001\000\040\000F\000i\000l\000t\000e\000r\000D\000e\000n\000o\000r\000m\000a\000l\000s\000\050\000\051}{subsection.13.1.2}% 867
\BOOKMARK [3][-]{subsubsection.13.1.2.42}{\376\377\0001\0003\000.\0001\000.\0002\000.\0004\0002\000\040\000C\000l\000a\000m\000p\000T\000o\000Z\000e\000r\000o\000\050\000\051}{subsection.13.1.2}% 868
\BOOKMARK [3][-]{subsubsection.13.1.2.43}{\376\377\0001\0003\000.\0001\000.\0002\000.\0004\0003\000\040\000Z\000e\000r\000o\000M\000e\000m\000o\000r\000y\000S\000W\000\050\000\051}{subsection.13.1.2}% 869
\BOOKMARK [3][-]{subsubsection.13.1.2.44}{\376\377\0001\0003\000.\0001\000.\0002\000.\0004\0004\000\040\000Z\000e\000r\000o\000M\000e\000m\000o\000r\000y\000D\000W\000\050\000\051}{subsection.13.1.2}% 870
\BOOKMARK [3][-]{subsubsection.13.1.2.45}{\376\377\0001\0003\000.\0001\000.\0002\000.\0004\0005\000\040\000F\000i\000l\000l\000\050\000\051\000\040\000[\0001\000/\0003\000]}{subsection.13.1.2}% 871
\BOOKMARK [3][-]{subsubsection.13.1.2.46}{\376\377\0001\0003\000.\0001\000.\0002\000.\0004\0006\000\040\000F\000i\000l\000l\000\050\000\051\000\040\000[\0002\000/\0003\000]}{subsection.13.1.2}% 872
\BOOKMARK [3][-]{subsubsection.13.1.2.47}{\376\377\0001\0003\000.\0001\000.\0002\000.\0004\0007\000\040\000F\000i\000l\000l\000\050\000\051\000\040\000[\0003\000/\0003\000]}{subsection.13.1.2}% 873
\BOOKMARK [3][-]{subsubsection.13.1.2.48}{\376\377\0001\0003\000.\0001\000.\0002\000.\0004\0008\000\040\000f\000a\000b\000s\000\050\000\051\000\040\000[\0001\000/\0002\000]}{subsection.13.1.2}% 874
\BOOKMARK [3][-]{subsubsection.13.1.2.49}{\376\377\0001\0003\000.\0001\000.\0002\000.\0004\0009\000\040\000f\000a\000b\000s\000\050\000\051\000\040\000[\0002\000/\0002\000]}{subsection.13.1.2}% 875
\BOOKMARK [3][-]{subsubsection.13.1.2.50}{\376\377\0001\0003\000.\0001\000.\0002\000.\0005\0000\000\040\000f\000a\000b\000s\000f\000\050\000\051}{subsection.13.1.2}% 876
\BOOKMARK [3][-]{subsubsection.13.1.2.51}{\376\377\0001\0003\000.\0001\000.\0002\000.\0005\0001\000\040\000A\000b\000s\000M\000a\000x\000\050\000\051}{subsection.13.1.2}% 877
\BOOKMARK [3][-]{subsubsection.13.1.2.52}{\376\377\0001\0003\000.\0001\000.\0002\000.\0005\0002\000\040\000M\000i\000n\000M\000a\000x\000\050\000\051}{subsection.13.1.2}% 878
\BOOKMARK [3][-]{subsubsection.13.1.2.53}{\376\377\0001\0003\000.\0001\000.\0002\000.\0005\0003\000\040\000M\000a\000x\000\050\000\051}{subsection.13.1.2}% 879
\BOOKMARK [3][-]{subsubsection.13.1.2.54}{\376\377\0001\0003\000.\0001\000.\0002\000.\0005\0004\000\040\000M\000i\000n\000\050\000\051}{subsection.13.1.2}% 880
\BOOKMARK [3][-]{subsubsection.13.1.2.55}{\376\377\0001\0003\000.\0001\000.\0002\000.\0005\0005\000\040\000S\000i\000g\000n\000\050\000\051}{subsection.13.1.2}% 881
\BOOKMARK [3][-]{subsubsection.13.1.2.56}{\376\377\0001\0003\000.\0001\000.\0002\000.\0005\0006\000\040\000P\000o\000l\000y\000E\000v\000a\000l\000\050\000\051}{subsection.13.1.2}% 882
\BOOKMARK [3][-]{subsubsection.13.1.2.57}{\376\377\0001\0003\000.\0001\000.\0002\000.\0005\0007\000\040\000C\000e\000i\000l\000L\000o\000g\0002\000\050\000\051}{subsection.13.1.2}% 883
\BOOKMARK [3][-]{subsubsection.13.1.2.58}{\376\377\0001\0003\000.\0001\000.\0002\000.\0005\0008\000\040\000S\000i\000n\000C\000o\000s\000M\000i\000x\000\050\000\051}{subsection.13.1.2}% 884
\BOOKMARK [3][-]{subsubsection.13.1.2.59}{\376\377\0001\0003\000.\0001\000.\0002\000.\0005\0009\000\040\000F\000a\000s\000t\000R\000o\000u\000n\000d\0002\000I\000n\000t\0003\0002\000\050\000\051\000\040\000[\0001\000/\0002\000]}{subsection.13.1.2}% 885
\BOOKMARK [3][-]{subsubsection.13.1.2.60}{\376\377\0001\0003\000.\0001\000.\0002\000.\0006\0000\000\040\000F\000a\000s\000t\000R\000o\000u\000n\000d\0002\000I\000n\000t\0003\0002\000\050\000\051\000\040\000[\0002\000/\0002\000]}{subsection.13.1.2}% 886
\BOOKMARK [3][-]{subsubsection.13.1.2.61}{\376\377\0001\0003\000.\0001\000.\0002\000.\0006\0001\000\040\000F\000a\000s\000t\000R\000n\000d\000D\000b\000l\0002\000I\000n\000t\0003\0002\000\050\000\051}{subsection.13.1.2}% 887
\BOOKMARK [3][-]{subsubsection.13.1.2.62}{\376\377\0001\0003\000.\0001\000.\0002\000.\0006\0002\000\040\000F\000a\000s\000t\000T\000r\000u\000n\000c\0002\000I\000n\000t\0003\0002\000\050\000\051\000\040\000[\0001\000/\0002\000]}{subsection.13.1.2}% 888
\BOOKMARK [3][-]{subsubsection.13.1.2.63}{\376\377\0001\0003\000.\0001\000.\0002\000.\0006\0003\000\040\000F\000a\000s\000t\000T\000r\000u\000n\000c\0002\000I\000n\000t\0003\0002\000\050\000\051\000\040\000[\0002\000/\0002\000]}{subsection.13.1.2}% 889
\BOOKMARK [3][-]{subsubsection.13.1.2.64}{\376\377\0001\0003\000.\0001\000.\0002\000.\0006\0004\000\040\000F\000a\000s\000t\000R\000o\000u\000n\000d\0002\000I\000n\000t\0006\0004\000\050\000\051}{subsection.13.1.2}% 890
\BOOKMARK [3][-]{subsubsection.13.1.2.65}{\376\377\0001\0003\000.\0001\000.\0002\000.\0006\0005\000\040\000G\000e\000t\000I\000n\000t\0003\0002\000R\000P\000D\000F\000\050\000\051}{subsection.13.1.2}% 891
\BOOKMARK [3][-]{subsubsection.13.1.2.66}{\376\377\0001\0003\000.\0001\000.\0002\000.\0006\0006\000\040\000G\000e\000t\000F\000a\000s\000t\000I\000n\000t\0003\0002\000R\000P\000D\000F\000\050\000\051}{subsection.13.1.2}% 892
\BOOKMARK [3][-]{subsubsection.13.1.2.67}{\376\377\0001\0003\000.\0001\000.\0002\000.\0006\0007\000\040\000G\000e\000t\000R\000P\000D\000F\000W\000i\000t\000h\000A\000m\000p\000l\000i\000t\000u\000d\000e\000O\000n\000e\000H\000a\000l\000f\000\050\000\051}{subsection.13.1.2}% 893
\BOOKMARK [3][-]{subsubsection.13.1.2.68}{\376\377\0001\0003\000.\0001\000.\0002\000.\0006\0008\000\040\000G\000e\000t\000R\000P\000D\000F\000W\000i\000t\000h\000A\000m\000p\000l\000i\000t\000u\000d\000e\000O\000n\000e\000\050\000\051}{subsection.13.1.2}% 894
\BOOKMARK [3][-]{subsubsection.13.1.2.69}{\376\377\0001\0003\000.\0001\000.\0002\000.\0006\0009\000\040\000G\000e\000t\000F\000a\000s\000t\000R\000P\000D\000F\000W\000i\000t\000h\000A\000m\000p\000l\000i\000t\000u\000d\000e\000O\000n\000e\000\050\000\051}{subsection.13.1.2}% 895
\BOOKMARK [3][-]{subsubsection.13.1.2.70}{\376\377\0001\0003\000.\0001\000.\0002\000.\0007\0000\000\040\000G\000e\000t\000T\000P\000D\000F\000W\000i\000t\000h\000A\000m\000p\000l\000i\000t\000u\000d\000e\000O\000n\000e\000\050\000\051}{subsection.13.1.2}% 896
\BOOKMARK [2][-]{subsection.13.1.3}{\376\377\0001\0003\000.\0001\000.\0003\000\040\000V\000a\000r\000i\000a\000b\000l\000e\000\040\000D\000o\000c\000u\000m\000e\000n\000t\000a\000t\000i\000o\000n}{section.13.1}% 897
\BOOKMARK [3][-]{subsubsection.13.1.3.1}{\376\377\0001\0003\000.\0001\000.\0003\000.\0001\000\040\000c\000B\000i\000g\000E\000n\000d\000i\000a\000n}{subsection.13.1.3}% 898
\BOOKMARK [3][-]{subsubsection.13.1.3.2}{\376\377\0001\0003\000.\0001\000.\0003\000.\0002\000\040\000c\000L\000i\000t\000t\000l\000e\000E\000n\000d\000i\000a\000n}{subsection.13.1.3}% 899
\BOOKMARK [3][-]{subsubsection.13.1.3.3}{\376\377\0001\0003\000.\0001\000.\0003\000.\0003\000\040\000c\000P\000i}{subsection.13.1.3}% 900
\BOOKMARK [3][-]{subsubsection.13.1.3.4}{\376\377\0001\0003\000.\0001\000.\0003\000.\0004\000\040\000c\000T\000w\000o\000P\000i}{subsection.13.1.3}% 901
\BOOKMARK [3][-]{subsubsection.13.1.3.5}{\376\377\0001\0003\000.\0001\000.\0003\000.\0005\000\040\000c\000H\000a\000l\000f\000P\000i}{subsection.13.1.3}% 902
\BOOKMARK [3][-]{subsubsection.13.1.3.6}{\376\377\0001\0003\000.\0001\000.\0003\000.\0006\000\040\000c\000Q\000u\000a\000r\000t\000e\000r\000P\000i}{subsection.13.1.3}% 903
\BOOKMARK [3][-]{subsubsection.13.1.3.7}{\376\377\0001\0003\000.\0001\000.\0003\000.\0007\000\040\000c\000R\000o\000o\000t\000T\000w\000o}{subsection.13.1.3}% 904
\BOOKMARK [3][-]{subsubsection.13.1.3.8}{\376\377\0001\0003\000.\0001\000.\0003\000.\0008\000\040\000c\000O\000n\000e\000O\000v\000e\000r\000R\000o\000o\000t\000T\000w\000o}{subsection.13.1.3}% 905
\BOOKMARK [3][-]{subsubsection.13.1.3.9}{\376\377\0001\0003\000.\0001\000.\0003\000.\0009\000\040\000c\000P\000o\000s\0003\000d\000B}{subsection.13.1.3}% 906
\BOOKMARK [3][-]{subsubsection.13.1.3.10}{\376\377\0001\0003\000.\0001\000.\0003\000.\0001\0000\000\040\000c\000N\000e\000g\0003\000d\000B}{subsection.13.1.3}% 907
\BOOKMARK [3][-]{subsubsection.13.1.3.11}{\376\377\0001\0003\000.\0001\000.\0003\000.\0001\0001\000\040\000c\000P\000o\000s\0006\000d\000B}{subsection.13.1.3}% 908
\BOOKMARK [3][-]{subsubsection.13.1.3.12}{\376\377\0001\0003\000.\0001\000.\0003\000.\0001\0002\000\040\000c\000N\000e\000g\0006\000d\000B}{subsection.13.1.3}% 909
\BOOKMARK [3][-]{subsubsection.13.1.3.13}{\376\377\0001\0003\000.\0001\000.\0003\000.\0001\0003\000\040\000c\000N\000o\000r\000m\000a\000l\000i\000z\000e\000L\000o\000n\000g\000T\000o\000A\000m\000p\000l\000i\000t\000u\000d\000e\000O\000n\000e\000H\000a\000l\000f}{subsection.13.1.3}% 910
\BOOKMARK [3][-]{subsubsection.13.1.3.14}{\376\377\0001\0003\000.\0001\000.\0003\000.\0001\0004\000\040\000c\000N\000o\000r\000m\000a\000l\000i\000z\000e\000L\000o\000n\000g\000T\000o\000A\000m\000p\000l\000i\000t\000u\000d\000e\000O\000n\000e}{subsection.13.1.3}% 911
\BOOKMARK [3][-]{subsubsection.13.1.3.15}{\376\377\0001\0003\000.\0001\000.\0003\000.\0001\0005\000\040\000c\000M\000i\000l\000l\000i}{subsection.13.1.3}% 912
\BOOKMARK [3][-]{subsubsection.13.1.3.16}{\376\377\0001\0003\000.\0001\000.\0003\000.\0001\0006\000\040\000c\000M\000i\000c\000r\000o}{subsection.13.1.3}% 913
\BOOKMARK [3][-]{subsubsection.13.1.3.17}{\376\377\0001\0003\000.\0001\000.\0003\000.\0001\0007\000\040\000c\000N\000a\000n\000o}{subsection.13.1.3}% 914
\BOOKMARK [3][-]{subsubsection.13.1.3.18}{\376\377\0001\0003\000.\0001\000.\0003\000.\0001\0008\000\040\000c\000P\000i\000c\000o}{subsection.13.1.3}% 915
\BOOKMARK [3][-]{subsubsection.13.1.3.19}{\376\377\0001\0003\000.\0001\000.\0003\000.\0001\0009\000\040\000c\000K\000i\000l\000o}{subsection.13.1.3}% 916
\BOOKMARK [3][-]{subsubsection.13.1.3.20}{\376\377\0001\0003\000.\0001\000.\0003\000.\0002\0000\000\040\000c\000M\000e\000g\000a}{subsection.13.1.3}% 917
\BOOKMARK [3][-]{subsubsection.13.1.3.21}{\376\377\0001\0003\000.\0001\000.\0003\000.\0002\0001\000\040\000c\000G\000i\000g\000a}{subsection.13.1.3}% 918
\BOOKMARK [3][-]{subsubsection.13.1.3.22}{\376\377\0001\0003\000.\0001\000.\0003\000.\0002\0002\000\040\000c\000D\000e\000n\000o\000r\000m\000a\000l\000A\000v\000o\000i\000d\000a\000n\000c\000e\000O\000f\000f\000s\000e\000t}{subsection.13.1.3}% 919
\BOOKMARK [3][-]{subsubsection.13.1.3.23}{\376\377\0001\0003\000.\0001\000.\0003\000.\0002\0003\000\040\000c\000F\000l\000o\000a\000t\000D\000e\000n\000o\000r\000m\000a\000l\000A\000v\000o\000i\000d\000a\000n\000c\000e\000O\000f\000f\000s\000e\000t}{subsection.13.1.3}% 920
\BOOKMARK [3][-]{subsubsection.13.1.3.24}{\376\377\0001\0003\000.\0001\000.\0003\000.\0002\0004\000\040\000k\000P\000o\000w\000E\000x\000t\000e\000n\000t}{subsection.13.1.3}% 921
\BOOKMARK [3][-]{subsubsection.13.1.3.25}{\376\377\0001\0003\000.\0001\000.\0003\000.\0002\0005\000\040\000k\000P\000o\000w\000T\000a\000b\000l\000e\000S\000i\000z\000e}{subsection.13.1.3}% 922
\BOOKMARK [3][-]{subsubsection.13.1.3.26}{\376\377\0001\0003\000.\0001\000.\0003\000.\0002\0006\000\040\000c\000S\000e\000e\000d\000D\000i\000v\000i\000s\000o\000r}{subsection.13.1.3}% 923
\BOOKMARK [3][-]{subsubsection.13.1.3.27}{\376\377\0001\0003\000.\0001\000.\0003\000.\0002\0007\000\040\000c\000I\000n\000i\000t\000i\000a\000l\000S\000e\000e\000d\000V\000a\000l\000u\000e}{subsection.13.1.3}% 924
\BOOKMARK [1][-]{section.13.2}{\376\377\0001\0003\000.\0002\000\040\000A\000A\000X\000:\000:\000E\000x\000c\000e\000p\000t\000i\000o\000n\000\040\000N\000a\000m\000e\000s\000p\000a\000c\000e\000\040\000R\000e\000f\000e\000r\000e\000n\000c\000e}{chapter.13}% 925
\BOOKMARK [2][-]{subsection.13.2.1}{\376\377\0001\0003\000.\0002\000.\0001\000\040\000D\000e\000s\000c\000r\000i\000p\000t\000i\000o\000n}{section.13.2}% 926
\BOOKMARK [1][-]{section.13.3}{\376\377\0001\0003\000.\0003\000\040\000A\000A\000X\000:\000:\000i\000n\000t\000e\000r\000n\000a\000l\000\040\000N\000a\000m\000e\000s\000p\000a\000c\000e\000\040\000R\000e\000f\000e\000r\000e\000n\000c\000e}{chapter.13}% 927
\BOOKMARK [2][-]{subsection.13.3.1}{\376\377\0001\0003\000.\0003\000.\0001\000\040\000F\000u\000n\000c\000t\000i\000o\000n\000\040\000D\000o\000c\000u\000m\000e\000n\000t\000a\000t\000i\000o\000n}{section.13.3}% 928
\BOOKMARK [3][-]{subsubsection.13.3.1.1}{\376\377\0001\0003\000.\0003\000.\0001\000.\0001\000\040\000T\000o\000H\000e\000x\000a\000d\000e\000c\000i\000m\000a\000l\000\050\000\051}{subsection.13.3.1}% 929
\BOOKMARK [1][-]{section.13.4}{\376\377\0001\0003\000.\0004\000\040\000A\000A\000X\000\137\000C\000h\000u\000n\000k\000D\000a\000t\000a\000P\000a\000r\000s\000e\000r\000D\000e\000f\000s\000\040\000N\000a\000m\000e\000s\000p\000a\000c\000e\000\040\000R\000e\000f\000e\000r\000e\000n\000c\000e}{chapter.13}% 930
\BOOKMARK [2][-]{subsection.13.4.1}{\376\377\0001\0003\000.\0004\000.\0001\000\040\000D\000e\000s\000c\000r\000i\000p\000t\000i\000o\000n}{section.13.4}% 931
\BOOKMARK [2][-]{subsection.13.4.2}{\376\377\0001\0003\000.\0004\000.\0002\000\040\000V\000a\000r\000i\000a\000b\000l\000e\000\040\000D\000o\000c\000u\000m\000e\000n\000t\000a\000t\000i\000o\000n}{section.13.4}% 932
\BOOKMARK [3][-]{subsubsection.13.4.2.1}{\376\377\0001\0003\000.\0004\000.\0002\000.\0001\000\040\000F\000L\000O\000A\000T\000\137\000T\000Y\000P\000E}{subsection.13.4.2}% 933
\BOOKMARK [3][-]{subsubsection.13.4.2.2}{\376\377\0001\0003\000.\0004\000.\0002\000.\0002\000\040\000F\000L\000O\000A\000T\000\137\000S\000T\000R\000I\000N\000G\000\137\000I\000D\000E\000N\000T\000I\000F\000I\000E\000R}{subsection.13.4.2}% 934
\BOOKMARK [3][-]{subsubsection.13.4.2.3}{\376\377\0001\0003\000.\0004\000.\0002\000.\0003\000\040\000L\000O\000N\000G\000\137\000T\000Y\000P\000E}{subsection.13.4.2}% 935
\BOOKMARK [3][-]{subsubsection.13.4.2.4}{\376\377\0001\0003\000.\0004\000.\0002\000.\0004\000\040\000L\000O\000N\000G\000\137\000S\000T\000R\000I\000N\000G\000\137\000I\000D\000E\000N\000T\000I\000F\000I\000E\000R}{subsection.13.4.2}% 936
\BOOKMARK [3][-]{subsubsection.13.4.2.5}{\376\377\0001\0003\000.\0004\000.\0002\000.\0005\000\040\000D\000O\000U\000B\000L\000E\000\137\000T\000Y\000P\000E}{subsection.13.4.2}% 937
\BOOKMARK [3][-]{subsubsection.13.4.2.6}{\376\377\0001\0003\000.\0004\000.\0002\000.\0006\000\040\000D\000O\000U\000B\000L\000E\000\137\000S\000T\000R\000I\000N\000G\000\137\000I\000D\000E\000N\000T\000I\000F\000I\000E\000R}{subsection.13.4.2}% 938
\BOOKMARK [3][-]{subsubsection.13.4.2.7}{\376\377\0001\0003\000.\0004\000.\0002\000.\0007\000\040\000D\000O\000U\000B\000L\000E\000\137\000T\000Y\000P\000E\000\137\000S\000I\000Z\000E}{subsection.13.4.2}% 939
\BOOKMARK [3][-]{subsubsection.13.4.2.8}{\376\377\0001\0003\000.\0004\000.\0002\000.\0008\000\040\000D\000O\000U\000B\000L\000E\000\137\000T\000Y\000P\000E\000\137\000I\000N\000C\000R}{subsection.13.4.2}% 940
\BOOKMARK [3][-]{subsubsection.13.4.2.9}{\376\377\0001\0003\000.\0004\000.\0002\000.\0009\000\040\000S\000H\000O\000R\000T\000\137\000T\000Y\000P\000E}{subsection.13.4.2}% 941
\BOOKMARK [3][-]{subsubsection.13.4.2.10}{\376\377\0001\0003\000.\0004\000.\0002\000.\0001\0000\000\040\000S\000H\000O\000R\000T\000\137\000S\000T\000R\000I\000N\000G\000\137\000I\000D\000E\000N\000T\000I\000F\000I\000E\000R}{subsection.13.4.2}% 942
\BOOKMARK [3][-]{subsubsection.13.4.2.11}{\376\377\0001\0003\000.\0004\000.\0002\000.\0001\0001\000\040\000S\000H\000O\000R\000T\000\137\000T\000Y\000P\000E\000\137\000S\000I\000Z\000E}{subsection.13.4.2}% 943
\BOOKMARK [3][-]{subsubsection.13.4.2.12}{\376\377\0001\0003\000.\0004\000.\0002\000.\0001\0002\000\040\000S\000H\000O\000R\000T\000\137\000T\000Y\000P\000E\000\137\000I\000N\000C\000R}{subsection.13.4.2}% 944
\BOOKMARK [3][-]{subsubsection.13.4.2.13}{\376\377\0001\0003\000.\0004\000.\0002\000.\0001\0003\000\040\000S\000T\000R\000I\000N\000G\000\137\000T\000Y\000P\000E}{subsection.13.4.2}% 945
\BOOKMARK [3][-]{subsubsection.13.4.2.14}{\376\377\0001\0003\000.\0004\000.\0002\000.\0001\0004\000\040\000S\000T\000R\000I\000N\000G\000\137\000S\000T\000R\000I\000N\000G\000\137\000I\000D\000E\000N\000T\000I\000F\000I\000E\000R}{subsection.13.4.2}% 946
\BOOKMARK [3][-]{subsubsection.13.4.2.15}{\376\377\0001\0003\000.\0004\000.\0002\000.\0001\0005\000\040\000M\000A\000X\000\137\000S\000T\000R\000I\000N\000G\000D\000A\000T\000A\000\137\000L\000E\000N\000G\000T\000H}{subsection.13.4.2}% 947
\BOOKMARK [3][-]{subsubsection.13.4.2.16}{\376\377\0001\0003\000.\0004\000.\0002\000.\0001\0006\000\040\000D\000E\000F\000A\000U\000L\000T\0003\0002\000B\000I\000T\000\137\000T\000Y\000P\000E\000\137\000S\000I\000Z\000E}{subsection.13.4.2}% 948
\BOOKMARK [3][-]{subsubsection.13.4.2.17}{\376\377\0001\0003\000.\0004\000.\0002\000.\0001\0007\000\040\000D\000E\000F\000A\000U\000L\000T\0003\0002\000B\000I\000T\000\137\000T\000Y\000P\000E\000\137\000I\000N\000C\000R}{subsection.13.4.2}% 949
\BOOKMARK [3][-]{subsubsection.13.4.2.18}{\376\377\0001\0003\000.\0004\000.\0002\000.\0001\0008\000\040\000S\000T\000R\000I\000N\000G\000\137\000I\000D\000E\000N\000T\000I\000F\000I\000E\000R\000\137\000S\000I\000Z\000E}{subsection.13.4.2}% 950
\BOOKMARK [3][-]{subsubsection.13.4.2.19}{\376\377\0001\0003\000.\0004\000.\0002\000.\0001\0009\000\040\000N\000A\000M\000E\000\137\000N\000O\000T\000\137\000F\000O\000U\000N\000D}{subsection.13.4.2}% 951
\BOOKMARK [3][-]{subsubsection.13.4.2.20}{\376\377\0001\0003\000.\0004\000.\0002\000.\0002\0000\000\040\000M\000A\000X\000\137\000N\000A\000M\000E\000\137\000L\000E\000N\000G\000T\000H}{subsection.13.4.2}% 952
\BOOKMARK [3][-]{subsubsection.13.4.2.21}{\376\377\0001\0003\000.\0004\000.\0002\000.\0002\0001\000\040\000B\000U\000I\000L\000D\000\137\000D\000A\000T\000A\000\137\000F\000A\000I\000L\000E\000D}{subsection.13.4.2}% 953
\BOOKMARK [3][-]{subsubsection.13.4.2.22}{\376\377\0001\0003\000.\0004\000.\0002\000.\0002\0002\000\040\000H\000E\000A\000D\000E\000R\000\137\000S\000I\000Z\000E}{subsection.13.4.2}% 954
\BOOKMARK [3][-]{subsubsection.13.4.2.23}{\376\377\0001\0003\000.\0004\000.\0002\000.\0002\0003\000\040\000V\000E\000R\000S\000I\000O\000N\000\137\000I\000D\000\137\0001}{subsection.13.4.2}% 955
\BOOKMARK [0][-]{chapter.14}{\376\377\0001\0004\000\040\000C\000l\000a\000s\000s\000\040\000D\000o\000c\000u\000m\000e\000n\000t\000a\000t\000i\000o\000n}{}% 956
\BOOKMARK [1][-]{section.14.1}{\376\377\0001\0004\000.\0001\000\040\000\137\000a\000c\000f\000U\000I\000D\000\040\000S\000t\000r\000u\000c\000t\000\040\000R\000e\000f\000e\000r\000e\000n\000c\000e}{chapter.14}% 957
\BOOKMARK [2][-]{subsection.14.1.1}{\376\377\0001\0004\000.\0001\000.\0001\000\040\000M\000e\000m\000b\000e\000r\000\040\000D\000a\000t\000a\000\040\000D\000o\000c\000u\000m\000e\000n\000t\000a\000t\000i\000o\000n}{section.14.1}% 958
\BOOKMARK [3][-]{subsubsection.14.1.1.1}{\376\377\0001\0004\000.\0001\000.\0001\000.\0001\000\040\000D\000a\000t\000a\0001}{subsection.14.1.1}% 959
\BOOKMARK [3][-]{subsubsection.14.1.1.2}{\376\377\0001\0004\000.\0001\000.\0001\000.\0002\000\040\000D\000a\000t\000a\0002}{subsection.14.1.1}% 960
\BOOKMARK [3][-]{subsubsection.14.1.1.3}{\376\377\0001\0004\000.\0001\000.\0001\000.\0003\000\040\000D\000a\000t\000a\0003}{subsection.14.1.1}% 961
\BOOKMARK [3][-]{subsubsection.14.1.1.4}{\376\377\0001\0004\000.\0001\000.\0001\000.\0004\000\040\000D\000a\000t\000a\0004}{subsection.14.1.1}% 962
\BOOKMARK [1][-]{section.14.2}{\376\377\0001\0004\000.\0002\000\040\000A\000A\000X\000\137\000A\000g\000g\000r\000e\000g\000a\000t\000e\000R\000e\000s\000u\000l\000t\000\040\000C\000l\000a\000s\000s\000\040\000R\000e\000f\000e\000r\000e\000n\000c\000e}{chapter.14}% 963
\BOOKMARK [2][-]{subsection.14.2.1}{\376\377\0001\0004\000.\0002\000.\0001\000\040\000D\000e\000s\000c\000r\000i\000p\000t\000i\000o\000n}{section.14.2}% 964
\BOOKMARK [2][-]{subsection.14.2.2}{\376\377\0001\0004\000.\0002\000.\0002\000\040\000C\000o\000n\000s\000t\000r\000u\000c\000t\000o\000r\000\040\000\046\000\040\000D\000e\000s\000t\000r\000u\000c\000t\000o\000r\000\040\000D\000o\000c\000u\000m\000e\000n\000t\000a\000t\000i\000o\000n}{section.14.2}% 965
\BOOKMARK [3][-]{subsubsection.14.2.2.1}{\376\377\0001\0004\000.\0002\000.\0002\000.\0001\000\040\000A\000A\000X\000\137\000A\000g\000g\000r\000e\000g\000a\000t\000e\000R\000e\000s\000u\000l\000t\000\050\000\051}{subsection.14.2.2}% 966
\BOOKMARK [3][-]{subsubsection.14.2.2.2}{\376\377\0001\0004\000.\0002\000.\0002\000.\0002\000\040\000\040\000A\000A\000X\000\137\000A\000g\000g\000r\000e\000g\000a\000t\000e\000R\000e\000s\000u\000l\000t\000\050\000\051}{subsection.14.2.2}% 967
\BOOKMARK [2][-]{subsection.14.2.3}{\376\377\0001\0004\000.\0002\000.\0003\000\040\000M\000e\000m\000b\000e\000r\000\040\000F\000u\000n\000c\000t\000i\000o\000n\000\040\000D\000o\000c\000u\000m\000e\000n\000t\000a\000t\000i\000o\000n}{section.14.2}% 968
\BOOKMARK [3][-]{subsubsection.14.2.3.1}{\376\377\0001\0004\000.\0002\000.\0003\000.\0001\000\040\000o\000p\000e\000r\000a\000t\000o\000r\000=\000\050\000\051}{subsection.14.2.3}% 969
\BOOKMARK [3][-]{subsubsection.14.2.3.2}{\376\377\0001\0004\000.\0002\000.\0003\000.\0002\000\040\000o\000p\000e\000r\000a\000t\000o\000r\000\040\000A\000A\000X\000\137\000R\000e\000s\000u\000l\000t\000\050\000\051}{subsection.14.2.3}% 970
\BOOKMARK [3][-]{subsubsection.14.2.3.3}{\376\377\0001\0004\000.\0002\000.\0003\000.\0003\000\040\000C\000h\000e\000c\000k\000\050\000\051}{subsection.14.2.3}% 971
\BOOKMARK [3][-]{subsubsection.14.2.3.4}{\376\377\0001\0004\000.\0002\000.\0003\000.\0004\000\040\000C\000l\000e\000a\000r\000\050\000\051}{subsection.14.2.3}% 972
\BOOKMARK [3][-]{subsubsection.14.2.3.5}{\376\377\0001\0004\000.\0002\000.\0003\000.\0005\000\040\000L\000a\000s\000t\000F\000a\000i\000l\000u\000r\000e\000\050\000\051}{subsection.14.2.3}% 973
\BOOKMARK [3][-]{subsubsection.14.2.3.6}{\376\377\0001\0004\000.\0002\000.\0003\000.\0006\000\040\000N\000u\000m\000F\000a\000i\000l\000e\000d\000\050\000\051}{subsection.14.2.3}% 974
\BOOKMARK [3][-]{subsubsection.14.2.3.7}{\376\377\0001\0004\000.\0002\000.\0003\000.\0007\000\040\000N\000u\000m\000S\000u\000c\000c\000e\000e\000d\000e\000d\000\050\000\051}{subsection.14.2.3}% 975
\BOOKMARK [3][-]{subsubsection.14.2.3.8}{\376\377\0001\0004\000.\0002\000.\0003\000.\0008\000\040\000N\000u\000m\000A\000t\000t\000e\000m\000p\000t\000e\000d\000\050\000\051}{subsection.14.2.3}% 976
\BOOKMARK [1][-]{section.14.3}{\376\377\0001\0004\000.\0003\000\040\000A\000A\000X\000\137\000C\000A\000r\000r\000a\000y\000D\000a\000t\000a\000B\000u\000f\000f\000e\000r\000<\000\040\000D\000\040\000>\000\040\000C\000l\000a\000s\000s\000\040\000T\000e\000m\000p\000l\000a\000t\000e\000\040\000R\000e\000f\000e\000r\000e\000n\000c\000e}{chapter.14}% 977
\BOOKMARK [2][-]{subsection.14.3.1}{\376\377\0001\0004\000.\0003\000.\0001\000\040\000D\000e\000s\000c\000r\000i\000p\000t\000i\000o\000n}{section.14.3}% 978
\BOOKMARK [2][-]{subsection.14.3.2}{\376\377\0001\0004\000.\0003\000.\0002\000\040\000C\000o\000n\000s\000t\000r\000u\000c\000t\000o\000r\000\040\000\046\000\040\000D\000e\000s\000t\000r\000u\000c\000t\000o\000r\000\040\000D\000o\000c\000u\000m\000e\000n\000t\000a\000t\000i\000o\000n}{section.14.3}% 979
\BOOKMARK [3][-]{subsubsection.14.3.2.1}{\376\377\0001\0004\000.\0003\000.\0002\000.\0001\000\040\000A\000A\000X\000\137\000C\000A\000r\000r\000a\000y\000D\000a\000t\000a\000B\000u\000f\000f\000e\000r\000\050\000\051\000\040\000[\0001\000/\0004\000]}{subsection.14.3.2}% 980
\BOOKMARK [3][-]{subsubsection.14.3.2.2}{\376\377\0001\0004\000.\0003\000.\0002\000.\0002\000\040\000A\000A\000X\000\137\000C\000A\000r\000r\000a\000y\000D\000a\000t\000a\000B\000u\000f\000f\000e\000r\000\050\000\051\000\040\000[\0002\000/\0004\000]}{subsection.14.3.2}% 981
\BOOKMARK [3][-]{subsubsection.14.3.2.3}{\376\377\0001\0004\000.\0003\000.\0002\000.\0003\000\040\000A\000A\000X\000\137\000C\000A\000r\000r\000a\000y\000D\000a\000t\000a\000B\000u\000f\000f\000e\000r\000\050\000\051\000\040\000[\0003\000/\0004\000]}{subsection.14.3.2}% 982
\BOOKMARK [3][-]{subsubsection.14.3.2.4}{\376\377\0001\0004\000.\0003\000.\0002\000.\0004\000\040\000A\000A\000X\000\137\000C\000A\000r\000r\000a\000y\000D\000a\000t\000a\000B\000u\000f\000f\000e\000r\000\050\000\051\000\040\000[\0004\000/\0004\000]}{subsection.14.3.2}% 983
\BOOKMARK [3][-]{subsubsection.14.3.2.5}{\376\377\0001\0004\000.\0003\000.\0002\000.\0005\000\040\000\040\000A\000A\000X\000\137\000C\000A\000r\000r\000a\000y\000D\000a\000t\000a\000B\000u\000f\000f\000e\000r\000\050\000\051}{subsection.14.3.2}% 984
\BOOKMARK [2][-]{subsection.14.3.3}{\376\377\0001\0004\000.\0003\000.\0003\000\040\000M\000e\000m\000b\000e\000r\000\040\000F\000u\000n\000c\000t\000i\000o\000n\000\040\000D\000o\000c\000u\000m\000e\000n\000t\000a\000t\000i\000o\000n}{section.14.3}% 985
\BOOKMARK [3][-]{subsubsection.14.3.3.1}{\376\377\0001\0004\000.\0003\000.\0003\000.\0001\000\040\000o\000p\000e\000r\000a\000t\000o\000r\000=\000\050\000\051\000\040\000[\0001\000/\0002\000]}{subsection.14.3.3}% 986
\BOOKMARK [3][-]{subsubsection.14.3.3.2}{\376\377\0001\0004\000.\0003\000.\0003\000.\0002\000\040\000o\000p\000e\000r\000a\000t\000o\000r\000=\000\050\000\051\000\040\000[\0002\000/\0002\000]}{subsection.14.3.3}% 987
\BOOKMARK [3][-]{subsubsection.14.3.3.3}{\376\377\0001\0004\000.\0003\000.\0003\000.\0003\000\040\000T\000y\000p\000e\000\050\000\051}{subsection.14.3.3}% 988
\BOOKMARK [3][-]{subsubsection.14.3.3.4}{\376\377\0001\0004\000.\0003\000.\0003\000.\0004\000\040\000S\000i\000z\000e\000\050\000\051}{subsection.14.3.3}% 989
\BOOKMARK [3][-]{subsubsection.14.3.3.5}{\376\377\0001\0004\000.\0003\000.\0003\000.\0005\000\040\000D\000a\000t\000a\000\050\000\051}{subsection.14.3.3}% 990
\BOOKMARK [1][-]{section.14.4}{\376\377\0001\0004\000.\0004\000\040\000A\000A\000X\000\137\000C\000A\000r\000r\000a\000y\000D\000a\000t\000a\000B\000u\000f\000f\000e\000r\000O\000f\000T\000y\000p\000e\000<\000\040\000T\000,\000\040\000D\000\040\000>\000\040\000C\000l\000a\000s\000s\000\040\000T\000e\000m\000p\000l\000a\000t\000e\000\040\000R\000e\000f\000e\000r\000e\000n\000c\000e}{chapter.14}% 991
\BOOKMARK [2][-]{subsection.14.4.1}{\376\377\0001\0004\000.\0004\000.\0001\000\040\000D\000e\000s\000c\000r\000i\000p\000t\000i\000o\000n}{section.14.4}% 992
\BOOKMARK [2][-]{subsection.14.4.2}{\376\377\0001\0004\000.\0004\000.\0002\000\040\000C\000o\000n\000s\000t\000r\000u\000c\000t\000o\000r\000\040\000\046\000\040\000D\000e\000s\000t\000r\000u\000c\000t\000o\000r\000\040\000D\000o\000c\000u\000m\000e\000n\000t\000a\000t\000i\000o\000n}{section.14.4}% 993
\BOOKMARK [3][-]{subsubsection.14.4.2.1}{\376\377\0001\0004\000.\0004\000.\0002\000.\0001\000\040\000A\000A\000X\000\137\000C\000A\000r\000r\000a\000y\000D\000a\000t\000a\000B\000u\000f\000f\000e\000r\000O\000f\000T\000y\000p\000e\000\050\000\051\000\040\000[\0001\000/\0004\000]}{subsection.14.4.2}% 994
\BOOKMARK [3][-]{subsubsection.14.4.2.2}{\376\377\0001\0004\000.\0004\000.\0002\000.\0002\000\040\000A\000A\000X\000\137\000C\000A\000r\000r\000a\000y\000D\000a\000t\000a\000B\000u\000f\000f\000e\000r\000O\000f\000T\000y\000p\000e\000\050\000\051\000\040\000[\0002\000/\0004\000]}{subsection.14.4.2}% 995
\BOOKMARK [3][-]{subsubsection.14.4.2.3}{\376\377\0001\0004\000.\0004\000.\0002\000.\0003\000\040\000A\000A\000X\000\137\000C\000A\000r\000r\000a\000y\000D\000a\000t\000a\000B\000u\000f\000f\000e\000r\000O\000f\000T\000y\000p\000e\000\050\000\051\000\040\000[\0003\000/\0004\000]}{subsection.14.4.2}% 996
\BOOKMARK [3][-]{subsubsection.14.4.2.4}{\376\377\0001\0004\000.\0004\000.\0002\000.\0004\000\040\000A\000A\000X\000\137\000C\000A\000r\000r\000a\000y\000D\000a\000t\000a\000B\000u\000f\000f\000e\000r\000O\000f\000T\000y\000p\000e\000\050\000\051\000\040\000[\0004\000/\0004\000]}{subsection.14.4.2}% 997
\BOOKMARK [3][-]{subsubsection.14.4.2.5}{\376\377\0001\0004\000.\0004\000.\0002\000.\0005\000\040\000\040\000A\000A\000X\000\137\000C\000A\000r\000r\000a\000y\000D\000a\000t\000a\000B\000u\000f\000f\000e\000r\000O\000f\000T\000y\000p\000e\000\050\000\051}{subsection.14.4.2}% 998
\BOOKMARK [2][-]{subsection.14.4.3}{\376\377\0001\0004\000.\0004\000.\0003\000\040\000M\000e\000m\000b\000e\000r\000\040\000F\000u\000n\000c\000t\000i\000o\000n\000\040\000D\000o\000c\000u\000m\000e\000n\000t\000a\000t\000i\000o\000n}{section.14.4}% 999
\BOOKMARK [3][-]{subsubsection.14.4.3.1}{\376\377\0001\0004\000.\0004\000.\0003\000.\0001\000\040\000o\000p\000e\000r\000a\000t\000o\000r\000=\000\050\000\051\000\040\000[\0001\000/\0002\000]}{subsection.14.4.3}% 1000
\BOOKMARK [3][-]{subsubsection.14.4.3.2}{\376\377\0001\0004\000.\0004\000.\0003\000.\0002\000\040\000o\000p\000e\000r\000a\000t\000o\000r\000=\000\050\000\051\000\040\000[\0002\000/\0002\000]}{subsection.14.4.3}% 1001
\BOOKMARK [3][-]{subsubsection.14.4.3.3}{\376\377\0001\0004\000.\0004\000.\0003\000.\0003\000\040\000T\000y\000p\000e\000\050\000\051}{subsection.14.4.3}% 1002
\BOOKMARK [3][-]{subsubsection.14.4.3.4}{\376\377\0001\0004\000.\0004\000.\0003\000.\0004\000\040\000S\000i\000z\000e\000\050\000\051}{subsection.14.4.3}% 1003
\BOOKMARK [3][-]{subsubsection.14.4.3.5}{\376\377\0001\0004\000.\0004\000.\0003\000.\0005\000\040\000D\000a\000t\000a\000\050\000\051}{subsection.14.4.3}% 1004
\BOOKMARK [1][-]{section.14.5}{\376\377\0001\0004\000.\0005\000\040\000A\000A\000X\000\137\000C\000A\000t\000o\000m\000i\000c\000Q\000u\000e\000u\000e\000<\000\040\000T\000,\000\040\000S\000\040\000>\000\040\000C\000l\000a\000s\000s\000\040\000T\000e\000m\000p\000l\000a\000t\000e\000\040\000R\000e\000f\000e\000r\000e\000n\000c\000e}{chapter.14}% 1005
\BOOKMARK [2][-]{subsection.14.5.1}{\376\377\0001\0004\000.\0005\000.\0001\000\040\000D\000e\000s\000c\000r\000i\000p\000t\000i\000o\000n}{section.14.5}% 1006
\BOOKMARK [2][-]{subsection.14.5.2}{\376\377\0001\0004\000.\0005\000.\0002\000\040\000M\000e\000m\000b\000e\000r\000\040\000T\000y\000p\000e\000d\000e\000f\000\040\000D\000o\000c\000u\000m\000e\000n\000t\000a\000t\000i\000o\000n}{section.14.5}% 1007
\BOOKMARK [3][-]{subsubsection.14.5.2.1}{\376\377\0001\0004\000.\0005\000.\0002\000.\0001\000\040\000t\000e\000m\000p\000l\000a\000t\000e\000\137\000t\000y\000p\000e}{subsection.14.5.2}% 1008
\BOOKMARK [3][-]{subsubsection.14.5.2.2}{\376\377\0001\0004\000.\0005\000.\0002\000.\0002\000\040\000v\000a\000l\000u\000e\000\137\000t\000y\000p\000e}{subsection.14.5.2}% 1009
\BOOKMARK [2][-]{subsection.14.5.3}{\376\377\0001\0004\000.\0005\000.\0003\000\040\000C\000o\000n\000s\000t\000r\000u\000c\000t\000o\000r\000\040\000\046\000\040\000D\000e\000s\000t\000r\000u\000c\000t\000o\000r\000\040\000D\000o\000c\000u\000m\000e\000n\000t\000a\000t\000i\000o\000n}{section.14.5}% 1010
\BOOKMARK [3][-]{subsubsection.14.5.3.1}{\376\377\0001\0004\000.\0005\000.\0003\000.\0001\000\040\000\040\000A\000A\000X\000\137\000C\000A\000t\000o\000m\000i\000c\000Q\000u\000e\000u\000e\000\050\000\051}{subsection.14.5.3}% 1011
\BOOKMARK [3][-]{subsubsection.14.5.3.2}{\376\377\0001\0004\000.\0005\000.\0003\000.\0002\000\040\000A\000A\000X\000\137\000C\000A\000t\000o\000m\000i\000c\000Q\000u\000e\000u\000e\000\050\000\051}{subsection.14.5.3}% 1012
\BOOKMARK [2][-]{subsection.14.5.4}{\376\377\0001\0004\000.\0005\000.\0004\000\040\000M\000e\000m\000b\000e\000r\000\040\000F\000u\000n\000c\000t\000i\000o\000n\000\040\000D\000o\000c\000u\000m\000e\000n\000t\000a\000t\000i\000o\000n}{section.14.5}% 1013
\BOOKMARK [3][-]{subsubsection.14.5.4.1}{\376\377\0001\0004\000.\0005\000.\0004\000.\0001\000\040\000C\000l\000e\000a\000r\000\050\000\051}{subsection.14.5.4}% 1014
\BOOKMARK [3][-]{subsubsection.14.5.4.2}{\376\377\0001\0004\000.\0005\000.\0004\000.\0002\000\040\000P\000u\000s\000h\000\050\000\051}{subsection.14.5.4}% 1015
\BOOKMARK [3][-]{subsubsection.14.5.4.3}{\376\377\0001\0004\000.\0005\000.\0004\000.\0003\000\040\000P\000o\000p\000\050\000\051}{subsection.14.5.4}% 1016
\BOOKMARK [3][-]{subsubsection.14.5.4.4}{\376\377\0001\0004\000.\0005\000.\0004\000.\0004\000\040\000P\000e\000e\000k\000\050\000\051}{subsection.14.5.4}% 1017
\BOOKMARK [2][-]{subsection.14.5.5}{\376\377\0001\0004\000.\0005\000.\0005\000\040\000M\000e\000m\000b\000e\000r\000\040\000D\000a\000t\000a\000\040\000D\000o\000c\000u\000m\000e\000n\000t\000a\000t\000i\000o\000n}{section.14.5}% 1018
\BOOKMARK [3][-]{subsubsection.14.5.5.1}{\376\377\0001\0004\000.\0005\000.\0005\000.\0001\000\040\000t\000e\000m\000p\000l\000a\000t\000e\000\137\000s\000i\000z\000e}{subsection.14.5.5}% 1019
\BOOKMARK [1][-]{section.14.6}{\376\377\0001\0004\000.\0006\000\040\000A\000A\000X\000\137\000C\000A\000u\000t\000o\000r\000e\000l\000e\000a\000s\000e\000P\000o\000o\000l\000\040\000C\000l\000a\000s\000s\000\040\000R\000e\000f\000e\000r\000e\000n\000c\000e}{chapter.14}% 1020
\BOOKMARK [2][-]{subsection.14.6.1}{\376\377\0001\0004\000.\0006\000.\0001\000\040\000C\000o\000n\000s\000t\000r\000u\000c\000t\000o\000r\000\040\000\046\000\040\000D\000e\000s\000t\000r\000u\000c\000t\000o\000r\000\040\000D\000o\000c\000u\000m\000e\000n\000t\000a\000t\000i\000o\000n}{section.14.6}% 1021
\BOOKMARK [3][-]{subsubsection.14.6.1.1}{\376\377\0001\0004\000.\0006\000.\0001\000.\0001\000\040\000A\000A\000X\000\137\000C\000A\000u\000t\000o\000r\000e\000l\000e\000a\000s\000e\000P\000o\000o\000l\000\050\000\051}{subsection.14.6.1}% 1022
\BOOKMARK [3][-]{subsubsection.14.6.1.2}{\376\377\0001\0004\000.\0006\000.\0001\000.\0002\000\040\000\040\000A\000A\000X\000\137\000C\000A\000u\000t\000o\000r\000e\000l\000e\000a\000s\000e\000P\000o\000o\000l\000\050\000\051}{subsection.14.6.1}% 1023
\BOOKMARK [1][-]{section.14.7}{\376\377\0001\0004\000.\0007\000\040\000A\000A\000X\000\137\000C\000B\000i\000n\000a\000r\000y\000D\000i\000s\000p\000l\000a\000y\000D\000e\000l\000e\000g\000a\000t\000e\000<\000\040\000T\000\040\000>\000\040\000C\000l\000a\000s\000s\000\040\000T\000e\000m\000p\000l\000a\000t\000e\000\040\000R\000e\000f\000e\000r\000e\000n\000c\000e}{chapter.14}% 1024
\BOOKMARK [2][-]{subsection.14.7.1}{\376\377\0001\0004\000.\0007\000.\0001\000\040\000D\000e\000s\000c\000r\000i\000p\000t\000i\000o\000n}{section.14.7}% 1025
\BOOKMARK [2][-]{subsection.14.7.2}{\376\377\0001\0004\000.\0007\000.\0002\000\040\000C\000o\000n\000s\000t\000r\000u\000c\000t\000o\000r\000\040\000\046\000\040\000D\000e\000s\000t\000r\000u\000c\000t\000o\000r\000\040\000D\000o\000c\000u\000m\000e\000n\000t\000a\000t\000i\000o\000n}{section.14.7}% 1026
\BOOKMARK [3][-]{subsubsection.14.7.2.1}{\376\377\0001\0004\000.\0007\000.\0002\000.\0001\000\040\000A\000A\000X\000\137\000C\000B\000i\000n\000a\000r\000y\000D\000i\000s\000p\000l\000a\000y\000D\000e\000l\000e\000g\000a\000t\000e\000\050\000\051\000\040\000[\0001\000/\0002\000]}{subsection.14.7.2}% 1027
\BOOKMARK [3][-]{subsubsection.14.7.2.2}{\376\377\0001\0004\000.\0007\000.\0002\000.\0002\000\040\000A\000A\000X\000\137\000C\000B\000i\000n\000a\000r\000y\000D\000i\000s\000p\000l\000a\000y\000D\000e\000l\000e\000g\000a\000t\000e\000\050\000\051\000\040\000[\0002\000/\0002\000]}{subsection.14.7.2}% 1028
\BOOKMARK [2][-]{subsection.14.7.3}{\376\377\0001\0004\000.\0007\000.\0003\000\040\000M\000e\000m\000b\000e\000r\000\040\000F\000u\000n\000c\000t\000i\000o\000n\000\040\000D\000o\000c\000u\000m\000e\000n\000t\000a\000t\000i\000o\000n}{section.14.7}% 1029
\BOOKMARK [3][-]{subsubsection.14.7.3.1}{\376\377\0001\0004\000.\0007\000.\0003\000.\0001\000\040\000C\000l\000o\000n\000e\000\050\000\051}{subsection.14.7.3}% 1030
\BOOKMARK [3][-]{subsubsection.14.7.3.2}{\376\377\0001\0004\000.\0007\000.\0003\000.\0002\000\040\000V\000a\000l\000u\000e\000T\000o\000S\000t\000r\000i\000n\000g\000\050\000\051\000\040\000[\0001\000/\0002\000]}{subsection.14.7.3}% 1031
\BOOKMARK [3][-]{subsubsection.14.7.3.3}{\376\377\0001\0004\000.\0007\000.\0003\000.\0003\000\040\000V\000a\000l\000u\000e\000T\000o\000S\000t\000r\000i\000n\000g\000\050\000\051\000\040\000[\0002\000/\0002\000]}{subsection.14.7.3}% 1032
\BOOKMARK [3][-]{subsubsection.14.7.3.4}{\376\377\0001\0004\000.\0007\000.\0003\000.\0004\000\040\000S\000t\000r\000i\000n\000g\000T\000o\000V\000a\000l\000u\000e\000\050\000\051}{subsection.14.7.3}% 1033
\BOOKMARK [3][-]{subsubsection.14.7.3.5}{\376\377\0001\0004\000.\0007\000.\0003\000.\0005\000\040\000A\000d\000d\000S\000h\000o\000r\000t\000e\000n\000e\000d\000S\000t\000r\000i\000n\000g\000s\000\050\000\051}{subsection.14.7.3}% 1034
\BOOKMARK [1][-]{section.14.8}{\376\377\0001\0004\000.\0008\000\040\000A\000A\000X\000\137\000C\000B\000i\000n\000a\000r\000y\000T\000a\000p\000e\000r\000D\000e\000l\000e\000g\000a\000t\000e\000<\000\040\000T\000\040\000>\000\040\000C\000l\000a\000s\000s\000\040\000T\000e\000m\000p\000l\000a\000t\000e\000\040\000R\000e\000f\000e\000r\000e\000n\000c\000e}{chapter.14}% 1035
\BOOKMARK [2][-]{subsection.14.8.1}{\376\377\0001\0004\000.\0008\000.\0001\000\040\000D\000e\000s\000c\000r\000i\000p\000t\000i\000o\000n}{section.14.8}% 1036
\BOOKMARK [2][-]{subsection.14.8.2}{\376\377\0001\0004\000.\0008\000.\0002\000\040\000C\000o\000n\000s\000t\000r\000u\000c\000t\000o\000r\000\040\000\046\000\040\000D\000e\000s\000t\000r\000u\000c\000t\000o\000r\000\040\000D\000o\000c\000u\000m\000e\000n\000t\000a\000t\000i\000o\000n}{section.14.8}% 1037
\BOOKMARK [3][-]{subsubsection.14.8.2.1}{\376\377\0001\0004\000.\0008\000.\0002\000.\0001\000\040\000A\000A\000X\000\137\000C\000B\000i\000n\000a\000r\000y\000T\000a\000p\000e\000r\000D\000e\000l\000e\000g\000a\000t\000e\000\050\000\051}{subsection.14.8.2}% 1038
\BOOKMARK [2][-]{subsection.14.8.3}{\376\377\0001\0004\000.\0008\000.\0003\000\040\000M\000e\000m\000b\000e\000r\000\040\000F\000u\000n\000c\000t\000i\000o\000n\000\040\000D\000o\000c\000u\000m\000e\000n\000t\000a\000t\000i\000o\000n}{section.14.8}% 1039
\BOOKMARK [3][-]{subsubsection.14.8.3.1}{\376\377\0001\0004\000.\0008\000.\0003\000.\0001\000\040\000C\000l\000o\000n\000e\000\050\000\051}{subsection.14.8.3}% 1040
\BOOKMARK [3][-]{subsubsection.14.8.3.2}{\376\377\0001\0004\000.\0008\000.\0003\000.\0002\000\040\000G\000e\000t\000M\000a\000x\000i\000m\000u\000m\000V\000a\000l\000u\000e\000\050\000\051}{subsection.14.8.3}% 1041
\BOOKMARK [3][-]{subsubsection.14.8.3.3}{\376\377\0001\0004\000.\0008\000.\0003\000.\0003\000\040\000G\000e\000t\000M\000i\000n\000i\000m\000u\000m\000V\000a\000l\000u\000e\000\050\000\051}{subsection.14.8.3}% 1042
\BOOKMARK [3][-]{subsubsection.14.8.3.4}{\376\377\0001\0004\000.\0008\000.\0003\000.\0004\000\040\000C\000o\000n\000s\000t\000r\000a\000i\000n\000R\000e\000a\000l\000V\000a\000l\000u\000e\000\050\000\051}{subsection.14.8.3}% 1043
\BOOKMARK [3][-]{subsubsection.14.8.3.5}{\376\377\0001\0004\000.\0008\000.\0003\000.\0005\000\040\000N\000o\000r\000m\000a\000l\000i\000z\000e\000d\000T\000o\000R\000e\000a\000l\000\050\000\051}{subsection.14.8.3}% 1044
\BOOKMARK [3][-]{subsubsection.14.8.3.6}{\376\377\0001\0004\000.\0008\000.\0003\000.\0006\000\040\000R\000e\000a\000l\000T\000o\000N\000o\000r\000m\000a\000l\000i\000z\000e\000d\000\050\000\051}{subsection.14.8.3}% 1045
\BOOKMARK [1][-]{section.14.9}{\376\377\0001\0004\000.\0009\000\040\000A\000A\000X\000\137\000C\000C\000h\000u\000n\000k\000D\000a\000t\000a\000P\000a\000r\000s\000e\000r\000\040\000C\000l\000a\000s\000s\000\040\000R\000e\000f\000e\000r\000e\000n\000c\000e}{chapter.14}% 1046
\BOOKMARK [2][-]{subsection.14.9.1}{\376\377\0001\0004\000.\0009\000.\0001\000\040\000D\000e\000s\000c\000r\000i\000p\000t\000i\000o\000n}{section.14.9}% 1047
\BOOKMARK [2][-]{subsection.14.9.2}{\376\377\0001\0004\000.\0009\000.\0002\000\040\000C\000o\000n\000s\000t\000r\000u\000c\000t\000o\000r\000\040\000\046\000\040\000D\000e\000s\000t\000r\000u\000c\000t\000o\000r\000\040\000D\000o\000c\000u\000m\000e\000n\000t\000a\000t\000i\000o\000n}{section.14.9}% 1048
\BOOKMARK [3][-]{subsubsection.14.9.2.1}{\376\377\0001\0004\000.\0009\000.\0002\000.\0001\000\040\000A\000A\000X\000\137\000C\000C\000h\000u\000n\000k\000D\000a\000t\000a\000P\000a\000r\000s\000e\000r\000\050\000\051}{subsection.14.9.2}% 1049
\BOOKMARK [3][-]{subsubsection.14.9.2.2}{\376\377\0001\0004\000.\0009\000.\0002\000.\0002\000\040\000\040\000A\000A\000X\000\137\000C\000C\000h\000u\000n\000k\000D\000a\000t\000a\000P\000a\000r\000s\000e\000r\000\050\000\051}{subsection.14.9.2}% 1050
\BOOKMARK [2][-]{subsection.14.9.3}{\376\377\0001\0004\000.\0009\000.\0003\000\040\000M\000e\000m\000b\000e\000r\000\040\000F\000u\000n\000c\000t\000i\000o\000n\000\040\000D\000o\000c\000u\000m\000e\000n\000t\000a\000t\000i\000o\000n}{section.14.9}% 1051
\BOOKMARK [3][-]{subsubsection.14.9.3.1}{\376\377\0001\0004\000.\0009\000.\0003\000.\0001\000\040\000A\000d\000d\000F\000l\000o\000a\000t\000\050\000\051}{subsection.14.9.3}% 1052
\BOOKMARK [3][-]{subsubsection.14.9.3.2}{\376\377\0001\0004\000.\0009\000.\0003\000.\0002\000\040\000A\000d\000d\000D\000o\000u\000b\000l\000e\000\050\000\051}{subsection.14.9.3}% 1053
\BOOKMARK [3][-]{subsubsection.14.9.3.3}{\376\377\0001\0004\000.\0009\000.\0003\000.\0003\000\040\000A\000d\000d\000I\000n\000t\0003\0002\000\050\000\051}{subsection.14.9.3}% 1054
\BOOKMARK [3][-]{subsubsection.14.9.3.4}{\376\377\0001\0004\000.\0009\000.\0003\000.\0004\000\040\000A\000d\000d\000I\000n\000t\0001\0006\000\050\000\051}{subsection.14.9.3}% 1055
\BOOKMARK [3][-]{subsubsection.14.9.3.5}{\376\377\0001\0004\000.\0009\000.\0003\000.\0005\000\040\000A\000d\000d\000S\000t\000r\000i\000n\000g\000\050\000\051}{subsection.14.9.3}% 1056
\BOOKMARK [3][-]{subsubsection.14.9.3.6}{\376\377\0001\0004\000.\0009\000.\0003\000.\0006\000\040\000F\000i\000n\000d\000F\000l\000o\000a\000t\000\050\000\051}{subsection.14.9.3}% 1057
\BOOKMARK [3][-]{subsubsection.14.9.3.7}{\376\377\0001\0004\000.\0009\000.\0003\000.\0007\000\040\000F\000i\000n\000d\000D\000o\000u\000b\000l\000e\000\050\000\051}{subsection.14.9.3}% 1058
\BOOKMARK [3][-]{subsubsection.14.9.3.8}{\376\377\0001\0004\000.\0009\000.\0003\000.\0008\000\040\000F\000i\000n\000d\000I\000n\000t\0003\0002\000\050\000\051}{subsection.14.9.3}% 1059
\BOOKMARK [3][-]{subsubsection.14.9.3.9}{\376\377\0001\0004\000.\0009\000.\0003\000.\0009\000\040\000F\000i\000n\000d\000I\000n\000t\0001\0006\000\050\000\051}{subsection.14.9.3}% 1060
\BOOKMARK [3][-]{subsubsection.14.9.3.10}{\376\377\0001\0004\000.\0009\000.\0003\000.\0001\0000\000\040\000F\000i\000n\000d\000S\000t\000r\000i\000n\000g\000\050\000\051}{subsection.14.9.3}% 1061
\BOOKMARK [3][-]{subsubsection.14.9.3.11}{\376\377\0001\0004\000.\0009\000.\0003\000.\0001\0001\000\040\000R\000e\000p\000l\000a\000c\000e\000D\000o\000u\000b\000l\000e\000\050\000\051}{subsection.14.9.3}% 1062
\BOOKMARK [3][-]{subsubsection.14.9.3.12}{\376\377\0001\0004\000.\0009\000.\0003\000.\0001\0002\000\040\000G\000e\000t\000C\000h\000u\000n\000k\000D\000a\000t\000a\000\050\000\051}{subsection.14.9.3}% 1063
\BOOKMARK [3][-]{subsubsection.14.9.3.13}{\376\377\0001\0004\000.\0009\000.\0003\000.\0001\0003\000\040\000G\000e\000t\000C\000h\000u\000n\000k\000D\000a\000t\000a\000S\000i\000z\000e\000\050\000\051}{subsection.14.9.3}% 1064
\BOOKMARK [3][-]{subsubsection.14.9.3.14}{\376\377\0001\0004\000.\0009\000.\0003\000.\0001\0004\000\040\000G\000e\000t\000C\000h\000u\000n\000k\000V\000e\000r\000s\000i\000o\000n\000\050\000\051}{subsection.14.9.3}% 1065
\BOOKMARK [3][-]{subsubsection.14.9.3.15}{\376\377\0001\0004\000.\0009\000.\0003\000.\0001\0005\000\040\000I\000s\000E\000m\000p\000t\000y\000\050\000\051}{subsection.14.9.3}% 1066
\BOOKMARK [3][-]{subsubsection.14.9.3.16}{\376\377\0001\0004\000.\0009\000.\0003\000.\0001\0006\000\040\000C\000l\000e\000a\000r\000\050\000\051}{subsection.14.9.3}% 1067
\BOOKMARK [3][-]{subsubsection.14.9.3.17}{\376\377\0001\0004\000.\0009\000.\0003\000.\0001\0007\000\040\000L\000o\000a\000d\000C\000h\000u\000n\000k\000\050\000\051}{subsection.14.9.3}% 1068
\BOOKMARK [3][-]{subsubsection.14.9.3.18}{\376\377\0001\0004\000.\0009\000.\0003\000.\0001\0008\000\040\000W\000o\000r\000d\000A\000l\000i\000g\000n\000\050\000\051\000\040\000[\0001\000/\0002\000]}{subsection.14.9.3}% 1069
\BOOKMARK [3][-]{subsubsection.14.9.3.19}{\376\377\0001\0004\000.\0009\000.\0003\000.\0001\0009\000\040\000W\000o\000r\000d\000A\000l\000i\000g\000n\000\050\000\051\000\040\000[\0002\000/\0002\000]}{subsection.14.9.3}% 1070
\BOOKMARK [3][-]{subsubsection.14.9.3.20}{\376\377\0001\0004\000.\0009\000.\0003\000.\0002\0000\000\040\000F\000i\000n\000d\000N\000a\000m\000e\000\050\000\051}{subsection.14.9.3}% 1071
\BOOKMARK [2][-]{subsection.14.9.4}{\376\377\0001\0004\000.\0009\000.\0004\000\040\000M\000e\000m\000b\000e\000r\000\040\000D\000a\000t\000a\000\040\000D\000o\000c\000u\000m\000e\000n\000t\000a\000t\000i\000o\000n}{section.14.9}% 1072
\BOOKMARK [3][-]{subsubsection.14.9.4.1}{\376\377\0001\0004\000.\0009\000.\0004\000.\0001\000\040\000m\000L\000a\000s\000t\000F\000o\000u\000n\000d\000I\000n\000d\000e\000x}{subsection.14.9.4}% 1073
\BOOKMARK [3][-]{subsubsection.14.9.4.2}{\376\377\0001\0004\000.\0009\000.\0004\000.\0002\000\040\000m\000C\000h\000u\000n\000k\000D\000a\000t\000a}{subsection.14.9.4}% 1074
\BOOKMARK [3][-]{subsubsection.14.9.4.3}{\376\377\0001\0004\000.\0009\000.\0004\000.\0003\000\040\000m\000C\000h\000u\000n\000k\000V\000e\000r\000s\000i\000o\000n}{subsection.14.9.4}% 1075
\BOOKMARK [3][-]{subsubsection.14.9.4.4}{\376\377\0001\0004\000.\0009\000.\0004\000.\0004\000\040\000m\000D\000a\000t\000a\000V\000a\000l\000u\000e\000s}{subsection.14.9.4}% 1076
\BOOKMARK [1][-]{section.14.10}{\376\377\0001\0004\000.\0001\0000\000\040\000A\000A\000X\000\137\000C\000D\000e\000c\000i\000b\000e\000l\000D\000i\000s\000p\000l\000a\000y\000D\000e\000l\000e\000g\000a\000t\000e\000D\000e\000c\000o\000r\000a\000t\000o\000r\000<\000\040\000T\000\040\000>\000\040\000C\000l\000a\000s\000s\000\040\000T\000e\000m\000p\000l\000a\000t\000e\000\040\000R\000e\000f\000e\000r\000e\000n\000c\000e}{chapter.14}% 1077
\BOOKMARK [2][-]{subsection.14.10.1}{\376\377\0001\0004\000.\0001\0000\000.\0001\000\040\000D\000e\000s\000c\000r\000i\000p\000t\000i\000o\000n}{section.14.10}% 1078
\BOOKMARK [2][-]{subsection.14.10.2}{\376\377\0001\0004\000.\0001\0000\000.\0002\000\040\000C\000o\000n\000s\000t\000r\000u\000c\000t\000o\000r\000\040\000\046\000\040\000D\000e\000s\000t\000r\000u\000c\000t\000o\000r\000\040\000D\000o\000c\000u\000m\000e\000n\000t\000a\000t\000i\000o\000n}{section.14.10}% 1079
\BOOKMARK [3][-]{subsubsection.14.10.2.1}{\376\377\0001\0004\000.\0001\0000\000.\0002\000.\0001\000\040\000A\000A\000X\000\137\000C\000D\000e\000c\000i\000b\000e\000l\000D\000i\000s\000p\000l\000a\000y\000D\000e\000l\000e\000g\000a\000t\000e\000D\000e\000c\000o\000r\000a\000t\000o\000r\000\050\000\051}{subsection.14.10.2}% 1080
\BOOKMARK [2][-]{subsection.14.10.3}{\376\377\0001\0004\000.\0001\0000\000.\0003\000\040\000M\000e\000m\000b\000e\000r\000\040\000F\000u\000n\000c\000t\000i\000o\000n\000\040\000D\000o\000c\000u\000m\000e\000n\000t\000a\000t\000i\000o\000n}{section.14.10}% 1081
\BOOKMARK [3][-]{subsubsection.14.10.3.1}{\376\377\0001\0004\000.\0001\0000\000.\0003\000.\0001\000\040\000C\000l\000o\000n\000e\000\050\000\051}{subsection.14.10.3}% 1082
\BOOKMARK [3][-]{subsubsection.14.10.3.2}{\376\377\0001\0004\000.\0001\0000\000.\0003\000.\0002\000\040\000V\000a\000l\000u\000e\000T\000o\000S\000t\000r\000i\000n\000g\000\050\000\051\000\040\000[\0001\000/\0002\000]}{subsection.14.10.3}% 1083
\BOOKMARK [3][-]{subsubsection.14.10.3.3}{\376\377\0001\0004\000.\0001\0000\000.\0003\000.\0003\000\040\000V\000a\000l\000u\000e\000T\000o\000S\000t\000r\000i\000n\000g\000\050\000\051\000\040\000[\0002\000/\0002\000]}{subsection.14.10.3}% 1084
\BOOKMARK [3][-]{subsubsection.14.10.3.4}{\376\377\0001\0004\000.\0001\0000\000.\0003\000.\0004\000\040\000S\000t\000r\000i\000n\000g\000T\000o\000V\000a\000l\000u\000e\000\050\000\051}{subsection.14.10.3}% 1085
\BOOKMARK [1][-]{section.14.11}{\376\377\0001\0004\000.\0001\0001\000\040\000A\000A\000X\000\137\000C\000E\000f\000f\000e\000c\000t\000D\000i\000r\000e\000c\000t\000D\000a\000t\000a\000\040\000C\000l\000a\000s\000s\000\040\000R\000e\000f\000e\000r\000e\000n\000c\000e}{chapter.14}% 1086
\BOOKMARK [2][-]{subsection.14.11.1}{\376\377\0001\0004\000.\0001\0001\000.\0001\000\040\000D\000e\000s\000c\000r\000i\000p\000t\000i\000o\000n}{section.14.11}% 1087
\BOOKMARK [2][-]{subsection.14.11.2}{\376\377\0001\0004\000.\0001\0001\000.\0002\000\040\000C\000o\000n\000s\000t\000r\000u\000c\000t\000o\000r\000\040\000\046\000\040\000D\000e\000s\000t\000r\000u\000c\000t\000o\000r\000\040\000D\000o\000c\000u\000m\000e\000n\000t\000a\000t\000i\000o\000n}{section.14.11}% 1088
\BOOKMARK [3][-]{subsubsection.14.11.2.1}{\376\377\0001\0004\000.\0001\0001\000.\0002\000.\0001\000\040\000A\000A\000X\000\137\000C\000E\000f\000f\000e\000c\000t\000D\000i\000r\000e\000c\000t\000D\000a\000t\000a\000\050\000\051}{subsection.14.11.2}% 1089
\BOOKMARK [3][-]{subsubsection.14.11.2.2}{\376\377\0001\0004\000.\0001\0001\000.\0002\000.\0002\000\040\000\040\000A\000A\000X\000\137\000C\000E\000f\000f\000e\000c\000t\000D\000i\000r\000e\000c\000t\000D\000a\000t\000a\000\050\000\051}{subsection.14.11.2}% 1090
\BOOKMARK [2][-]{subsection.14.11.3}{\376\377\0001\0004\000.\0001\0001\000.\0003\000\040\000M\000e\000m\000b\000e\000r\000\040\000F\000u\000n\000c\000t\000i\000o\000n\000\040\000D\000o\000c\000u\000m\000e\000n\000t\000a\000t\000i\000o\000n}{section.14.11}% 1091
\BOOKMARK [3][-]{subsubsection.14.11.3.1}{\376\377\0001\0004\000.\0001\0001\000.\0003\000.\0001\000\040\000I\000n\000i\000t\000i\000a\000l\000i\000z\000e\000\050\000\051}{subsection.14.11.3}% 1092
\BOOKMARK [3][-]{subsubsection.14.11.3.2}{\376\377\0001\0004\000.\0001\0001\000.\0003\000.\0002\000\040\000U\000n\000i\000n\000i\000t\000i\000a\000l\000i\000z\000e\000\050\000\051}{subsection.14.11.3}% 1093
\BOOKMARK [3][-]{subsubsection.14.11.3.3}{\376\377\0001\0004\000.\0001\0001\000.\0003\000.\0003\000\040\000T\000i\000m\000e\000r\000W\000a\000k\000e\000u\000p\000\050\000\051}{subsection.14.11.3}% 1094
\BOOKMARK [3][-]{subsubsection.14.11.3.4}{\376\377\0001\0004\000.\0001\0001\000.\0003\000.\0004\000\040\000N\000o\000t\000i\000f\000i\000c\000a\000t\000i\000o\000n\000R\000e\000c\000e\000i\000v\000e\000d\000\050\000\051}{subsection.14.11.3}% 1095
\BOOKMARK [3][-]{subsubsection.14.11.3.5}{\376\377\0001\0004\000.\0001\0001\000.\0003\000.\0005\000\040\000C\000o\000n\000t\000r\000o\000l\000l\000e\000r\000\050\000\051}{subsection.14.11.3}% 1096
\BOOKMARK [3][-]{subsubsection.14.11.3.6}{\376\377\0001\0004\000.\0001\0001\000.\0003\000.\0006\000\040\000E\000f\000f\000e\000c\000t\000P\000a\000r\000a\000m\000e\000t\000e\000r\000s\000\050\000\051}{subsection.14.11.3}% 1097
\BOOKMARK [3][-]{subsubsection.14.11.3.7}{\376\377\0001\0004\000.\0001\0001\000.\0003\000.\0007\000\040\000I\000n\000i\000t\000i\000a\000l\000i\000z\000e\000\137\000P\000r\000i\000v\000a\000t\000e\000D\000a\000t\000a\000A\000c\000c\000e\000s\000s\000\050\000\051}{subsection.14.11.3}% 1098
\BOOKMARK [3][-]{subsubsection.14.11.3.8}{\376\377\0001\0004\000.\0001\0001\000.\0003\000.\0008\000\040\000T\000i\000m\000e\000r\000W\000a\000k\000e\000u\000p\000\137\000P\000r\000i\000v\000a\000t\000e\000D\000a\000t\000a\000A\000c\000c\000e\000s\000s\000\050\000\051}{subsection.14.11.3}% 1099
\BOOKMARK [1][-]{section.14.12}{\376\377\0001\0004\000.\0001\0002\000\040\000A\000A\000X\000\137\000C\000E\000f\000f\000e\000c\000t\000G\000U\000I\000\040\000C\000l\000a\000s\000s\000\040\000R\000e\000f\000e\000r\000e\000n\000c\000e}{chapter.14}% 1100
\BOOKMARK [2][-]{subsection.14.12.1}{\376\377\0001\0004\000.\0001\0002\000.\0001\000\040\000D\000e\000s\000c\000r\000i\000p\000t\000i\000o\000n}{section.14.12}% 1101
\BOOKMARK [2][-]{subsection.14.12.2}{\376\377\0001\0004\000.\0001\0002\000.\0002\000\040\000C\000o\000n\000s\000t\000r\000u\000c\000t\000o\000r\000\040\000\046\000\040\000D\000e\000s\000t\000r\000u\000c\000t\000o\000r\000\040\000D\000o\000c\000u\000m\000e\000n\000t\000a\000t\000i\000o\000n}{section.14.12}% 1102
\BOOKMARK [3][-]{subsubsection.14.12.2.1}{\376\377\0001\0004\000.\0001\0002\000.\0002\000.\0001\000\040\000A\000A\000X\000\137\000C\000E\000f\000f\000e\000c\000t\000G\000U\000I\000\050\000\051}{subsection.14.12.2}% 1103
\BOOKMARK [3][-]{subsubsection.14.12.2.2}{\376\377\0001\0004\000.\0001\0002\000.\0002\000.\0002\000\040\000\040\000A\000A\000X\000\137\000C\000E\000f\000f\000e\000c\000t\000G\000U\000I\000\050\000\051}{subsection.14.12.2}% 1104
\BOOKMARK [2][-]{subsection.14.12.3}{\376\377\0001\0004\000.\0001\0002\000.\0003\000\040\000M\000e\000m\000b\000e\000r\000\040\000F\000u\000n\000c\000t\000i\000o\000n\000\040\000D\000o\000c\000u\000m\000e\000n\000t\000a\000t\000i\000o\000n}{section.14.12}% 1105
\BOOKMARK [3][-]{subsubsection.14.12.3.1}{\376\377\0001\0004\000.\0001\0002\000.\0003\000.\0001\000\040\000I\000n\000i\000t\000i\000a\000l\000i\000z\000e\000\050\000\051}{subsection.14.12.3}% 1106
\BOOKMARK [3][-]{subsubsection.14.12.3.2}{\376\377\0001\0004\000.\0001\0002\000.\0003\000.\0002\000\040\000U\000n\000i\000n\000i\000t\000i\000a\000l\000i\000z\000e\000\050\000\051}{subsection.14.12.3}% 1107
\BOOKMARK [3][-]{subsubsection.14.12.3.3}{\376\377\0001\0004\000.\0001\0002\000.\0003\000.\0003\000\040\000N\000o\000t\000i\000f\000i\000c\000a\000t\000i\000o\000n\000R\000e\000c\000e\000i\000v\000e\000d\000\050\000\051}{subsection.14.12.3}% 1108
\BOOKMARK [3][-]{subsubsection.14.12.3.4}{\376\377\0001\0004\000.\0001\0002\000.\0003\000.\0004\000\040\000S\000e\000t\000V\000i\000e\000w\000C\000o\000n\000t\000a\000i\000n\000e\000r\000\050\000\051}{subsection.14.12.3}% 1109
\BOOKMARK [3][-]{subsubsection.14.12.3.5}{\376\377\0001\0004\000.\0001\0002\000.\0003\000.\0005\000\040\000G\000e\000t\000V\000i\000e\000w\000S\000i\000z\000e\000\050\000\051}{subsection.14.12.3}% 1110
\BOOKMARK [3][-]{subsubsection.14.12.3.6}{\376\377\0001\0004\000.\0001\0002\000.\0003\000.\0006\000\040\000D\000r\000a\000w\000\050\000\051}{subsection.14.12.3}% 1111
\BOOKMARK [3][-]{subsubsection.14.12.3.7}{\376\377\0001\0004\000.\0001\0002\000.\0003\000.\0007\000\040\000T\000i\000m\000e\000r\000W\000a\000k\000e\000u\000p\000\050\000\051}{subsection.14.12.3}% 1112
\BOOKMARK [3][-]{subsubsection.14.12.3.8}{\376\377\0001\0004\000.\0001\0002\000.\0003\000.\0008\000\040\000P\000a\000r\000a\000m\000e\000t\000e\000r\000U\000p\000d\000a\000t\000e\000d\000\050\000\051}{subsection.14.12.3}% 1113
\BOOKMARK [3][-]{subsubsection.14.12.3.9}{\376\377\0001\0004\000.\0001\0002\000.\0003\000.\0009\000\040\000G\000e\000t\000C\000u\000s\000t\000o\000m\000L\000a\000b\000e\000l\000\050\000\051}{subsection.14.12.3}% 1114
\BOOKMARK [3][-]{subsubsection.14.12.3.10}{\376\377\0001\0004\000.\0001\0002\000.\0003\000.\0001\0000\000\040\000S\000e\000t\000C\000o\000n\000t\000r\000o\000l\000H\000i\000g\000h\000l\000i\000g\000h\000t\000I\000n\000f\000o\000\050\000\051}{subsection.14.12.3}% 1115
\BOOKMARK [3][-]{subsubsection.14.12.3.11}{\376\377\0001\0004\000.\0001\0002\000.\0003\000.\0001\0001\000\040\000C\000r\000e\000a\000t\000e\000V\000i\000e\000w\000C\000o\000n\000t\000e\000n\000t\000s\000\050\000\051}{subsection.14.12.3}% 1116
\BOOKMARK [3][-]{subsubsection.14.12.3.12}{\376\377\0001\0004\000.\0001\0002\000.\0003\000.\0001\0002\000\040\000C\000r\000e\000a\000t\000e\000V\000i\000e\000w\000C\000o\000n\000t\000a\000i\000n\000e\000r\000\050\000\051}{subsection.14.12.3}% 1117
\BOOKMARK [3][-]{subsubsection.14.12.3.13}{\376\377\0001\0004\000.\0001\0002\000.\0003\000.\0001\0003\000\040\000D\000e\000l\000e\000t\000e\000V\000i\000e\000w\000C\000o\000n\000t\000a\000i\000n\000e\000r\000\050\000\051}{subsection.14.12.3}% 1118
\BOOKMARK [3][-]{subsubsection.14.12.3.14}{\376\377\0001\0004\000.\0001\0002\000.\0003\000.\0001\0004\000\040\000U\000p\000d\000a\000t\000e\000A\000l\000l\000P\000a\000r\000a\000m\000e\000t\000e\000r\000s\000\050\000\051}{subsection.14.12.3}% 1119
\BOOKMARK [3][-]{subsubsection.14.12.3.15}{\376\377\0001\0004\000.\0001\0002\000.\0003\000.\0001\0005\000\040\000G\000e\000t\000C\000o\000n\000t\000r\000o\000l\000l\000e\000r\000\050\000\051\000\040\000[\0001\000/\0002\000]}{subsection.14.12.3}% 1120
\BOOKMARK [3][-]{subsubsection.14.12.3.16}{\376\377\0001\0004\000.\0001\0002\000.\0003\000.\0001\0006\000\040\000G\000e\000t\000C\000o\000n\000t\000r\000o\000l\000l\000e\000r\000\050\000\051\000\040\000[\0002\000/\0002\000]}{subsection.14.12.3}% 1121
\BOOKMARK [3][-]{subsubsection.14.12.3.17}{\376\377\0001\0004\000.\0001\0002\000.\0003\000.\0001\0007\000\040\000G\000e\000t\000E\000f\000f\000e\000c\000t\000P\000a\000r\000a\000m\000e\000t\000e\000r\000s\000\050\000\051\000\040\000[\0001\000/\0002\000]}{subsection.14.12.3}% 1122
\BOOKMARK [3][-]{subsubsection.14.12.3.18}{\376\377\0001\0004\000.\0001\0002\000.\0003\000.\0001\0008\000\040\000G\000e\000t\000E\000f\000f\000e\000c\000t\000P\000a\000r\000a\000m\000e\000t\000e\000r\000s\000\050\000\051\000\040\000[\0002\000/\0002\000]}{subsection.14.12.3}% 1123
\BOOKMARK [3][-]{subsubsection.14.12.3.19}{\376\377\0001\0004\000.\0001\0002\000.\0003\000.\0001\0009\000\040\000G\000e\000t\000V\000i\000e\000w\000C\000o\000n\000t\000a\000i\000n\000e\000r\000\050\000\051\000\040\000[\0001\000/\0002\000]}{subsection.14.12.3}% 1124
\BOOKMARK [3][-]{subsubsection.14.12.3.20}{\376\377\0001\0004\000.\0001\0002\000.\0003\000.\0002\0000\000\040\000G\000e\000t\000V\000i\000e\000w\000C\000o\000n\000t\000a\000i\000n\000e\000r\000\050\000\051\000\040\000[\0002\000/\0002\000]}{subsection.14.12.3}% 1125
\BOOKMARK [3][-]{subsubsection.14.12.3.21}{\376\377\0001\0004\000.\0001\0002\000.\0003\000.\0002\0001\000\040\000T\000r\000a\000n\000s\000p\000o\000r\000t\000\050\000\051\000\040\000[\0001\000/\0002\000]}{subsection.14.12.3}% 1126
\BOOKMARK [3][-]{subsubsection.14.12.3.22}{\376\377\0001\0004\000.\0001\0002\000.\0003\000.\0002\0002\000\040\000T\000r\000a\000n\000s\000p\000o\000r\000t\000\050\000\051\000\040\000[\0002\000/\0002\000]}{subsection.14.12.3}% 1127
\BOOKMARK [3][-]{subsubsection.14.12.3.23}{\376\377\0001\0004\000.\0001\0002\000.\0003\000.\0002\0003\000\040\000G\000e\000t\000V\000i\000e\000w\000C\000o\000n\000t\000a\000i\000n\000e\000r\000T\000y\000p\000e\000\050\000\051}{subsection.14.12.3}% 1128
\BOOKMARK [3][-]{subsubsection.14.12.3.24}{\376\377\0001\0004\000.\0001\0002\000.\0003\000.\0002\0004\000\040\000G\000e\000t\000V\000i\000e\000w\000C\000o\000n\000t\000a\000i\000n\000e\000r\000P\000t\000r\000\050\000\051}{subsection.14.12.3}% 1129
\BOOKMARK [1][-]{section.14.13}{\376\377\0001\0004\000.\0001\0003\000\040\000A\000A\000X\000\137\000C\000E\000f\000f\000e\000c\000t\000P\000a\000r\000a\000m\000e\000t\000e\000r\000s\000\040\000C\000l\000a\000s\000s\000\040\000R\000e\000f\000e\000r\000e\000n\000c\000e}{chapter.14}% 1130
\BOOKMARK [2][-]{subsection.14.13.1}{\376\377\0001\0004\000.\0001\0003\000.\0001\000\040\000D\000e\000s\000c\000r\000i\000p\000t\000i\000o\000n}{section.14.13}% 1131
\BOOKMARK [2][-]{subsection.14.13.2}{\376\377\0001\0004\000.\0001\0003\000.\0002\000\040\000R\000e\000l\000a\000t\000e\000d\000\040\000c\000l\000a\000s\000s\000e\000s}{section.14.13}% 1132
\BOOKMARK [2][-]{subsection.14.13.3}{\376\377\0001\0004\000.\0001\0003\000.\0003\000\040\000C\000o\000n\000s\000t\000r\000u\000c\000t\000o\000r\000\040\000\046\000\040\000D\000e\000s\000t\000r\000u\000c\000t\000o\000r\000\040\000D\000o\000c\000u\000m\000e\000n\000t\000a\000t\000i\000o\000n}{section.14.13}% 1133
\BOOKMARK [3][-]{subsubsection.14.13.3.1}{\376\377\0001\0004\000.\0001\0003\000.\0003\000.\0001\000\040\000A\000A\000X\000\137\000C\000E\000f\000f\000e\000c\000t\000P\000a\000r\000a\000m\000e\000t\000e\000r\000s\000\050\000\051}{subsection.14.13.3}% 1134
\BOOKMARK [3][-]{subsubsection.14.13.3.2}{\376\377\0001\0004\000.\0001\0003\000.\0003\000.\0002\000\040\000\040\000A\000A\000X\000\137\000C\000E\000f\000f\000e\000c\000t\000P\000a\000r\000a\000m\000e\000t\000e\000r\000s\000\050\000\051}{subsection.14.13.3}% 1135
\BOOKMARK [2][-]{subsection.14.13.4}{\376\377\0001\0004\000.\0001\0003\000.\0004\000\040\000M\000e\000m\000b\000e\000r\000\040\000F\000u\000n\000c\000t\000i\000o\000n\000\040\000D\000o\000c\000u\000m\000e\000n\000t\000a\000t\000i\000o\000n}{section.14.13}% 1136
\BOOKMARK [3][-]{subsubsection.14.13.4.1}{\376\377\0001\0004\000.\0001\0003\000.\0004\000.\0001\000\040\000o\000p\000e\000r\000a\000t\000o\000r\000=\000\050\000\051}{subsection.14.13.4}% 1137
\BOOKMARK [3][-]{subsubsection.14.13.4.2}{\376\377\0001\0004\000.\0001\0003\000.\0004\000.\0002\000\040\000I\000n\000i\000t\000i\000a\000l\000i\000z\000e\000\050\000\051}{subsection.14.13.4}% 1138
\BOOKMARK [3][-]{subsubsection.14.13.4.3}{\376\377\0001\0004\000.\0001\0003\000.\0004\000.\0003\000\040\000U\000n\000i\000n\000i\000t\000i\000a\000l\000i\000z\000e\000\050\000\051}{subsection.14.13.4}% 1139
\BOOKMARK [3][-]{subsubsection.14.13.4.4}{\376\377\0001\0004\000.\0001\0003\000.\0004\000.\0004\000\040\000N\000o\000t\000i\000f\000i\000c\000a\000t\000i\000o\000n\000R\000e\000c\000e\000i\000v\000e\000d\000\050\000\051}{subsection.14.13.4}% 1140
\BOOKMARK [3][-]{subsubsection.14.13.4.5}{\376\377\0001\0004\000.\0001\0003\000.\0004\000.\0005\000\040\000G\000e\000t\000N\000u\000m\000b\000e\000r\000O\000f\000P\000a\000r\000a\000m\000e\000t\000e\000r\000s\000\050\000\051}{subsection.14.13.4}% 1141
\BOOKMARK [3][-]{subsubsection.14.13.4.6}{\376\377\0001\0004\000.\0001\0003\000.\0004\000.\0006\000\040\000G\000e\000t\000M\000a\000s\000t\000e\000r\000B\000y\000p\000a\000s\000s\000P\000a\000r\000a\000m\000e\000t\000e\000r\000\050\000\051}{subsection.14.13.4}% 1142
\BOOKMARK [3][-]{subsubsection.14.13.4.7}{\376\377\0001\0004\000.\0001\0003\000.\0004\000.\0007\000\040\000G\000e\000t\000P\000a\000r\000a\000m\000e\000t\000e\000r\000I\000s\000A\000u\000t\000o\000m\000a\000t\000a\000b\000l\000e\000\050\000\051}{subsection.14.13.4}% 1143
\BOOKMARK [3][-]{subsubsection.14.13.4.8}{\376\377\0001\0004\000.\0001\0003\000.\0004\000.\0008\000\040\000G\000e\000t\000P\000a\000r\000a\000m\000e\000t\000e\000r\000N\000u\000m\000b\000e\000r\000O\000f\000S\000t\000e\000p\000s\000\050\000\051}{subsection.14.13.4}% 1144
\BOOKMARK [3][-]{subsubsection.14.13.4.9}{\376\377\0001\0004\000.\0001\0003\000.\0004\000.\0009\000\040\000G\000e\000t\000P\000a\000r\000a\000m\000e\000t\000e\000r\000N\000a\000m\000e\000\050\000\051}{subsection.14.13.4}% 1145
\BOOKMARK [3][-]{subsubsection.14.13.4.10}{\376\377\0001\0004\000.\0001\0003\000.\0004\000.\0001\0000\000\040\000G\000e\000t\000P\000a\000r\000a\000m\000e\000t\000e\000r\000N\000a\000m\000e\000O\000f\000L\000e\000n\000g\000t\000h\000\050\000\051}{subsection.14.13.4}% 1146
\BOOKMARK [3][-]{subsubsection.14.13.4.11}{\376\377\0001\0004\000.\0001\0003\000.\0004\000.\0001\0001\000\040\000G\000e\000t\000P\000a\000r\000a\000m\000e\000t\000e\000r\000D\000e\000f\000a\000u\000l\000t\000N\000o\000r\000m\000a\000l\000i\000z\000e\000d\000V\000a\000l\000u\000e\000\050\000\051}{subsection.14.13.4}% 1147
\BOOKMARK [3][-]{subsubsection.14.13.4.12}{\376\377\0001\0004\000.\0001\0003\000.\0004\000.\0001\0002\000\040\000S\000e\000t\000P\000a\000r\000a\000m\000e\000t\000e\000r\000D\000e\000f\000a\000u\000l\000t\000N\000o\000r\000m\000a\000l\000i\000z\000e\000d\000V\000a\000l\000u\000e\000\050\000\051}{subsection.14.13.4}% 1148
\BOOKMARK [3][-]{subsubsection.14.13.4.13}{\376\377\0001\0004\000.\0001\0003\000.\0004\000.\0001\0003\000\040\000G\000e\000t\000P\000a\000r\000a\000m\000e\000t\000e\000r\000T\000y\000p\000e\000\050\000\051}{subsection.14.13.4}% 1149
\BOOKMARK [3][-]{subsubsection.14.13.4.14}{\376\377\0001\0004\000.\0001\0003\000.\0004\000.\0001\0004\000\040\000G\000e\000t\000P\000a\000r\000a\000m\000e\000t\000e\000r\000O\000r\000i\000e\000n\000t\000a\000t\000i\000o\000n\000\050\000\051}{subsection.14.13.4}% 1150
\BOOKMARK [3][-]{subsubsection.14.13.4.15}{\376\377\0001\0004\000.\0001\0003\000.\0004\000.\0001\0005\000\040\000G\000e\000t\000P\000a\000r\000a\000m\000e\000t\000e\000r\000\050\000\051}{subsection.14.13.4}% 1151
\BOOKMARK [3][-]{subsubsection.14.13.4.16}{\376\377\0001\0004\000.\0001\0003\000.\0004\000.\0001\0006\000\040\000G\000e\000t\000P\000a\000r\000a\000m\000e\000t\000e\000r\000I\000n\000d\000e\000x\000\050\000\051}{subsection.14.13.4}% 1152
\BOOKMARK [3][-]{subsubsection.14.13.4.17}{\376\377\0001\0004\000.\0001\0003\000.\0004\000.\0001\0007\000\040\000G\000e\000t\000P\000a\000r\000a\000m\000e\000t\000e\000r\000I\000D\000F\000r\000o\000m\000I\000n\000d\000e\000x\000\050\000\051}{subsection.14.13.4}% 1153
\BOOKMARK [3][-]{subsubsection.14.13.4.18}{\376\377\0001\0004\000.\0001\0003\000.\0004\000.\0001\0008\000\040\000G\000e\000t\000P\000a\000r\000a\000m\000e\000t\000e\000r\000V\000a\000l\000u\000e\000I\000n\000f\000o\000\050\000\051}{subsection.14.13.4}% 1154
\BOOKMARK [3][-]{subsubsection.14.13.4.19}{\376\377\0001\0004\000.\0001\0003\000.\0004\000.\0001\0009\000\040\000G\000e\000t\000P\000a\000r\000a\000m\000e\000t\000e\000r\000V\000a\000l\000u\000e\000F\000r\000o\000m\000S\000t\000r\000i\000n\000g\000\050\000\051}{subsection.14.13.4}% 1155
\BOOKMARK [3][-]{subsubsection.14.13.4.20}{\376\377\0001\0004\000.\0001\0003\000.\0004\000.\0002\0000\000\040\000G\000e\000t\000P\000a\000r\000a\000m\000e\000t\000e\000r\000S\000t\000r\000i\000n\000g\000F\000r\000o\000m\000V\000a\000l\000u\000e\000\050\000\051}{subsection.14.13.4}% 1156
\BOOKMARK [3][-]{subsubsection.14.13.4.21}{\376\377\0001\0004\000.\0001\0003\000.\0004\000.\0002\0001\000\040\000G\000e\000t\000P\000a\000r\000a\000m\000e\000t\000e\000r\000V\000a\000l\000u\000e\000S\000t\000r\000i\000n\000g\000\050\000\051}{subsection.14.13.4}% 1157
\BOOKMARK [3][-]{subsubsection.14.13.4.22}{\376\377\0001\0004\000.\0001\0003\000.\0004\000.\0002\0002\000\040\000G\000e\000t\000P\000a\000r\000a\000m\000e\000t\000e\000r\000N\000o\000r\000m\000a\000l\000i\000z\000e\000d\000V\000a\000l\000u\000e\000\050\000\051}{subsection.14.13.4}% 1158
\BOOKMARK [3][-]{subsubsection.14.13.4.23}{\376\377\0001\0004\000.\0001\0003\000.\0004\000.\0002\0003\000\040\000S\000e\000t\000P\000a\000r\000a\000m\000e\000t\000e\000r\000N\000o\000r\000m\000a\000l\000i\000z\000e\000d\000V\000a\000l\000u\000e\000\050\000\051}{subsection.14.13.4}% 1159
\BOOKMARK [3][-]{subsubsection.14.13.4.24}{\376\377\0001\0004\000.\0001\0003\000.\0004\000.\0002\0004\000\040\000S\000e\000t\000P\000a\000r\000a\000m\000e\000t\000e\000r\000N\000o\000r\000m\000a\000l\000i\000z\000e\000d\000R\000e\000l\000a\000t\000i\000v\000e\000\050\000\051}{subsection.14.13.4}% 1160
\BOOKMARK [3][-]{subsubsection.14.13.4.25}{\376\377\0001\0004\000.\0001\0003\000.\0004\000.\0002\0005\000\040\000T\000o\000u\000c\000h\000P\000a\000r\000a\000m\000e\000t\000e\000r\000\050\000\051}{subsection.14.13.4}% 1161
\BOOKMARK [3][-]{subsubsection.14.13.4.26}{\376\377\0001\0004\000.\0001\0003\000.\0004\000.\0002\0006\000\040\000R\000e\000l\000e\000a\000s\000e\000P\000a\000r\000a\000m\000e\000t\000e\000r\000\050\000\051}{subsection.14.13.4}% 1162
\BOOKMARK [3][-]{subsubsection.14.13.4.27}{\376\377\0001\0004\000.\0001\0003\000.\0004\000.\0002\0007\000\040\000U\000p\000d\000a\000t\000e\000P\000a\000r\000a\000m\000e\000t\000e\000r\000T\000o\000u\000c\000h\000\050\000\051}{subsection.14.13.4}% 1163
\BOOKMARK [3][-]{subsubsection.14.13.4.28}{\376\377\0001\0004\000.\0001\0003\000.\0004\000.\0002\0008\000\040\000U\000p\000d\000a\000t\000e\000P\000a\000r\000a\000m\000e\000t\000e\000r\000N\000o\000r\000m\000a\000l\000i\000z\000e\000d\000V\000a\000l\000u\000e\000\050\000\051}{subsection.14.13.4}% 1164
\BOOKMARK [3][-]{subsubsection.14.13.4.29}{\376\377\0001\0004\000.\0001\0003\000.\0004\000.\0002\0009\000\040\000U\000p\000d\000a\000t\000e\000P\000a\000r\000a\000m\000e\000t\000e\000r\000N\000o\000r\000m\000a\000l\000i\000z\000e\000d\000R\000e\000l\000a\000t\000i\000v\000e\000\050\000\051}{subsection.14.13.4}% 1165
\BOOKMARK [3][-]{subsubsection.14.13.4.30}{\376\377\0001\0004\000.\0001\0003\000.\0004\000.\0003\0000\000\040\000G\000e\000n\000e\000r\000a\000t\000e\000C\000o\000e\000f\000f\000i\000c\000i\000e\000n\000t\000s\000\050\000\051}{subsection.14.13.4}% 1166
\BOOKMARK [3][-]{subsubsection.14.13.4.31}{\376\377\0001\0004\000.\0001\0003\000.\0004\000.\0003\0001\000\040\000R\000e\000s\000e\000t\000F\000i\000e\000l\000d\000D\000a\000t\000a\000\050\000\051}{subsection.14.13.4}% 1167
\BOOKMARK [3][-]{subsubsection.14.13.4.32}{\376\377\0001\0004\000.\0001\0003\000.\0004\000.\0003\0002\000\040\000G\000e\000t\000N\000u\000m\000b\000e\000r\000O\000f\000C\000h\000u\000n\000k\000s\000\050\000\051}{subsection.14.13.4}% 1168
\BOOKMARK [3][-]{subsubsection.14.13.4.33}{\376\377\0001\0004\000.\0001\0003\000.\0004\000.\0003\0003\000\040\000G\000e\000t\000C\000h\000u\000n\000k\000I\000D\000F\000r\000o\000m\000I\000n\000d\000e\000x\000\050\000\051}{subsection.14.13.4}% 1169
\BOOKMARK [3][-]{subsubsection.14.13.4.34}{\376\377\0001\0004\000.\0001\0003\000.\0004\000.\0003\0004\000\040\000G\000e\000t\000C\000h\000u\000n\000k\000S\000i\000z\000e\000\050\000\051}{subsection.14.13.4}% 1170
\BOOKMARK [3][-]{subsubsection.14.13.4.35}{\376\377\0001\0004\000.\0001\0003\000.\0004\000.\0003\0005\000\040\000G\000e\000t\000C\000h\000u\000n\000k\000\050\000\051}{subsection.14.13.4}% 1171
\BOOKMARK [3][-]{subsubsection.14.13.4.36}{\376\377\0001\0004\000.\0001\0003\000.\0004\000.\0003\0006\000\040\000S\000e\000t\000C\000h\000u\000n\000k\000\050\000\051}{subsection.14.13.4}% 1172
\BOOKMARK [3][-]{subsubsection.14.13.4.37}{\376\377\0001\0004\000.\0001\0003\000.\0004\000.\0003\0007\000\040\000C\000o\000m\000p\000a\000r\000e\000A\000c\000t\000i\000v\000e\000C\000h\000u\000n\000k\000\050\000\051}{subsection.14.13.4}% 1173
\BOOKMARK [3][-]{subsubsection.14.13.4.38}{\376\377\0001\0004\000.\0001\0003\000.\0004\000.\0003\0008\000\040\000G\000e\000t\000N\000u\000m\000b\000e\000r\000O\000f\000C\000h\000a\000n\000g\000e\000s\000\050\000\051}{subsection.14.13.4}% 1174
\BOOKMARK [3][-]{subsubsection.14.13.4.39}{\376\377\0001\0004\000.\0001\0003\000.\0004\000.\0003\0009\000\040\000T\000i\000m\000e\000r\000W\000a\000k\000e\000u\000p\000\050\000\051}{subsection.14.13.4}% 1175
\BOOKMARK [3][-]{subsubsection.14.13.4.40}{\376\377\0001\0004\000.\0001\0003\000.\0004\000.\0004\0000\000\040\000G\000e\000t\000C\000u\000r\000v\000e\000D\000a\000t\000a\000\050\000\051}{subsection.14.13.4}% 1176
\BOOKMARK [3][-]{subsubsection.14.13.4.41}{\376\377\0001\0004\000.\0001\0003\000.\0004\000.\0004\0001\000\040\000G\000e\000t\000C\000u\000r\000v\000e\000D\000a\000t\000a\000M\000e\000t\000e\000r\000I\000d\000s\000\050\000\051}{subsection.14.13.4}% 1177
\BOOKMARK [3][-]{subsubsection.14.13.4.42}{\376\377\0001\0004\000.\0001\0003\000.\0004\000.\0004\0002\000\040\000G\000e\000t\000C\000u\000r\000v\000e\000D\000a\000t\000a\000D\000i\000s\000p\000l\000a\000y\000R\000a\000n\000g\000e\000\050\000\051}{subsection.14.13.4}% 1178
\BOOKMARK [3][-]{subsubsection.14.13.4.43}{\376\377\0001\0004\000.\0001\0003\000.\0004\000.\0004\0003\000\040\000U\000p\000d\000a\000t\000e\000P\000a\000g\000e\000T\000a\000b\000l\000e\000\050\000\051\000\040\000[\0001\000/\0002\000]}{subsection.14.13.4}% 1179
\BOOKMARK [3][-]{subsubsection.14.13.4.44}{\376\377\0001\0004\000.\0001\0003\000.\0004\000.\0004\0004\000\040\000G\000e\000t\000C\000u\000s\000t\000o\000m\000D\000a\000t\000a\000\050\000\051}{subsection.14.13.4}% 1180
\BOOKMARK [3][-]{subsubsection.14.13.4.45}{\376\377\0001\0004\000.\0001\0003\000.\0004\000.\0004\0005\000\040\000S\000e\000t\000C\000u\000s\000t\000o\000m\000D\000a\000t\000a\000\050\000\051}{subsection.14.13.4}% 1181
\BOOKMARK [3][-]{subsubsection.14.13.4.46}{\376\377\0001\0004\000.\0001\0003\000.\0004\000.\0004\0006\000\040\000D\000o\000M\000I\000D\000I\000T\000r\000a\000n\000s\000f\000e\000r\000s\000\050\000\051}{subsection.14.13.4}% 1182
\BOOKMARK [3][-]{subsubsection.14.13.4.47}{\376\377\0001\0004\000.\0001\0003\000.\0004\000.\0004\0007\000\040\000U\000p\000d\000a\000t\000e\000M\000I\000D\000I\000N\000o\000d\000e\000s\000\050\000\051}{subsection.14.13.4}% 1183
\BOOKMARK [3][-]{subsubsection.14.13.4.48}{\376\377\0001\0004\000.\0001\0003\000.\0004\000.\0004\0008\000\040\000U\000p\000d\000a\000t\000e\000C\000o\000n\000t\000r\000o\000l\000M\000I\000D\000I\000N\000o\000d\000e\000s\000\050\000\051}{subsection.14.13.4}% 1184
\BOOKMARK [3][-]{subsubsection.14.13.4.49}{\376\377\0001\0004\000.\0001\0003\000.\0004\000.\0004\0009\000\040\000R\000e\000n\000d\000e\000r\000A\000u\000d\000i\000o\000\137\000H\000y\000b\000r\000i\000d\000\050\000\051}{subsection.14.13.4}% 1185
\BOOKMARK [3][-]{subsubsection.14.13.4.50}{\376\377\0001\0004\000.\0001\0003\000.\0004\000.\0005\0000\000\040\000C\000o\000n\000t\000r\000o\000l\000l\000e\000r\000\050\000\051\000\040\000[\0001\000/\0002\000]}{subsection.14.13.4}% 1186
\BOOKMARK [3][-]{subsubsection.14.13.4.51}{\376\377\0001\0004\000.\0001\0003\000.\0004\000.\0005\0001\000\040\000C\000o\000n\000t\000r\000o\000l\000l\000e\000r\000\050\000\051\000\040\000[\0002\000/\0002\000]}{subsection.14.13.4}% 1187
\BOOKMARK [3][-]{subsubsection.14.13.4.52}{\376\377\0001\0004\000.\0001\0003\000.\0004\000.\0005\0002\000\040\000T\000r\000a\000n\000s\000p\000o\000r\000t\000\050\000\051\000\040\000[\0001\000/\0002\000]}{subsection.14.13.4}% 1188
\BOOKMARK [3][-]{subsubsection.14.13.4.53}{\376\377\0001\0004\000.\0001\0003\000.\0004\000.\0005\0003\000\040\000T\000r\000a\000n\000s\000p\000o\000r\000t\000\050\000\051\000\040\000[\0002\000/\0002\000]}{subsection.14.13.4}% 1189
\BOOKMARK [3][-]{subsubsection.14.13.4.54}{\376\377\0001\0004\000.\0001\0003\000.\0004\000.\0005\0004\000\040\000A\000u\000t\000o\000m\000a\000t\000i\000o\000n\000D\000e\000l\000e\000g\000a\000t\000e\000\050\000\051\000\040\000[\0001\000/\0002\000]}{subsection.14.13.4}% 1190
\BOOKMARK [3][-]{subsubsection.14.13.4.55}{\376\377\0001\0004\000.\0001\0003\000.\0004\000.\0005\0005\000\040\000A\000u\000t\000o\000m\000a\000t\000i\000o\000n\000D\000e\000l\000e\000g\000a\000t\000e\000\050\000\051\000\040\000[\0002\000/\0002\000]}{subsection.14.13.4}% 1191
\BOOKMARK [3][-]{subsubsection.14.13.4.56}{\376\377\0001\0004\000.\0001\0003\000.\0004\000.\0005\0006\000\040\000S\000e\000t\000T\000a\000p\000e\000r\000D\000e\000l\000e\000g\000a\000t\000e\000\050\000\051}{subsection.14.13.4}% 1192
\BOOKMARK [3][-]{subsubsection.14.13.4.57}{\376\377\0001\0004\000.\0001\0003\000.\0004\000.\0005\0007\000\040\000S\000e\000t\000D\000i\000s\000p\000l\000a\000y\000D\000e\000l\000e\000g\000a\000t\000e\000\050\000\051}{subsection.14.13.4}% 1193
\BOOKMARK [3][-]{subsubsection.14.13.4.58}{\376\377\0001\0004\000.\0001\0003\000.\0004\000.\0005\0008\000\040\000I\000s\000P\000a\000r\000a\000m\000e\000t\000e\000r\000T\000o\000u\000c\000h\000e\000d\000\050\000\051}{subsection.14.13.4}% 1194
\BOOKMARK [3][-]{subsubsection.14.13.4.59}{\376\377\0001\0004\000.\0001\0003\000.\0004\000.\0005\0009\000\040\000I\000s\000P\000a\000r\000a\000m\000e\000t\000e\000r\000L\000i\000n\000k\000R\000e\000a\000d\000y\000\050\000\051}{subsection.14.13.4}% 1195
\BOOKMARK [3][-]{subsubsection.14.13.4.60}{\376\377\0001\0004\000.\0001\0003\000.\0004\000.\0006\0000\000\040\000E\000f\000f\000e\000c\000t\000I\000n\000i\000t\000\050\000\051}{subsection.14.13.4}% 1196
\BOOKMARK [3][-]{subsubsection.14.13.4.61}{\376\377\0001\0004\000.\0001\0003\000.\0004\000.\0006\0001\000\040\000U\000p\000d\000a\000t\000e\000P\000a\000g\000e\000T\000a\000b\000l\000e\000\050\000\051\000\040\000[\0002\000/\0002\000]}{subsection.14.13.4}% 1197
\BOOKMARK [3][-]{subsubsection.14.13.4.62}{\376\377\0001\0004\000.\0001\0003\000.\0004\000.\0006\0002\000\040\000F\000i\000l\000t\000e\000r\000P\000a\000r\000a\000m\000e\000t\000e\000r\000I\000D\000O\000n\000S\000a\000v\000e\000\050\000\051}{subsection.14.13.4}% 1198
\BOOKMARK [3][-]{subsubsection.14.13.4.63}{\376\377\0001\0004\000.\0001\0003\000.\0004\000.\0006\0003\000\040\000B\000u\000i\000l\000d\000C\000h\000u\000n\000k\000D\000a\000t\000a\000\050\000\051}{subsection.14.13.4}% 1199
\BOOKMARK [2][-]{subsection.14.13.5}{\376\377\0001\0004\000.\0001\0003\000.\0005\000\040\000M\000e\000m\000b\000e\000r\000\040\000D\000a\000t\000a\000\040\000D\000o\000c\000u\000m\000e\000n\000t\000a\000t\000i\000o\000n}{section.14.13}% 1200
\BOOKMARK [3][-]{subsubsection.14.13.5.1}{\376\377\0001\0004\000.\0001\0003\000.\0005\000.\0001\000\040\000m\000N\000u\000m\000P\000l\000u\000g\000I\000n\000C\000h\000a\000n\000g\000e\000s}{subsection.14.13.5}% 1201
\BOOKMARK [3][-]{subsubsection.14.13.5.2}{\376\377\0001\0004\000.\0001\0003\000.\0005\000.\0002\000\040\000m\000C\000h\000u\000n\000k\000S\000i\000z\000e}{subsection.14.13.5}% 1202
\BOOKMARK [3][-]{subsubsection.14.13.5.3}{\376\377\0001\0004\000.\0001\0003\000.\0005\000.\0003\000\040\000m\000C\000h\000u\000n\000k\000P\000a\000r\000s\000e\000r}{subsection.14.13.5}% 1203
\BOOKMARK [3][-]{subsubsection.14.13.5.4}{\376\377\0001\0004\000.\0001\0003\000.\0005\000.\0004\000\040\000m\000N\000u\000m\000C\000h\000u\000n\000k\000e\000d\000P\000a\000r\000a\000m\000e\000t\000e\000r\000s}{subsection.14.13.5}% 1204
\BOOKMARK [3][-]{subsubsection.14.13.5.5}{\376\377\0001\0004\000.\0001\0003\000.\0005\000.\0005\000\040\000m\000P\000a\000c\000k\000e\000t\000D\000i\000s\000p\000a\000t\000c\000h\000e\000r}{subsection.14.13.5}% 1205
\BOOKMARK [3][-]{subsubsection.14.13.5.6}{\376\377\0001\0004\000.\0001\0003\000.\0005\000.\0006\000\040\000m\000P\000a\000r\000a\000m\000e\000t\000e\000r\000M\000a\000n\000a\000g\000e\000r}{subsection.14.13.5}% 1206
\BOOKMARK [3][-]{subsubsection.14.13.5.7}{\376\377\0001\0004\000.\0001\0003\000.\0005\000.\0007\000\040\000m\000F\000i\000l\000t\000e\000r\000e\000d\000P\000a\000r\000a\000m\000e\000t\000e\000r\000s}{subsection.14.13.5}% 1207
\BOOKMARK [1][-]{section.14.14}{\376\377\0001\0004\000.\0001\0004\000\040\000A\000A\000X\000\137\000C\000h\000e\000c\000k\000e\000d\000R\000e\000s\000u\000l\000t\000\040\000C\000l\000a\000s\000s\000\040\000R\000e\000f\000e\000r\000e\000n\000c\000e}{chapter.14}% 1208
\BOOKMARK [2][-]{subsection.14.14.1}{\376\377\0001\0004\000.\0001\0004\000.\0001\000\040\000D\000e\000s\000c\000r\000i\000p\000t\000i\000o\000n}{section.14.14}% 1209
\BOOKMARK [2][-]{subsection.14.14.2}{\376\377\0001\0004\000.\0001\0004\000.\0002\000\040\000M\000e\000m\000b\000e\000r\000\040\000T\000y\000p\000e\000d\000e\000f\000\040\000D\000o\000c\000u\000m\000e\000n\000t\000a\000t\000i\000o\000n}{section.14.14}% 1210
\BOOKMARK [3][-]{subsubsection.14.14.2.1}{\376\377\0001\0004\000.\0001\0004\000.\0002\000.\0001\000\040\000E\000x\000c\000e\000p\000t\000i\000o\000n}{subsection.14.14.2}% 1211
\BOOKMARK [2][-]{subsection.14.14.3}{\376\377\0001\0004\000.\0001\0004\000.\0003\000\040\000C\000o\000n\000s\000t\000r\000u\000c\000t\000o\000r\000\040\000\046\000\040\000D\000e\000s\000t\000r\000u\000c\000t\000o\000r\000\040\000D\000o\000c\000u\000m\000e\000n\000t\000a\000t\000i\000o\000n}{section.14.14}% 1212
\BOOKMARK [3][-]{subsubsection.14.14.3.1}{\376\377\0001\0004\000.\0001\0004\000.\0003\000.\0001\000\040\000\040\000A\000A\000X\000\137\000C\000h\000e\000c\000k\000e\000d\000R\000e\000s\000u\000l\000t\000\050\000\051}{subsection.14.14.3}% 1213
\BOOKMARK [3][-]{subsubsection.14.14.3.2}{\376\377\0001\0004\000.\0001\0004\000.\0003\000.\0002\000\040\000A\000A\000X\000\137\000C\000h\000e\000c\000k\000e\000d\000R\000e\000s\000u\000l\000t\000\050\000\051\000\040\000[\0001\000/\0002\000]}{subsection.14.14.3}% 1214
\BOOKMARK [3][-]{subsubsection.14.14.3.3}{\376\377\0001\0004\000.\0001\0004\000.\0003\000.\0003\000\040\000A\000A\000X\000\137\000C\000h\000e\000c\000k\000e\000d\000R\000e\000s\000u\000l\000t\000\050\000\051\000\040\000[\0002\000/\0002\000]}{subsection.14.14.3}% 1215
\BOOKMARK [2][-]{subsection.14.14.4}{\376\377\0001\0004\000.\0001\0004\000.\0004\000\040\000M\000e\000m\000b\000e\000r\000\040\000F\000u\000n\000c\000t\000i\000o\000n\000\040\000D\000o\000c\000u\000m\000e\000n\000t\000a\000t\000i\000o\000n}{section.14.14}% 1216
\BOOKMARK [3][-]{subsubsection.14.14.4.1}{\376\377\0001\0004\000.\0001\0004\000.\0004\000.\0001\000\040\000A\000d\000d\000A\000c\000c\000e\000p\000t\000e\000d\000R\000e\000s\000u\000l\000t\000\050\000\051}{subsection.14.14.4}% 1217
\BOOKMARK [3][-]{subsubsection.14.14.4.2}{\376\377\0001\0004\000.\0001\0004\000.\0004\000.\0002\000\040\000R\000e\000s\000e\000t\000A\000c\000c\000e\000p\000t\000e\000d\000R\000e\000s\000u\000l\000t\000s\000\050\000\051}{subsection.14.14.4}% 1218
\BOOKMARK [3][-]{subsubsection.14.14.4.3}{\376\377\0001\0004\000.\0001\0004\000.\0004\000.\0003\000\040\000o\000p\000e\000r\000a\000t\000o\000r\000=\000\050\000\051}{subsection.14.14.4}% 1219
\BOOKMARK [3][-]{subsubsection.14.14.4.4}{\376\377\0001\0004\000.\0001\0004\000.\0004\000.\0004\000\040\000o\000p\000e\000r\000a\000t\000o\000r\000|\000=\000\050\000\051}{subsection.14.14.4}% 1220
\BOOKMARK [3][-]{subsubsection.14.14.4.5}{\376\377\0001\0004\000.\0001\0004\000.\0004\000.\0005\000\040\000o\000p\000e\000r\000a\000t\000o\000r\000\040\000A\000A\000X\000\137\000R\000e\000s\000u\000l\000t\000\050\000\051}{subsection.14.14.4}% 1221
\BOOKMARK [3][-]{subsubsection.14.14.4.6}{\376\377\0001\0004\000.\0001\0004\000.\0004\000.\0006\000\040\000C\000l\000e\000a\000r\000\050\000\051}{subsection.14.14.4}% 1222
\BOOKMARK [3][-]{subsubsection.14.14.4.7}{\376\377\0001\0004\000.\0001\0004\000.\0004\000.\0007\000\040\000L\000a\000s\000t\000E\000r\000r\000o\000r\000\050\000\051}{subsection.14.14.4}% 1223
\BOOKMARK [1][-]{section.14.15}{\376\377\0001\0004\000.\0001\0005\000\040\000A\000A\000X\000\137\000C\000H\000o\000s\000t\000P\000r\000o\000c\000e\000s\000s\000o\000r\000\040\000C\000l\000a\000s\000s\000\040\000R\000e\000f\000e\000r\000e\000n\000c\000e}{chapter.14}% 1224
\BOOKMARK [2][-]{subsection.14.15.1}{\376\377\0001\0004\000.\0001\0005\000.\0001\000\040\000D\000e\000s\000c\000r\000i\000p\000t\000i\000o\000n}{section.14.15}% 1225
\BOOKMARK [2][-]{subsection.14.15.2}{\376\377\0001\0004\000.\0001\0005\000.\0002\000\040\000C\000o\000n\000s\000t\000r\000u\000c\000t\000o\000r\000\040\000\046\000\040\000D\000e\000s\000t\000r\000u\000c\000t\000o\000r\000\040\000D\000o\000c\000u\000m\000e\000n\000t\000a\000t\000i\000o\000n}{section.14.15}% 1226
\BOOKMARK [3][-]{subsubsection.14.15.2.1}{\376\377\0001\0004\000.\0001\0005\000.\0002\000.\0001\000\040\000A\000A\000X\000\137\000C\000H\000o\000s\000t\000P\000r\000o\000c\000e\000s\000s\000o\000r\000\050\000\051}{subsection.14.15.2}% 1227
\BOOKMARK [3][-]{subsubsection.14.15.2.2}{\376\377\0001\0004\000.\0001\0005\000.\0002\000.\0002\000\040\000\040\000A\000A\000X\000\137\000C\000H\000o\000s\000t\000P\000r\000o\000c\000e\000s\000s\000o\000r\000\050\000\051}{subsection.14.15.2}% 1228
\BOOKMARK [2][-]{subsection.14.15.3}{\376\377\0001\0004\000.\0001\0005\000.\0003\000\040\000M\000e\000m\000b\000e\000r\000\040\000F\000u\000n\000c\000t\000i\000o\000n\000\040\000D\000o\000c\000u\000m\000e\000n\000t\000a\000t\000i\000o\000n}{section.14.15}% 1229
\BOOKMARK [3][-]{subsubsection.14.15.3.1}{\376\377\0001\0004\000.\0001\0005\000.\0003\000.\0001\000\040\000I\000n\000i\000t\000i\000a\000l\000i\000z\000e\000\050\000\051}{subsection.14.15.3}% 1230
\BOOKMARK [3][-]{subsubsection.14.15.3.2}{\376\377\0001\0004\000.\0001\0005\000.\0003\000.\0002\000\040\000U\000n\000i\000n\000i\000t\000i\000a\000l\000i\000z\000e\000\050\000\051}{subsection.14.15.3}% 1231
\BOOKMARK [3][-]{subsubsection.14.15.3.3}{\376\377\0001\0004\000.\0001\0005\000.\0003\000.\0003\000\040\000I\000n\000i\000t\000O\000u\000t\000p\000u\000t\000B\000o\000u\000n\000d\000s\000\050\000\051}{subsection.14.15.3}% 1232
\BOOKMARK [3][-]{subsubsection.14.15.3.4}{\376\377\0001\0004\000.\0001\0005\000.\0003\000.\0004\000\040\000S\000e\000t\000L\000o\000c\000a\000t\000i\000o\000n\000\050\000\051}{subsection.14.15.3}% 1233
\BOOKMARK [3][-]{subsubsection.14.15.3.5}{\376\377\0001\0004\000.\0001\0005\000.\0003\000.\0005\000\040\000R\000e\000n\000d\000e\000r\000A\000u\000d\000i\000o\000\050\000\051}{subsection.14.15.3}% 1234
\BOOKMARK [3][-]{subsubsection.14.15.3.6}{\376\377\0001\0004\000.\0001\0005\000.\0003\000.\0006\000\040\000P\000r\000e\000R\000e\000n\000d\000e\000r\000\050\000\051}{subsection.14.15.3}% 1235
\BOOKMARK [3][-]{subsubsection.14.15.3.7}{\376\377\0001\0004\000.\0001\0005\000.\0003\000.\0007\000\040\000P\000o\000s\000t\000R\000e\000n\000d\000e\000r\000\050\000\051}{subsection.14.15.3}% 1236
\BOOKMARK [3][-]{subsubsection.14.15.3.8}{\376\377\0001\0004\000.\0001\0005\000.\0003\000.\0008\000\040\000A\000n\000a\000l\000y\000z\000e\000A\000u\000d\000i\000o\000\050\000\051}{subsection.14.15.3}% 1237
\BOOKMARK [3][-]{subsubsection.14.15.3.9}{\376\377\0001\0004\000.\0001\0005\000.\0003\000.\0009\000\040\000P\000r\000e\000A\000n\000a\000l\000y\000z\000e\000\050\000\051}{subsection.14.15.3}% 1238
\BOOKMARK [3][-]{subsubsection.14.15.3.10}{\376\377\0001\0004\000.\0001\0005\000.\0003\000.\0001\0000\000\040\000P\000o\000s\000t\000A\000n\000a\000l\000y\000z\000e\000\050\000\051}{subsection.14.15.3}% 1239
\BOOKMARK [3][-]{subsubsection.14.15.3.11}{\376\377\0001\0004\000.\0001\0005\000.\0003\000.\0001\0001\000\040\000G\000e\000t\000C\000l\000i\000p\000N\000a\000m\000e\000S\000u\000f\000f\000i\000x\000\050\000\051}{subsection.14.15.3}% 1240
\BOOKMARK [3][-]{subsubsection.14.15.3.12}{\376\377\0001\0004\000.\0001\0005\000.\0003\000.\0001\0002\000\040\000G\000e\000t\000E\000f\000f\000e\000c\000t\000P\000a\000r\000a\000m\000e\000t\000e\000r\000s\000\050\000\051\000\040\000[\0001\000/\0002\000]}{subsection.14.15.3}% 1241
\BOOKMARK [3][-]{subsubsection.14.15.3.13}{\376\377\0001\0004\000.\0001\0005\000.\0003\000.\0001\0003\000\040\000G\000e\000t\000E\000f\000f\000e\000c\000t\000P\000a\000r\000a\000m\000e\000t\000e\000r\000s\000\050\000\051\000\040\000[\0002\000/\0002\000]}{subsection.14.15.3}% 1242
\BOOKMARK [3][-]{subsubsection.14.15.3.14}{\376\377\0001\0004\000.\0001\0005\000.\0003\000.\0001\0004\000\040\000G\000e\000t\000H\000o\000s\000t\000P\000r\000o\000c\000e\000s\000s\000o\000r\000D\000e\000l\000e\000g\000a\000t\000e\000\050\000\051\000\040\000[\0001\000/\0002\000]}{subsection.14.15.3}% 1243
\BOOKMARK [3][-]{subsubsection.14.15.3.15}{\376\377\0001\0004\000.\0001\0005\000.\0003\000.\0001\0005\000\040\000G\000e\000t\000H\000o\000s\000t\000P\000r\000o\000c\000e\000s\000s\000o\000r\000D\000e\000l\000e\000g\000a\000t\000e\000\050\000\051\000\040\000[\0002\000/\0002\000]}{subsection.14.15.3}% 1244
\BOOKMARK [3][-]{subsubsection.14.15.3.16}{\376\377\0001\0004\000.\0001\0005\000.\0003\000.\0001\0006\000\040\000G\000e\000t\000L\000o\000c\000a\000t\000i\000o\000n\000\050\000\051}{subsection.14.15.3}% 1245
\BOOKMARK [3][-]{subsubsection.14.15.3.17}{\376\377\0001\0004\000.\0001\0005\000.\0003\000.\0001\0007\000\040\000G\000e\000t\000I\000n\000p\000u\000t\000R\000a\000n\000g\000e\000\050\000\051}{subsection.14.15.3}% 1246
\BOOKMARK [3][-]{subsubsection.14.15.3.18}{\376\377\0001\0004\000.\0001\0005\000.\0003\000.\0001\0008\000\040\000G\000e\000t\000O\000u\000t\000p\000u\000t\000R\000a\000n\000g\000e\000\050\000\051}{subsection.14.15.3}% 1247
\BOOKMARK [3][-]{subsubsection.14.15.3.19}{\376\377\0001\0004\000.\0001\0005\000.\0003\000.\0001\0009\000\040\000G\000e\000t\000S\000r\000c\000S\000t\000a\000r\000t\000\050\000\051}{subsection.14.15.3}% 1248
\BOOKMARK [3][-]{subsubsection.14.15.3.20}{\376\377\0001\0004\000.\0001\0005\000.\0003\000.\0002\0000\000\040\000G\000e\000t\000S\000r\000c\000E\000n\000d\000\050\000\051}{subsection.14.15.3}% 1249
\BOOKMARK [3][-]{subsubsection.14.15.3.21}{\376\377\0001\0004\000.\0001\0005\000.\0003\000.\0002\0001\000\040\000G\000e\000t\000D\000s\000t\000S\000t\000a\000r\000t\000\050\000\051}{subsection.14.15.3}% 1250
\BOOKMARK [3][-]{subsubsection.14.15.3.22}{\376\377\0001\0004\000.\0001\0005\000.\0003\000.\0002\0002\000\040\000G\000e\000t\000D\000s\000t\000E\000n\000d\000\050\000\051}{subsection.14.15.3}% 1251
\BOOKMARK [3][-]{subsubsection.14.15.3.23}{\376\377\0001\0004\000.\0001\0005\000.\0003\000.\0002\0003\000\040\000T\000r\000a\000n\000s\000l\000a\000t\000e\000O\000u\000t\000p\000u\000t\000B\000o\000u\000n\000d\000s\000\050\000\051}{subsection.14.15.3}% 1252
\BOOKMARK [3][-]{subsubsection.14.15.3.24}{\376\377\0001\0004\000.\0001\0005\000.\0003\000.\0002\0004\000\040\000G\000e\000t\000A\000u\000d\000i\000o\000\050\000\051}{subsection.14.15.3}% 1253
\BOOKMARK [3][-]{subsubsection.14.15.3.25}{\376\377\0001\0004\000.\0001\0005\000.\0003\000.\0002\0005\000\040\000G\000e\000t\000S\000i\000d\000e\000C\000h\000a\000i\000n\000I\000n\000p\000u\000t\000N\000u\000m\000\050\000\051}{subsection.14.15.3}% 1254
\BOOKMARK [3][-]{subsubsection.14.15.3.26}{\376\377\0001\0004\000.\0001\0005\000.\0003\000.\0002\0006\000\040\000C\000o\000n\000t\000r\000o\000l\000l\000e\000r\000\050\000\051\000\040\000[\0001\000/\0002\000]}{subsection.14.15.3}% 1255
\BOOKMARK [3][-]{subsubsection.14.15.3.27}{\376\377\0001\0004\000.\0001\0005\000.\0003\000.\0002\0007\000\040\000C\000o\000n\000t\000r\000o\000l\000l\000e\000r\000\050\000\051\000\040\000[\0002\000/\0002\000]}{subsection.14.15.3}% 1256
\BOOKMARK [3][-]{subsubsection.14.15.3.28}{\376\377\0001\0004\000.\0001\0005\000.\0003\000.\0002\0008\000\040\000H\000o\000s\000t\000P\000r\000o\000c\000e\000s\000s\000o\000r\000D\000e\000l\000e\000g\000a\000t\000e\000\050\000\051\000\040\000[\0001\000/\0002\000]}{subsection.14.15.3}% 1257
\BOOKMARK [3][-]{subsubsection.14.15.3.29}{\376\377\0001\0004\000.\0001\0005\000.\0003\000.\0002\0009\000\040\000H\000o\000s\000t\000P\000r\000o\000c\000e\000s\000s\000o\000r\000D\000e\000l\000e\000g\000a\000t\000e\000\050\000\051\000\040\000[\0002\000/\0002\000]}{subsection.14.15.3}% 1258
\BOOKMARK [3][-]{subsubsection.14.15.3.30}{\376\377\0001\0004\000.\0001\0005\000.\0003\000.\0003\0000\000\040\000E\000f\000f\000e\000c\000t\000P\000a\000r\000a\000m\000e\000t\000e\000r\000s\000\050\000\051\000\040\000[\0001\000/\0002\000]}{subsection.14.15.3}% 1259
\BOOKMARK [3][-]{subsubsection.14.15.3.31}{\376\377\0001\0004\000.\0001\0005\000.\0003\000.\0003\0001\000\040\000E\000f\000f\000e\000c\000t\000P\000a\000r\000a\000m\000e\000t\000e\000r\000s\000\050\000\051\000\040\000[\0002\000/\0002\000]}{subsection.14.15.3}% 1260
\BOOKMARK [1][-]{section.14.16}{\376\377\0001\0004\000.\0001\0006\000\040\000A\000A\000X\000\137\000C\000H\000o\000s\000t\000S\000e\000r\000v\000i\000c\000e\000s\000\040\000C\000l\000a\000s\000s\000\040\000R\000e\000f\000e\000r\000e\000n\000c\000e}{chapter.14}% 1261
\BOOKMARK [2][-]{subsection.14.16.1}{\376\377\0001\0004\000.\0001\0006\000.\0001\000\040\000D\000e\000s\000c\000r\000i\000p\000t\000i\000o\000n}{section.14.16}% 1262
\BOOKMARK [2][-]{subsection.14.16.2}{\376\377\0001\0004\000.\0001\0006\000.\0002\000\040\000M\000e\000m\000b\000e\000r\000\040\000F\000u\000n\000c\000t\000i\000o\000n\000\040\000D\000o\000c\000u\000m\000e\000n\000t\000a\000t\000i\000o\000n}{section.14.16}% 1263
\BOOKMARK [3][-]{subsubsection.14.16.2.1}{\376\377\0001\0004\000.\0001\0006\000.\0002\000.\0001\000\040\000S\000e\000t\000\050\000\051}{subsection.14.16.2}% 1264
\BOOKMARK [3][-]{subsubsection.14.16.2.2}{\376\377\0001\0004\000.\0001\0006\000.\0002\000.\0002\000\040\000H\000a\000n\000d\000l\000e\000A\000s\000s\000e\000r\000t\000F\000a\000i\000l\000u\000r\000e\000\050\000\051}{subsection.14.16.2}% 1265
\BOOKMARK [3][-]{subsubsection.14.16.2.3}{\376\377\0001\0004\000.\0001\0006\000.\0002\000.\0003\000\040\000T\000r\000a\000c\000e\000\050\000\051}{subsection.14.16.2}% 1266
\BOOKMARK [3][-]{subsubsection.14.16.2.4}{\376\377\0001\0004\000.\0001\0006\000.\0002\000.\0004\000\040\000S\000t\000a\000c\000k\000T\000r\000a\000c\000e\000\050\000\051}{subsection.14.16.2}% 1267
\BOOKMARK [1][-]{section.14.17}{\376\377\0001\0004\000.\0001\0007\000\040\000A\000A\000X\000\137\000C\000L\000i\000n\000e\000a\000r\000T\000a\000p\000e\000r\000D\000e\000l\000e\000g\000a\000t\000e\000<\000\040\000T\000,\000\040\000R\000e\000a\000l\000P\000r\000e\000c\000i\000s\000i\000o\000n\000\040\000>\000\040\000C\000l\000a\000s\000s\000\040\000T\000e\000m\000p\000l\000a\000t\000e\000\040\000R\000e\000f\000e\000r\000e\000n\000c\000e}{chapter.14}% 1268
\BOOKMARK [2][-]{subsection.14.17.1}{\376\377\0001\0004\000.\0001\0007\000.\0001\000\040\000D\000e\000s\000c\000r\000i\000p\000t\000i\000o\000n}{section.14.17}% 1269
\BOOKMARK [2][-]{subsection.14.17.2}{\376\377\0001\0004\000.\0001\0007\000.\0002\000\040\000C\000o\000n\000s\000t\000r\000u\000c\000t\000o\000r\000\040\000\046\000\040\000D\000e\000s\000t\000r\000u\000c\000t\000o\000r\000\040\000D\000o\000c\000u\000m\000e\000n\000t\000a\000t\000i\000o\000n}{section.14.17}% 1270
\BOOKMARK [3][-]{subsubsection.14.17.2.1}{\376\377\0001\0004\000.\0001\0007\000.\0002\000.\0001\000\040\000A\000A\000X\000\137\000C\000L\000i\000n\000e\000a\000r\000T\000a\000p\000e\000r\000D\000e\000l\000e\000g\000a\000t\000e\000\050\000\051}{subsection.14.17.2}% 1271
\BOOKMARK [2][-]{subsection.14.17.3}{\376\377\0001\0004\000.\0001\0007\000.\0003\000\040\000M\000e\000m\000b\000e\000r\000\040\000F\000u\000n\000c\000t\000i\000o\000n\000\040\000D\000o\000c\000u\000m\000e\000n\000t\000a\000t\000i\000o\000n}{section.14.17}% 1272
\BOOKMARK [3][-]{subsubsection.14.17.3.1}{\376\377\0001\0004\000.\0001\0007\000.\0003\000.\0001\000\040\000C\000l\000o\000n\000e\000\050\000\051}{subsection.14.17.3}% 1273
\BOOKMARK [3][-]{subsubsection.14.17.3.2}{\376\377\0001\0004\000.\0001\0007\000.\0003\000.\0002\000\040\000G\000e\000t\000M\000i\000n\000i\000m\000u\000m\000V\000a\000l\000u\000e\000\050\000\051}{subsection.14.17.3}% 1274
\BOOKMARK [3][-]{subsubsection.14.17.3.3}{\376\377\0001\0004\000.\0001\0007\000.\0003\000.\0003\000\040\000G\000e\000t\000M\000a\000x\000i\000m\000u\000m\000V\000a\000l\000u\000e\000\050\000\051}{subsection.14.17.3}% 1275
\BOOKMARK [3][-]{subsubsection.14.17.3.4}{\376\377\0001\0004\000.\0001\0007\000.\0003\000.\0004\000\040\000C\000o\000n\000s\000t\000r\000a\000i\000n\000R\000e\000a\000l\000V\000a\000l\000u\000e\000\050\000\051}{subsection.14.17.3}% 1276
\BOOKMARK [3][-]{subsubsection.14.17.3.5}{\376\377\0001\0004\000.\0001\0007\000.\0003\000.\0005\000\040\000N\000o\000r\000m\000a\000l\000i\000z\000e\000d\000T\000o\000R\000e\000a\000l\000\050\000\051}{subsection.14.17.3}% 1277
\BOOKMARK [3][-]{subsubsection.14.17.3.6}{\376\377\0001\0004\000.\0001\0007\000.\0003\000.\0006\000\040\000R\000e\000a\000l\000T\000o\000N\000o\000r\000m\000a\000l\000i\000z\000e\000d\000\050\000\051}{subsection.14.17.3}% 1278
\BOOKMARK [3][-]{subsubsection.14.17.3.7}{\376\377\0001\0004\000.\0001\0007\000.\0003\000.\0007\000\040\000R\000o\000u\000n\000d\000\050\000\051}{subsection.14.17.3}% 1279
\BOOKMARK [1][-]{section.14.18}{\376\377\0001\0004\000.\0001\0008\000\040\000A\000A\000X\000\137\000C\000L\000o\000g\000T\000a\000p\000e\000r\000D\000e\000l\000e\000g\000a\000t\000e\000<\000\040\000T\000,\000\040\000R\000e\000a\000l\000P\000r\000e\000c\000i\000s\000i\000o\000n\000\040\000>\000\040\000C\000l\000a\000s\000s\000\040\000T\000e\000m\000p\000l\000a\000t\000e\000\040\000R\000e\000f\000e\000r\000e\000n\000c\000e}{chapter.14}% 1280
\BOOKMARK [2][-]{subsection.14.18.1}{\376\377\0001\0004\000.\0001\0008\000.\0001\000\040\000D\000e\000s\000c\000r\000i\000p\000t\000i\000o\000n}{section.14.18}% 1281
\BOOKMARK [2][-]{subsection.14.18.2}{\376\377\0001\0004\000.\0001\0008\000.\0002\000\040\000C\000o\000n\000s\000t\000r\000u\000c\000t\000o\000r\000\040\000\046\000\040\000D\000e\000s\000t\000r\000u\000c\000t\000o\000r\000\040\000D\000o\000c\000u\000m\000e\000n\000t\000a\000t\000i\000o\000n}{section.14.18}% 1282
\BOOKMARK [3][-]{subsubsection.14.18.2.1}{\376\377\0001\0004\000.\0001\0008\000.\0002\000.\0001\000\040\000A\000A\000X\000\137\000C\000L\000o\000g\000T\000a\000p\000e\000r\000D\000e\000l\000e\000g\000a\000t\000e\000\050\000\051}{subsection.14.18.2}% 1283
\BOOKMARK [2][-]{subsection.14.18.3}{\376\377\0001\0004\000.\0001\0008\000.\0003\000\040\000M\000e\000m\000b\000e\000r\000\040\000F\000u\000n\000c\000t\000i\000o\000n\000\040\000D\000o\000c\000u\000m\000e\000n\000t\000a\000t\000i\000o\000n}{section.14.18}% 1284
\BOOKMARK [3][-]{subsubsection.14.18.3.1}{\376\377\0001\0004\000.\0001\0008\000.\0003\000.\0001\000\040\000C\000l\000o\000n\000e\000\050\000\051}{subsection.14.18.3}% 1285
\BOOKMARK [3][-]{subsubsection.14.18.3.2}{\376\377\0001\0004\000.\0001\0008\000.\0003\000.\0002\000\040\000G\000e\000t\000M\000i\000n\000i\000m\000u\000m\000V\000a\000l\000u\000e\000\050\000\051}{subsection.14.18.3}% 1286
\BOOKMARK [3][-]{subsubsection.14.18.3.3}{\376\377\0001\0004\000.\0001\0008\000.\0003\000.\0003\000\040\000G\000e\000t\000M\000a\000x\000i\000m\000u\000m\000V\000a\000l\000u\000e\000\050\000\051}{subsection.14.18.3}% 1287
\BOOKMARK [3][-]{subsubsection.14.18.3.4}{\376\377\0001\0004\000.\0001\0008\000.\0003\000.\0004\000\040\000C\000o\000n\000s\000t\000r\000a\000i\000n\000R\000e\000a\000l\000V\000a\000l\000u\000e\000\050\000\051}{subsection.14.18.3}% 1288
\BOOKMARK [3][-]{subsubsection.14.18.3.5}{\376\377\0001\0004\000.\0001\0008\000.\0003\000.\0005\000\040\000N\000o\000r\000m\000a\000l\000i\000z\000e\000d\000T\000o\000R\000e\000a\000l\000\050\000\051}{subsection.14.18.3}% 1289
\BOOKMARK [3][-]{subsubsection.14.18.3.6}{\376\377\0001\0004\000.\0001\0008\000.\0003\000.\0006\000\040\000R\000e\000a\000l\000T\000o\000N\000o\000r\000m\000a\000l\000i\000z\000e\000d\000\050\000\051}{subsection.14.18.3}% 1290
\BOOKMARK [3][-]{subsubsection.14.18.3.7}{\376\377\0001\0004\000.\0001\0008\000.\0003\000.\0007\000\040\000R\000o\000u\000n\000d\000\050\000\051}{subsection.14.18.3}% 1291
\BOOKMARK [1][-]{section.14.19}{\376\377\0001\0004\000.\0001\0009\000\040\000A\000A\000X\000\137\000C\000M\000i\000d\000i\000P\000a\000c\000k\000e\000t\000\040\000S\000t\000r\000u\000c\000t\000\040\000R\000e\000f\000e\000r\000e\000n\000c\000e}{chapter.14}% 1292
\BOOKMARK [2][-]{subsection.14.19.1}{\376\377\0001\0004\000.\0001\0009\000.\0001\000\040\000D\000e\000s\000c\000r\000i\000p\000t\000i\000o\000n}{section.14.19}% 1293
\BOOKMARK [2][-]{subsection.14.19.2}{\376\377\0001\0004\000.\0001\0009\000.\0002\000\040\000M\000e\000m\000b\000e\000r\000\040\000D\000a\000t\000a\000\040\000D\000o\000c\000u\000m\000e\000n\000t\000a\000t\000i\000o\000n}{section.14.19}% 1294
\BOOKMARK [3][-]{subsubsection.14.19.2.1}{\376\377\0001\0004\000.\0001\0009\000.\0002\000.\0001\000\040\000m\000T\000i\000m\000e\000s\000t\000a\000m\000p}{subsection.14.19.2}% 1295
\BOOKMARK [3][-]{subsubsection.14.19.2.2}{\376\377\0001\0004\000.\0001\0009\000.\0002\000.\0002\000\040\000m\000L\000e\000n\000g\000t\000h}{subsection.14.19.2}% 1296
\BOOKMARK [3][-]{subsubsection.14.19.2.3}{\376\377\0001\0004\000.\0001\0009\000.\0002\000.\0003\000\040\000m\000D\000a\000t\000a}{subsection.14.19.2}% 1297
\BOOKMARK [3][-]{subsubsection.14.19.2.4}{\376\377\0001\0004\000.\0001\0009\000.\0002\000.\0004\000\040\000m\000I\000s\000I\000m\000m\000e\000d\000i\000a\000t\000e}{subsection.14.19.2}% 1298
\BOOKMARK [1][-]{section.14.20}{\376\377\0001\0004\000.\0002\0000\000\040\000A\000A\000X\000\137\000C\000M\000i\000d\000i\000S\000t\000r\000e\000a\000m\000\040\000S\000t\000r\000u\000c\000t\000\040\000R\000e\000f\000e\000r\000e\000n\000c\000e}{chapter.14}% 1299
\BOOKMARK [2][-]{subsection.14.20.1}{\376\377\0001\0004\000.\0002\0000\000.\0001\000\040\000D\000e\000s\000c\000r\000i\000p\000t\000i\000o\000n}{section.14.20}% 1300
\BOOKMARK [2][-]{subsection.14.20.2}{\376\377\0001\0004\000.\0002\0000\000.\0002\000\040\000M\000e\000m\000b\000e\000r\000\040\000D\000a\000t\000a\000\040\000D\000o\000c\000u\000m\000e\000n\000t\000a\000t\000i\000o\000n}{section.14.20}% 1301
\BOOKMARK [3][-]{subsubsection.14.20.2.1}{\376\377\0001\0004\000.\0002\0000\000.\0002\000.\0001\000\040\000m\000B\000u\000f\000f\000e\000r\000S\000i\000z\000e}{subsection.14.20.2}% 1302
\BOOKMARK [3][-]{subsubsection.14.20.2.2}{\376\377\0001\0004\000.\0002\0000\000.\0002\000.\0002\000\040\000m\000B\000u\000f\000f\000e\000r}{subsection.14.20.2}% 1303
\BOOKMARK [1][-]{section.14.21}{\376\377\0001\0004\000.\0002\0001\000\040\000A\000A\000X\000\137\000C\000M\000o\000n\000o\000l\000i\000t\000h\000i\000c\000P\000a\000r\000a\000m\000e\000t\000e\000r\000s\000\040\000C\000l\000a\000s\000s\000\040\000R\000e\000f\000e\000r\000e\000n\000c\000e}{chapter.14}% 1304
\BOOKMARK [2][-]{subsection.14.21.1}{\376\377\0001\0004\000.\0002\0001\000.\0001\000\040\000D\000e\000s\000c\000r\000i\000p\000t\000i\000o\000n}{section.14.21}% 1305
\BOOKMARK [2][-]{subsection.14.21.2}{\376\377\0001\0004\000.\0002\0001\000.\0002\000\040\000M\000e\000m\000b\000e\000r\000\040\000T\000y\000p\000e\000d\000e\000f\000\040\000D\000o\000c\000u\000m\000e\000n\000t\000a\000t\000i\000o\000n}{section.14.21}% 1306
\BOOKMARK [3][-]{subsubsection.14.21.2.1}{\376\377\0001\0004\000.\0002\0001\000.\0002\000.\0001\000\040\000T\000P\000a\000r\000a\000m\000V\000a\000l\000P\000a\000i\000r}{subsection.14.21.2}% 1307
\BOOKMARK [2][-]{subsection.14.21.3}{\376\377\0001\0004\000.\0002\0001\000.\0003\000\040\000C\000o\000n\000s\000t\000r\000u\000c\000t\000o\000r\000\040\000\046\000\040\000D\000e\000s\000t\000r\000u\000c\000t\000o\000r\000\040\000D\000o\000c\000u\000m\000e\000n\000t\000a\000t\000i\000o\000n}{section.14.21}% 1308
\BOOKMARK [3][-]{subsubsection.14.21.3.1}{\376\377\0001\0004\000.\0002\0001\000.\0003\000.\0001\000\040\000A\000A\000X\000\137\000C\000M\000o\000n\000o\000l\000i\000t\000h\000i\000c\000P\000a\000r\000a\000m\000e\000t\000e\000r\000s\000\050\000\051}{subsection.14.21.3}% 1309
\BOOKMARK [3][-]{subsubsection.14.21.3.2}{\376\377\0001\0004\000.\0002\0001\000.\0003\000.\0002\000\040\000\040\000A\000A\000X\000\137\000C\000M\000o\000n\000o\000l\000i\000t\000h\000i\000c\000P\000a\000r\000a\000m\000e\000t\000e\000r\000s\000\050\000\051}{subsection.14.21.3}% 1310
\BOOKMARK [2][-]{subsection.14.21.4}{\376\377\0001\0004\000.\0002\0001\000.\0004\000\040\000M\000e\000m\000b\000e\000r\000\040\000F\000u\000n\000c\000t\000i\000o\000n\000\040\000D\000o\000c\000u\000m\000e\000n\000t\000a\000t\000i\000o\000n}{section.14.21}% 1311
\BOOKMARK [3][-]{subsubsection.14.21.4.1}{\376\377\0001\0004\000.\0002\0001\000.\0004\000.\0001\000\040\000R\000e\000n\000d\000e\000r\000A\000u\000d\000i\000o\000\050\000\051}{subsection.14.21.4}% 1312
\BOOKMARK [3][-]{subsubsection.14.21.4.2}{\376\377\0001\0004\000.\0002\0001\000.\0004\000.\0002\000\040\000A\000d\000d\000S\000y\000n\000c\000h\000r\000o\000n\000i\000z\000e\000d\000P\000a\000r\000a\000m\000e\000t\000e\000r\000\050\000\051}{subsection.14.21.4}% 1313
\BOOKMARK [3][-]{subsubsection.14.21.4.3}{\376\377\0001\0004\000.\0002\0001\000.\0004\000.\0003\000\040\000U\000p\000d\000a\000t\000e\000P\000a\000r\000a\000m\000e\000t\000e\000r\000N\000o\000r\000m\000a\000l\000i\000z\000e\000d\000V\000a\000l\000u\000e\000\050\000\051}{subsection.14.21.4}% 1314
\BOOKMARK [3][-]{subsubsection.14.21.4.4}{\376\377\0001\0004\000.\0002\0001\000.\0004\000.\0004\000\040\000G\000e\000n\000e\000r\000a\000t\000e\000C\000o\000e\000f\000f\000i\000c\000i\000e\000n\000t\000s\000\050\000\051}{subsection.14.21.4}% 1315
\BOOKMARK [3][-]{subsubsection.14.21.4.5}{\376\377\0001\0004\000.\0002\0001\000.\0004\000.\0005\000\040\000R\000e\000s\000e\000t\000F\000i\000e\000l\000d\000D\000a\000t\000a\000\050\000\051}{subsection.14.21.4}% 1316
\BOOKMARK [3][-]{subsubsection.14.21.4.6}{\376\377\0001\0004\000.\0002\0001\000.\0004\000.\0006\000\040\000T\000i\000m\000e\000r\000W\000a\000k\000e\000u\000p\000\050\000\051}{subsection.14.21.4}% 1317
\BOOKMARK [3][-]{subsubsection.14.21.4.7}{\376\377\0001\0004\000.\0002\0001\000.\0004\000.\0007\000\040\000S\000t\000a\000t\000i\000c\000D\000e\000s\000c\000r\000i\000b\000e\000\050\000\051}{subsection.14.21.4}% 1318
\BOOKMARK [3][-]{subsubsection.14.21.4.8}{\376\377\0001\0004\000.\0002\0001\000.\0004\000.\0008\000\040\000S\000t\000a\000t\000i\000c\000R\000e\000n\000d\000e\000r\000A\000u\000d\000i\000o\000\050\000\051}{subsection.14.21.4}% 1319
\BOOKMARK [1][-]{section.14.22}{\376\377\0001\0004\000.\0002\0002\000\040\000A\000A\000X\000\137\000C\000M\000u\000t\000e\000x\000\040\000C\000l\000a\000s\000s\000\040\000R\000e\000f\000e\000r\000e\000n\000c\000e}{chapter.14}% 1320
\BOOKMARK [2][-]{subsection.14.22.1}{\376\377\0001\0004\000.\0002\0002\000.\0001\000\040\000D\000e\000s\000c\000r\000i\000p\000t\000i\000o\000n}{section.14.22}% 1321
\BOOKMARK [2][-]{subsection.14.22.2}{\376\377\0001\0004\000.\0002\0002\000.\0002\000\040\000C\000o\000n\000s\000t\000r\000u\000c\000t\000o\000r\000\040\000\046\000\040\000D\000e\000s\000t\000r\000u\000c\000t\000o\000r\000\040\000D\000o\000c\000u\000m\000e\000n\000t\000a\000t\000i\000o\000n}{section.14.22}% 1322
\BOOKMARK [3][-]{subsubsection.14.22.2.1}{\376\377\0001\0004\000.\0002\0002\000.\0002\000.\0001\000\040\000A\000A\000X\000\137\000C\000M\000u\000t\000e\000x\000\050\000\051}{subsection.14.22.2}% 1323
\BOOKMARK [3][-]{subsubsection.14.22.2.2}{\376\377\0001\0004\000.\0002\0002\000.\0002\000.\0002\000\040\000\040\000A\000A\000X\000\137\000C\000M\000u\000t\000e\000x\000\050\000\051}{subsection.14.22.2}% 1324
\BOOKMARK [2][-]{subsection.14.22.3}{\376\377\0001\0004\000.\0002\0002\000.\0003\000\040\000M\000e\000m\000b\000e\000r\000\040\000F\000u\000n\000c\000t\000i\000o\000n\000\040\000D\000o\000c\000u\000m\000e\000n\000t\000a\000t\000i\000o\000n}{section.14.22}% 1325
\BOOKMARK [3][-]{subsubsection.14.22.3.1}{\376\377\0001\0004\000.\0002\0002\000.\0003\000.\0001\000\040\000L\000o\000c\000k\000\050\000\051}{subsection.14.22.3}% 1326
\BOOKMARK [3][-]{subsubsection.14.22.3.2}{\376\377\0001\0004\000.\0002\0002\000.\0003\000.\0002\000\040\000U\000n\000l\000o\000c\000k\000\050\000\051}{subsection.14.22.3}% 1327
\BOOKMARK [3][-]{subsubsection.14.22.3.3}{\376\377\0001\0004\000.\0002\0002\000.\0003\000.\0003\000\040\000T\000r\000y\000\137\000L\000o\000c\000k\000\050\000\051}{subsection.14.22.3}% 1328
\BOOKMARK [1][-]{section.14.23}{\376\377\0001\0004\000.\0002\0003\000\040\000A\000A\000X\000\137\000C\000N\000u\000m\000b\000e\000r\000D\000i\000s\000p\000l\000a\000y\000D\000e\000l\000e\000g\000a\000t\000e\000<\000\040\000T\000,\000\040\000P\000r\000e\000c\000i\000s\000i\000o\000n\000,\000\040\000S\000p\000a\000c\000e\000A\000f\000t\000e\000r\000\040\000>\000\040\000C\000l\000a\000s\000s\000\040\000T\000e\000m\000p\000l\000a\000t\000e\000\040\000R\000e\000f\000e\000r\000e\000n\000c\000e}{chapter.14}% 1329
\BOOKMARK [2][-]{subsection.14.23.1}{\376\377\0001\0004\000.\0002\0003\000.\0001\000\040\000D\000e\000s\000c\000r\000i\000p\000t\000i\000o\000n}{section.14.23}% 1330
\BOOKMARK [2][-]{subsection.14.23.2}{\376\377\0001\0004\000.\0002\0003\000.\0002\000\040\000M\000e\000m\000b\000e\000r\000\040\000F\000u\000n\000c\000t\000i\000o\000n\000\040\000D\000o\000c\000u\000m\000e\000n\000t\000a\000t\000i\000o\000n}{section.14.23}% 1331
\BOOKMARK [3][-]{subsubsection.14.23.2.1}{\376\377\0001\0004\000.\0002\0003\000.\0002\000.\0001\000\040\000C\000l\000o\000n\000e\000\050\000\051}{subsection.14.23.2}% 1332
\BOOKMARK [3][-]{subsubsection.14.23.2.2}{\376\377\0001\0004\000.\0002\0003\000.\0002\000.\0002\000\040\000V\000a\000l\000u\000e\000T\000o\000S\000t\000r\000i\000n\000g\000\050\000\051\000\040\000[\0001\000/\0002\000]}{subsection.14.23.2}% 1333
\BOOKMARK [3][-]{subsubsection.14.23.2.3}{\376\377\0001\0004\000.\0002\0003\000.\0002\000.\0003\000\040\000V\000a\000l\000u\000e\000T\000o\000S\000t\000r\000i\000n\000g\000\050\000\051\000\040\000[\0002\000/\0002\000]}{subsection.14.23.2}% 1334
\BOOKMARK [3][-]{subsubsection.14.23.2.4}{\376\377\0001\0004\000.\0002\0003\000.\0002\000.\0004\000\040\000S\000t\000r\000i\000n\000g\000T\000o\000V\000a\000l\000u\000e\000\050\000\051}{subsection.14.23.2}% 1335
\BOOKMARK [1][-]{section.14.24}{\376\377\0001\0004\000.\0002\0004\000\040\000A\000A\000X\000\137\000C\000o\000m\000p\000o\000n\000e\000n\000t\000<\000\040\000a\000C\000o\000n\000t\000e\000x\000t\000T\000y\000p\000e\000\040\000>\000\040\000C\000l\000a\000s\000s\000\040\000T\000e\000m\000p\000l\000a\000t\000e\000\040\000R\000e\000f\000e\000r\000e\000n\000c\000e}{chapter.14}% 1336
\BOOKMARK [2][-]{subsection.14.24.1}{\376\377\0001\0004\000.\0002\0004\000.\0001\000\040\000D\000e\000s\000c\000r\000i\000p\000t\000i\000o\000n}{section.14.24}% 1337
\BOOKMARK [2][-]{subsection.14.24.2}{\376\377\0001\0004\000.\0002\0004\000.\0002\000\040\000M\000e\000m\000b\000e\000r\000\040\000T\000y\000p\000e\000d\000e\000f\000\040\000D\000o\000c\000u\000m\000e\000n\000t\000a\000t\000i\000o\000n}{section.14.24}% 1338
\BOOKMARK [3][-]{subsubsection.14.24.2.1}{\376\377\0001\0004\000.\0002\0004\000.\0002\000.\0001\000\040\000C\000P\000r\000o\000c\000e\000s\000s\000P\000r\000o\000c}{subsection.14.24.2}% 1339
\BOOKMARK [3][-]{subsubsection.14.24.2.2}{\376\377\0001\0004\000.\0002\0004\000.\0002\000.\0002\000\040\000C\000P\000a\000c\000k\000e\000t\000A\000l\000l\000o\000c\000a\000t\000o\000r}{subsection.14.24.2}% 1340
\BOOKMARK [3][-]{subsubsection.14.24.2.3}{\376\377\0001\0004\000.\0002\0004\000.\0002\000.\0003\000\040\000C\000I\000n\000s\000t\000a\000n\000c\000e\000I\000n\000i\000t\000P\000r\000o\000c}{subsection.14.24.2}% 1341
\BOOKMARK [3][-]{subsubsection.14.24.2.4}{\376\377\0001\0004\000.\0002\0004\000.\0002\000.\0004\000\040\000C\000B\000a\000c\000k\000g\000r\000o\000u\000n\000d\000P\000r\000o\000c}{subsection.14.24.2}% 1342
\BOOKMARK [3][-]{subsubsection.14.24.2.5}{\376\377\0001\0004\000.\0002\0004\000.\0002\000.\0005\000\040\000C\000I\000n\000i\000t\000P\000r\000i\000v\000a\000t\000e\000D\000a\000t\000a\000P\000r\000o\000c}{subsection.14.24.2}% 1343
\BOOKMARK [1][-]{section.14.25}{\376\377\0001\0004\000.\0002\0005\000\040\000A\000A\000X\000\137\000C\000P\000a\000c\000k\000e\000t\000\040\000C\000l\000a\000s\000s\000\040\000R\000e\000f\000e\000r\000e\000n\000c\000e}{chapter.14}% 1344
\BOOKMARK [2][-]{subsection.14.25.1}{\376\377\0001\0004\000.\0002\0005\000.\0001\000\040\000D\000e\000s\000c\000r\000i\000p\000t\000i\000o\000n}{section.14.25}% 1345
\BOOKMARK [2][-]{subsection.14.25.2}{\376\377\0001\0004\000.\0002\0005\000.\0002\000\040\000C\000o\000n\000s\000t\000r\000u\000c\000t\000o\000r\000\040\000\046\000\040\000D\000e\000s\000t\000r\000u\000c\000t\000o\000r\000\040\000D\000o\000c\000u\000m\000e\000n\000t\000a\000t\000i\000o\000n}{section.14.25}% 1346
\BOOKMARK [3][-]{subsubsection.14.25.2.1}{\376\377\0001\0004\000.\0002\0005\000.\0002\000.\0001\000\040\000A\000A\000X\000\137\000C\000P\000a\000c\000k\000e\000t\000\050\000\051}{subsection.14.25.2}% 1347
\BOOKMARK [3][-]{subsubsection.14.25.2.2}{\376\377\0001\0004\000.\0002\0005\000.\0002\000.\0002\000\040\000\040\000A\000A\000X\000\137\000C\000P\000a\000c\000k\000e\000t\000\050\000\051}{subsection.14.25.2}% 1348
\BOOKMARK [2][-]{subsection.14.25.3}{\376\377\0001\0004\000.\0002\0005\000.\0003\000\040\000M\000e\000m\000b\000e\000r\000\040\000F\000u\000n\000c\000t\000i\000o\000n\000\040\000D\000o\000c\000u\000m\000e\000n\000t\000a\000t\000i\000o\000n}{section.14.25}% 1349
\BOOKMARK [3][-]{subsubsection.14.25.3.1}{\376\377\0001\0004\000.\0002\0005\000.\0003\000.\0001\000\040\000G\000e\000t\000P\000t\000r\000\050\000\051\000\040\000[\0001\000/\0002\000]}{subsection.14.25.3}% 1350
\BOOKMARK [3][-]{subsubsection.14.25.3.2}{\376\377\0001\0004\000.\0002\0005\000.\0003\000.\0002\000\040\000S\000e\000t\000D\000i\000r\000t\000y\000\050\000\051}{subsection.14.25.3}% 1351
\BOOKMARK [3][-]{subsubsection.14.25.3.3}{\376\377\0001\0004\000.\0002\0005\000.\0003\000.\0003\000\040\000I\000s\000D\000i\000r\000t\000y\000\050\000\051}{subsection.14.25.3}% 1352
\BOOKMARK [3][-]{subsubsection.14.25.3.4}{\376\377\0001\0004\000.\0002\0005\000.\0003\000.\0004\000\040\000G\000e\000t\000I\000D\000\050\000\051}{subsection.14.25.3}% 1353
\BOOKMARK [3][-]{subsubsection.14.25.3.5}{\376\377\0001\0004\000.\0002\0005\000.\0003\000.\0005\000\040\000G\000e\000t\000S\000i\000z\000e\000\050\000\051}{subsection.14.25.3}% 1354
\BOOKMARK [3][-]{subsubsection.14.25.3.6}{\376\377\0001\0004\000.\0002\0005\000.\0003\000.\0006\000\040\000G\000e\000t\000P\000t\000r\000\050\000\051\000\040\000[\0002\000/\0002\000]}{subsection.14.25.3}% 1355
\BOOKMARK [1][-]{section.14.26}{\376\377\0001\0004\000.\0002\0006\000\040\000A\000A\000X\000\137\000C\000P\000a\000c\000k\000e\000t\000D\000i\000s\000p\000a\000t\000c\000h\000e\000r\000\040\000C\000l\000a\000s\000s\000\040\000R\000e\000f\000e\000r\000e\000n\000c\000e}{chapter.14}% 1356
\BOOKMARK [2][-]{subsection.14.26.1}{\376\377\0001\0004\000.\0002\0006\000.\0001\000\040\000D\000e\000s\000c\000r\000i\000p\000t\000i\000o\000n}{section.14.26}% 1357
\BOOKMARK [2][-]{subsection.14.26.2}{\376\377\0001\0004\000.\0002\0006\000.\0002\000\040\000C\000o\000n\000s\000t\000r\000u\000c\000t\000o\000r\000\040\000\046\000\040\000D\000e\000s\000t\000r\000u\000c\000t\000o\000r\000\040\000D\000o\000c\000u\000m\000e\000n\000t\000a\000t\000i\000o\000n}{section.14.26}% 1358
\BOOKMARK [3][-]{subsubsection.14.26.2.1}{\376\377\0001\0004\000.\0002\0006\000.\0002\000.\0001\000\040\000A\000A\000X\000\137\000C\000P\000a\000c\000k\000e\000t\000D\000i\000s\000p\000a\000t\000c\000h\000e\000r\000\050\000\051}{subsection.14.26.2}% 1359
\BOOKMARK [3][-]{subsubsection.14.26.2.2}{\376\377\0001\0004\000.\0002\0006\000.\0002\000.\0002\000\040\000\040\000A\000A\000X\000\137\000C\000P\000a\000c\000k\000e\000t\000D\000i\000s\000p\000a\000t\000c\000h\000e\000r\000\050\000\051}{subsection.14.26.2}% 1360
\BOOKMARK [2][-]{subsection.14.26.3}{\376\377\0001\0004\000.\0002\0006\000.\0003\000\040\000M\000e\000m\000b\000e\000r\000\040\000F\000u\000n\000c\000t\000i\000o\000n\000\040\000D\000o\000c\000u\000m\000e\000n\000t\000a\000t\000i\000o\000n}{section.14.26}% 1361
\BOOKMARK [3][-]{subsubsection.14.26.3.1}{\376\377\0001\0004\000.\0002\0006\000.\0003\000.\0001\000\040\000I\000n\000i\000t\000i\000a\000l\000i\000z\000e\000\050\000\051}{subsection.14.26.3}% 1362
\BOOKMARK [3][-]{subsubsection.14.26.3.2}{\376\377\0001\0004\000.\0002\0006\000.\0003\000.\0002\000\040\000R\000e\000g\000i\000s\000t\000e\000r\000P\000a\000c\000k\000e\000t\000\050\000\051\000\040\000[\0001\000/\0003\000]}{subsection.14.26.3}% 1363
\BOOKMARK [3][-]{subsubsection.14.26.3.3}{\376\377\0001\0004\000.\0002\0006\000.\0003\000.\0003\000\040\000R\000e\000g\000i\000s\000t\000e\000r\000P\000a\000c\000k\000e\000t\000\050\000\051\000\040\000[\0002\000/\0003\000]}{subsection.14.26.3}% 1364
\BOOKMARK [3][-]{subsubsection.14.26.3.4}{\376\377\0001\0004\000.\0002\0006\000.\0003\000.\0004\000\040\000R\000e\000g\000i\000s\000t\000e\000r\000P\000a\000c\000k\000e\000t\000\050\000\051\000\040\000[\0003\000/\0003\000]}{subsection.14.26.3}% 1365
\BOOKMARK [3][-]{subsubsection.14.26.3.5}{\376\377\0001\0004\000.\0002\0006\000.\0003\000.\0005\000\040\000S\000e\000t\000D\000i\000r\000t\000y\000\050\000\051}{subsection.14.26.3}% 1366
\BOOKMARK [3][-]{subsubsection.14.26.3.6}{\376\377\0001\0004\000.\0002\0006\000.\0003\000.\0006\000\040\000D\000i\000s\000p\000a\000t\000c\000h\000\050\000\051}{subsection.14.26.3}% 1367
\BOOKMARK [3][-]{subsubsection.14.26.3.7}{\376\377\0001\0004\000.\0002\0006\000.\0003\000.\0007\000\040\000G\000e\000n\000e\000r\000a\000t\000e\000S\000i\000n\000g\000l\000e\000V\000a\000l\000u\000e\000P\000a\000c\000k\000e\000t\000\050\000\051}{subsection.14.26.3}% 1368
\BOOKMARK [1][-]{section.14.27}{\376\377\0001\0004\000.\0002\0007\000\040\000A\000A\000X\000\137\000C\000P\000a\000c\000k\000e\000t\000H\000a\000n\000d\000l\000e\000r\000<\000\040\000T\000W\000o\000r\000k\000e\000r\000\040\000>\000\040\000C\000l\000a\000s\000s\000\040\000T\000e\000m\000p\000l\000a\000t\000e\000\040\000R\000e\000f\000e\000r\000e\000n\000c\000e}{chapter.14}% 1369
\BOOKMARK [2][-]{subsection.14.27.1}{\376\377\0001\0004\000.\0002\0007\000.\0001\000\040\000D\000e\000s\000c\000r\000i\000p\000t\000i\000o\000n}{section.14.27}% 1370
\BOOKMARK [2][-]{subsection.14.27.2}{\376\377\0001\0004\000.\0002\0007\000.\0002\000\040\000C\000o\000n\000s\000t\000r\000u\000c\000t\000o\000r\000\040\000\046\000\040\000D\000e\000s\000t\000r\000u\000c\000t\000o\000r\000\040\000D\000o\000c\000u\000m\000e\000n\000t\000a\000t\000i\000o\000n}{section.14.27}% 1371
\BOOKMARK [3][-]{subsubsection.14.27.2.1}{\376\377\0001\0004\000.\0002\0007\000.\0002\000.\0001\000\040\000A\000A\000X\000\137\000C\000P\000a\000c\000k\000e\000t\000H\000a\000n\000d\000l\000e\000r\000\050\000\051\000\040\000[\0001\000/\0002\000]}{subsection.14.27.2}% 1372
\BOOKMARK [3][-]{subsubsection.14.27.2.2}{\376\377\0001\0004\000.\0002\0007\000.\0002\000.\0002\000\040\000A\000A\000X\000\137\000C\000P\000a\000c\000k\000e\000t\000H\000a\000n\000d\000l\000e\000r\000\050\000\051\000\040\000[\0002\000/\0002\000]}{subsection.14.27.2}% 1373
\BOOKMARK [2][-]{subsection.14.27.3}{\376\377\0001\0004\000.\0002\0007\000.\0003\000\040\000M\000e\000m\000b\000e\000r\000\040\000F\000u\000n\000c\000t\000i\000o\000n\000\040\000D\000o\000c\000u\000m\000e\000n\000t\000a\000t\000i\000o\000n}{section.14.27}% 1374
\BOOKMARK [3][-]{subsubsection.14.27.3.1}{\376\377\0001\0004\000.\0002\0007\000.\0003\000.\0001\000\040\000C\000l\000o\000n\000e\000\050\000\051}{subsection.14.27.3}% 1375
\BOOKMARK [3][-]{subsubsection.14.27.3.2}{\376\377\0001\0004\000.\0002\0007\000.\0003\000.\0002\000\040\000C\000a\000l\000l\000\050\000\051}{subsection.14.27.3}% 1376
\BOOKMARK [2][-]{subsection.14.27.4}{\376\377\0001\0004\000.\0002\0007\000.\0004\000\040\000M\000e\000m\000b\000e\000r\000\040\000D\000a\000t\000a\000\040\000D\000o\000c\000u\000m\000e\000n\000t\000a\000t\000i\000o\000n}{section.14.27}% 1377
\BOOKMARK [3][-]{subsubsection.14.27.4.1}{\376\377\0001\0004\000.\0002\0007\000.\0004\000.\0001\000\040\000p\000t\0002\000O\000b\000j\000e\000c\000t}{subsection.14.27.4}% 1378
\BOOKMARK [3][-]{subsubsection.14.27.4.2}{\376\377\0001\0004\000.\0002\0007\000.\0004\000.\0002\000\040\000f\000p\000t}{subsection.14.27.4}% 1379
\BOOKMARK [3][-]{subsubsection.14.27.4.3}{\376\377\0001\0004\000.\0002\0007\000.\0004\000.\0003\000\040\000f\000p\000t\000E\000x}{subsection.14.27.4}% 1380
\BOOKMARK [1][-]{section.14.28}{\376\377\0001\0004\000.\0002\0008\000\040\000A\000A\000X\000\137\000C\000P\000a\000r\000a\000m\000e\000t\000e\000r\000<\000\040\000T\000\040\000>\000\040\000C\000l\000a\000s\000s\000\040\000T\000e\000m\000p\000l\000a\000t\000e\000\040\000R\000e\000f\000e\000r\000e\000n\000c\000e}{chapter.14}% 1381
\BOOKMARK [2][-]{subsection.14.28.1}{\376\377\0001\0004\000.\0002\0008\000.\0001\000\040\000D\000e\000s\000c\000r\000i\000p\000t\000i\000o\000n}{section.14.28}% 1382
\BOOKMARK [2][-]{subsection.14.28.2}{\376\377\0001\0004\000.\0002\0008\000.\0002\000\040\000M\000e\000m\000b\000e\000r\000\040\000E\000n\000u\000m\000e\000r\000a\000t\000i\000o\000n\000\040\000D\000o\000c\000u\000m\000e\000n\000t\000a\000t\000i\000o\000n}{section.14.28}% 1383
\BOOKMARK [3][-]{subsubsection.14.28.2.1}{\376\377\0001\0004\000.\0002\0008\000.\0002\000.\0001\000\040\000T\000y\000p\000e}{subsection.14.28.2}% 1384
\BOOKMARK [3][-]{subsubsection.14.28.2.2}{\376\377\0001\0004\000.\0002\0008\000.\0002\000.\0002\000\040\000D\000e\000f\000a\000u\000l\000t\000s}{subsection.14.28.2}% 1385
\BOOKMARK [2][-]{subsection.14.28.3}{\376\377\0001\0004\000.\0002\0008\000.\0003\000\040\000C\000o\000n\000s\000t\000r\000u\000c\000t\000o\000r\000\040\000\046\000\040\000D\000e\000s\000t\000r\000u\000c\000t\000o\000r\000\040\000D\000o\000c\000u\000m\000e\000n\000t\000a\000t\000i\000o\000n}{section.14.28}% 1386
\BOOKMARK [3][-]{subsubsection.14.28.3.1}{\376\377\0001\0004\000.\0002\0008\000.\0003\000.\0001\000\040\000A\000A\000X\000\137\000C\000P\000a\000r\000a\000m\000e\000t\000e\000r\000\050\000\051\000\040\000[\0001\000/\0004\000]}{subsection.14.28.3}% 1387
\BOOKMARK [3][-]{subsubsection.14.28.3.2}{\376\377\0001\0004\000.\0002\0008\000.\0003\000.\0002\000\040\000A\000A\000X\000\137\000C\000P\000a\000r\000a\000m\000e\000t\000e\000r\000\050\000\051\000\040\000[\0002\000/\0004\000]}{subsection.14.28.3}% 1388
\BOOKMARK [3][-]{subsubsection.14.28.3.3}{\376\377\0001\0004\000.\0002\0008\000.\0003\000.\0003\000\040\000A\000A\000X\000\137\000C\000P\000a\000r\000a\000m\000e\000t\000e\000r\000\050\000\051\000\040\000[\0003\000/\0004\000]}{subsection.14.28.3}% 1389
\BOOKMARK [3][-]{subsubsection.14.28.3.4}{\376\377\0001\0004\000.\0002\0008\000.\0003\000.\0004\000\040\000A\000A\000X\000\137\000C\000P\000a\000r\000a\000m\000e\000t\000e\000r\000\050\000\051\000\040\000[\0004\000/\0004\000]}{subsection.14.28.3}% 1390
\BOOKMARK [3][-]{subsubsection.14.28.3.5}{\376\377\0001\0004\000.\0002\0008\000.\0003\000.\0005\000\040\000\040\000A\000A\000X\000\137\000C\000P\000a\000r\000a\000m\000e\000t\000e\000r\000\050\000\051}{subsection.14.28.3}% 1391
\BOOKMARK [2][-]{subsection.14.28.4}{\376\377\0001\0004\000.\0002\0008\000.\0004\000\040\000M\000e\000m\000b\000e\000r\000\040\000F\000u\000n\000c\000t\000i\000o\000n\000\040\000D\000o\000c\000u\000m\000e\000n\000t\000a\000t\000i\000o\000n}{section.14.28}% 1392
\BOOKMARK [3][-]{subsubsection.14.28.4.1}{\376\377\0001\0004\000.\0002\0008\000.\0004\000.\0001\000\040\000A\000A\000X\000\137\000D\000E\000F\000A\000U\000L\000T\000\137\000M\000O\000V\000E\000\137\000C\000T\000O\000R\000\050\000\051}{subsection.14.28.4}% 1393
\BOOKMARK [3][-]{subsubsection.14.28.4.2}{\376\377\0001\0004\000.\0002\0008\000.\0004\000.\0002\000\040\000A\000A\000X\000\137\000D\000E\000F\000A\000U\000L\000T\000\137\000M\000O\000V\000E\000\137\000O\000P\000E\000R\000\050\000\051}{subsection.14.28.4}% 1394
\BOOKMARK [3][-]{subsubsection.14.28.4.3}{\376\377\0001\0004\000.\0002\0008\000.\0004\000.\0003\000\040\000A\000A\000X\000\137\000D\000E\000L\000E\000T\000E\000\050\000\051\000\040\000[\0001\000/\0003\000]}{subsection.14.28.4}% 1395
\BOOKMARK [3][-]{subsubsection.14.28.4.4}{\376\377\0001\0004\000.\0002\0008\000.\0004\000.\0004\000\040\000A\000A\000X\000\137\000D\000E\000L\000E\000T\000E\000\050\000\051\000\040\000[\0002\000/\0003\000]}{subsection.14.28.4}% 1396
\BOOKMARK [3][-]{subsubsection.14.28.4.5}{\376\377\0001\0004\000.\0002\0008\000.\0004\000.\0005\000\040\000A\000A\000X\000\137\000D\000E\000L\000E\000T\000E\000\050\000\051\000\040\000[\0003\000/\0003\000]}{subsection.14.28.4}% 1397
\BOOKMARK [3][-]{subsubsection.14.28.4.6}{\376\377\0001\0004\000.\0002\0008\000.\0004\000.\0006\000\040\000C\000l\000o\000n\000e\000V\000a\000l\000u\000e\000\050\000\051}{subsection.14.28.4}% 1398
\BOOKMARK [3][-]{subsubsection.14.28.4.7}{\376\377\0001\0004\000.\0002\0008\000.\0004\000.\0007\000\040\000I\000d\000e\000n\000t\000i\000f\000i\000e\000r\000\050\000\051}{subsection.14.28.4}% 1399
\BOOKMARK [3][-]{subsubsection.14.28.4.8}{\376\377\0001\0004\000.\0002\0008\000.\0004\000.\0008\000\040\000S\000e\000t\000N\000a\000m\000e\000\050\000\051}{subsection.14.28.4}% 1400
\BOOKMARK [3][-]{subsubsection.14.28.4.9}{\376\377\0001\0004\000.\0002\0008\000.\0004\000.\0009\000\040\000N\000a\000m\000e\000\050\000\051}{subsection.14.28.4}% 1401
\BOOKMARK [3][-]{subsubsection.14.28.4.10}{\376\377\0001\0004\000.\0002\0008\000.\0004\000.\0001\0000\000\040\000A\000d\000d\000S\000h\000o\000r\000t\000e\000n\000e\000d\000N\000a\000m\000e\000\050\000\051}{subsection.14.28.4}% 1402
\BOOKMARK [3][-]{subsubsection.14.28.4.11}{\376\377\0001\0004\000.\0002\0008\000.\0004\000.\0001\0001\000\040\000S\000h\000o\000r\000t\000e\000n\000e\000d\000N\000a\000m\000e\000\050\000\051}{subsection.14.28.4}% 1403
\BOOKMARK [3][-]{subsubsection.14.28.4.12}{\376\377\0001\0004\000.\0002\0008\000.\0004\000.\0001\0002\000\040\000C\000l\000e\000a\000r\000S\000h\000o\000r\000t\000e\000n\000e\000d\000N\000a\000m\000e\000s\000\050\000\051}{subsection.14.28.4}% 1404
\BOOKMARK [3][-]{subsubsection.14.28.4.13}{\376\377\0001\0004\000.\0002\0008\000.\0004\000.\0001\0003\000\040\000S\000e\000t\000N\000o\000r\000m\000a\000l\000i\000z\000e\000d\000D\000e\000f\000a\000u\000l\000t\000V\000a\000l\000u\000e\000\050\000\051}{subsection.14.28.4}% 1405
\BOOKMARK [3][-]{subsubsection.14.28.4.14}{\376\377\0001\0004\000.\0002\0008\000.\0004\000.\0001\0004\000\040\000G\000e\000t\000N\000o\000r\000m\000a\000l\000i\000z\000e\000d\000D\000e\000f\000a\000u\000l\000t\000V\000a\000l\000u\000e\000\050\000\051}{subsection.14.28.4}% 1406
\BOOKMARK [3][-]{subsubsection.14.28.4.15}{\376\377\0001\0004\000.\0002\0008\000.\0004\000.\0001\0005\000\040\000S\000e\000t\000T\000o\000D\000e\000f\000a\000u\000l\000t\000V\000a\000l\000u\000e\000\050\000\051}{subsection.14.28.4}% 1407
\BOOKMARK [3][-]{subsubsection.14.28.4.16}{\376\377\0001\0004\000.\0002\0008\000.\0004\000.\0001\0006\000\040\000S\000e\000t\000N\000o\000r\000m\000a\000l\000i\000z\000e\000d\000V\000a\000l\000u\000e\000\050\000\051}{subsection.14.28.4}% 1408
\BOOKMARK [3][-]{subsubsection.14.28.4.17}{\376\377\0001\0004\000.\0002\0008\000.\0004\000.\0001\0007\000\040\000G\000e\000t\000N\000o\000r\000m\000a\000l\000i\000z\000e\000d\000V\000a\000l\000u\000e\000\050\000\051}{subsection.14.28.4}% 1409
\BOOKMARK [3][-]{subsubsection.14.28.4.18}{\376\377\0001\0004\000.\0002\0008\000.\0004\000.\0001\0008\000\040\000S\000e\000t\000N\000u\000m\000b\000e\000r\000O\000f\000S\000t\000e\000p\000s\000\050\000\051}{subsection.14.28.4}% 1410
\BOOKMARK [3][-]{subsubsection.14.28.4.19}{\376\377\0001\0004\000.\0002\0008\000.\0004\000.\0001\0009\000\040\000G\000e\000t\000N\000u\000m\000b\000e\000r\000O\000f\000S\000t\000e\000p\000s\000\050\000\051}{subsection.14.28.4}% 1411
\BOOKMARK [3][-]{subsubsection.14.28.4.20}{\376\377\0001\0004\000.\0002\0008\000.\0004\000.\0002\0000\000\040\000G\000e\000t\000S\000t\000e\000p\000V\000a\000l\000u\000e\000\050\000\051}{subsection.14.28.4}% 1412
\BOOKMARK [3][-]{subsubsection.14.28.4.21}{\376\377\0001\0004\000.\0002\0008\000.\0004\000.\0002\0001\000\040\000G\000e\000t\000N\000o\000r\000m\000a\000l\000i\000z\000e\000d\000V\000a\000l\000u\000e\000F\000r\000o\000m\000S\000t\000e\000p\000\050\000\051}{subsection.14.28.4}% 1413
\BOOKMARK [3][-]{subsubsection.14.28.4.22}{\376\377\0001\0004\000.\0002\0008\000.\0004\000.\0002\0002\000\040\000G\000e\000t\000S\000t\000e\000p\000V\000a\000l\000u\000e\000F\000r\000o\000m\000N\000o\000r\000m\000a\000l\000i\000z\000e\000d\000V\000a\000l\000u\000e\000\050\000\051}{subsection.14.28.4}% 1414
\BOOKMARK [3][-]{subsubsection.14.28.4.23}{\376\377\0001\0004\000.\0002\0008\000.\0004\000.\0002\0003\000\040\000S\000e\000t\000S\000t\000e\000p\000V\000a\000l\000u\000e\000\050\000\051}{subsection.14.28.4}% 1415
\BOOKMARK [3][-]{subsubsection.14.28.4.24}{\376\377\0001\0004\000.\0002\0008\000.\0004\000.\0002\0004\000\040\000S\000e\000t\000T\000y\000p\000e\000\050\000\051}{subsection.14.28.4}% 1416
\BOOKMARK [3][-]{subsubsection.14.28.4.25}{\376\377\0001\0004\000.\0002\0008\000.\0004\000.\0002\0005\000\040\000G\000e\000t\000T\000y\000p\000e\000\050\000\051}{subsection.14.28.4}% 1417
\BOOKMARK [3][-]{subsubsection.14.28.4.26}{\376\377\0001\0004\000.\0002\0008\000.\0004\000.\0002\0006\000\040\000S\000e\000t\000O\000r\000i\000e\000n\000t\000a\000t\000i\000o\000n\000\050\000\051}{subsection.14.28.4}% 1418
\BOOKMARK [3][-]{subsubsection.14.28.4.27}{\376\377\0001\0004\000.\0002\0008\000.\0004\000.\0002\0007\000\040\000G\000e\000t\000O\000r\000i\000e\000n\000t\000a\000t\000i\000o\000n\000\050\000\051}{subsection.14.28.4}% 1419
\BOOKMARK [3][-]{subsubsection.14.28.4.28}{\376\377\0001\0004\000.\0002\0008\000.\0004\000.\0002\0008\000\040\000S\000e\000t\000T\000a\000p\000e\000r\000D\000e\000l\000e\000g\000a\000t\000e\000\050\000\051}{subsection.14.28.4}% 1420
\BOOKMARK [3][-]{subsubsection.14.28.4.29}{\376\377\0001\0004\000.\0002\0008\000.\0004\000.\0002\0009\000\040\000S\000e\000t\000D\000i\000s\000p\000l\000a\000y\000D\000e\000l\000e\000g\000a\000t\000e\000\050\000\051}{subsection.14.28.4}% 1421
\BOOKMARK [3][-]{subsubsection.14.28.4.30}{\376\377\0001\0004\000.\0002\0008\000.\0004\000.\0003\0000\000\040\000G\000e\000t\000V\000a\000l\000u\000e\000S\000t\000r\000i\000n\000g\000\050\000\051\000\040\000[\0001\000/\0002\000]}{subsection.14.28.4}% 1422
\BOOKMARK [3][-]{subsubsection.14.28.4.31}{\376\377\0001\0004\000.\0002\0008\000.\0004\000.\0003\0001\000\040\000G\000e\000t\000V\000a\000l\000u\000e\000S\000t\000r\000i\000n\000g\000\050\000\051\000\040\000[\0002\000/\0002\000]}{subsection.14.28.4}% 1423
\BOOKMARK [3][-]{subsubsection.14.28.4.32}{\376\377\0001\0004\000.\0002\0008\000.\0004\000.\0003\0002\000\040\000G\000e\000t\000N\000o\000r\000m\000a\000l\000i\000z\000e\000d\000V\000a\000l\000u\000e\000F\000r\000o\000m\000B\000o\000o\000l\000\050\000\051\000\040\000[\0001\000/\0002\000]}{subsection.14.28.4}% 1424
\BOOKMARK [3][-]{subsubsection.14.28.4.33}{\376\377\0001\0004\000.\0002\0008\000.\0004\000.\0003\0003\000\040\000G\000e\000t\000N\000o\000r\000m\000a\000l\000i\000z\000e\000d\000V\000a\000l\000u\000e\000F\000r\000o\000m\000I\000n\000t\0003\0002\000\050\000\051\000\040\000[\0001\000/\0002\000]}{subsection.14.28.4}% 1425
\BOOKMARK [3][-]{subsubsection.14.28.4.34}{\376\377\0001\0004\000.\0002\0008\000.\0004\000.\0003\0004\000\040\000G\000e\000t\000N\000o\000r\000m\000a\000l\000i\000z\000e\000d\000V\000a\000l\000u\000e\000F\000r\000o\000m\000F\000l\000o\000a\000t\000\050\000\051\000\040\000[\0001\000/\0002\000]}{subsection.14.28.4}% 1426
\BOOKMARK [3][-]{subsubsection.14.28.4.35}{\376\377\0001\0004\000.\0002\0008\000.\0004\000.\0003\0005\000\040\000G\000e\000t\000N\000o\000r\000m\000a\000l\000i\000z\000e\000d\000V\000a\000l\000u\000e\000F\000r\000o\000m\000D\000o\000u\000b\000l\000e\000\050\000\051\000\040\000[\0001\000/\0002\000]}{subsection.14.28.4}% 1427
\BOOKMARK [3][-]{subsubsection.14.28.4.36}{\376\377\0001\0004\000.\0002\0008\000.\0004\000.\0003\0006\000\040\000G\000e\000t\000N\000o\000r\000m\000a\000l\000i\000z\000e\000d\000V\000a\000l\000u\000e\000F\000r\000o\000m\000S\000t\000r\000i\000n\000g\000\050\000\051}{subsection.14.28.4}% 1428
\BOOKMARK [3][-]{subsubsection.14.28.4.37}{\376\377\0001\0004\000.\0002\0008\000.\0004\000.\0003\0007\000\040\000G\000e\000t\000B\000o\000o\000l\000F\000r\000o\000m\000N\000o\000r\000m\000a\000l\000i\000z\000e\000d\000V\000a\000l\000u\000e\000\050\000\051\000\040\000[\0001\000/\0002\000]}{subsection.14.28.4}% 1429
\BOOKMARK [3][-]{subsubsection.14.28.4.38}{\376\377\0001\0004\000.\0002\0008\000.\0004\000.\0003\0008\000\040\000G\000e\000t\000I\000n\000t\0003\0002\000F\000r\000o\000m\000N\000o\000r\000m\000a\000l\000i\000z\000e\000d\000V\000a\000l\000u\000e\000\050\000\051\000\040\000[\0001\000/\0002\000]}{subsection.14.28.4}% 1430
\BOOKMARK [3][-]{subsubsection.14.28.4.39}{\376\377\0001\0004\000.\0002\0008\000.\0004\000.\0003\0009\000\040\000G\000e\000t\000F\000l\000o\000a\000t\000F\000r\000o\000m\000N\000o\000r\000m\000a\000l\000i\000z\000e\000d\000V\000a\000l\000u\000e\000\050\000\051\000\040\000[\0001\000/\0002\000]}{subsection.14.28.4}% 1431
\BOOKMARK [3][-]{subsubsection.14.28.4.40}{\376\377\0001\0004\000.\0002\0008\000.\0004\000.\0004\0000\000\040\000G\000e\000t\000D\000o\000u\000b\000l\000e\000F\000r\000o\000m\000N\000o\000r\000m\000a\000l\000i\000z\000e\000d\000V\000a\000l\000u\000e\000\050\000\051\000\040\000[\0001\000/\0002\000]}{subsection.14.28.4}% 1432
\BOOKMARK [3][-]{subsubsection.14.28.4.41}{\376\377\0001\0004\000.\0002\0008\000.\0004\000.\0004\0001\000\040\000G\000e\000t\000S\000t\000r\000i\000n\000g\000F\000r\000o\000m\000N\000o\000r\000m\000a\000l\000i\000z\000e\000d\000V\000a\000l\000u\000e\000\050\000\051\000\040\000[\0001\000/\0002\000]}{subsection.14.28.4}% 1433
\BOOKMARK [3][-]{subsubsection.14.28.4.42}{\376\377\0001\0004\000.\0002\0008\000.\0004\000.\0004\0002\000\040\000G\000e\000t\000S\000t\000r\000i\000n\000g\000F\000r\000o\000m\000N\000o\000r\000m\000a\000l\000i\000z\000e\000d\000V\000a\000l\000u\000e\000\050\000\051\000\040\000[\0002\000/\0002\000]}{subsection.14.28.4}% 1434
\BOOKMARK [3][-]{subsubsection.14.28.4.43}{\376\377\0001\0004\000.\0002\0008\000.\0004\000.\0004\0003\000\040\000S\000e\000t\000V\000a\000l\000u\000e\000F\000r\000o\000m\000S\000t\000r\000i\000n\000g\000\050\000\051}{subsection.14.28.4}% 1435
\BOOKMARK [3][-]{subsubsection.14.28.4.44}{\376\377\0001\0004\000.\0002\0008\000.\0004\000.\0004\0004\000\040\000S\000e\000t\000A\000u\000t\000o\000m\000a\000t\000i\000o\000n\000D\000e\000l\000e\000g\000a\000t\000e\000\050\000\051}{subsection.14.28.4}% 1436
\BOOKMARK [3][-]{subsubsection.14.28.4.45}{\376\377\0001\0004\000.\0002\0008\000.\0004\000.\0004\0005\000\040\000A\000u\000t\000o\000m\000a\000t\000a\000b\000l\000e\000\050\000\051}{subsection.14.28.4}% 1437
\BOOKMARK [3][-]{subsubsection.14.28.4.46}{\376\377\0001\0004\000.\0002\0008\000.\0004\000.\0004\0006\000\040\000T\000o\000u\000c\000h\000\050\000\051}{subsection.14.28.4}% 1438
\BOOKMARK [3][-]{subsubsection.14.28.4.47}{\376\377\0001\0004\000.\0002\0008\000.\0004\000.\0004\0007\000\040\000R\000e\000l\000e\000a\000s\000e\000\050\000\051}{subsection.14.28.4}% 1439
\BOOKMARK [3][-]{subsubsection.14.28.4.48}{\376\377\0001\0004\000.\0002\0008\000.\0004\000.\0004\0008\000\040\000G\000e\000t\000V\000a\000l\000u\000e\000A\000s\000B\000o\000o\000l\000\050\000\051}{subsection.14.28.4}% 1440
\BOOKMARK [3][-]{subsubsection.14.28.4.49}{\376\377\0001\0004\000.\0002\0008\000.\0004\000.\0004\0009\000\040\000G\000e\000t\000V\000a\000l\000u\000e\000A\000s\000I\000n\000t\0003\0002\000\050\000\051}{subsection.14.28.4}% 1441
\BOOKMARK [3][-]{subsubsection.14.28.4.50}{\376\377\0001\0004\000.\0002\0008\000.\0004\000.\0005\0000\000\040\000G\000e\000t\000V\000a\000l\000u\000e\000A\000s\000F\000l\000o\000a\000t\000\050\000\051}{subsection.14.28.4}% 1442
\BOOKMARK [3][-]{subsubsection.14.28.4.51}{\376\377\0001\0004\000.\0002\0008\000.\0004\000.\0005\0001\000\040\000G\000e\000t\000V\000a\000l\000u\000e\000A\000s\000D\000o\000u\000b\000l\000e\000\050\000\051}{subsection.14.28.4}% 1443
\BOOKMARK [3][-]{subsubsection.14.28.4.52}{\376\377\0001\0004\000.\0002\0008\000.\0004\000.\0005\0002\000\040\000G\000e\000t\000V\000a\000l\000u\000e\000A\000s\000S\000t\000r\000i\000n\000g\000\050\000\051\000\040\000[\0001\000/\0002\000]}{subsection.14.28.4}% 1444
\BOOKMARK [3][-]{subsubsection.14.28.4.53}{\376\377\0001\0004\000.\0002\0008\000.\0004\000.\0005\0003\000\040\000S\000e\000t\000V\000a\000l\000u\000e\000W\000i\000t\000h\000B\000o\000o\000l\000\050\000\051\000\040\000[\0001\000/\0002\000]}{subsection.14.28.4}% 1445
\BOOKMARK [3][-]{subsubsection.14.28.4.54}{\376\377\0001\0004\000.\0002\0008\000.\0004\000.\0005\0004\000\040\000S\000e\000t\000V\000a\000l\000u\000e\000W\000i\000t\000h\000I\000n\000t\0003\0002\000\050\000\051\000\040\000[\0001\000/\0002\000]}{subsection.14.28.4}% 1446
\BOOKMARK [3][-]{subsubsection.14.28.4.55}{\376\377\0001\0004\000.\0002\0008\000.\0004\000.\0005\0005\000\040\000S\000e\000t\000V\000a\000l\000u\000e\000W\000i\000t\000h\000F\000l\000o\000a\000t\000\050\000\051\000\040\000[\0001\000/\0002\000]}{subsection.14.28.4}% 1447
\BOOKMARK [3][-]{subsubsection.14.28.4.56}{\376\377\0001\0004\000.\0002\0008\000.\0004\000.\0005\0006\000\040\000S\000e\000t\000V\000a\000l\000u\000e\000W\000i\000t\000h\000D\000o\000u\000b\000l\000e\000\050\000\051\000\040\000[\0001\000/\0002\000]}{subsection.14.28.4}% 1448
\BOOKMARK [3][-]{subsubsection.14.28.4.57}{\376\377\0001\0004\000.\0002\0008\000.\0004\000.\0005\0007\000\040\000S\000e\000t\000V\000a\000l\000u\000e\000W\000i\000t\000h\000S\000t\000r\000i\000n\000g\000\050\000\051\000\040\000[\0001\000/\0002\000]}{subsection.14.28.4}% 1449
\BOOKMARK [3][-]{subsubsection.14.28.4.58}{\376\377\0001\0004\000.\0002\0008\000.\0004\000.\0005\0008\000\040\000U\000p\000d\000a\000t\000e\000N\000o\000r\000m\000a\000l\000i\000z\000e\000d\000V\000a\000l\000u\000e\000\050\000\051}{subsection.14.28.4}% 1450
\BOOKMARK [3][-]{subsubsection.14.28.4.59}{\376\377\0001\0004\000.\0002\0008\000.\0004\000.\0005\0009\000\040\000S\000e\000t\000V\000a\000l\000u\000e\000\050\000\051}{subsection.14.28.4}% 1451
\BOOKMARK [3][-]{subsubsection.14.28.4.60}{\376\377\0001\0004\000.\0002\0008\000.\0004\000.\0006\0000\000\040\000G\000e\000t\000V\000a\000l\000u\000e\000\050\000\051}{subsection.14.28.4}% 1452
\BOOKMARK [3][-]{subsubsection.14.28.4.61}{\376\377\0001\0004\000.\0002\0008\000.\0004\000.\0006\0001\000\040\000S\000e\000t\000D\000e\000f\000a\000u\000l\000t\000V\000a\000l\000u\000e\000\050\000\051}{subsection.14.28.4}% 1453
\BOOKMARK [3][-]{subsubsection.14.28.4.62}{\376\377\0001\0004\000.\0002\0008\000.\0004\000.\0006\0002\000\040\000G\000e\000t\000D\000e\000f\000a\000u\000l\000t\000V\000a\000l\000u\000e\000\050\000\051}{subsection.14.28.4}% 1454
\BOOKMARK [3][-]{subsubsection.14.28.4.63}{\376\377\0001\0004\000.\0002\0008\000.\0004\000.\0006\0003\000\040\000T\000a\000p\000e\000r\000D\000e\000l\000e\000g\000a\000t\000e\000\050\000\051}{subsection.14.28.4}% 1455
\BOOKMARK [3][-]{subsubsection.14.28.4.64}{\376\377\0001\0004\000.\0002\0008\000.\0004\000.\0006\0004\000\040\000D\000i\000s\000p\000l\000a\000y\000D\000e\000l\000e\000g\000a\000t\000e\000\050\000\051}{subsection.14.28.4}% 1456
\BOOKMARK [3][-]{subsubsection.14.28.4.65}{\376\377\0001\0004\000.\0002\0008\000.\0004\000.\0006\0005\000\040\000G\000e\000t\000V\000a\000l\000u\000e\000A\000s\000S\000t\000r\000i\000n\000g\000\050\000\051\000\040\000[\0002\000/\0002\000]}{subsection.14.28.4}% 1457
\BOOKMARK [3][-]{subsubsection.14.28.4.66}{\376\377\0001\0004\000.\0002\0008\000.\0004\000.\0006\0006\000\040\000S\000e\000t\000V\000a\000l\000u\000e\000W\000i\000t\000h\000B\000o\000o\000l\000\050\000\051\000\040\000[\0002\000/\0002\000]}{subsection.14.28.4}% 1458
\BOOKMARK [3][-]{subsubsection.14.28.4.67}{\376\377\0001\0004\000.\0002\0008\000.\0004\000.\0006\0007\000\040\000S\000e\000t\000V\000a\000l\000u\000e\000W\000i\000t\000h\000I\000n\000t\0003\0002\000\050\000\051\000\040\000[\0002\000/\0002\000]}{subsection.14.28.4}% 1459
\BOOKMARK [3][-]{subsubsection.14.28.4.68}{\376\377\0001\0004\000.\0002\0008\000.\0004\000.\0006\0008\000\040\000S\000e\000t\000V\000a\000l\000u\000e\000W\000i\000t\000h\000F\000l\000o\000a\000t\000\050\000\051\000\040\000[\0002\000/\0002\000]}{subsection.14.28.4}% 1460
\BOOKMARK [3][-]{subsubsection.14.28.4.69}{\376\377\0001\0004\000.\0002\0008\000.\0004\000.\0006\0009\000\040\000S\000e\000t\000V\000a\000l\000u\000e\000W\000i\000t\000h\000D\000o\000u\000b\000l\000e\000\050\000\051\000\040\000[\0002\000/\0002\000]}{subsection.14.28.4}% 1461
\BOOKMARK [3][-]{subsubsection.14.28.4.70}{\376\377\0001\0004\000.\0002\0008\000.\0004\000.\0007\0000\000\040\000S\000e\000t\000V\000a\000l\000u\000e\000W\000i\000t\000h\000S\000t\000r\000i\000n\000g\000\050\000\051\000\040\000[\0002\000/\0002\000]}{subsection.14.28.4}% 1462
\BOOKMARK [3][-]{subsubsection.14.28.4.71}{\376\377\0001\0004\000.\0002\0008\000.\0004\000.\0007\0001\000\040\000G\000e\000t\000N\000o\000r\000m\000a\000l\000i\000z\000e\000d\000V\000a\000l\000u\000e\000F\000r\000o\000m\000B\000o\000o\000l\000\050\000\051\000\040\000[\0002\000/\0002\000]}{subsection.14.28.4}% 1463
\BOOKMARK [3][-]{subsubsection.14.28.4.72}{\376\377\0001\0004\000.\0002\0008\000.\0004\000.\0007\0002\000\040\000G\000e\000t\000N\000o\000r\000m\000a\000l\000i\000z\000e\000d\000V\000a\000l\000u\000e\000F\000r\000o\000m\000I\000n\000t\0003\0002\000\050\000\051\000\040\000[\0002\000/\0002\000]}{subsection.14.28.4}% 1464
\BOOKMARK [3][-]{subsubsection.14.28.4.73}{\376\377\0001\0004\000.\0002\0008\000.\0004\000.\0007\0003\000\040\000G\000e\000t\000N\000o\000r\000m\000a\000l\000i\000z\000e\000d\000V\000a\000l\000u\000e\000F\000r\000o\000m\000F\000l\000o\000a\000t\000\050\000\051\000\040\000[\0002\000/\0002\000]}{subsection.14.28.4}% 1465
\BOOKMARK [3][-]{subsubsection.14.28.4.74}{\376\377\0001\0004\000.\0002\0008\000.\0004\000.\0007\0004\000\040\000G\000e\000t\000N\000o\000r\000m\000a\000l\000i\000z\000e\000d\000V\000a\000l\000u\000e\000F\000r\000o\000m\000D\000o\000u\000b\000l\000e\000\050\000\051\000\040\000[\0002\000/\0002\000]}{subsection.14.28.4}% 1466
\BOOKMARK [3][-]{subsubsection.14.28.4.75}{\376\377\0001\0004\000.\0002\0008\000.\0004\000.\0007\0005\000\040\000G\000e\000t\000B\000o\000o\000l\000F\000r\000o\000m\000N\000o\000r\000m\000a\000l\000i\000z\000e\000d\000V\000a\000l\000u\000e\000\050\000\051\000\040\000[\0002\000/\0002\000]}{subsection.14.28.4}% 1467
\BOOKMARK [3][-]{subsubsection.14.28.4.76}{\376\377\0001\0004\000.\0002\0008\000.\0004\000.\0007\0006\000\040\000G\000e\000t\000I\000n\000t\0003\0002\000F\000r\000o\000m\000N\000o\000r\000m\000a\000l\000i\000z\000e\000d\000V\000a\000l\000u\000e\000\050\000\051\000\040\000[\0002\000/\0002\000]}{subsection.14.28.4}% 1468
\BOOKMARK [3][-]{subsubsection.14.28.4.77}{\376\377\0001\0004\000.\0002\0008\000.\0004\000.\0007\0007\000\040\000G\000e\000t\000F\000l\000o\000a\000t\000F\000r\000o\000m\000N\000o\000r\000m\000a\000l\000i\000z\000e\000d\000V\000a\000l\000u\000e\000\050\000\051\000\040\000[\0002\000/\0002\000]}{subsection.14.28.4}% 1469
\BOOKMARK [3][-]{subsubsection.14.28.4.78}{\376\377\0001\0004\000.\0002\0008\000.\0004\000.\0007\0008\000\040\000G\000e\000t\000D\000o\000u\000b\000l\000e\000F\000r\000o\000m\000N\000o\000r\000m\000a\000l\000i\000z\000e\000d\000V\000a\000l\000u\000e\000\050\000\051\000\040\000[\0002\000/\0002\000]}{subsection.14.28.4}% 1470
\BOOKMARK [2][-]{subsection.14.28.5}{\376\377\0001\0004\000.\0002\0008\000.\0005\000\040\000M\000e\000m\000b\000e\000r\000\040\000D\000a\000t\000a\000\040\000D\000o\000c\000u\000m\000e\000n\000t\000a\000t\000i\000o\000n}{section.14.28}% 1471
\BOOKMARK [3][-]{subsubsection.14.28.5.1}{\376\377\0001\0004\000.\0002\0008\000.\0005\000.\0001\000\040\000m\000N\000a\000m\000e\000s}{subsection.14.28.5}% 1472
\BOOKMARK [3][-]{subsubsection.14.28.5.2}{\376\377\0001\0004\000.\0002\0008\000.\0005\000.\0002\000\040\000m\000A\000u\000t\000o\000m\000a\000t\000a\000b\000l\000e}{subsection.14.28.5}% 1473
\BOOKMARK [3][-]{subsubsection.14.28.5.3}{\376\377\0001\0004\000.\0002\0008\000.\0005\000.\0003\000\040\000m\000N\000u\000m\000S\000t\000e\000p\000s}{subsection.14.28.5}% 1474
\BOOKMARK [3][-]{subsubsection.14.28.5.4}{\376\377\0001\0004\000.\0002\0008\000.\0005\000.\0004\000\040\000m\000C\000o\000n\000t\000r\000o\000l\000T\000y\000p\000e}{subsection.14.28.5}% 1475
\BOOKMARK [3][-]{subsubsection.14.28.5.5}{\376\377\0001\0004\000.\0002\0008\000.\0005\000.\0005\000\040\000m\000O\000r\000i\000e\000n\000t\000a\000t\000i\000o\000n}{subsection.14.28.5}% 1476
\BOOKMARK [3][-]{subsubsection.14.28.5.6}{\376\377\0001\0004\000.\0002\0008\000.\0005\000.\0006\000\040\000m\000T\000a\000p\000e\000r\000D\000e\000l\000e\000g\000a\000t\000e}{subsection.14.28.5}% 1477
\BOOKMARK [3][-]{subsubsection.14.28.5.7}{\376\377\0001\0004\000.\0002\0008\000.\0005\000.\0007\000\040\000m\000D\000i\000s\000p\000l\000a\000y\000D\000e\000l\000e\000g\000a\000t\000e}{subsection.14.28.5}% 1478
\BOOKMARK [3][-]{subsubsection.14.28.5.8}{\376\377\0001\0004\000.\0002\0008\000.\0005\000.\0008\000\040\000m\000A\000u\000t\000o\000m\000a\000t\000i\000o\000n\000D\000e\000l\000e\000g\000a\000t\000e}{subsection.14.28.5}% 1479
\BOOKMARK [3][-]{subsubsection.14.28.5.9}{\376\377\0001\0004\000.\0002\0008\000.\0005\000.\0009\000\040\000m\000N\000e\000e\000d\000N\000o\000t\000i\000f\000y}{subsection.14.28.5}% 1480
\BOOKMARK [3][-]{subsubsection.14.28.5.10}{\376\377\0001\0004\000.\0002\0008\000.\0005\000.\0001\0000\000\040\000m\000V\000a\000l\000u\000e}{subsection.14.28.5}% 1481
\BOOKMARK [3][-]{subsubsection.14.28.5.11}{\376\377\0001\0004\000.\0002\0008\000.\0005\000.\0001\0001\000\040\000m\000D\000e\000f\000a\000u\000l\000t\000V\000a\000l\000u\000e}{subsection.14.28.5}% 1482
\BOOKMARK [1][-]{section.14.29}{\376\377\0001\0004\000.\0002\0009\000\040\000A\000A\000X\000\137\000C\000P\000a\000r\000a\000m\000e\000t\000e\000r\000M\000a\000n\000a\000g\000e\000r\000\040\000C\000l\000a\000s\000s\000\040\000R\000e\000f\000e\000r\000e\000n\000c\000e}{chapter.14}% 1483
\BOOKMARK [2][-]{subsection.14.29.1}{\376\377\0001\0004\000.\0002\0009\000.\0001\000\040\000D\000e\000s\000c\000r\000i\000p\000t\000i\000o\000n}{section.14.29}% 1484
\BOOKMARK [2][-]{subsection.14.29.2}{\376\377\0001\0004\000.\0002\0009\000.\0002\000\040\000C\000o\000n\000s\000t\000r\000u\000c\000t\000o\000r\000\040\000\046\000\040\000D\000e\000s\000t\000r\000u\000c\000t\000o\000r\000\040\000D\000o\000c\000u\000m\000e\000n\000t\000a\000t\000i\000o\000n}{section.14.29}% 1485
\BOOKMARK [3][-]{subsubsection.14.29.2.1}{\376\377\0001\0004\000.\0002\0009\000.\0002\000.\0001\000\040\000A\000A\000X\000\137\000C\000P\000a\000r\000a\000m\000e\000t\000e\000r\000M\000a\000n\000a\000g\000e\000r\000\050\000\051}{subsection.14.29.2}% 1486
\BOOKMARK [3][-]{subsubsection.14.29.2.2}{\376\377\0001\0004\000.\0002\0009\000.\0002\000.\0002\000\040\000\040\000A\000A\000X\000\137\000C\000P\000a\000r\000a\000m\000e\000t\000e\000r\000M\000a\000n\000a\000g\000e\000r\000\050\000\051}{subsection.14.29.2}% 1487
\BOOKMARK [2][-]{subsection.14.29.3}{\376\377\0001\0004\000.\0002\0009\000.\0003\000\040\000M\000e\000m\000b\000e\000r\000\040\000F\000u\000n\000c\000t\000i\000o\000n\000\040\000D\000o\000c\000u\000m\000e\000n\000t\000a\000t\000i\000o\000n}{section.14.29}% 1488
\BOOKMARK [3][-]{subsubsection.14.29.3.1}{\376\377\0001\0004\000.\0002\0009\000.\0003\000.\0001\000\040\000I\000n\000i\000t\000i\000a\000l\000i\000z\000e\000\050\000\051}{subsection.14.29.3}% 1489
\BOOKMARK [3][-]{subsubsection.14.29.3.2}{\376\377\0001\0004\000.\0002\0009\000.\0003\000.\0002\000\040\000N\000u\000m\000P\000a\000r\000a\000m\000e\000t\000e\000r\000s\000\050\000\051}{subsection.14.29.3}% 1490
\BOOKMARK [3][-]{subsubsection.14.29.3.3}{\376\377\0001\0004\000.\0002\0009\000.\0003\000.\0003\000\040\000R\000e\000m\000o\000v\000e\000P\000a\000r\000a\000m\000e\000t\000e\000r\000B\000y\000I\000D\000\050\000\051}{subsection.14.29.3}% 1491
\BOOKMARK [3][-]{subsubsection.14.29.3.4}{\376\377\0001\0004\000.\0002\0009\000.\0003\000.\0004\000\040\000R\000e\000m\000o\000v\000e\000A\000l\000l\000P\000a\000r\000a\000m\000e\000t\000e\000r\000s\000\050\000\051}{subsection.14.29.3}% 1492
\BOOKMARK [3][-]{subsubsection.14.29.3.5}{\376\377\0001\0004\000.\0002\0009\000.\0003\000.\0005\000\040\000G\000e\000t\000P\000a\000r\000a\000m\000e\000t\000e\000r\000B\000y\000I\000D\000\050\000\051\000\040\000[\0001\000/\0002\000]}{subsection.14.29.3}% 1493
\BOOKMARK [3][-]{subsubsection.14.29.3.6}{\376\377\0001\0004\000.\0002\0009\000.\0003\000.\0006\000\040\000G\000e\000t\000P\000a\000r\000a\000m\000e\000t\000e\000r\000B\000y\000I\000D\000\050\000\051\000\040\000[\0002\000/\0002\000]}{subsection.14.29.3}% 1494
\BOOKMARK [3][-]{subsubsection.14.29.3.7}{\376\377\0001\0004\000.\0002\0009\000.\0003\000.\0007\000\040\000G\000e\000t\000P\000a\000r\000a\000m\000e\000t\000e\000r\000B\000y\000N\000a\000m\000e\000\050\000\051\000\040\000[\0001\000/\0002\000]}{subsection.14.29.3}% 1495
\BOOKMARK [3][-]{subsubsection.14.29.3.8}{\376\377\0001\0004\000.\0002\0009\000.\0003\000.\0008\000\040\000G\000e\000t\000P\000a\000r\000a\000m\000e\000t\000e\000r\000B\000y\000N\000a\000m\000e\000\050\000\051\000\040\000[\0002\000/\0002\000]}{subsection.14.29.3}% 1496
\BOOKMARK [3][-]{subsubsection.14.29.3.9}{\376\377\0001\0004\000.\0002\0009\000.\0003\000.\0009\000\040\000G\000e\000t\000P\000a\000r\000a\000m\000e\000t\000e\000r\000\050\000\051\000\040\000[\0001\000/\0002\000]}{subsection.14.29.3}% 1497
\BOOKMARK [3][-]{subsubsection.14.29.3.10}{\376\377\0001\0004\000.\0002\0009\000.\0003\000.\0001\0000\000\040\000G\000e\000t\000P\000a\000r\000a\000m\000e\000t\000e\000r\000\050\000\051\000\040\000[\0002\000/\0002\000]}{subsection.14.29.3}% 1498
\BOOKMARK [3][-]{subsubsection.14.29.3.11}{\376\377\0001\0004\000.\0002\0009\000.\0003\000.\0001\0001\000\040\000G\000e\000t\000P\000a\000r\000a\000m\000e\000t\000e\000r\000I\000n\000d\000e\000x\000\050\000\051}{subsection.14.29.3}% 1499
\BOOKMARK [3][-]{subsubsection.14.29.3.12}{\376\377\0001\0004\000.\0002\0009\000.\0003\000.\0001\0002\000\040\000A\000d\000d\000P\000a\000r\000a\000m\000e\000t\000e\000r\000\050\000\051}{subsection.14.29.3}% 1500
\BOOKMARK [3][-]{subsubsection.14.29.3.13}{\376\377\0001\0004\000.\0002\0009\000.\0003\000.\0001\0003\000\040\000R\000e\000m\000o\000v\000e\000P\000a\000r\000a\000m\000e\000t\000e\000r\000\050\000\051}{subsection.14.29.3}% 1501
\BOOKMARK [2][-]{subsection.14.29.4}{\376\377\0001\0004\000.\0002\0009\000.\0004\000\040\000M\000e\000m\000b\000e\000r\000\040\000D\000a\000t\000a\000\040\000D\000o\000c\000u\000m\000e\000n\000t\000a\000t\000i\000o\000n}{section.14.29}% 1502
\BOOKMARK [3][-]{subsubsection.14.29.4.1}{\376\377\0001\0004\000.\0002\0009\000.\0004\000.\0001\000\040\000m\000A\000u\000t\000o\000m\000a\000t\000i\000o\000n\000D\000e\000l\000e\000g\000a\000t\000e}{subsection.14.29.4}% 1503
\BOOKMARK [3][-]{subsubsection.14.29.4.2}{\376\377\0001\0004\000.\0002\0009\000.\0004\000.\0002\000\040\000m\000P\000a\000r\000a\000m\000e\000t\000e\000r\000s}{subsection.14.29.4}% 1504
\BOOKMARK [3][-]{subsubsection.14.29.4.3}{\376\377\0001\0004\000.\0002\0009\000.\0004\000.\0003\000\040\000m\000P\000a\000r\000a\000m\000e\000t\000e\000r\000s\000M\000a\000p}{subsection.14.29.4}% 1505
\BOOKMARK [1][-]{section.14.30}{\376\377\0001\0004\000.\0003\0000\000\040\000A\000A\000X\000\137\000C\000P\000a\000r\000a\000m\000e\000t\000e\000r\000V\000a\000l\000u\000e\000<\000\040\000T\000\040\000>\000\040\000C\000l\000a\000s\000s\000\040\000T\000e\000m\000p\000l\000a\000t\000e\000\040\000R\000e\000f\000e\000r\000e\000n\000c\000e}{chapter.14}% 1506
\BOOKMARK [2][-]{subsection.14.30.1}{\376\377\0001\0004\000.\0003\0000\000.\0001\000\040\000D\000e\000s\000c\000r\000i\000p\000t\000i\000o\000n}{section.14.30}% 1507
\BOOKMARK [2][-]{subsection.14.30.2}{\376\377\0001\0004\000.\0003\0000\000.\0002\000\040\000M\000e\000m\000b\000e\000r\000\040\000E\000n\000u\000m\000e\000r\000a\000t\000i\000o\000n\000\040\000D\000o\000c\000u\000m\000e\000n\000t\000a\000t\000i\000o\000n}{section.14.30}% 1508
\BOOKMARK [3][-]{subsubsection.14.30.2.1}{\376\377\0001\0004\000.\0003\0000\000.\0002\000.\0001\000\040\000D\000e\000f\000a\000u\000l\000t\000s}{subsection.14.30.2}% 1509
\BOOKMARK [2][-]{subsection.14.30.3}{\376\377\0001\0004\000.\0003\0000\000.\0003\000\040\000C\000o\000n\000s\000t\000r\000u\000c\000t\000o\000r\000\040\000\046\000\040\000D\000e\000s\000t\000r\000u\000c\000t\000o\000r\000\040\000D\000o\000c\000u\000m\000e\000n\000t\000a\000t\000i\000o\000n}{section.14.30}% 1510
\BOOKMARK [3][-]{subsubsection.14.30.3.1}{\376\377\0001\0004\000.\0003\0000\000.\0003\000.\0001\000\040\000A\000A\000X\000\137\000C\000P\000a\000r\000a\000m\000e\000t\000e\000r\000V\000a\000l\000u\000e\000\050\000\051\000\040\000[\0001\000/\0003\000]}{subsection.14.30.3}% 1511
\BOOKMARK [3][-]{subsubsection.14.30.3.2}{\376\377\0001\0004\000.\0003\0000\000.\0003\000.\0002\000\040\000A\000A\000X\000\137\000C\000P\000a\000r\000a\000m\000e\000t\000e\000r\000V\000a\000l\000u\000e\000\050\000\051\000\040\000[\0002\000/\0003\000]}{subsection.14.30.3}% 1512
\BOOKMARK [3][-]{subsubsection.14.30.3.3}{\376\377\0001\0004\000.\0003\0000\000.\0003\000.\0003\000\040\000A\000A\000X\000\137\000C\000P\000a\000r\000a\000m\000e\000t\000e\000r\000V\000a\000l\000u\000e\000\050\000\051\000\040\000[\0003\000/\0003\000]}{subsection.14.30.3}% 1513
\BOOKMARK [2][-]{subsection.14.30.4}{\376\377\0001\0004\000.\0003\0000\000.\0004\000\040\000M\000e\000m\000b\000e\000r\000\040\000F\000u\000n\000c\000t\000i\000o\000n\000\040\000D\000o\000c\000u\000m\000e\000n\000t\000a\000t\000i\000o\000n}{section.14.30}% 1514
\BOOKMARK [3][-]{subsubsection.14.30.4.1}{\376\377\0001\0004\000.\0003\0000\000.\0004\000.\0001\000\040\000A\000A\000X\000\137\000D\000E\000F\000A\000U\000L\000T\000\137\000D\000T\000O\000R\000\137\000O\000V\000E\000R\000R\000I\000D\000E\000\050\000\051}{subsection.14.30.4}% 1515
\BOOKMARK [3][-]{subsubsection.14.30.4.2}{\376\377\0001\0004\000.\0003\0000\000.\0004\000.\0002\000\040\000A\000A\000X\000\137\000D\000E\000F\000A\000U\000L\000T\000\137\000M\000O\000V\000E\000\137\000C\000T\000O\000R\000\050\000\051}{subsection.14.30.4}% 1516
\BOOKMARK [3][-]{subsubsection.14.30.4.3}{\376\377\0001\0004\000.\0003\0000\000.\0004\000.\0003\000\040\000A\000A\000X\000\137\000D\000E\000F\000A\000U\000L\000T\000\137\000M\000O\000V\000E\000\137\000O\000P\000E\000R\000\050\000\051}{subsection.14.30.4}% 1517
\BOOKMARK [3][-]{subsubsection.14.30.4.4}{\376\377\0001\0004\000.\0003\0000\000.\0004\000.\0004\000\040\000A\000A\000X\000\137\000D\000E\000L\000E\000T\000E\000\050\000\051}{subsection.14.30.4}% 1518
\BOOKMARK [3][-]{subsubsection.14.30.4.5}{\376\377\0001\0004\000.\0003\0000\000.\0004\000.\0005\000\040\000G\000e\000t\000\050\000\051}{subsection.14.30.4}% 1519
\BOOKMARK [3][-]{subsubsection.14.30.4.6}{\376\377\0001\0004\000.\0003\0000\000.\0004\000.\0006\000\040\000S\000e\000t\000\050\000\051}{subsection.14.30.4}% 1520
\BOOKMARK [3][-]{subsubsection.14.30.4.7}{\376\377\0001\0004\000.\0003\0000\000.\0004\000.\0007\000\040\000C\000l\000o\000n\000e\000\050\000\051}{subsection.14.30.4}% 1521
\BOOKMARK [3][-]{subsubsection.14.30.4.8}{\376\377\0001\0004\000.\0003\0000\000.\0004\000.\0008\000\040\000I\000d\000e\000n\000t\000i\000f\000i\000e\000r\000\050\000\051}{subsection.14.30.4}% 1522
\BOOKMARK [3][-]{subsubsection.14.30.4.9}{\376\377\0001\0004\000.\0003\0000\000.\0004\000.\0009\000\040\000G\000e\000t\000V\000a\000l\000u\000e\000A\000s\000B\000o\000o\000l\000\050\000\051\000\040\000[\0001\000/\0002\000]}{subsection.14.30.4}% 1523
\BOOKMARK [3][-]{subsubsection.14.30.4.10}{\376\377\0001\0004\000.\0003\0000\000.\0004\000.\0001\0000\000\040\000G\000e\000t\000V\000a\000l\000u\000e\000A\000s\000I\000n\000t\0003\0002\000\050\000\051\000\040\000[\0001\000/\0002\000]}{subsection.14.30.4}% 1524
\BOOKMARK [3][-]{subsubsection.14.30.4.11}{\376\377\0001\0004\000.\0003\0000\000.\0004\000.\0001\0001\000\040\000G\000e\000t\000V\000a\000l\000u\000e\000A\000s\000F\000l\000o\000a\000t\000\050\000\051\000\040\000[\0001\000/\0002\000]}{subsection.14.30.4}% 1525
\BOOKMARK [3][-]{subsubsection.14.30.4.12}{\376\377\0001\0004\000.\0003\0000\000.\0004\000.\0001\0002\000\040\000G\000e\000t\000V\000a\000l\000u\000e\000A\000s\000D\000o\000u\000b\000l\000e\000\050\000\051\000\040\000[\0001\000/\0002\000]}{subsection.14.30.4}% 1526
\BOOKMARK [3][-]{subsubsection.14.30.4.13}{\376\377\0001\0004\000.\0003\0000\000.\0004\000.\0001\0003\000\040\000G\000e\000t\000V\000a\000l\000u\000e\000A\000s\000S\000t\000r\000i\000n\000g\000\050\000\051\000\040\000[\0001\000/\0002\000]}{subsection.14.30.4}% 1527
\BOOKMARK [3][-]{subsubsection.14.30.4.14}{\376\377\0001\0004\000.\0003\0000\000.\0004\000.\0001\0004\000\040\000G\000e\000t\000V\000a\000l\000u\000e\000A\000s\000B\000o\000o\000l\000\050\000\051\000\040\000[\0002\000/\0002\000]}{subsection.14.30.4}% 1528
\BOOKMARK [3][-]{subsubsection.14.30.4.15}{\376\377\0001\0004\000.\0003\0000\000.\0004\000.\0001\0005\000\040\000G\000e\000t\000V\000a\000l\000u\000e\000A\000s\000I\000n\000t\0003\0002\000\050\000\051\000\040\000[\0002\000/\0002\000]}{subsection.14.30.4}% 1529
\BOOKMARK [3][-]{subsubsection.14.30.4.16}{\376\377\0001\0004\000.\0003\0000\000.\0004\000.\0001\0006\000\040\000G\000e\000t\000V\000a\000l\000u\000e\000A\000s\000F\000l\000o\000a\000t\000\050\000\051\000\040\000[\0002\000/\0002\000]}{subsection.14.30.4}% 1530
\BOOKMARK [3][-]{subsubsection.14.30.4.17}{\376\377\0001\0004\000.\0003\0000\000.\0004\000.\0001\0007\000\040\000G\000e\000t\000V\000a\000l\000u\000e\000A\000s\000D\000o\000u\000b\000l\000e\000\050\000\051\000\040\000[\0002\000/\0002\000]}{subsection.14.30.4}% 1531
\BOOKMARK [3][-]{subsubsection.14.30.4.18}{\376\377\0001\0004\000.\0003\0000\000.\0004\000.\0001\0008\000\040\000G\000e\000t\000V\000a\000l\000u\000e\000A\000s\000S\000t\000r\000i\000n\000g\000\050\000\051\000\040\000[\0002\000/\0002\000]}{subsection.14.30.4}% 1532
\BOOKMARK [1][-]{section.14.31}{\376\377\0001\0004\000.\0003\0001\000\040\000A\000A\000X\000\137\000C\000P\000e\000r\000c\000e\000n\000t\000D\000i\000s\000p\000l\000a\000y\000D\000e\000l\000e\000g\000a\000t\000e\000D\000e\000c\000o\000r\000a\000t\000o\000r\000<\000\040\000T\000\040\000>\000\040\000C\000l\000a\000s\000s\000\040\000T\000e\000m\000p\000l\000a\000t\000e\000\040\000R\000e\000f\000e\000r\000e\000n\000c\000e}{chapter.14}% 1533
\BOOKMARK [2][-]{subsection.14.31.1}{\376\377\0001\0004\000.\0003\0001\000.\0001\000\040\000D\000e\000s\000c\000r\000i\000p\000t\000i\000o\000n}{section.14.31}% 1534
\BOOKMARK [2][-]{subsection.14.31.2}{\376\377\0001\0004\000.\0003\0001\000.\0002\000\040\000C\000o\000n\000s\000t\000r\000u\000c\000t\000o\000r\000\040\000\046\000\040\000D\000e\000s\000t\000r\000u\000c\000t\000o\000r\000\040\000D\000o\000c\000u\000m\000e\000n\000t\000a\000t\000i\000o\000n}{section.14.31}% 1535
\BOOKMARK [3][-]{subsubsection.14.31.2.1}{\376\377\0001\0004\000.\0003\0001\000.\0002\000.\0001\000\040\000A\000A\000X\000\137\000C\000P\000e\000r\000c\000e\000n\000t\000D\000i\000s\000p\000l\000a\000y\000D\000e\000l\000e\000g\000a\000t\000e\000D\000e\000c\000o\000r\000a\000t\000o\000r\000\050\000\051}{subsection.14.31.2}% 1536
\BOOKMARK [2][-]{subsection.14.31.3}{\376\377\0001\0004\000.\0003\0001\000.\0003\000\040\000M\000e\000m\000b\000e\000r\000\040\000F\000u\000n\000c\000t\000i\000o\000n\000\040\000D\000o\000c\000u\000m\000e\000n\000t\000a\000t\000i\000o\000n}{section.14.31}% 1537
\BOOKMARK [3][-]{subsubsection.14.31.3.1}{\376\377\0001\0004\000.\0003\0001\000.\0003\000.\0001\000\040\000C\000l\000o\000n\000e\000\050\000\051}{subsection.14.31.3}% 1538
\BOOKMARK [3][-]{subsubsection.14.31.3.2}{\376\377\0001\0004\000.\0003\0001\000.\0003\000.\0002\000\040\000V\000a\000l\000u\000e\000T\000o\000S\000t\000r\000i\000n\000g\000\050\000\051\000\040\000[\0001\000/\0002\000]}{subsection.14.31.3}% 1539
\BOOKMARK [3][-]{subsubsection.14.31.3.3}{\376\377\0001\0004\000.\0003\0001\000.\0003\000.\0003\000\040\000V\000a\000l\000u\000e\000T\000o\000S\000t\000r\000i\000n\000g\000\050\000\051\000\040\000[\0002\000/\0002\000]}{subsection.14.31.3}% 1540
\BOOKMARK [3][-]{subsubsection.14.31.3.4}{\376\377\0001\0004\000.\0003\0001\000.\0003\000.\0004\000\040\000S\000t\000r\000i\000n\000g\000T\000o\000V\000a\000l\000u\000e\000\050\000\051}{subsection.14.31.3}% 1541
\BOOKMARK [1][-]{section.14.32}{\376\377\0001\0004\000.\0003\0002\000\040\000A\000A\000X\000\137\000C\000P\000i\000e\000c\000e\000W\000i\000s\000e\000L\000i\000n\000e\000a\000r\000T\000a\000p\000e\000r\000D\000e\000l\000e\000g\000a\000t\000e\000<\000\040\000T\000,\000\040\000R\000e\000a\000l\000P\000r\000e\000c\000i\000s\000i\000o\000n\000\040\000>\000\040\000C\000l\000a\000s\000s\000\040\000T\000e\000m\000p\000l\000a\000t\000e\000\040\000R\000e\000f\000e\000r\000e\000n\000c\000e}{chapter.14}% 1542
\BOOKMARK [2][-]{subsection.14.32.1}{\376\377\0001\0004\000.\0003\0002\000.\0001\000\040\000D\000e\000s\000c\000r\000i\000p\000t\000i\000o\000n}{section.14.32}% 1543
\BOOKMARK [2][-]{subsection.14.32.2}{\376\377\0001\0004\000.\0003\0002\000.\0002\000\040\000C\000o\000n\000s\000t\000r\000u\000c\000t\000o\000r\000\040\000\046\000\040\000D\000e\000s\000t\000r\000u\000c\000t\000o\000r\000\040\000D\000o\000c\000u\000m\000e\000n\000t\000a\000t\000i\000o\000n}{section.14.32}% 1544
\BOOKMARK [3][-]{subsubsection.14.32.2.1}{\376\377\0001\0004\000.\0003\0002\000.\0002\000.\0001\000\040\000A\000A\000X\000\137\000C\000P\000i\000e\000c\000e\000W\000i\000s\000e\000L\000i\000n\000e\000a\000r\000T\000a\000p\000e\000r\000D\000e\000l\000e\000g\000a\000t\000e\000\050\000\051\000\040\000[\0001\000/\0002\000]}{subsection.14.32.2}% 1545
\BOOKMARK [3][-]{subsubsection.14.32.2.2}{\376\377\0001\0004\000.\0003\0002\000.\0002\000.\0002\000\040\000A\000A\000X\000\137\000C\000P\000i\000e\000c\000e\000W\000i\000s\000e\000L\000i\000n\000e\000a\000r\000T\000a\000p\000e\000r\000D\000e\000l\000e\000g\000a\000t\000e\000\050\000\051\000\040\000[\0002\000/\0002\000]}{subsection.14.32.2}% 1546
\BOOKMARK [3][-]{subsubsection.14.32.2.3}{\376\377\0001\0004\000.\0003\0002\000.\0002\000.\0003\000\040\000\040\000A\000A\000X\000\137\000C\000P\000i\000e\000c\000e\000W\000i\000s\000e\000L\000i\000n\000e\000a\000r\000T\000a\000p\000e\000r\000D\000e\000l\000e\000g\000a\000t\000e\000\050\000\051}{subsection.14.32.2}% 1547
\BOOKMARK [2][-]{subsection.14.32.3}{\376\377\0001\0004\000.\0003\0002\000.\0003\000\040\000M\000e\000m\000b\000e\000r\000\040\000F\000u\000n\000c\000t\000i\000o\000n\000\040\000D\000o\000c\000u\000m\000e\000n\000t\000a\000t\000i\000o\000n}{section.14.32}% 1548
\BOOKMARK [3][-]{subsubsection.14.32.3.1}{\376\377\0001\0004\000.\0003\0002\000.\0003\000.\0001\000\040\000C\000l\000o\000n\000e\000\050\000\051}{subsection.14.32.3}% 1549
\BOOKMARK [3][-]{subsubsection.14.32.3.2}{\376\377\0001\0004\000.\0003\0002\000.\0003\000.\0002\000\040\000G\000e\000t\000M\000i\000n\000i\000m\000u\000m\000V\000a\000l\000u\000e\000\050\000\051}{subsection.14.32.3}% 1550
\BOOKMARK [3][-]{subsubsection.14.32.3.3}{\376\377\0001\0004\000.\0003\0002\000.\0003\000.\0003\000\040\000G\000e\000t\000M\000a\000x\000i\000m\000u\000m\000V\000a\000l\000u\000e\000\050\000\051}{subsection.14.32.3}% 1551
\BOOKMARK [3][-]{subsubsection.14.32.3.4}{\376\377\0001\0004\000.\0003\0002\000.\0003\000.\0004\000\040\000C\000o\000n\000s\000t\000r\000a\000i\000n\000R\000e\000a\000l\000V\000a\000l\000u\000e\000\050\000\051}{subsection.14.32.3}% 1552
\BOOKMARK [3][-]{subsubsection.14.32.3.5}{\376\377\0001\0004\000.\0003\0002\000.\0003\000.\0005\000\040\000N\000o\000r\000m\000a\000l\000i\000z\000e\000d\000T\000o\000R\000e\000a\000l\000\050\000\051}{subsection.14.32.3}% 1553
\BOOKMARK [3][-]{subsubsection.14.32.3.6}{\376\377\0001\0004\000.\0003\0002\000.\0003\000.\0006\000\040\000R\000e\000a\000l\000T\000o\000N\000o\000r\000m\000a\000l\000i\000z\000e\000d\000\050\000\051}{subsection.14.32.3}% 1554
\BOOKMARK [3][-]{subsubsection.14.32.3.7}{\376\377\0001\0004\000.\0003\0002\000.\0003\000.\0007\000\040\000R\000o\000u\000n\000d\000\050\000\051}{subsection.14.32.3}% 1555
\BOOKMARK [1][-]{section.14.33}{\376\377\0001\0004\000.\0003\0003\000\040\000A\000A\000X\000\137\000C\000R\000a\000n\000g\000e\000T\000a\000p\000e\000r\000D\000e\000l\000e\000g\000a\000t\000e\000<\000\040\000T\000,\000\040\000R\000e\000a\000l\000P\000r\000e\000c\000i\000s\000i\000o\000n\000\040\000>\000\040\000C\000l\000a\000s\000s\000\040\000T\000e\000m\000p\000l\000a\000t\000e\000\040\000R\000e\000f\000e\000r\000e\000n\000c\000e}{chapter.14}% 1556
\BOOKMARK [2][-]{subsection.14.33.1}{\376\377\0001\0004\000.\0003\0003\000.\0001\000\040\000D\000e\000s\000c\000r\000i\000p\000t\000i\000o\000n}{section.14.33}% 1557
\BOOKMARK [2][-]{subsection.14.33.2}{\376\377\0001\0004\000.\0003\0003\000.\0002\000\040\000C\000o\000n\000s\000t\000r\000u\000c\000t\000o\000r\000\040\000\046\000\040\000D\000e\000s\000t\000r\000u\000c\000t\000o\000r\000\040\000D\000o\000c\000u\000m\000e\000n\000t\000a\000t\000i\000o\000n}{section.14.33}% 1558
\BOOKMARK [3][-]{subsubsection.14.33.2.1}{\376\377\0001\0004\000.\0003\0003\000.\0002\000.\0001\000\040\000A\000A\000X\000\137\000C\000R\000a\000n\000g\000e\000T\000a\000p\000e\000r\000D\000e\000l\000e\000g\000a\000t\000e\000\050\000\051\000\040\000[\0001\000/\0002\000]}{subsection.14.33.2}% 1559
\BOOKMARK [3][-]{subsubsection.14.33.2.2}{\376\377\0001\0004\000.\0003\0003\000.\0002\000.\0002\000\040\000A\000A\000X\000\137\000C\000R\000a\000n\000g\000e\000T\000a\000p\000e\000r\000D\000e\000l\000e\000g\000a\000t\000e\000\050\000\051\000\040\000[\0002\000/\0002\000]}{subsection.14.33.2}% 1560
\BOOKMARK [2][-]{subsection.14.33.3}{\376\377\0001\0004\000.\0003\0003\000.\0003\000\040\000M\000e\000m\000b\000e\000r\000\040\000F\000u\000n\000c\000t\000i\000o\000n\000\040\000D\000o\000c\000u\000m\000e\000n\000t\000a\000t\000i\000o\000n}{section.14.33}% 1561
\BOOKMARK [3][-]{subsubsection.14.33.3.1}{\376\377\0001\0004\000.\0003\0003\000.\0003\000.\0001\000\040\000o\000p\000e\000r\000a\000t\000o\000r\000=\000\050\000\051}{subsection.14.33.3}% 1562
\BOOKMARK [3][-]{subsubsection.14.33.3.2}{\376\377\0001\0004\000.\0003\0003\000.\0003\000.\0002\000\040\000C\000l\000o\000n\000e\000\050\000\051}{subsection.14.33.3}% 1563
\BOOKMARK [3][-]{subsubsection.14.33.3.3}{\376\377\0001\0004\000.\0003\0003\000.\0003\000.\0003\000\040\000G\000e\000t\000M\000i\000n\000i\000m\000u\000m\000V\000a\000l\000u\000e\000\050\000\051}{subsection.14.33.3}% 1564
\BOOKMARK [3][-]{subsubsection.14.33.3.4}{\376\377\0001\0004\000.\0003\0003\000.\0003\000.\0004\000\040\000G\000e\000t\000M\000a\000x\000i\000m\000u\000m\000V\000a\000l\000u\000e\000\050\000\051}{subsection.14.33.3}% 1565
\BOOKMARK [3][-]{subsubsection.14.33.3.5}{\376\377\0001\0004\000.\0003\0003\000.\0003\000.\0005\000\040\000C\000o\000n\000s\000t\000r\000a\000i\000n\000R\000e\000a\000l\000V\000a\000l\000u\000e\000\050\000\051}{subsection.14.33.3}% 1566
\BOOKMARK [3][-]{subsubsection.14.33.3.6}{\376\377\0001\0004\000.\0003\0003\000.\0003\000.\0006\000\040\000N\000o\000r\000m\000a\000l\000i\000z\000e\000d\000T\000o\000R\000e\000a\000l\000\050\000\051}{subsection.14.33.3}% 1567
\BOOKMARK [3][-]{subsubsection.14.33.3.7}{\376\377\0001\0004\000.\0003\0003\000.\0003\000.\0007\000\040\000R\000e\000a\000l\000T\000o\000N\000o\000r\000m\000a\000l\000i\000z\000e\000d\000\050\000\051}{subsection.14.33.3}% 1568
\BOOKMARK [3][-]{subsubsection.14.33.3.8}{\376\377\0001\0004\000.\0003\0003\000.\0003\000.\0008\000\040\000R\000o\000u\000n\000d\000\050\000\051}{subsection.14.33.3}% 1569
\BOOKMARK [3][-]{subsubsection.14.33.3.9}{\376\377\0001\0004\000.\0003\0003\000.\0003\000.\0009\000\040\000S\000m\000a\000r\000t\000R\000o\000u\000n\000d\000\050\000\051}{subsection.14.33.3}% 1570
\BOOKMARK [1][-]{section.14.34}{\376\377\0001\0004\000.\0003\0004\000\040\000A\000A\000X\000\137\000C\000S\000e\000s\000s\000i\000o\000n\000D\000o\000c\000u\000m\000e\000n\000t\000C\000l\000i\000e\000n\000t\000\040\000C\000l\000a\000s\000s\000\040\000R\000e\000f\000e\000r\000e\000n\000c\000e}{chapter.14}% 1571
\BOOKMARK [2][-]{subsection.14.34.1}{\376\377\0001\0004\000.\0003\0004\000.\0001\000\040\000D\000e\000s\000c\000r\000i\000p\000t\000i\000o\000n}{section.14.34}% 1572
\BOOKMARK [2][-]{subsection.14.34.2}{\376\377\0001\0004\000.\0003\0004\000.\0002\000\040\000C\000o\000n\000s\000t\000r\000u\000c\000t\000o\000r\000\040\000\046\000\040\000D\000e\000s\000t\000r\000u\000c\000t\000o\000r\000\040\000D\000o\000c\000u\000m\000e\000n\000t\000a\000t\000i\000o\000n}{section.14.34}% 1573
\BOOKMARK [3][-]{subsubsection.14.34.2.1}{\376\377\0001\0004\000.\0003\0004\000.\0002\000.\0001\000\040\000A\000A\000X\000\137\000C\000S\000e\000s\000s\000i\000o\000n\000D\000o\000c\000u\000m\000e\000n\000t\000C\000l\000i\000e\000n\000t\000\050\000\051}{subsection.14.34.2}% 1574
\BOOKMARK [3][-]{subsubsection.14.34.2.2}{\376\377\0001\0004\000.\0003\0004\000.\0002\000.\0002\000\040\000\040\000A\000A\000X\000\137\000C\000S\000e\000s\000s\000i\000o\000n\000D\000o\000c\000u\000m\000e\000n\000t\000C\000l\000i\000e\000n\000t\000\050\000\051}{subsection.14.34.2}% 1575
\BOOKMARK [2][-]{subsection.14.34.3}{\376\377\0001\0004\000.\0003\0004\000.\0003\000\040\000M\000e\000m\000b\000e\000r\000\040\000F\000u\000n\000c\000t\000i\000o\000n\000\040\000D\000o\000c\000u\000m\000e\000n\000t\000a\000t\000i\000o\000n}{section.14.34}% 1576
\BOOKMARK [3][-]{subsubsection.14.34.3.1}{\376\377\0001\0004\000.\0003\0004\000.\0003\000.\0001\000\040\000I\000n\000i\000t\000i\000a\000l\000i\000z\000e\000\050\000\051}{subsection.14.34.3}% 1577
\BOOKMARK [3][-]{subsubsection.14.34.3.2}{\376\377\0001\0004\000.\0003\0004\000.\0003\000.\0002\000\040\000U\000n\000i\000n\000i\000t\000i\000a\000l\000i\000z\000e\000\050\000\051}{subsection.14.34.3}% 1578
\BOOKMARK [3][-]{subsubsection.14.34.3.3}{\376\377\0001\0004\000.\0003\0004\000.\0003\000.\0003\000\040\000S\000e\000t\000S\000e\000s\000s\000i\000o\000n\000D\000o\000c\000u\000m\000e\000n\000t\000\050\000\051}{subsection.14.34.3}% 1579
\BOOKMARK [3][-]{subsubsection.14.34.3.4}{\376\377\0001\0004\000.\0003\0004\000.\0003\000.\0004\000\040\000N\000o\000t\000i\000f\000i\000c\000a\000t\000i\000o\000n\000R\000e\000c\000e\000i\000v\000e\000d\000\050\000\051}{subsection.14.34.3}% 1580
\BOOKMARK [3][-]{subsubsection.14.34.3.5}{\376\377\0001\0004\000.\0003\0004\000.\0003\000.\0005\000\040\000S\000e\000s\000s\000i\000o\000n\000D\000o\000c\000u\000m\000e\000n\000t\000W\000i\000l\000l\000C\000h\000a\000n\000g\000e\000\050\000\051}{subsection.14.34.3}% 1581
\BOOKMARK [3][-]{subsubsection.14.34.3.6}{\376\377\0001\0004\000.\0003\0004\000.\0003\000.\0006\000\040\000S\000e\000s\000s\000i\000o\000n\000D\000o\000c\000u\000m\000e\000n\000t\000C\000h\000a\000n\000g\000e\000d\000\050\000\051}{subsection.14.34.3}% 1582
\BOOKMARK [3][-]{subsubsection.14.34.3.7}{\376\377\0001\0004\000.\0003\0004\000.\0003\000.\0007\000\040\000G\000e\000t\000C\000o\000n\000t\000r\000o\000l\000l\000e\000r\000\050\000\051\000\040\000[\0001\000/\0002\000]}{subsection.14.34.3}% 1583
\BOOKMARK [3][-]{subsubsection.14.34.3.8}{\376\377\0001\0004\000.\0003\0004\000.\0003\000.\0008\000\040\000G\000e\000t\000C\000o\000n\000t\000r\000o\000l\000l\000e\000r\000\050\000\051\000\040\000[\0002\000/\0002\000]}{subsection.14.34.3}% 1584
\BOOKMARK [3][-]{subsubsection.14.34.3.9}{\376\377\0001\0004\000.\0003\0004\000.\0003\000.\0009\000\040\000G\000e\000t\000E\000f\000f\000e\000c\000t\000P\000a\000r\000a\000m\000e\000t\000e\000r\000s\000\050\000\051\000\040\000[\0001\000/\0002\000]}{subsection.14.34.3}% 1585
\BOOKMARK [3][-]{subsubsection.14.34.3.10}{\376\377\0001\0004\000.\0003\0004\000.\0003\000.\0001\0000\000\040\000G\000e\000t\000E\000f\000f\000e\000c\000t\000P\000a\000r\000a\000m\000e\000t\000e\000r\000s\000\050\000\051\000\040\000[\0002\000/\0002\000]}{subsection.14.34.3}% 1586
\BOOKMARK [3][-]{subsubsection.14.34.3.11}{\376\377\0001\0004\000.\0003\0004\000.\0003\000.\0001\0001\000\040\000G\000e\000t\000S\000e\000s\000s\000i\000o\000n\000D\000o\000c\000u\000m\000e\000n\000t\000\050\000\051\000\040\000[\0001\000/\0002\000]}{subsection.14.34.3}% 1587
\BOOKMARK [3][-]{subsubsection.14.34.3.12}{\376\377\0001\0004\000.\0003\0004\000.\0003\000.\0001\0002\000\040\000G\000e\000t\000S\000e\000s\000s\000i\000o\000n\000D\000o\000c\000u\000m\000e\000n\000t\000\050\000\051\000\040\000[\0002\000/\0002\000]}{subsection.14.34.3}% 1588
\BOOKMARK [1][-]{section.14.35}{\376\377\0001\0004\000.\0003\0005\000\040\000A\000A\000X\000\137\000C\000S\000t\000a\000t\000e\000D\000i\000s\000p\000l\000a\000y\000D\000e\000l\000e\000g\000a\000t\000e\000<\000\040\000T\000\040\000>\000\040\000C\000l\000a\000s\000s\000\040\000T\000e\000m\000p\000l\000a\000t\000e\000\040\000R\000e\000f\000e\000r\000e\000n\000c\000e}{chapter.14}% 1589
\BOOKMARK [2][-]{subsection.14.35.1}{\376\377\0001\0004\000.\0003\0005\000.\0001\000\040\000D\000e\000s\000c\000r\000i\000p\000t\000i\000o\000n}{section.14.35}% 1590
\BOOKMARK [2][-]{subsection.14.35.2}{\376\377\0001\0004\000.\0003\0005\000.\0002\000\040\000C\000o\000n\000s\000t\000r\000u\000c\000t\000o\000r\000\040\000\046\000\040\000D\000e\000s\000t\000r\000u\000c\000t\000o\000r\000\040\000D\000o\000c\000u\000m\000e\000n\000t\000a\000t\000i\000o\000n}{section.14.35}% 1591
\BOOKMARK [3][-]{subsubsection.14.35.2.1}{\376\377\0001\0004\000.\0003\0005\000.\0002\000.\0001\000\040\000A\000A\000X\000\137\000C\000S\000t\000a\000t\000e\000D\000i\000s\000p\000l\000a\000y\000D\000e\000l\000e\000g\000a\000t\000e\000\050\000\051\000\040\000[\0001\000/\0004\000]}{subsection.14.35.2}% 1592
\BOOKMARK [3][-]{subsubsection.14.35.2.2}{\376\377\0001\0004\000.\0003\0005\000.\0002\000.\0002\000\040\000A\000A\000X\000\137\000C\000S\000t\000a\000t\000e\000D\000i\000s\000p\000l\000a\000y\000D\000e\000l\000e\000g\000a\000t\000e\000\050\000\051\000\040\000[\0002\000/\0004\000]}{subsection.14.35.2}% 1593
\BOOKMARK [3][-]{subsubsection.14.35.2.3}{\376\377\0001\0004\000.\0003\0005\000.\0002\000.\0003\000\040\000A\000A\000X\000\137\000C\000S\000t\000a\000t\000e\000D\000i\000s\000p\000l\000a\000y\000D\000e\000l\000e\000g\000a\000t\000e\000\050\000\051\000\040\000[\0003\000/\0004\000]}{subsection.14.35.2}% 1594
\BOOKMARK [3][-]{subsubsection.14.35.2.4}{\376\377\0001\0004\000.\0003\0005\000.\0002\000.\0004\000\040\000A\000A\000X\000\137\000C\000S\000t\000a\000t\000e\000D\000i\000s\000p\000l\000a\000y\000D\000e\000l\000e\000g\000a\000t\000e\000\050\000\051\000\040\000[\0004\000/\0004\000]}{subsection.14.35.2}% 1595
\BOOKMARK [2][-]{subsection.14.35.3}{\376\377\0001\0004\000.\0003\0005\000.\0003\000\040\000M\000e\000m\000b\000e\000r\000\040\000F\000u\000n\000c\000t\000i\000o\000n\000\040\000D\000o\000c\000u\000m\000e\000n\000t\000a\000t\000i\000o\000n}{section.14.35}% 1596
\BOOKMARK [3][-]{subsubsection.14.35.3.1}{\376\377\0001\0004\000.\0003\0005\000.\0003\000.\0001\000\040\000C\000l\000o\000n\000e\000\050\000\051}{subsection.14.35.3}% 1597
\BOOKMARK [3][-]{subsubsection.14.35.3.2}{\376\377\0001\0004\000.\0003\0005\000.\0003\000.\0002\000\040\000V\000a\000l\000u\000e\000T\000o\000S\000t\000r\000i\000n\000g\000\050\000\051\000\040\000[\0001\000/\0002\000]}{subsection.14.35.3}% 1598
\BOOKMARK [3][-]{subsubsection.14.35.3.3}{\376\377\0001\0004\000.\0003\0005\000.\0003\000.\0003\000\040\000V\000a\000l\000u\000e\000T\000o\000S\000t\000r\000i\000n\000g\000\050\000\051\000\040\000[\0002\000/\0002\000]}{subsection.14.35.3}% 1599
\BOOKMARK [3][-]{subsubsection.14.35.3.4}{\376\377\0001\0004\000.\0003\0005\000.\0003\000.\0004\000\040\000S\000t\000r\000i\000n\000g\000T\000o\000V\000a\000l\000u\000e\000\050\000\051}{subsection.14.35.3}% 1600
\BOOKMARK [3][-]{subsubsection.14.35.3.5}{\376\377\0001\0004\000.\0003\0005\000.\0003\000.\0005\000\040\000A\000d\000d\000S\000h\000o\000r\000t\000e\000n\000e\000d\000S\000t\000r\000i\000n\000g\000s\000\050\000\051}{subsection.14.35.3}% 1601
\BOOKMARK [3][-]{subsubsection.14.35.3.6}{\376\377\0001\0004\000.\0003\0005\000.\0003\000.\0006\000\040\000C\000o\000m\000p\000a\000r\000e\000\050\000\051}{subsection.14.35.3}% 1602
\BOOKMARK [1][-]{section.14.36}{\376\377\0001\0004\000.\0003\0006\000\040\000A\000A\000X\000\137\000C\000S\000t\000a\000t\000e\000l\000e\000s\000s\000P\000a\000r\000a\000m\000e\000t\000e\000r\000\040\000C\000l\000a\000s\000s\000\040\000R\000e\000f\000e\000r\000e\000n\000c\000e}{chapter.14}% 1603
\BOOKMARK [2][-]{subsection.14.36.1}{\376\377\0001\0004\000.\0003\0006\000.\0001\000\040\000D\000e\000s\000c\000r\000i\000p\000t\000i\000o\000n}{section.14.36}% 1604
\BOOKMARK [2][-]{subsection.14.36.2}{\376\377\0001\0004\000.\0003\0006\000.\0002\000\040\000C\000o\000n\000s\000t\000r\000u\000c\000t\000o\000r\000\040\000\046\000\040\000D\000e\000s\000t\000r\000u\000c\000t\000o\000r\000\040\000D\000o\000c\000u\000m\000e\000n\000t\000a\000t\000i\000o\000n}{section.14.36}% 1605
\BOOKMARK [3][-]{subsubsection.14.36.2.1}{\376\377\0001\0004\000.\0003\0006\000.\0002\000.\0001\000\040\000A\000A\000X\000\137\000C\000S\000t\000a\000t\000e\000l\000e\000s\000s\000P\000a\000r\000a\000m\000e\000t\000e\000r\000\050\000\051\000\040\000[\0001\000/\0002\000]}{subsection.14.36.2}% 1606
\BOOKMARK [3][-]{subsubsection.14.36.2.2}{\376\377\0001\0004\000.\0003\0006\000.\0002\000.\0002\000\040\000A\000A\000X\000\137\000C\000S\000t\000a\000t\000e\000l\000e\000s\000s\000P\000a\000r\000a\000m\000e\000t\000e\000r\000\050\000\051\000\040\000[\0002\000/\0002\000]}{subsection.14.36.2}% 1607
\BOOKMARK [2][-]{subsection.14.36.3}{\376\377\0001\0004\000.\0003\0006\000.\0003\000\040\000M\000e\000m\000b\000e\000r\000\040\000F\000u\000n\000c\000t\000i\000o\000n\000\040\000D\000o\000c\000u\000m\000e\000n\000t\000a\000t\000i\000o\000n}{section.14.36}% 1608
\BOOKMARK [3][-]{subsubsection.14.36.3.1}{\376\377\0001\0004\000.\0003\0006\000.\0003\000.\0001\000\040\000A\000A\000X\000\137\000D\000E\000F\000A\000U\000L\000T\000\137\000D\000T\000O\000R\000\137\000O\000V\000E\000R\000R\000I\000D\000E\000\050\000\051}{subsection.14.36.3}% 1609
\BOOKMARK [3][-]{subsubsection.14.36.3.2}{\376\377\0001\0004\000.\0003\0006\000.\0003\000.\0002\000\040\000C\000l\000o\000n\000e\000V\000a\000l\000u\000e\000\050\000\051}{subsection.14.36.3}% 1610
\BOOKMARK [3][-]{subsubsection.14.36.3.3}{\376\377\0001\0004\000.\0003\0006\000.\0003\000.\0003\000\040\000I\000d\000e\000n\000t\000i\000f\000i\000e\000r\000\050\000\051}{subsection.14.36.3}% 1611
\BOOKMARK [3][-]{subsubsection.14.36.3.4}{\376\377\0001\0004\000.\0003\0006\000.\0003\000.\0004\000\040\000S\000e\000t\000N\000a\000m\000e\000\050\000\051}{subsection.14.36.3}% 1612
\BOOKMARK [3][-]{subsubsection.14.36.3.5}{\376\377\0001\0004\000.\0003\0006\000.\0003\000.\0005\000\040\000N\000a\000m\000e\000\050\000\051}{subsection.14.36.3}% 1613
\BOOKMARK [3][-]{subsubsection.14.36.3.6}{\376\377\0001\0004\000.\0003\0006\000.\0003\000.\0006\000\040\000A\000d\000d\000S\000h\000o\000r\000t\000e\000n\000e\000d\000N\000a\000m\000e\000\050\000\051}{subsection.14.36.3}% 1614
\BOOKMARK [3][-]{subsubsection.14.36.3.7}{\376\377\0001\0004\000.\0003\0006\000.\0003\000.\0007\000\040\000S\000h\000o\000r\000t\000e\000n\000e\000d\000N\000a\000m\000e\000\050\000\051}{subsection.14.36.3}% 1615
\BOOKMARK [3][-]{subsubsection.14.36.3.8}{\376\377\0001\0004\000.\0003\0006\000.\0003\000.\0008\000\040\000C\000l\000e\000a\000r\000S\000h\000o\000r\000t\000e\000n\000e\000d\000N\000a\000m\000e\000s\000\050\000\051}{subsection.14.36.3}% 1616
\BOOKMARK [3][-]{subsubsection.14.36.3.9}{\376\377\0001\0004\000.\0003\0006\000.\0003\000.\0009\000\040\000A\000u\000t\000o\000m\000a\000t\000a\000b\000l\000e\000\050\000\051}{subsection.14.36.3}% 1617
\BOOKMARK [3][-]{subsubsection.14.36.3.10}{\376\377\0001\0004\000.\0003\0006\000.\0003\000.\0001\0000\000\040\000S\000e\000t\000A\000u\000t\000o\000m\000a\000t\000i\000o\000n\000D\000e\000l\000e\000g\000a\000t\000e\000\050\000\051}{subsection.14.36.3}% 1618
\BOOKMARK [3][-]{subsubsection.14.36.3.11}{\376\377\0001\0004\000.\0003\0006\000.\0003\000.\0001\0001\000\040\000T\000o\000u\000c\000h\000\050\000\051}{subsection.14.36.3}% 1619
\BOOKMARK [3][-]{subsubsection.14.36.3.12}{\376\377\0001\0004\000.\0003\0006\000.\0003\000.\0001\0002\000\040\000R\000e\000l\000e\000a\000s\000e\000\050\000\051}{subsection.14.36.3}% 1620
\BOOKMARK [3][-]{subsubsection.14.36.3.13}{\376\377\0001\0004\000.\0003\0006\000.\0003\000.\0001\0003\000\040\000S\000e\000t\000N\000o\000r\000m\000a\000l\000i\000z\000e\000d\000V\000a\000l\000u\000e\000\050\000\051}{subsection.14.36.3}% 1621
\BOOKMARK [3][-]{subsubsection.14.36.3.14}{\376\377\0001\0004\000.\0003\0006\000.\0003\000.\0001\0004\000\040\000G\000e\000t\000N\000o\000r\000m\000a\000l\000i\000z\000e\000d\000V\000a\000l\000u\000e\000\050\000\051}{subsection.14.36.3}% 1622
\BOOKMARK [3][-]{subsubsection.14.36.3.15}{\376\377\0001\0004\000.\0003\0006\000.\0003\000.\0001\0005\000\040\000S\000e\000t\000N\000o\000r\000m\000a\000l\000i\000z\000e\000d\000D\000e\000f\000a\000u\000l\000t\000V\000a\000l\000u\000e\000\050\000\051}{subsection.14.36.3}% 1623
\BOOKMARK [3][-]{subsubsection.14.36.3.16}{\376\377\0001\0004\000.\0003\0006\000.\0003\000.\0001\0006\000\040\000G\000e\000t\000N\000o\000r\000m\000a\000l\000i\000z\000e\000d\000D\000e\000f\000a\000u\000l\000t\000V\000a\000l\000u\000e\000\050\000\051}{subsection.14.36.3}% 1624
\BOOKMARK [3][-]{subsubsection.14.36.3.17}{\376\377\0001\0004\000.\0003\0006\000.\0003\000.\0001\0007\000\040\000S\000e\000t\000T\000o\000D\000e\000f\000a\000u\000l\000t\000V\000a\000l\000u\000e\000\050\000\051}{subsection.14.36.3}% 1625
\BOOKMARK [3][-]{subsubsection.14.36.3.18}{\376\377\0001\0004\000.\0003\0006\000.\0003\000.\0001\0008\000\040\000S\000e\000t\000N\000u\000m\000b\000e\000r\000O\000f\000S\000t\000e\000p\000s\000\050\000\051}{subsection.14.36.3}% 1626
\BOOKMARK [3][-]{subsubsection.14.36.3.19}{\376\377\0001\0004\000.\0003\0006\000.\0003\000.\0001\0009\000\040\000G\000e\000t\000N\000u\000m\000b\000e\000r\000O\000f\000S\000t\000e\000p\000s\000\050\000\051}{subsection.14.36.3}% 1627
\BOOKMARK [3][-]{subsubsection.14.36.3.20}{\376\377\0001\0004\000.\0003\0006\000.\0003\000.\0002\0000\000\040\000G\000e\000t\000S\000t\000e\000p\000V\000a\000l\000u\000e\000\050\000\051}{subsection.14.36.3}% 1628
\BOOKMARK [3][-]{subsubsection.14.36.3.21}{\376\377\0001\0004\000.\0003\0006\000.\0003\000.\0002\0001\000\040\000G\000e\000t\000N\000o\000r\000m\000a\000l\000i\000z\000e\000d\000V\000a\000l\000u\000e\000F\000r\000o\000m\000S\000t\000e\000p\000\050\000\051}{subsection.14.36.3}% 1629
\BOOKMARK [3][-]{subsubsection.14.36.3.22}{\376\377\0001\0004\000.\0003\0006\000.\0003\000.\0002\0002\000\040\000G\000e\000t\000S\000t\000e\000p\000V\000a\000l\000u\000e\000F\000r\000o\000m\000N\000o\000r\000m\000a\000l\000i\000z\000e\000d\000V\000a\000l\000u\000e\000\050\000\051}{subsection.14.36.3}% 1630
\BOOKMARK [3][-]{subsubsection.14.36.3.23}{\376\377\0001\0004\000.\0003\0006\000.\0003\000.\0002\0003\000\040\000S\000e\000t\000S\000t\000e\000p\000V\000a\000l\000u\000e\000\050\000\051}{subsection.14.36.3}% 1631
\BOOKMARK [3][-]{subsubsection.14.36.3.24}{\376\377\0001\0004\000.\0003\0006\000.\0003\000.\0002\0004\000\040\000G\000e\000t\000V\000a\000l\000u\000e\000S\000t\000r\000i\000n\000g\000\050\000\051\000\040\000[\0001\000/\0002\000]}{subsection.14.36.3}% 1632
\BOOKMARK [3][-]{subsubsection.14.36.3.25}{\376\377\0001\0004\000.\0003\0006\000.\0003\000.\0002\0005\000\040\000G\000e\000t\000V\000a\000l\000u\000e\000S\000t\000r\000i\000n\000g\000\050\000\051\000\040\000[\0002\000/\0002\000]}{subsection.14.36.3}% 1633
\BOOKMARK [3][-]{subsubsection.14.36.3.26}{\376\377\0001\0004\000.\0003\0006\000.\0003\000.\0002\0006\000\040\000G\000e\000t\000N\000o\000r\000m\000a\000l\000i\000z\000e\000d\000V\000a\000l\000u\000e\000F\000r\000o\000m\000B\000o\000o\000l\000\050\000\051}{subsection.14.36.3}% 1634
\BOOKMARK [3][-]{subsubsection.14.36.3.27}{\376\377\0001\0004\000.\0003\0006\000.\0003\000.\0002\0007\000\040\000G\000e\000t\000N\000o\000r\000m\000a\000l\000i\000z\000e\000d\000V\000a\000l\000u\000e\000F\000r\000o\000m\000I\000n\000t\0003\0002\000\050\000\051}{subsection.14.36.3}% 1635
\BOOKMARK [3][-]{subsubsection.14.36.3.28}{\376\377\0001\0004\000.\0003\0006\000.\0003\000.\0002\0008\000\040\000G\000e\000t\000N\000o\000r\000m\000a\000l\000i\000z\000e\000d\000V\000a\000l\000u\000e\000F\000r\000o\000m\000F\000l\000o\000a\000t\000\050\000\051}{subsection.14.36.3}% 1636
\BOOKMARK [3][-]{subsubsection.14.36.3.29}{\376\377\0001\0004\000.\0003\0006\000.\0003\000.\0002\0009\000\040\000G\000e\000t\000N\000o\000r\000m\000a\000l\000i\000z\000e\000d\000V\000a\000l\000u\000e\000F\000r\000o\000m\000D\000o\000u\000b\000l\000e\000\050\000\051}{subsection.14.36.3}% 1637
\BOOKMARK [3][-]{subsubsection.14.36.3.30}{\376\377\0001\0004\000.\0003\0006\000.\0003\000.\0003\0000\000\040\000G\000e\000t\000N\000o\000r\000m\000a\000l\000i\000z\000e\000d\000V\000a\000l\000u\000e\000F\000r\000o\000m\000S\000t\000r\000i\000n\000g\000\050\000\051}{subsection.14.36.3}% 1638
\BOOKMARK [3][-]{subsubsection.14.36.3.31}{\376\377\0001\0004\000.\0003\0006\000.\0003\000.\0003\0001\000\040\000G\000e\000t\000B\000o\000o\000l\000F\000r\000o\000m\000N\000o\000r\000m\000a\000l\000i\000z\000e\000d\000V\000a\000l\000u\000e\000\050\000\051}{subsection.14.36.3}% 1639
\BOOKMARK [3][-]{subsubsection.14.36.3.32}{\376\377\0001\0004\000.\0003\0006\000.\0003\000.\0003\0002\000\040\000G\000e\000t\000I\000n\000t\0003\0002\000F\000r\000o\000m\000N\000o\000r\000m\000a\000l\000i\000z\000e\000d\000V\000a\000l\000u\000e\000\050\000\051}{subsection.14.36.3}% 1640
\BOOKMARK [3][-]{subsubsection.14.36.3.33}{\376\377\0001\0004\000.\0003\0006\000.\0003\000.\0003\0003\000\040\000G\000e\000t\000F\000l\000o\000a\000t\000F\000r\000o\000m\000N\000o\000r\000m\000a\000l\000i\000z\000e\000d\000V\000a\000l\000u\000e\000\050\000\051}{subsection.14.36.3}% 1641
\BOOKMARK [3][-]{subsubsection.14.36.3.34}{\376\377\0001\0004\000.\0003\0006\000.\0003\000.\0003\0004\000\040\000G\000e\000t\000D\000o\000u\000b\000l\000e\000F\000r\000o\000m\000N\000o\000r\000m\000a\000l\000i\000z\000e\000d\000V\000a\000l\000u\000e\000\050\000\051}{subsection.14.36.3}% 1642
\BOOKMARK [3][-]{subsubsection.14.36.3.35}{\376\377\0001\0004\000.\0003\0006\000.\0003\000.\0003\0005\000\040\000G\000e\000t\000S\000t\000r\000i\000n\000g\000F\000r\000o\000m\000N\000o\000r\000m\000a\000l\000i\000z\000e\000d\000V\000a\000l\000u\000e\000\050\000\051\000\040\000[\0001\000/\0002\000]}{subsection.14.36.3}% 1643
\BOOKMARK [3][-]{subsubsection.14.36.3.36}{\376\377\0001\0004\000.\0003\0006\000.\0003\000.\0003\0006\000\040\000G\000e\000t\000S\000t\000r\000i\000n\000g\000F\000r\000o\000m\000N\000o\000r\000m\000a\000l\000i\000z\000e\000d\000V\000a\000l\000u\000e\000\050\000\051\000\040\000[\0002\000/\0002\000]}{subsection.14.36.3}% 1644
\BOOKMARK [3][-]{subsubsection.14.36.3.37}{\376\377\0001\0004\000.\0003\0006\000.\0003\000.\0003\0007\000\040\000S\000e\000t\000V\000a\000l\000u\000e\000F\000r\000o\000m\000S\000t\000r\000i\000n\000g\000\050\000\051}{subsection.14.36.3}% 1645
\BOOKMARK [3][-]{subsubsection.14.36.3.38}{\376\377\0001\0004\000.\0003\0006\000.\0003\000.\0003\0008\000\040\000G\000e\000t\000V\000a\000l\000u\000e\000A\000s\000B\000o\000o\000l\000\050\000\051}{subsection.14.36.3}% 1646
\BOOKMARK [3][-]{subsubsection.14.36.3.39}{\376\377\0001\0004\000.\0003\0006\000.\0003\000.\0003\0009\000\040\000G\000e\000t\000V\000a\000l\000u\000e\000A\000s\000I\000n\000t\0003\0002\000\050\000\051}{subsection.14.36.3}% 1647
\BOOKMARK [3][-]{subsubsection.14.36.3.40}{\376\377\0001\0004\000.\0003\0006\000.\0003\000.\0004\0000\000\040\000G\000e\000t\000V\000a\000l\000u\000e\000A\000s\000F\000l\000o\000a\000t\000\050\000\051}{subsection.14.36.3}% 1648
\BOOKMARK [3][-]{subsubsection.14.36.3.41}{\376\377\0001\0004\000.\0003\0006\000.\0003\000.\0004\0001\000\040\000G\000e\000t\000V\000a\000l\000u\000e\000A\000s\000D\000o\000u\000b\000l\000e\000\050\000\051}{subsection.14.36.3}% 1649
\BOOKMARK [3][-]{subsubsection.14.36.3.42}{\376\377\0001\0004\000.\0003\0006\000.\0003\000.\0004\0002\000\040\000G\000e\000t\000V\000a\000l\000u\000e\000A\000s\000S\000t\000r\000i\000n\000g\000\050\000\051}{subsection.14.36.3}% 1650
\BOOKMARK [3][-]{subsubsection.14.36.3.43}{\376\377\0001\0004\000.\0003\0006\000.\0003\000.\0004\0003\000\040\000S\000e\000t\000V\000a\000l\000u\000e\000W\000i\000t\000h\000B\000o\000o\000l\000\050\000\051}{subsection.14.36.3}% 1651
\BOOKMARK [3][-]{subsubsection.14.36.3.44}{\376\377\0001\0004\000.\0003\0006\000.\0003\000.\0004\0004\000\040\000S\000e\000t\000V\000a\000l\000u\000e\000W\000i\000t\000h\000I\000n\000t\0003\0002\000\050\000\051}{subsection.14.36.3}% 1652
\BOOKMARK [3][-]{subsubsection.14.36.3.45}{\376\377\0001\0004\000.\0003\0006\000.\0003\000.\0004\0005\000\040\000S\000e\000t\000V\000a\000l\000u\000e\000W\000i\000t\000h\000F\000l\000o\000a\000t\000\050\000\051}{subsection.14.36.3}% 1653
\BOOKMARK [3][-]{subsubsection.14.36.3.46}{\376\377\0001\0004\000.\0003\0006\000.\0003\000.\0004\0006\000\040\000S\000e\000t\000V\000a\000l\000u\000e\000W\000i\000t\000h\000D\000o\000u\000b\000l\000e\000\050\000\051}{subsection.14.36.3}% 1654
\BOOKMARK [3][-]{subsubsection.14.36.3.47}{\376\377\0001\0004\000.\0003\0006\000.\0003\000.\0004\0007\000\040\000S\000e\000t\000V\000a\000l\000u\000e\000W\000i\000t\000h\000S\000t\000r\000i\000n\000g\000\050\000\051}{subsection.14.36.3}% 1655
\BOOKMARK [3][-]{subsubsection.14.36.3.48}{\376\377\0001\0004\000.\0003\0006\000.\0003\000.\0004\0008\000\040\000S\000e\000t\000T\000y\000p\000e\000\050\000\051}{subsection.14.36.3}% 1656
\BOOKMARK [3][-]{subsubsection.14.36.3.49}{\376\377\0001\0004\000.\0003\0006\000.\0003\000.\0004\0009\000\040\000G\000e\000t\000T\000y\000p\000e\000\050\000\051}{subsection.14.36.3}% 1657
\BOOKMARK [3][-]{subsubsection.14.36.3.50}{\376\377\0001\0004\000.\0003\0006\000.\0003\000.\0005\0000\000\040\000S\000e\000t\000O\000r\000i\000e\000n\000t\000a\000t\000i\000o\000n\000\050\000\051}{subsection.14.36.3}% 1658
\BOOKMARK [3][-]{subsubsection.14.36.3.51}{\376\377\0001\0004\000.\0003\0006\000.\0003\000.\0005\0001\000\040\000G\000e\000t\000O\000r\000i\000e\000n\000t\000a\000t\000i\000o\000n\000\050\000\051}{subsection.14.36.3}% 1659
\BOOKMARK [3][-]{subsubsection.14.36.3.52}{\376\377\0001\0004\000.\0003\0006\000.\0003\000.\0005\0002\000\040\000S\000e\000t\000T\000a\000p\000e\000r\000D\000e\000l\000e\000g\000a\000t\000e\000\050\000\051}{subsection.14.36.3}% 1660
\BOOKMARK [3][-]{subsubsection.14.36.3.53}{\376\377\0001\0004\000.\0003\0006\000.\0003\000.\0005\0003\000\040\000S\000e\000t\000D\000i\000s\000p\000l\000a\000y\000D\000e\000l\000e\000g\000a\000t\000e\000\050\000\051}{subsection.14.36.3}% 1661
\BOOKMARK [3][-]{subsubsection.14.36.3.54}{\376\377\0001\0004\000.\0003\0006\000.\0003\000.\0005\0004\000\040\000U\000p\000d\000a\000t\000e\000N\000o\000r\000m\000a\000l\000i\000z\000e\000d\000V\000a\000l\000u\000e\000\050\000\051}{subsection.14.36.3}% 1662
\BOOKMARK [2][-]{subsection.14.36.4}{\376\377\0001\0004\000.\0003\0006\000.\0004\000\040\000M\000e\000m\000b\000e\000r\000\040\000D\000a\000t\000a\000\040\000D\000o\000c\000u\000m\000e\000n\000t\000a\000t\000i\000o\000n}{section.14.36}% 1663
\BOOKMARK [3][-]{subsubsection.14.36.4.1}{\376\377\0001\0004\000.\0003\0006\000.\0004\000.\0001\000\040\000m\000N\000a\000m\000e\000s}{subsection.14.36.4}% 1664
\BOOKMARK [3][-]{subsubsection.14.36.4.2}{\376\377\0001\0004\000.\0003\0006\000.\0004\000.\0002\000\040\000m\000I\000D}{subsection.14.36.4}% 1665
\BOOKMARK [3][-]{subsubsection.14.36.4.3}{\376\377\0001\0004\000.\0003\0006\000.\0004\000.\0003\000\040\000m\000A\000u\000t\000o\000m\000a\000t\000i\000o\000n\000D\000e\000l\000e\000g\000a\000t\000e}{subsection.14.36.4}% 1666
\BOOKMARK [3][-]{subsubsection.14.36.4.4}{\376\377\0001\0004\000.\0003\0006\000.\0004\000.\0004\000\040\000m\000V\000a\000l\000u\000e\000S\000t\000r\000i\000n\000g}{subsection.14.36.4}% 1667
\BOOKMARK [1][-]{section.14.37}{\376\377\0001\0004\000.\0003\0007\000\040\000A\000A\000X\000\137\000C\000S\000t\000a\000t\000e\000T\000a\000p\000e\000r\000D\000e\000l\000e\000g\000a\000t\000e\000<\000\040\000T\000\040\000>\000\040\000C\000l\000a\000s\000s\000\040\000T\000e\000m\000p\000l\000a\000t\000e\000\040\000R\000e\000f\000e\000r\000e\000n\000c\000e}{chapter.14}% 1668
\BOOKMARK [2][-]{subsection.14.37.1}{\376\377\0001\0004\000.\0003\0007\000.\0001\000\040\000D\000e\000s\000c\000r\000i\000p\000t\000i\000o\000n}{section.14.37}% 1669
\BOOKMARK [2][-]{subsection.14.37.2}{\376\377\0001\0004\000.\0003\0007\000.\0002\000\040\000C\000o\000n\000s\000t\000r\000u\000c\000t\000o\000r\000\040\000\046\000\040\000D\000e\000s\000t\000r\000u\000c\000t\000o\000r\000\040\000D\000o\000c\000u\000m\000e\000n\000t\000a\000t\000i\000o\000n}{section.14.37}% 1670
\BOOKMARK [3][-]{subsubsection.14.37.2.1}{\376\377\0001\0004\000.\0003\0007\000.\0002\000.\0001\000\040\000A\000A\000X\000\137\000C\000S\000t\000a\000t\000e\000T\000a\000p\000e\000r\000D\000e\000l\000e\000g\000a\000t\000e\000\050\000\051}{subsection.14.37.2}% 1671
\BOOKMARK [2][-]{subsection.14.37.3}{\376\377\0001\0004\000.\0003\0007\000.\0003\000\040\000M\000e\000m\000b\000e\000r\000\040\000F\000u\000n\000c\000t\000i\000o\000n\000\040\000D\000o\000c\000u\000m\000e\000n\000t\000a\000t\000i\000o\000n}{section.14.37}% 1672
\BOOKMARK [3][-]{subsubsection.14.37.3.1}{\376\377\0001\0004\000.\0003\0007\000.\0003\000.\0001\000\040\000C\000l\000o\000n\000e\000\050\000\051}{subsection.14.37.3}% 1673
\BOOKMARK [3][-]{subsubsection.14.37.3.2}{\376\377\0001\0004\000.\0003\0007\000.\0003\000.\0002\000\040\000G\000e\000t\000M\000i\000n\000i\000m\000u\000m\000V\000a\000l\000u\000e\000\050\000\051}{subsection.14.37.3}% 1674
\BOOKMARK [3][-]{subsubsection.14.37.3.3}{\376\377\0001\0004\000.\0003\0007\000.\0003\000.\0003\000\040\000G\000e\000t\000M\000a\000x\000i\000m\000u\000m\000V\000a\000l\000u\000e\000\050\000\051}{subsection.14.37.3}% 1675
\BOOKMARK [3][-]{subsubsection.14.37.3.4}{\376\377\0001\0004\000.\0003\0007\000.\0003\000.\0004\000\040\000C\000o\000n\000s\000t\000r\000a\000i\000n\000R\000e\000a\000l\000V\000a\000l\000u\000e\000\050\000\051}{subsection.14.37.3}% 1676
\BOOKMARK [3][-]{subsubsection.14.37.3.5}{\376\377\0001\0004\000.\0003\0007\000.\0003\000.\0005\000\040\000N\000o\000r\000m\000a\000l\000i\000z\000e\000d\000T\000o\000R\000e\000a\000l\000\050\000\051}{subsection.14.37.3}% 1677
\BOOKMARK [3][-]{subsubsection.14.37.3.6}{\376\377\0001\0004\000.\0003\0007\000.\0003\000.\0006\000\040\000R\000e\000a\000l\000T\000o\000N\000o\000r\000m\000a\000l\000i\000z\000e\000d\000\050\000\051}{subsection.14.37.3}% 1678
\BOOKMARK [1][-]{section.14.38}{\376\377\0001\0004\000.\0003\0008\000\040\000A\000A\000X\000\137\000C\000S\000t\000r\000i\000n\000g\000\040\000C\000l\000a\000s\000s\000\040\000R\000e\000f\000e\000r\000e\000n\000c\000e}{chapter.14}% 1679
\BOOKMARK [2][-]{subsection.14.38.1}{\376\377\0001\0004\000.\0003\0008\000.\0001\000\040\000D\000e\000s\000c\000r\000i\000p\000t\000i\000o\000n}{section.14.38}% 1680
\BOOKMARK [2][-]{subsection.14.38.2}{\376\377\0001\0004\000.\0003\0008\000.\0002\000\040\000C\000o\000n\000s\000t\000r\000u\000c\000t\000o\000r\000\040\000\046\000\040\000D\000e\000s\000t\000r\000u\000c\000t\000o\000r\000\040\000D\000o\000c\000u\000m\000e\000n\000t\000a\000t\000i\000o\000n}{section.14.38}% 1681
\BOOKMARK [3][-]{subsubsection.14.38.2.1}{\376\377\0001\0004\000.\0003\0008\000.\0002\000.\0001\000\040\000A\000A\000X\000\137\000C\000S\000t\000r\000i\000n\000g\000\050\000\051\000\040\000[\0001\000/\0005\000]}{subsection.14.38.2}% 1682
\BOOKMARK [3][-]{subsubsection.14.38.2.2}{\376\377\0001\0004\000.\0003\0008\000.\0002\000.\0002\000\040\000A\000A\000X\000\137\000C\000S\000t\000r\000i\000n\000g\000\050\000\051\000\040\000[\0002\000/\0005\000]}{subsection.14.38.2}% 1683
\BOOKMARK [3][-]{subsubsection.14.38.2.3}{\376\377\0001\0004\000.\0003\0008\000.\0002\000.\0003\000\040\000A\000A\000X\000\137\000C\000S\000t\000r\000i\000n\000g\000\050\000\051\000\040\000[\0003\000/\0005\000]}{subsection.14.38.2}% 1684
\BOOKMARK [3][-]{subsubsection.14.38.2.4}{\376\377\0001\0004\000.\0003\0008\000.\0002\000.\0004\000\040\000A\000A\000X\000\137\000C\000S\000t\000r\000i\000n\000g\000\050\000\051\000\040\000[\0004\000/\0005\000]}{subsection.14.38.2}% 1685
\BOOKMARK [3][-]{subsubsection.14.38.2.5}{\376\377\0001\0004\000.\0003\0008\000.\0002\000.\0005\000\040\000A\000A\000X\000\137\000C\000S\000t\000r\000i\000n\000g\000\050\000\051\000\040\000[\0005\000/\0005\000]}{subsection.14.38.2}% 1686
\BOOKMARK [2][-]{subsection.14.38.3}{\376\377\0001\0004\000.\0003\0008\000.\0003\000\040\000M\000e\000m\000b\000e\000r\000\040\000F\000u\000n\000c\000t\000i\000o\000n\000\040\000D\000o\000c\000u\000m\000e\000n\000t\000a\000t\000i\000o\000n}{section.14.38}% 1687
\BOOKMARK [3][-]{subsubsection.14.38.3.1}{\376\377\0001\0004\000.\0003\0008\000.\0003\000.\0001\000\040\000L\000e\000n\000g\000t\000h\000\050\000\051}{subsection.14.38.3}% 1688
\BOOKMARK [3][-]{subsubsection.14.38.3.2}{\376\377\0001\0004\000.\0003\0008\000.\0003\000.\0002\000\040\000M\000a\000x\000L\000e\000n\000g\000t\000h\000\050\000\051}{subsection.14.38.3}% 1689
\BOOKMARK [3][-]{subsubsection.14.38.3.3}{\376\377\0001\0004\000.\0003\0008\000.\0003\000.\0003\000\040\000G\000e\000t\000\050\000\051}{subsection.14.38.3}% 1690
\BOOKMARK [3][-]{subsubsection.14.38.3.4}{\376\377\0001\0004\000.\0003\0008\000.\0003\000.\0004\000\040\000S\000e\000t\000\050\000\051}{subsection.14.38.3}% 1691
\BOOKMARK [3][-]{subsubsection.14.38.3.5}{\376\377\0001\0004\000.\0003\0008\000.\0003\000.\0005\000\040\000o\000p\000e\000r\000a\000t\000o\000r\000=\000\050\000\051\000\040\000[\0001\000/\0005\000]}{subsection.14.38.3}% 1692
\BOOKMARK [3][-]{subsubsection.14.38.3.6}{\376\377\0001\0004\000.\0003\0008\000.\0003\000.\0006\000\040\000o\000p\000e\000r\000a\000t\000o\000r\000=\000\050\000\051\000\040\000[\0002\000/\0005\000]}{subsection.14.38.3}% 1693
\BOOKMARK [3][-]{subsubsection.14.38.3.7}{\376\377\0001\0004\000.\0003\0008\000.\0003\000.\0007\000\040\000A\000A\000X\000\137\000D\000E\000F\000A\000U\000L\000T\000\137\000M\000O\000V\000E\000\137\000C\000T\000O\000R\000\050\000\051}{subsection.14.38.3}% 1694
\BOOKMARK [3][-]{subsubsection.14.38.3.8}{\376\377\0001\0004\000.\0003\0008\000.\0003\000.\0008\000\040\000S\000t\000d\000S\000t\000r\000i\000n\000g\000\050\000\051\000\040\000[\0001\000/\0002\000]}{subsection.14.38.3}% 1695
\BOOKMARK [3][-]{subsubsection.14.38.3.9}{\376\377\0001\0004\000.\0003\0008\000.\0003\000.\0009\000\040\000S\000t\000d\000S\000t\000r\000i\000n\000g\000\050\000\051\000\040\000[\0002\000/\0002\000]}{subsection.14.38.3}% 1696
\BOOKMARK [3][-]{subsubsection.14.38.3.10}{\376\377\0001\0004\000.\0003\0008\000.\0003\000.\0001\0000\000\040\000o\000p\000e\000r\000a\000t\000o\000r\000=\000\050\000\051\000\040\000[\0003\000/\0005\000]}{subsection.14.38.3}% 1697
\BOOKMARK [3][-]{subsubsection.14.38.3.11}{\376\377\0001\0004\000.\0003\0008\000.\0003\000.\0001\0001\000\040\000o\000p\000e\000r\000a\000t\000o\000r\000=\000\050\000\051\000\040\000[\0004\000/\0005\000]}{subsection.14.38.3}% 1698
\BOOKMARK [3][-]{subsubsection.14.38.3.12}{\376\377\0001\0004\000.\0003\0008\000.\0003\000.\0001\0002\000\040\000o\000p\000e\000r\000a\000t\000o\000r\000=\000\050\000\051\000\040\000[\0005\000/\0005\000]}{subsection.14.38.3}% 1699
\BOOKMARK [3][-]{subsubsection.14.38.3.13}{\376\377\0001\0004\000.\0003\0008\000.\0003\000.\0001\0003\000\040\000C\000l\000e\000a\000r\000\050\000\051}{subsection.14.38.3}% 1700
\BOOKMARK [3][-]{subsubsection.14.38.3.14}{\376\377\0001\0004\000.\0003\0008\000.\0003\000.\0001\0004\000\040\000E\000m\000p\000t\000y\000\050\000\051}{subsection.14.38.3}% 1701
\BOOKMARK [3][-]{subsubsection.14.38.3.15}{\376\377\0001\0004\000.\0003\0008\000.\0003\000.\0001\0005\000\040\000E\000r\000a\000s\000e\000\050\000\051}{subsection.14.38.3}% 1702
\BOOKMARK [3][-]{subsubsection.14.38.3.16}{\376\377\0001\0004\000.\0003\0008\000.\0003\000.\0001\0006\000\040\000A\000p\000p\000e\000n\000d\000\050\000\051\000\040\000[\0001\000/\0002\000]}{subsection.14.38.3}% 1703
\BOOKMARK [3][-]{subsubsection.14.38.3.17}{\376\377\0001\0004\000.\0003\0008\000.\0003\000.\0001\0007\000\040\000A\000p\000p\000e\000n\000d\000\050\000\051\000\040\000[\0002\000/\0002\000]}{subsection.14.38.3}% 1704
\BOOKMARK [3][-]{subsubsection.14.38.3.18}{\376\377\0001\0004\000.\0003\0008\000.\0003\000.\0001\0008\000\040\000A\000p\000p\000e\000n\000d\000N\000u\000m\000b\000e\000r\000\050\000\051\000\040\000[\0001\000/\0002\000]}{subsection.14.38.3}% 1705
\BOOKMARK [3][-]{subsubsection.14.38.3.19}{\376\377\0001\0004\000.\0003\0008\000.\0003\000.\0001\0009\000\040\000A\000p\000p\000e\000n\000d\000N\000u\000m\000b\000e\000r\000\050\000\051\000\040\000[\0002\000/\0002\000]}{subsection.14.38.3}% 1706
\BOOKMARK [3][-]{subsubsection.14.38.3.20}{\376\377\0001\0004\000.\0003\0008\000.\0003\000.\0002\0000\000\040\000A\000p\000p\000e\000n\000d\000H\000e\000x\000\050\000\051}{subsection.14.38.3}% 1707
\BOOKMARK [3][-]{subsubsection.14.38.3.21}{\376\377\0001\0004\000.\0003\0008\000.\0003\000.\0002\0001\000\040\000I\000n\000s\000e\000r\000t\000\050\000\051\000\040\000[\0001\000/\0002\000]}{subsection.14.38.3}% 1708
\BOOKMARK [3][-]{subsubsection.14.38.3.22}{\376\377\0001\0004\000.\0003\0008\000.\0003\000.\0002\0002\000\040\000I\000n\000s\000e\000r\000t\000\050\000\051\000\040\000[\0002\000/\0002\000]}{subsection.14.38.3}% 1709
\BOOKMARK [3][-]{subsubsection.14.38.3.23}{\376\377\0001\0004\000.\0003\0008\000.\0003\000.\0002\0003\000\040\000I\000n\000s\000e\000r\000t\000N\000u\000m\000b\000e\000r\000\050\000\051\000\040\000[\0001\000/\0002\000]}{subsection.14.38.3}% 1710
\BOOKMARK [3][-]{subsubsection.14.38.3.24}{\376\377\0001\0004\000.\0003\0008\000.\0003\000.\0002\0004\000\040\000I\000n\000s\000e\000r\000t\000N\000u\000m\000b\000e\000r\000\050\000\051\000\040\000[\0002\000/\0002\000]}{subsection.14.38.3}% 1711
\BOOKMARK [3][-]{subsubsection.14.38.3.25}{\376\377\0001\0004\000.\0003\0008\000.\0003\000.\0002\0005\000\040\000I\000n\000s\000e\000r\000t\000H\000e\000x\000\050\000\051}{subsection.14.38.3}% 1712
\BOOKMARK [3][-]{subsubsection.14.38.3.26}{\376\377\0001\0004\000.\0003\0008\000.\0003\000.\0002\0006\000\040\000R\000e\000p\000l\000a\000c\000e\000\050\000\051\000\040\000[\0001\000/\0002\000]}{subsection.14.38.3}% 1713
\BOOKMARK [3][-]{subsubsection.14.38.3.27}{\376\377\0001\0004\000.\0003\0008\000.\0003\000.\0002\0007\000\040\000R\000e\000p\000l\000a\000c\000e\000\050\000\051\000\040\000[\0002\000/\0002\000]}{subsection.14.38.3}% 1714
\BOOKMARK [3][-]{subsubsection.14.38.3.28}{\376\377\0001\0004\000.\0003\0008\000.\0003\000.\0002\0008\000\040\000F\000i\000n\000d\000F\000i\000r\000s\000t\000\050\000\051\000\040\000[\0001\000/\0003\000]}{subsection.14.38.3}% 1715
\BOOKMARK [3][-]{subsubsection.14.38.3.29}{\376\377\0001\0004\000.\0003\0008\000.\0003\000.\0002\0009\000\040\000F\000i\000n\000d\000F\000i\000r\000s\000t\000\050\000\051\000\040\000[\0002\000/\0003\000]}{subsection.14.38.3}% 1716
\BOOKMARK [3][-]{subsubsection.14.38.3.30}{\376\377\0001\0004\000.\0003\0008\000.\0003\000.\0003\0000\000\040\000F\000i\000n\000d\000F\000i\000r\000s\000t\000\050\000\051\000\040\000[\0003\000/\0003\000]}{subsection.14.38.3}% 1717
\BOOKMARK [3][-]{subsubsection.14.38.3.31}{\376\377\0001\0004\000.\0003\0008\000.\0003\000.\0003\0001\000\040\000F\000i\000n\000d\000L\000a\000s\000t\000\050\000\051\000\040\000[\0001\000/\0003\000]}{subsection.14.38.3}% 1718
\BOOKMARK [3][-]{subsubsection.14.38.3.32}{\376\377\0001\0004\000.\0003\0008\000.\0003\000.\0003\0002\000\040\000F\000i\000n\000d\000L\000a\000s\000t\000\050\000\051\000\040\000[\0002\000/\0003\000]}{subsection.14.38.3}% 1719
\BOOKMARK [3][-]{subsubsection.14.38.3.33}{\376\377\0001\0004\000.\0003\0008\000.\0003\000.\0003\0003\000\040\000F\000i\000n\000d\000L\000a\000s\000t\000\050\000\051\000\040\000[\0003\000/\0003\000]}{subsection.14.38.3}% 1720
\BOOKMARK [3][-]{subsubsection.14.38.3.34}{\376\377\0001\0004\000.\0003\0008\000.\0003\000.\0003\0004\000\040\000C\000S\000t\000r\000i\000n\000g\000\050\000\051}{subsection.14.38.3}% 1721
\BOOKMARK [3][-]{subsubsection.14.38.3.35}{\376\377\0001\0004\000.\0003\0008\000.\0003\000.\0003\0005\000\040\000T\000o\000D\000o\000u\000b\000l\000e\000\050\000\051}{subsection.14.38.3}% 1722
\BOOKMARK [3][-]{subsubsection.14.38.3.36}{\376\377\0001\0004\000.\0003\0008\000.\0003\000.\0003\0006\000\040\000T\000o\000I\000n\000t\000e\000g\000e\000r\000\050\000\051}{subsection.14.38.3}% 1723
\BOOKMARK [3][-]{subsubsection.14.38.3.37}{\376\377\0001\0004\000.\0003\0008\000.\0003\000.\0003\0007\000\040\000S\000u\000b\000S\000t\000r\000i\000n\000g\000\050\000\051}{subsection.14.38.3}% 1724
\BOOKMARK [3][-]{subsubsection.14.38.3.38}{\376\377\0001\0004\000.\0003\0008\000.\0003\000.\0003\0008\000\040\000E\000q\000u\000a\000l\000s\000\050\000\051\000\040\000[\0001\000/\0003\000]}{subsection.14.38.3}% 1725
\BOOKMARK [3][-]{subsubsection.14.38.3.39}{\376\377\0001\0004\000.\0003\0008\000.\0003\000.\0003\0009\000\040\000E\000q\000u\000a\000l\000s\000\050\000\051\000\040\000[\0002\000/\0003\000]}{subsection.14.38.3}% 1726
\BOOKMARK [3][-]{subsubsection.14.38.3.40}{\376\377\0001\0004\000.\0003\0008\000.\0003\000.\0004\0000\000\040\000E\000q\000u\000a\000l\000s\000\050\000\051\000\040\000[\0003\000/\0003\000]}{subsection.14.38.3}% 1727
\BOOKMARK [3][-]{subsubsection.14.38.3.41}{\376\377\0001\0004\000.\0003\0008\000.\0003\000.\0004\0001\000\040\000o\000p\000e\000r\000a\000t\000o\000r\000=\000=\000\050\000\051\000\040\000[\0001\000/\0003\000]}{subsection.14.38.3}% 1728
\BOOKMARK [3][-]{subsubsection.14.38.3.42}{\376\377\0001\0004\000.\0003\0008\000.\0003\000.\0004\0002\000\040\000o\000p\000e\000r\000a\000t\000o\000r\000=\000=\000\050\000\051\000\040\000[\0002\000/\0003\000]}{subsection.14.38.3}% 1729
\BOOKMARK [3][-]{subsubsection.14.38.3.43}{\376\377\0001\0004\000.\0003\0008\000.\0003\000.\0004\0003\000\040\000o\000p\000e\000r\000a\000t\000o\000r\000=\000=\000\050\000\051\000\040\000[\0003\000/\0003\000]}{subsection.14.38.3}% 1730
\BOOKMARK [3][-]{subsubsection.14.38.3.44}{\376\377\0001\0004\000.\0003\0008\000.\0003\000.\0004\0004\000\040\000o\000p\000e\000r\000a\000t\000o\000r\000!\000=\000\050\000\051\000\040\000[\0001\000/\0003\000]}{subsection.14.38.3}% 1731
\BOOKMARK [3][-]{subsubsection.14.38.3.45}{\376\377\0001\0004\000.\0003\0008\000.\0003\000.\0004\0005\000\040\000o\000p\000e\000r\000a\000t\000o\000r\000!\000=\000\050\000\051\000\040\000[\0002\000/\0003\000]}{subsection.14.38.3}% 1732
\BOOKMARK [3][-]{subsubsection.14.38.3.46}{\376\377\0001\0004\000.\0003\0008\000.\0003\000.\0004\0006\000\040\000o\000p\000e\000r\000a\000t\000o\000r\000!\000=\000\050\000\051\000\040\000[\0003\000/\0003\000]}{subsection.14.38.3}% 1733
\BOOKMARK [3][-]{subsubsection.14.38.3.47}{\376\377\0001\0004\000.\0003\0008\000.\0003\000.\0004\0007\000\040\000o\000p\000e\000r\000a\000t\000o\000r\000<\000\050\000\051}{subsection.14.38.3}% 1734
\BOOKMARK [3][-]{subsubsection.14.38.3.48}{\376\377\0001\0004\000.\0003\0008\000.\0003\000.\0004\0008\000\040\000o\000p\000e\000r\000a\000t\000o\000r\000>\000\050\000\051}{subsection.14.38.3}% 1735
\BOOKMARK [3][-]{subsubsection.14.38.3.49}{\376\377\0001\0004\000.\0003\0008\000.\0003\000.\0004\0009\000\040\000o\000p\000e\000r\000a\000t\000o\000r\000[\000]\000\050\000\051\000\040\000[\0001\000/\0002\000]}{subsection.14.38.3}% 1736
\BOOKMARK [3][-]{subsubsection.14.38.3.50}{\376\377\0001\0004\000.\0003\0008\000.\0003\000.\0005\0000\000\040\000o\000p\000e\000r\000a\000t\000o\000r\000[\000]\000\050\000\051\000\040\000[\0002\000/\0002\000]}{subsection.14.38.3}% 1737
\BOOKMARK [3][-]{subsubsection.14.38.3.51}{\376\377\0001\0004\000.\0003\0008\000.\0003\000.\0005\0001\000\040\000o\000p\000e\000r\000a\000t\000o\000r\000+\000=\000\050\000\051\000\040\000[\0001\000/\0003\000]}{subsection.14.38.3}% 1738
\BOOKMARK [3][-]{subsubsection.14.38.3.52}{\376\377\0001\0004\000.\0003\0008\000.\0003\000.\0005\0002\000\040\000o\000p\000e\000r\000a\000t\000o\000r\000+\000=\000\050\000\051\000\040\000[\0002\000/\0003\000]}{subsection.14.38.3}% 1739
\BOOKMARK [3][-]{subsubsection.14.38.3.53}{\376\377\0001\0004\000.\0003\0008\000.\0003\000.\0005\0003\000\040\000o\000p\000e\000r\000a\000t\000o\000r\000+\000=\000\050\000\051\000\040\000[\0003\000/\0003\000]}{subsection.14.38.3}% 1740
\BOOKMARK [2][-]{subsection.14.38.4}{\376\377\0001\0004\000.\0003\0008\000.\0004\000\040\000F\000r\000i\000e\000n\000d\000s\000\040\000A\000n\000d\000\040\000R\000e\000l\000a\000t\000e\000d\000\040\000F\000u\000n\000c\000t\000i\000o\000n\000\040\000D\000o\000c\000u\000m\000e\000n\000t\000a\000t\000i\000o\000n}{section.14.38}% 1741
\BOOKMARK [3][-]{subsubsection.14.38.4.1}{\376\377\0001\0004\000.\0003\0008\000.\0004\000.\0001\000\040\000o\000p\000e\000r\000a\000t\000o\000r\000<\000<}{subsection.14.38.4}% 1742
\BOOKMARK [3][-]{subsubsection.14.38.4.2}{\376\377\0001\0004\000.\0003\0008\000.\0004\000.\0002\000\040\000o\000p\000e\000r\000a\000t\000o\000r\000>\000>}{subsection.14.38.4}% 1743
\BOOKMARK [2][-]{subsection.14.38.5}{\376\377\0001\0004\000.\0003\0008\000.\0005\000\040\000M\000e\000m\000b\000e\000r\000\040\000D\000a\000t\000a\000\040\000D\000o\000c\000u\000m\000e\000n\000t\000a\000t\000i\000o\000n}{section.14.38}% 1744
\BOOKMARK [3][-]{subsubsection.14.38.5.1}{\376\377\0001\0004\000.\0003\0008\000.\0005\000.\0001\000\040\000k\000I\000n\000v\000a\000l\000i\000d\000I\000n\000d\000e\000x}{subsection.14.38.5}% 1745
\BOOKMARK [3][-]{subsubsection.14.38.5.2}{\376\377\0001\0004\000.\0003\0008\000.\0005\000.\0002\000\040\000k\000M\000a\000x\000S\000t\000r\000i\000n\000g\000L\000e\000n\000g\000t\000h}{subsection.14.38.5}% 1746
\BOOKMARK [3][-]{subsubsection.14.38.5.3}{\376\377\0001\0004\000.\0003\0008\000.\0005\000.\0003\000\040\000m\000S\000t\000r\000i\000n\000g}{subsection.14.38.5}% 1747
\BOOKMARK [1][-]{section.14.39}{\376\377\0001\0004\000.\0003\0009\000\040\000A\000A\000X\000\137\000C\000S\000t\000r\000i\000n\000g\000A\000b\000b\000r\000e\000v\000i\000a\000t\000i\000o\000n\000s\000\040\000C\000l\000a\000s\000s\000\040\000R\000e\000f\000e\000r\000e\000n\000c\000e}{chapter.14}% 1748
\BOOKMARK [2][-]{subsection.14.39.1}{\376\377\0001\0004\000.\0003\0009\000.\0001\000\040\000D\000e\000s\000c\000r\000i\000p\000t\000i\000o\000n}{section.14.39}% 1749
\BOOKMARK [2][-]{subsection.14.39.2}{\376\377\0001\0004\000.\0003\0009\000.\0002\000\040\000C\000o\000n\000s\000t\000r\000u\000c\000t\000o\000r\000\040\000\046\000\040\000D\000e\000s\000t\000r\000u\000c\000t\000o\000r\000\040\000D\000o\000c\000u\000m\000e\000n\000t\000a\000t\000i\000o\000n}{section.14.39}% 1750
\BOOKMARK [3][-]{subsubsection.14.39.2.1}{\376\377\0001\0004\000.\0003\0009\000.\0002\000.\0001\000\040\000A\000A\000X\000\137\000C\000S\000t\000r\000i\000n\000g\000A\000b\000b\000r\000e\000v\000i\000a\000t\000i\000o\000n\000s\000\050\000\051}{subsection.14.39.2}% 1751
\BOOKMARK [2][-]{subsection.14.39.3}{\376\377\0001\0004\000.\0003\0009\000.\0003\000\040\000M\000e\000m\000b\000e\000r\000\040\000F\000u\000n\000c\000t\000i\000o\000n\000\040\000D\000o\000c\000u\000m\000e\000n\000t\000a\000t\000i\000o\000n}{section.14.39}% 1752
\BOOKMARK [3][-]{subsubsection.14.39.3.1}{\376\377\0001\0004\000.\0003\0009\000.\0003\000.\0001\000\040\000S\000e\000t\000P\000r\000i\000m\000a\000r\000y\000\050\000\051}{subsection.14.39.3}% 1753
\BOOKMARK [3][-]{subsubsection.14.39.3.2}{\376\377\0001\0004\000.\0003\0009\000.\0003\000.\0002\000\040\000P\000r\000i\000m\000a\000r\000y\000\050\000\051}{subsection.14.39.3}% 1754
\BOOKMARK [3][-]{subsubsection.14.39.3.3}{\376\377\0001\0004\000.\0003\0009\000.\0003\000.\0003\000\040\000A\000d\000d\000\050\000\051}{subsection.14.39.3}% 1755
\BOOKMARK [3][-]{subsubsection.14.39.3.4}{\376\377\0001\0004\000.\0003\0009\000.\0003\000.\0004\000\040\000G\000e\000t\000\050\000\051}{subsection.14.39.3}% 1756
\BOOKMARK [3][-]{subsubsection.14.39.3.5}{\376\377\0001\0004\000.\0003\0009\000.\0003\000.\0005\000\040\000C\000l\000e\000a\000r\000\050\000\051}{subsection.14.39.3}% 1757
\BOOKMARK [1][-]{section.14.40}{\376\377\0001\0004\000.\0004\0000\000\040\000A\000A\000X\000\137\000C\000S\000t\000r\000i\000n\000g\000D\000a\000t\000a\000B\000u\000f\000f\000e\000r\000\040\000C\000l\000a\000s\000s\000\040\000R\000e\000f\000e\000r\000e\000n\000c\000e}{chapter.14}% 1758
\BOOKMARK [2][-]{subsection.14.40.1}{\376\377\0001\0004\000.\0004\0000\000.\0001\000\040\000D\000e\000s\000c\000r\000i\000p\000t\000i\000o\000n}{section.14.40}% 1759
\BOOKMARK [2][-]{subsection.14.40.2}{\376\377\0001\0004\000.\0004\0000\000.\0002\000\040\000C\000o\000n\000s\000t\000r\000u\000c\000t\000o\000r\000\040\000\046\000\040\000D\000e\000s\000t\000r\000u\000c\000t\000o\000r\000\040\000D\000o\000c\000u\000m\000e\000n\000t\000a\000t\000i\000o\000n}{section.14.40}% 1760
\BOOKMARK [3][-]{subsubsection.14.40.2.1}{\376\377\0001\0004\000.\0004\0000\000.\0002\000.\0001\000\040\000A\000A\000X\000\137\000C\000S\000t\000r\000i\000n\000g\000D\000a\000t\000a\000B\000u\000f\000f\000e\000r\000\050\000\051\000\040\000[\0001\000/\0005\000]}{subsection.14.40.2}% 1761
\BOOKMARK [3][-]{subsubsection.14.40.2.2}{\376\377\0001\0004\000.\0004\0000\000.\0002\000.\0002\000\040\000A\000A\000X\000\137\000C\000S\000t\000r\000i\000n\000g\000D\000a\000t\000a\000B\000u\000f\000f\000e\000r\000\050\000\051\000\040\000[\0002\000/\0005\000]}{subsection.14.40.2}% 1762
\BOOKMARK [3][-]{subsubsection.14.40.2.3}{\376\377\0001\0004\000.\0004\0000\000.\0002\000.\0003\000\040\000A\000A\000X\000\137\000C\000S\000t\000r\000i\000n\000g\000D\000a\000t\000a\000B\000u\000f\000f\000e\000r\000\050\000\051\000\040\000[\0003\000/\0005\000]}{subsection.14.40.2}% 1763
\BOOKMARK [3][-]{subsubsection.14.40.2.4}{\376\377\0001\0004\000.\0004\0000\000.\0002\000.\0004\000\040\000A\000A\000X\000\137\000C\000S\000t\000r\000i\000n\000g\000D\000a\000t\000a\000B\000u\000f\000f\000e\000r\000\050\000\051\000\040\000[\0004\000/\0005\000]}{subsection.14.40.2}% 1764
\BOOKMARK [3][-]{subsubsection.14.40.2.5}{\376\377\0001\0004\000.\0004\0000\000.\0002\000.\0005\000\040\000A\000A\000X\000\137\000C\000S\000t\000r\000i\000n\000g\000D\000a\000t\000a\000B\000u\000f\000f\000e\000r\000\050\000\051\000\040\000[\0005\000/\0005\000]}{subsection.14.40.2}% 1765
\BOOKMARK [3][-]{subsubsection.14.40.2.6}{\376\377\0001\0004\000.\0004\0000\000.\0002\000.\0006\000\040\000\040\000A\000A\000X\000\137\000C\000S\000t\000r\000i\000n\000g\000D\000a\000t\000a\000B\000u\000f\000f\000e\000r\000\050\000\051}{subsection.14.40.2}% 1766
\BOOKMARK [2][-]{subsection.14.40.3}{\376\377\0001\0004\000.\0004\0000\000.\0003\000\040\000M\000e\000m\000b\000e\000r\000\040\000F\000u\000n\000c\000t\000i\000o\000n\000\040\000D\000o\000c\000u\000m\000e\000n\000t\000a\000t\000i\000o\000n}{section.14.40}% 1767
\BOOKMARK [3][-]{subsubsection.14.40.3.1}{\376\377\0001\0004\000.\0004\0000\000.\0003\000.\0001\000\040\000o\000p\000e\000r\000a\000t\000o\000r\000=\000\050\000\051\000\040\000[\0001\000/\0002\000]}{subsection.14.40.3}% 1768
\BOOKMARK [3][-]{subsubsection.14.40.3.2}{\376\377\0001\0004\000.\0004\0000\000.\0003\000.\0002\000\040\000o\000p\000e\000r\000a\000t\000o\000r\000=\000\050\000\051\000\040\000[\0002\000/\0002\000]}{subsection.14.40.3}% 1769
\BOOKMARK [3][-]{subsubsection.14.40.3.3}{\376\377\0001\0004\000.\0004\0000\000.\0003\000.\0003\000\040\000T\000y\000p\000e\000\050\000\051}{subsection.14.40.3}% 1770
\BOOKMARK [3][-]{subsubsection.14.40.3.4}{\376\377\0001\0004\000.\0004\0000\000.\0003\000.\0004\000\040\000S\000i\000z\000e\000\050\000\051}{subsection.14.40.3}% 1771
\BOOKMARK [3][-]{subsubsection.14.40.3.5}{\376\377\0001\0004\000.\0004\0000\000.\0003\000.\0005\000\040\000D\000a\000t\000a\000\050\000\051}{subsection.14.40.3}% 1772
\BOOKMARK [1][-]{section.14.41}{\376\377\0001\0004\000.\0004\0001\000\040\000A\000A\000X\000\137\000C\000S\000t\000r\000i\000n\000g\000D\000a\000t\000a\000B\000u\000f\000f\000e\000r\000O\000f\000T\000y\000p\000e\000<\000\040\000T\000\040\000>\000\040\000C\000l\000a\000s\000s\000\040\000T\000e\000m\000p\000l\000a\000t\000e\000\040\000R\000e\000f\000e\000r\000e\000n\000c\000e}{chapter.14}% 1773
\BOOKMARK [2][-]{subsection.14.41.1}{\376\377\0001\0004\000.\0004\0001\000.\0001\000\040\000D\000e\000s\000c\000r\000i\000p\000t\000i\000o\000n}{section.14.41}% 1774
\BOOKMARK [2][-]{subsection.14.41.2}{\376\377\0001\0004\000.\0004\0001\000.\0002\000\040\000C\000o\000n\000s\000t\000r\000u\000c\000t\000o\000r\000\040\000\046\000\040\000D\000e\000s\000t\000r\000u\000c\000t\000o\000r\000\040\000D\000o\000c\000u\000m\000e\000n\000t\000a\000t\000i\000o\000n}{section.14.41}% 1775
\BOOKMARK [3][-]{subsubsection.14.41.2.1}{\376\377\0001\0004\000.\0004\0001\000.\0002\000.\0001\000\040\000A\000A\000X\000\137\000C\000S\000t\000r\000i\000n\000g\000D\000a\000t\000a\000B\000u\000f\000f\000e\000r\000O\000f\000T\000y\000p\000e\000\050\000\051\000\040\000[\0001\000/\0005\000]}{subsection.14.41.2}% 1776
\BOOKMARK [3][-]{subsubsection.14.41.2.2}{\376\377\0001\0004\000.\0004\0001\000.\0002\000.\0002\000\040\000A\000A\000X\000\137\000C\000S\000t\000r\000i\000n\000g\000D\000a\000t\000a\000B\000u\000f\000f\000e\000r\000O\000f\000T\000y\000p\000e\000\050\000\051\000\040\000[\0002\000/\0005\000]}{subsection.14.41.2}% 1777
\BOOKMARK [3][-]{subsubsection.14.41.2.3}{\376\377\0001\0004\000.\0004\0001\000.\0002\000.\0003\000\040\000A\000A\000X\000\137\000C\000S\000t\000r\000i\000n\000g\000D\000a\000t\000a\000B\000u\000f\000f\000e\000r\000O\000f\000T\000y\000p\000e\000\050\000\051\000\040\000[\0003\000/\0005\000]}{subsection.14.41.2}% 1778
\BOOKMARK [3][-]{subsubsection.14.41.2.4}{\376\377\0001\0004\000.\0004\0001\000.\0002\000.\0004\000\040\000A\000A\000X\000\137\000C\000S\000t\000r\000i\000n\000g\000D\000a\000t\000a\000B\000u\000f\000f\000e\000r\000O\000f\000T\000y\000p\000e\000\050\000\051\000\040\000[\0004\000/\0005\000]}{subsection.14.41.2}% 1779
\BOOKMARK [3][-]{subsubsection.14.41.2.5}{\376\377\0001\0004\000.\0004\0001\000.\0002\000.\0005\000\040\000A\000A\000X\000\137\000C\000S\000t\000r\000i\000n\000g\000D\000a\000t\000a\000B\000u\000f\000f\000e\000r\000O\000f\000T\000y\000p\000e\000\050\000\051\000\040\000[\0005\000/\0005\000]}{subsection.14.41.2}% 1780
\BOOKMARK [3][-]{subsubsection.14.41.2.6}{\376\377\0001\0004\000.\0004\0001\000.\0002\000.\0006\000\040\000\040\000A\000A\000X\000\137\000C\000S\000t\000r\000i\000n\000g\000D\000a\000t\000a\000B\000u\000f\000f\000e\000r\000O\000f\000T\000y\000p\000e\000\050\000\051}{subsection.14.41.2}% 1781
\BOOKMARK [2][-]{subsection.14.41.3}{\376\377\0001\0004\000.\0004\0001\000.\0003\000\040\000M\000e\000m\000b\000e\000r\000\040\000F\000u\000n\000c\000t\000i\000o\000n\000\040\000D\000o\000c\000u\000m\000e\000n\000t\000a\000t\000i\000o\000n}{section.14.41}% 1782
\BOOKMARK [3][-]{subsubsection.14.41.3.1}{\376\377\0001\0004\000.\0004\0001\000.\0003\000.\0001\000\040\000o\000p\000e\000r\000a\000t\000o\000r\000=\000\050\000\051\000\040\000[\0001\000/\0002\000]}{subsection.14.41.3}% 1783
\BOOKMARK [3][-]{subsubsection.14.41.3.2}{\376\377\0001\0004\000.\0004\0001\000.\0003\000.\0002\000\040\000o\000p\000e\000r\000a\000t\000o\000r\000=\000\050\000\051\000\040\000[\0002\000/\0002\000]}{subsection.14.41.3}% 1784
\BOOKMARK [3][-]{subsubsection.14.41.3.3}{\376\377\0001\0004\000.\0004\0001\000.\0003\000.\0003\000\040\000T\000y\000p\000e\000\050\000\051}{subsection.14.41.3}% 1785
\BOOKMARK [3][-]{subsubsection.14.41.3.4}{\376\377\0001\0004\000.\0004\0001\000.\0003\000.\0004\000\040\000S\000i\000z\000e\000\050\000\051}{subsection.14.41.3}% 1786
\BOOKMARK [3][-]{subsubsection.14.41.3.5}{\376\377\0001\0004\000.\0004\0001\000.\0003\000.\0005\000\040\000D\000a\000t\000a\000\050\000\051}{subsection.14.41.3}% 1787
\BOOKMARK [1][-]{section.14.42}{\376\377\0001\0004\000.\0004\0002\000\040\000A\000A\000X\000\137\000C\000S\000t\000r\000i\000n\000g\000D\000i\000s\000p\000l\000a\000y\000D\000e\000l\000e\000g\000a\000t\000e\000<\000\040\000T\000\040\000>\000\040\000C\000l\000a\000s\000s\000\040\000T\000e\000m\000p\000l\000a\000t\000e\000\040\000R\000e\000f\000e\000r\000e\000n\000c\000e}{chapter.14}% 1788
\BOOKMARK [2][-]{subsection.14.42.1}{\376\377\0001\0004\000.\0004\0002\000.\0001\000\040\000D\000e\000s\000c\000r\000i\000p\000t\000i\000o\000n}{section.14.42}% 1789
\BOOKMARK [2][-]{subsection.14.42.2}{\376\377\0001\0004\000.\0004\0002\000.\0002\000\040\000C\000o\000n\000s\000t\000r\000u\000c\000t\000o\000r\000\040\000\046\000\040\000D\000e\000s\000t\000r\000u\000c\000t\000o\000r\000\040\000D\000o\000c\000u\000m\000e\000n\000t\000a\000t\000i\000o\000n}{section.14.42}% 1790
\BOOKMARK [3][-]{subsubsection.14.42.2.1}{\376\377\0001\0004\000.\0004\0002\000.\0002\000.\0001\000\040\000A\000A\000X\000\137\000C\000S\000t\000r\000i\000n\000g\000D\000i\000s\000p\000l\000a\000y\000D\000e\000l\000e\000g\000a\000t\000e\000\050\000\051}{subsection.14.42.2}% 1791
\BOOKMARK [2][-]{subsection.14.42.3}{\376\377\0001\0004\000.\0004\0002\000.\0003\000\040\000M\000e\000m\000b\000e\000r\000\040\000F\000u\000n\000c\000t\000i\000o\000n\000\040\000D\000o\000c\000u\000m\000e\000n\000t\000a\000t\000i\000o\000n}{section.14.42}% 1792
\BOOKMARK [3][-]{subsubsection.14.42.3.1}{\376\377\0001\0004\000.\0004\0002\000.\0003\000.\0001\000\040\000C\000l\000o\000n\000e\000\050\000\051}{subsection.14.42.3}% 1793
\BOOKMARK [3][-]{subsubsection.14.42.3.2}{\376\377\0001\0004\000.\0004\0002\000.\0003\000.\0002\000\040\000V\000a\000l\000u\000e\000T\000o\000S\000t\000r\000i\000n\000g\000\050\000\051\000\040\000[\0001\000/\0002\000]}{subsection.14.42.3}% 1794
\BOOKMARK [3][-]{subsubsection.14.42.3.3}{\376\377\0001\0004\000.\0004\0002\000.\0003\000.\0003\000\040\000V\000a\000l\000u\000e\000T\000o\000S\000t\000r\000i\000n\000g\000\050\000\051\000\040\000[\0002\000/\0002\000]}{subsection.14.42.3}% 1795
\BOOKMARK [3][-]{subsubsection.14.42.3.4}{\376\377\0001\0004\000.\0004\0002\000.\0003\000.\0004\000\040\000S\000t\000r\000i\000n\000g\000T\000o\000V\000a\000l\000u\000e\000\050\000\051}{subsection.14.42.3}% 1796
\BOOKMARK [2][-]{subsection.14.42.4}{\376\377\0001\0004\000.\0004\0002\000.\0004\000\040\000M\000e\000m\000b\000e\000r\000\040\000D\000a\000t\000a\000\040\000D\000o\000c\000u\000m\000e\000n\000t\000a\000t\000i\000o\000n}{section.14.42}% 1797
\BOOKMARK [3][-]{subsubsection.14.42.4.1}{\376\377\0001\0004\000.\0004\0002\000.\0004\000.\0001\000\040\000m\000S\000t\000r\000i\000n\000g\000M\000a\000p}{subsection.14.42.4}% 1798
\BOOKMARK [3][-]{subsubsection.14.42.4.2}{\376\377\0001\0004\000.\0004\0002\000.\0004\000.\0002\000\040\000m\000I\000n\000v\000e\000r\000s\000e\000S\000t\000r\000i\000n\000g\000M\000a\000p}{subsection.14.42.4}% 1799
\BOOKMARK [1][-]{section.14.43}{\376\377\0001\0004\000.\0004\0003\000\040\000A\000A\000X\000\137\000C\000T\000a\000s\000k\000\040\000C\000l\000a\000s\000s\000\040\000R\000e\000f\000e\000r\000e\000n\000c\000e}{chapter.14}% 1800
\BOOKMARK [2][-]{subsection.14.43.1}{\376\377\0001\0004\000.\0004\0003\000.\0001\000\040\000C\000o\000n\000s\000t\000r\000u\000c\000t\000o\000r\000\040\000\046\000\040\000D\000e\000s\000t\000r\000u\000c\000t\000o\000r\000\040\000D\000o\000c\000u\000m\000e\000n\000t\000a\000t\000i\000o\000n}{section.14.43}% 1801
\BOOKMARK [3][-]{subsubsection.14.43.1.1}{\376\377\0001\0004\000.\0004\0003\000.\0001\000.\0001\000\040\000A\000A\000X\000\137\000C\000T\000a\000s\000k\000\050\000\051}{subsection.14.43.1}% 1802
\BOOKMARK [2][-]{subsection.14.43.2}{\376\377\0001\0004\000.\0004\0003\000.\0002\000\040\000M\000e\000m\000b\000e\000r\000\040\000F\000u\000n\000c\000t\000i\000o\000n\000\040\000D\000o\000c\000u\000m\000e\000n\000t\000a\000t\000i\000o\000n}{section.14.43}% 1803
\BOOKMARK [3][-]{subsubsection.14.43.2.1}{\376\377\0001\0004\000.\0004\0003\000.\0002\000.\0001\000\040\000A\000C\000F\000\137\000D\000E\000C\000L\000A\000R\000E\000\137\000S\000T\000A\000N\000D\000A\000R\000D\000\137\000U\000N\000K\000N\000O\000W\000N\000\050\000\051}{subsection.14.43.2}% 1804
\BOOKMARK [3][-]{subsubsection.14.43.2.2}{\376\377\0001\0004\000.\0004\0003\000.\0002\000.\0002\000\040\000A\000A\000X\000\137\000D\000E\000L\000E\000T\000E\000\050\000\051}{subsection.14.43.2}% 1805
\BOOKMARK [3][-]{subsubsection.14.43.2.3}{\376\377\0001\0004\000.\0004\0003\000.\0002\000.\0003\000\040\000A\000A\000X\000\137\000D\000E\000F\000A\000U\000L\000T\000\137\000D\000T\000O\000R\000\137\000O\000V\000E\000R\000R\000I\000D\000E\000\050\000\051}{subsection.14.43.2}% 1806
\BOOKMARK [3][-]{subsubsection.14.43.2.4}{\376\377\0001\0004\000.\0004\0003\000.\0002\000.\0004\000\040\000G\000e\000t\000T\000y\000p\000e\000\050\000\051}{subsection.14.43.2}% 1807
\BOOKMARK [3][-]{subsubsection.14.43.2.5}{\376\377\0001\0004\000.\0004\0003\000.\0002\000.\0005\000\040\000G\000e\000t\000A\000r\000g\000u\000m\000e\000n\000t\000O\000f\000T\000y\000p\000e\000\050\000\051}{subsection.14.43.2}% 1808
\BOOKMARK [3][-]{subsubsection.14.43.2.6}{\376\377\0001\0004\000.\0004\0003\000.\0002\000.\0006\000\040\000S\000e\000t\000P\000r\000o\000g\000r\000e\000s\000s\000\050\000\051}{subsection.14.43.2}% 1809
\BOOKMARK [3][-]{subsubsection.14.43.2.7}{\376\377\0001\0004\000.\0004\0003\000.\0002\000.\0007\000\040\000G\000e\000t\000P\000r\000o\000g\000r\000e\000s\000s\000\050\000\051}{subsection.14.43.2}% 1810
\BOOKMARK [3][-]{subsubsection.14.43.2.8}{\376\377\0001\0004\000.\0004\0003\000.\0002\000.\0008\000\040\000A\000d\000d\000R\000e\000s\000u\000l\000t\000\050\000\051}{subsection.14.43.2}% 1811
\BOOKMARK [3][-]{subsubsection.14.43.2.9}{\376\377\0001\0004\000.\0004\0003\000.\0002\000.\0009\000\040\000S\000e\000t\000D\000o\000n\000e\000\050\000\051}{subsection.14.43.2}% 1812
\BOOKMARK [3][-]{subsubsection.14.43.2.10}{\376\377\0001\0004\000.\0004\0003\000.\0002\000.\0001\0000\000\040\000S\000t\000a\000t\000u\000s\000\050\000\051}{subsection.14.43.2}% 1813
\BOOKMARK [2][-]{subsection.14.43.3}{\376\377\0001\0004\000.\0004\0003\000.\0003\000\040\000M\000e\000m\000b\000e\000r\000\040\000D\000a\000t\000a\000\040\000D\000o\000c\000u\000m\000e\000n\000t\000a\000t\000i\000o\000n}{section.14.43}% 1814
\BOOKMARK [3][-]{subsubsection.14.43.3.1}{\376\377\0001\0004\000.\0004\0003\000.\0003\000.\0001\000\040\000A\000A\000X\000\137\000O\000V\000E\000R\000R\000I\000D\000E}{subsection.14.43.3}% 1815
\BOOKMARK [1][-]{section.14.44}{\376\377\0001\0004\000.\0004\0004\000\040\000A\000A\000X\000\137\000C\000T\000a\000s\000k\000A\000g\000e\000n\000t\000\040\000C\000l\000a\000s\000s\000\040\000R\000e\000f\000e\000r\000e\000n\000c\000e}{chapter.14}% 1816
\BOOKMARK [2][-]{subsection.14.44.1}{\376\377\0001\0004\000.\0004\0004\000.\0001\000\040\000D\000e\000s\000c\000r\000i\000p\000t\000i\000o\000n}{section.14.44}% 1817
\BOOKMARK [2][-]{subsection.14.44.2}{\376\377\0001\0004\000.\0004\0004\000.\0002\000\040\000C\000o\000n\000s\000t\000r\000u\000c\000t\000o\000r\000\040\000\046\000\040\000D\000e\000s\000t\000r\000u\000c\000t\000o\000r\000\040\000D\000o\000c\000u\000m\000e\000n\000t\000a\000t\000i\000o\000n}{section.14.44}% 1818
\BOOKMARK [3][-]{subsubsection.14.44.2.1}{\376\377\0001\0004\000.\0004\0004\000.\0002\000.\0001\000\040\000A\000A\000X\000\137\000C\000T\000a\000s\000k\000A\000g\000e\000n\000t\000\050\000\051}{subsection.14.44.2}% 1819
\BOOKMARK [3][-]{subsubsection.14.44.2.2}{\376\377\0001\0004\000.\0004\0004\000.\0002\000.\0002\000\040\000\040\000A\000A\000X\000\137\000C\000T\000a\000s\000k\000A\000g\000e\000n\000t\000\050\000\051}{subsection.14.44.2}% 1820
\BOOKMARK [2][-]{subsection.14.44.3}{\376\377\0001\0004\000.\0004\0004\000.\0003\000\040\000M\000e\000m\000b\000e\000r\000\040\000F\000u\000n\000c\000t\000i\000o\000n\000\040\000D\000o\000c\000u\000m\000e\000n\000t\000a\000t\000i\000o\000n}{section.14.44}% 1821
\BOOKMARK [3][-]{subsubsection.14.44.3.1}{\376\377\0001\0004\000.\0004\0004\000.\0003\000.\0001\000\040\000I\000n\000i\000t\000i\000a\000l\000i\000z\000e\000\050\000\051}{subsection.14.44.3}% 1822
\BOOKMARK [3][-]{subsubsection.14.44.3.2}{\376\377\0001\0004\000.\0004\0004\000.\0003\000.\0002\000\040\000U\000n\000i\000n\000i\000t\000i\000a\000l\000i\000z\000e\000\050\000\051}{subsection.14.44.3}% 1823
\BOOKMARK [3][-]{subsubsection.14.44.3.3}{\376\377\0001\0004\000.\0004\0004\000.\0003\000.\0003\000\040\000A\000d\000d\000T\000a\000s\000k\000\050\000\051\000\040\000[\0001\000/\0002\000]}{subsection.14.44.3}% 1824
\BOOKMARK [3][-]{subsubsection.14.44.3.4}{\376\377\0001\0004\000.\0004\0004\000.\0003\000.\0004\000\040\000C\000a\000n\000c\000e\000l\000A\000l\000l\000T\000a\000s\000k\000s\000\050\000\051}{subsection.14.44.3}% 1825
\BOOKMARK [3][-]{subsubsection.14.44.3.5}{\376\377\0001\0004\000.\0004\0004\000.\0003\000.\0005\000\040\000A\000d\000d\000T\000a\000s\000k\000\050\000\051\000\040\000[\0002\000/\0002\000]}{subsection.14.44.3}% 1826
\BOOKMARK [3][-]{subsubsection.14.44.3.6}{\376\377\0001\0004\000.\0004\0004\000.\0003\000.\0006\000\040\000R\000e\000c\000e\000i\000v\000e\000T\000a\000s\000k\000\050\000\051}{subsection.14.44.3}% 1827
\BOOKMARK [3][-]{subsubsection.14.44.3.7}{\376\377\0001\0004\000.\0004\0004\000.\0003\000.\0007\000\040\000G\000e\000t\000C\000o\000n\000t\000r\000o\000l\000l\000e\000r\000\050\000\051}{subsection.14.44.3}% 1828
\BOOKMARK [3][-]{subsubsection.14.44.3.8}{\376\377\0001\0004\000.\0004\0004\000.\0003\000.\0008\000\040\000G\000e\000t\000E\000f\000f\000e\000c\000t\000P\000a\000r\000a\000m\000e\000t\000e\000r\000s\000\050\000\051}{subsection.14.44.3}% 1829
\BOOKMARK [1][-]{section.14.45}{\376\377\0001\0004\000.\0004\0005\000\040\000A\000A\000X\000\137\000C\000T\000e\000m\000p\000o\000B\000r\000e\000a\000k\000p\000o\000i\000n\000t\000\040\000S\000t\000r\000u\000c\000t\000\040\000R\000e\000f\000e\000r\000e\000n\000c\000e}{chapter.14}% 1830
\BOOKMARK [2][-]{subsection.14.45.1}{\376\377\0001\0004\000.\0004\0005\000.\0001\000\040\000M\000e\000m\000b\000e\000r\000\040\000D\000a\000t\000a\000\040\000D\000o\000c\000u\000m\000e\000n\000t\000a\000t\000i\000o\000n}{section.14.45}% 1831
\BOOKMARK [3][-]{subsubsection.14.45.1.1}{\376\377\0001\0004\000.\0004\0005\000.\0001\000.\0001\000\040\000m\000S\000a\000m\000p\000l\000e\000L\000o\000c\000a\000t\000i\000o\000n}{subsection.14.45.1}% 1832
\BOOKMARK [3][-]{subsubsection.14.45.1.2}{\376\377\0001\0004\000.\0004\0005\000.\0001\000.\0002\000\040\000m\000V\000a\000l\000u\000e}{subsection.14.45.1}% 1833
\BOOKMARK [1][-]{section.14.46}{\376\377\0001\0004\000.\0004\0006\000\040\000A\000A\000X\000\137\000C\000U\000n\000i\000t\000D\000i\000s\000p\000l\000a\000y\000D\000e\000l\000e\000g\000a\000t\000e\000D\000e\000c\000o\000r\000a\000t\000o\000r\000<\000\040\000T\000\040\000>\000\040\000C\000l\000a\000s\000s\000\040\000T\000e\000m\000p\000l\000a\000t\000e\000\040\000R\000e\000f\000e\000r\000e\000n\000c\000e}{chapter.14}% 1834
\BOOKMARK [2][-]{subsection.14.46.1}{\376\377\0001\0004\000.\0004\0006\000.\0001\000\040\000D\000e\000s\000c\000r\000i\000p\000t\000i\000o\000n}{section.14.46}% 1835
\BOOKMARK [2][-]{subsection.14.46.2}{\376\377\0001\0004\000.\0004\0006\000.\0002\000\040\000C\000o\000n\000s\000t\000r\000u\000c\000t\000o\000r\000\040\000\046\000\040\000D\000e\000s\000t\000r\000u\000c\000t\000o\000r\000\040\000D\000o\000c\000u\000m\000e\000n\000t\000a\000t\000i\000o\000n}{section.14.46}% 1836
\BOOKMARK [3][-]{subsubsection.14.46.2.1}{\376\377\0001\0004\000.\0004\0006\000.\0002\000.\0001\000\040\000A\000A\000X\000\137\000C\000U\000n\000i\000t\000D\000i\000s\000p\000l\000a\000y\000D\000e\000l\000e\000g\000a\000t\000e\000D\000e\000c\000o\000r\000a\000t\000o\000r\000\050\000\051}{subsection.14.46.2}% 1837
\BOOKMARK [2][-]{subsection.14.46.3}{\376\377\0001\0004\000.\0004\0006\000.\0003\000\040\000M\000e\000m\000b\000e\000r\000\040\000F\000u\000n\000c\000t\000i\000o\000n\000\040\000D\000o\000c\000u\000m\000e\000n\000t\000a\000t\000i\000o\000n}{section.14.46}% 1838
\BOOKMARK [3][-]{subsubsection.14.46.3.1}{\376\377\0001\0004\000.\0004\0006\000.\0003\000.\0001\000\040\000C\000l\000o\000n\000e\000\050\000\051}{subsection.14.46.3}% 1839
\BOOKMARK [3][-]{subsubsection.14.46.3.2}{\376\377\0001\0004\000.\0004\0006\000.\0003\000.\0002\000\040\000V\000a\000l\000u\000e\000T\000o\000S\000t\000r\000i\000n\000g\000\050\000\051\000\040\000[\0001\000/\0002\000]}{subsection.14.46.3}% 1840
\BOOKMARK [3][-]{subsubsection.14.46.3.3}{\376\377\0001\0004\000.\0004\0006\000.\0003\000.\0003\000\040\000V\000a\000l\000u\000e\000T\000o\000S\000t\000r\000i\000n\000g\000\050\000\051\000\040\000[\0002\000/\0002\000]}{subsection.14.46.3}% 1841
\BOOKMARK [3][-]{subsubsection.14.46.3.4}{\376\377\0001\0004\000.\0004\0006\000.\0003\000.\0004\000\040\000S\000t\000r\000i\000n\000g\000T\000o\000V\000a\000l\000u\000e\000\050\000\051}{subsection.14.46.3}% 1842
\BOOKMARK [2][-]{subsection.14.46.4}{\376\377\0001\0004\000.\0004\0006\000.\0004\000\040\000M\000e\000m\000b\000e\000r\000\040\000D\000a\000t\000a\000\040\000D\000o\000c\000u\000m\000e\000n\000t\000a\000t\000i\000o\000n}{section.14.46}% 1843
\BOOKMARK [3][-]{subsubsection.14.46.4.1}{\376\377\0001\0004\000.\0004\0006\000.\0004\000.\0001\000\040\000m\000U\000n\000i\000t\000S\000t\000r\000i\000n\000g}{subsection.14.46.4}% 1844
\BOOKMARK [1][-]{section.14.47}{\376\377\0001\0004\000.\0004\0007\000\040\000A\000A\000X\000\137\000C\000U\000n\000i\000t\000P\000r\000e\000f\000i\000x\000D\000i\000s\000p\000l\000a\000y\000D\000e\000l\000e\000g\000a\000t\000e\000D\000e\000c\000o\000r\000a\000t\000o\000r\000<\000\040\000T\000\040\000>\000\040\000C\000l\000a\000s\000s\000\040\000T\000e\000m\000p\000l\000a\000t\000e\000\040\000R\000e\000f\000e\000r\000e\000n\000c\000e}{chapter.14}% 1845
\BOOKMARK [2][-]{subsection.14.47.1}{\376\377\0001\0004\000.\0004\0007\000.\0001\000\040\000D\000e\000s\000c\000r\000i\000p\000t\000i\000o\000n}{section.14.47}% 1846
\BOOKMARK [2][-]{subsection.14.47.2}{\376\377\0001\0004\000.\0004\0007\000.\0002\000\040\000C\000o\000n\000s\000t\000r\000u\000c\000t\000o\000r\000\040\000\046\000\040\000D\000e\000s\000t\000r\000u\000c\000t\000o\000r\000\040\000D\000o\000c\000u\000m\000e\000n\000t\000a\000t\000i\000o\000n}{section.14.47}% 1847
\BOOKMARK [3][-]{subsubsection.14.47.2.1}{\376\377\0001\0004\000.\0004\0007\000.\0002\000.\0001\000\040\000A\000A\000X\000\137\000C\000U\000n\000i\000t\000P\000r\000e\000f\000i\000x\000D\000i\000s\000p\000l\000a\000y\000D\000e\000l\000e\000g\000a\000t\000e\000D\000e\000c\000o\000r\000a\000t\000o\000r\000\050\000\051}{subsection.14.47.2}% 1848
\BOOKMARK [2][-]{subsection.14.47.3}{\376\377\0001\0004\000.\0004\0007\000.\0003\000\040\000M\000e\000m\000b\000e\000r\000\040\000F\000u\000n\000c\000t\000i\000o\000n\000\040\000D\000o\000c\000u\000m\000e\000n\000t\000a\000t\000i\000o\000n}{section.14.47}% 1849
\BOOKMARK [3][-]{subsubsection.14.47.3.1}{\376\377\0001\0004\000.\0004\0007\000.\0003\000.\0001\000\040\000C\000l\000o\000n\000e\000\050\000\051}{subsection.14.47.3}% 1850
\BOOKMARK [3][-]{subsubsection.14.47.3.2}{\376\377\0001\0004\000.\0004\0007\000.\0003\000.\0002\000\040\000V\000a\000l\000u\000e\000T\000o\000S\000t\000r\000i\000n\000g\000\050\000\051\000\040\000[\0001\000/\0002\000]}{subsection.14.47.3}% 1851
\BOOKMARK [3][-]{subsubsection.14.47.3.3}{\376\377\0001\0004\000.\0004\0007\000.\0003\000.\0003\000\040\000V\000a\000l\000u\000e\000T\000o\000S\000t\000r\000i\000n\000g\000\050\000\051\000\040\000[\0002\000/\0002\000]}{subsection.14.47.3}% 1852
\BOOKMARK [3][-]{subsubsection.14.47.3.4}{\376\377\0001\0004\000.\0004\0007\000.\0003\000.\0004\000\040\000S\000t\000r\000i\000n\000g\000T\000o\000V\000a\000l\000u\000e\000\050\000\051}{subsection.14.47.3}% 1853
\BOOKMARK [1][-]{section.14.48}{\376\377\0001\0004\000.\0004\0008\000\040\000A\000A\000X\000\137\000F\000a\000s\000t\000I\000n\000t\000e\000r\000p\000o\000l\000a\000t\000e\000d\000T\000a\000b\000l\000e\000L\000o\000o\000k\000u\000p\000<\000\040\000T\000F\000L\000O\000A\000T\000,\000\040\000D\000F\000L\000O\000A\000T\000\040\000>\000\040\000C\000l\000a\000s\000s\000\040\000T\000e\000m\000p\000l\000a\000t\000e\000\040\000R\000e\000f\000e\000r\000e\000n\000c\000e}{chapter.14}% 1854
\BOOKMARK [2][-]{subsection.14.48.1}{\376\377\0001\0004\000.\0004\0008\000.\0001\000\040\000M\000e\000m\000b\000e\000r\000\040\000F\000u\000n\000c\000t\000i\000o\000n\000\040\000D\000o\000c\000u\000m\000e\000n\000t\000a\000t\000i\000o\000n}{section.14.48}% 1855
\BOOKMARK [3][-]{subsubsection.14.48.1.1}{\376\377\0001\0004\000.\0004\0008\000.\0001\000.\0001\000\040\000S\000e\000t\000P\000a\000r\000a\000m\000e\000t\000e\000r\000s\000\050\000\051}{subsection.14.48.1}% 1856
\BOOKMARK [3][-]{subsubsection.14.48.1.2}{\376\377\0001\0004\000.\0004\0008\000.\0001\000.\0002\000\040\000D\000o\000T\000a\000b\000l\000e\000L\000o\000o\000k\000u\000p\000E\000x\000t\000r\000a\000F\000a\000s\000t\000\050\000\051\000\040\000[\0001\000/\0002\000]}{subsection.14.48.1}% 1857
\BOOKMARK [3][-]{subsubsection.14.48.1.3}{\376\377\0001\0004\000.\0004\0008\000.\0001\000.\0003\000\040\000D\000o\000T\000a\000b\000l\000e\000L\000o\000o\000k\000u\000p\000E\000x\000t\000r\000a\000F\000a\000s\000t\000M\000u\000l\000t\000i\000\050\000\051}{subsection.14.48.1}% 1858
\BOOKMARK [3][-]{subsubsection.14.48.1.4}{\376\377\0001\0004\000.\0004\0008\000.\0001\000.\0004\000\040\000D\000o\000T\000a\000b\000l\000e\000L\000o\000o\000k\000u\000p\000E\000x\000t\000r\000a\000F\000a\000s\000t\000\050\000\051\000\040\000[\0002\000/\0002\000]}{subsection.14.48.1}% 1859
\BOOKMARK [3][-]{subsubsection.14.48.1.5}{\376\377\0001\0004\000.\0004\0008\000.\0001\000.\0005\000\040\000G\000e\000t\000M\000i\000n\000\050\000\051}{subsection.14.48.1}% 1860
\BOOKMARK [3][-]{subsubsection.14.48.1.6}{\376\377\0001\0004\000.\0004\0008\000.\0001\000.\0006\000\040\000G\000e\000t\000M\000a\000x\000M\000i\000n\000u\000s\000M\000i\000n\000\050\000\051}{subsection.14.48.1}% 1861
\BOOKMARK [1][-]{section.14.49}{\376\377\0001\0004\000.\0004\0009\000\040\000A\000A\000X\000\137\000I\000A\000C\000F\000A\000u\000t\000o\000m\000a\000t\000i\000o\000n\000D\000e\000l\000e\000g\000a\000t\000e\000\040\000C\000l\000a\000s\000s\000\040\000R\000e\000f\000e\000r\000e\000n\000c\000e}{chapter.14}% 1862
\BOOKMARK [2][-]{subsection.14.49.1}{\376\377\0001\0004\000.\0004\0009\000.\0001\000\040\000D\000e\000s\000c\000r\000i\000p\000t\000i\000o\000n}{section.14.49}% 1863
\BOOKMARK [2][-]{subsection.14.49.2}{\376\377\0001\0004\000.\0004\0009\000.\0002\000\040\000M\000e\000m\000b\000e\000r\000\040\000F\000u\000n\000c\000t\000i\000o\000n\000\040\000D\000o\000c\000u\000m\000e\000n\000t\000a\000t\000i\000o\000n}{section.14.49}% 1864
\BOOKMARK [3][-]{subsubsection.14.49.2.1}{\376\377\0001\0004\000.\0004\0009\000.\0002\000.\0001\000\040\000R\000e\000g\000i\000s\000t\000e\000r\000P\000a\000r\000a\000m\000e\000t\000e\000r\000\050\000\051}{subsection.14.49.2}% 1865
\BOOKMARK [3][-]{subsubsection.14.49.2.2}{\376\377\0001\0004\000.\0004\0009\000.\0002\000.\0002\000\040\000U\000n\000r\000e\000g\000i\000s\000t\000e\000r\000P\000a\000r\000a\000m\000e\000t\000e\000r\000\050\000\051}{subsection.14.49.2}% 1866
\BOOKMARK [3][-]{subsubsection.14.49.2.3}{\376\377\0001\0004\000.\0004\0009\000.\0002\000.\0003\000\040\000P\000o\000s\000t\000S\000e\000t\000V\000a\000l\000u\000e\000R\000e\000q\000u\000e\000s\000t\000\050\000\051}{subsection.14.49.2}% 1867
\BOOKMARK [3][-]{subsubsection.14.49.2.4}{\376\377\0001\0004\000.\0004\0009\000.\0002\000.\0004\000\040\000P\000o\000s\000t\000C\000u\000r\000r\000e\000n\000t\000V\000a\000l\000u\000e\000\050\000\051}{subsection.14.49.2}% 1868
\BOOKMARK [3][-]{subsubsection.14.49.2.5}{\376\377\0001\0004\000.\0004\0009\000.\0002\000.\0005\000\040\000P\000o\000s\000t\000T\000o\000u\000c\000h\000R\000e\000q\000u\000e\000s\000t\000\050\000\051}{subsection.14.49.2}% 1869
\BOOKMARK [3][-]{subsubsection.14.49.2.6}{\376\377\0001\0004\000.\0004\0009\000.\0002\000.\0006\000\040\000P\000o\000s\000t\000R\000e\000l\000e\000a\000s\000e\000R\000e\000q\000u\000e\000s\000t\000\050\000\051}{subsection.14.49.2}% 1870
\BOOKMARK [3][-]{subsubsection.14.49.2.7}{\376\377\0001\0004\000.\0004\0009\000.\0002\000.\0007\000\040\000G\000e\000t\000T\000o\000u\000c\000h\000S\000t\000a\000t\000e\000\050\000\051}{subsection.14.49.2}% 1871
\BOOKMARK [1][-]{section.14.50}{\376\377\0001\0004\000.\0005\0000\000\040\000A\000A\000X\000\137\000I\000A\000C\000F\000C\000o\000l\000l\000e\000c\000t\000i\000o\000n\000\040\000C\000l\000a\000s\000s\000\040\000R\000e\000f\000e\000r\000e\000n\000c\000e}{chapter.14}% 1872
\BOOKMARK [2][-]{subsection.14.50.1}{\376\377\0001\0004\000.\0005\0000\000.\0001\000\040\000D\000e\000s\000c\000r\000i\000p\000t\000i\000o\000n}{section.14.50}% 1873
\BOOKMARK [2][-]{subsection.14.50.2}{\376\377\0001\0004\000.\0005\0000\000.\0002\000\040\000M\000e\000m\000b\000e\000r\000\040\000F\000u\000n\000c\000t\000i\000o\000n\000\040\000D\000o\000c\000u\000m\000e\000n\000t\000a\000t\000i\000o\000n}{section.14.50}% 1874
\BOOKMARK [3][-]{subsubsection.14.50.2.1}{\376\377\0001\0004\000.\0005\0000\000.\0002\000.\0001\000\040\000A\000d\000d\000E\000f\000f\000e\000c\000t\000\050\000\051}{subsection.14.50.2}% 1875
\BOOKMARK [3][-]{subsubsection.14.50.2.2}{\376\377\0001\0004\000.\0005\0000\000.\0002\000.\0002\000\040\000S\000e\000t\000M\000a\000n\000u\000f\000a\000c\000t\000u\000r\000e\000r\000N\000a\000m\000e\000\050\000\051}{subsection.14.50.2}% 1876
\BOOKMARK [3][-]{subsubsection.14.50.2.3}{\376\377\0001\0004\000.\0005\0000\000.\0002\000.\0003\000\040\000A\000d\000d\000P\000a\000c\000k\000a\000g\000e\000N\000a\000m\000e\000\050\000\051}{subsection.14.50.2}% 1877
\BOOKMARK [3][-]{subsubsection.14.50.2.4}{\376\377\0001\0004\000.\0005\0000\000.\0002\000.\0004\000\040\000S\000e\000t\000P\000a\000c\000k\000a\000g\000e\000V\000e\000r\000s\000i\000o\000n\000\050\000\051}{subsection.14.50.2}% 1878
\BOOKMARK [3][-]{subsubsection.14.50.2.5}{\376\377\0001\0004\000.\0005\0000\000.\0002\000.\0005\000\040\000S\000e\000t\000P\000r\000o\000p\000e\000r\000t\000i\000e\000s\000\050\000\051}{subsection.14.50.2}% 1879
\BOOKMARK [1][-]{section.14.51}{\376\377\0001\0004\000.\0005\0001\000\040\000A\000A\000X\000\137\000I\000A\000C\000F\000C\000o\000m\000p\000o\000n\000e\000n\000t\000D\000e\000s\000c\000r\000i\000p\000t\000o\000r\000\040\000C\000l\000a\000s\000s\000\040\000R\000e\000f\000e\000r\000e\000n\000c\000e}{chapter.14}% 1880
\BOOKMARK [2][-]{subsection.14.51.1}{\376\377\0001\0004\000.\0005\0001\000.\0001\000\040\000D\000e\000s\000c\000r\000i\000p\000t\000i\000o\000n}{section.14.51}% 1881
\BOOKMARK [2][-]{subsection.14.51.2}{\376\377\0001\0004\000.\0005\0001\000.\0002\000\040\000M\000e\000m\000b\000e\000r\000\040\000F\000u\000n\000c\000t\000i\000o\000n\000\040\000D\000o\000c\000u\000m\000e\000n\000t\000a\000t\000i\000o\000n}{section.14.51}% 1882
\BOOKMARK [3][-]{subsubsection.14.51.2.1}{\376\377\0001\0004\000.\0005\0001\000.\0002\000.\0001\000\040\000C\000l\000e\000a\000r\000\050\000\051}{subsection.14.51.2}% 1883
\BOOKMARK [3][-]{subsubsection.14.51.2.2}{\376\377\0001\0004\000.\0005\0001\000.\0002\000.\0002\000\040\000A\000d\000d\000R\000e\000s\000e\000r\000v\000e\000d\000F\000i\000e\000l\000d\000\050\000\051}{subsection.14.51.2}% 1884
\BOOKMARK [3][-]{subsubsection.14.51.2.3}{\376\377\0001\0004\000.\0005\0001\000.\0002\000.\0003\000\040\000A\000d\000d\000A\000u\000d\000i\000o\000I\000n\000\050\000\051}{subsection.14.51.2}% 1885
\BOOKMARK [3][-]{subsubsection.14.51.2.4}{\376\377\0001\0004\000.\0005\0001\000.\0002\000.\0004\000\040\000A\000d\000d\000A\000u\000d\000i\000o\000O\000u\000t\000\050\000\051}{subsection.14.51.2}% 1886
\BOOKMARK [3][-]{subsubsection.14.51.2.5}{\376\377\0001\0004\000.\0005\0001\000.\0002\000.\0005\000\040\000A\000d\000d\000A\000u\000d\000i\000o\000B\000u\000f\000f\000e\000r\000L\000e\000n\000g\000t\000h\000\050\000\051}{subsection.14.51.2}% 1887
\BOOKMARK [3][-]{subsubsection.14.51.2.6}{\376\377\0001\0004\000.\0005\0001\000.\0002\000.\0006\000\040\000A\000d\000d\000S\000a\000m\000p\000l\000e\000R\000a\000t\000e\000\050\000\051}{subsection.14.51.2}% 1888
\BOOKMARK [3][-]{subsubsection.14.51.2.7}{\376\377\0001\0004\000.\0005\0001\000.\0002\000.\0007\000\040\000A\000d\000d\000C\000l\000o\000c\000k\000\050\000\051}{subsection.14.51.2}% 1889
\BOOKMARK [3][-]{subsubsection.14.51.2.8}{\376\377\0001\0004\000.\0005\0001\000.\0002\000.\0008\000\040\000A\000d\000d\000S\000i\000d\000e\000C\000h\000a\000i\000n\000I\000n\000\050\000\051}{subsection.14.51.2}% 1890
\BOOKMARK [3][-]{subsubsection.14.51.2.9}{\376\377\0001\0004\000.\0005\0001\000.\0002\000.\0009\000\040\000A\000d\000d\000D\000a\000t\000a\000I\000n\000P\000o\000r\000t\000\050\000\051}{subsection.14.51.2}% 1891
\BOOKMARK [3][-]{subsubsection.14.51.2.10}{\376\377\0001\0004\000.\0005\0001\000.\0002\000.\0001\0000\000\040\000A\000d\000d\000A\000u\000x\000O\000u\000t\000p\000u\000t\000S\000t\000e\000m\000\050\000\051}{subsection.14.51.2}% 1892
\BOOKMARK [3][-]{subsubsection.14.51.2.11}{\376\377\0001\0004\000.\0005\0001\000.\0002\000.\0001\0001\000\040\000A\000d\000d\000P\000r\000i\000v\000a\000t\000e\000D\000a\000t\000a\000\050\000\051}{subsection.14.51.2}% 1893
\BOOKMARK [3][-]{subsubsection.14.51.2.12}{\376\377\0001\0004\000.\0005\0001\000.\0002\000.\0001\0002\000\040\000A\000d\000d\000D\000m\000a\000I\000n\000s\000t\000a\000n\000c\000e\000\050\000\051}{subsection.14.51.2}% 1894
\BOOKMARK [3][-]{subsubsection.14.51.2.13}{\376\377\0001\0004\000.\0005\0001\000.\0002\000.\0001\0003\000\040\000A\000d\000d\000M\000I\000D\000I\000N\000o\000d\000e\000\050\000\051}{subsection.14.51.2}% 1895
\BOOKMARK [3][-]{subsubsection.14.51.2.14}{\376\377\0001\0004\000.\0005\0001\000.\0002\000.\0001\0004\000\040\000A\000d\000d\000P\000r\000o\000c\000e\000s\000s\000P\000r\000o\000c\000\137\000N\000a\000t\000i\000v\000e\000\050\000\051}{subsection.14.51.2}% 1896
\BOOKMARK [3][-]{subsubsection.14.51.2.15}{\376\377\0001\0004\000.\0005\0001\000.\0002\000.\0001\0005\000\040\000A\000d\000d\000P\000r\000o\000c\000e\000s\000s\000P\000r\000o\000c\000\137\000T\000I\000\050\000\051}{subsection.14.51.2}% 1897
\BOOKMARK [3][-]{subsubsection.14.51.2.16}{\376\377\0001\0004\000.\0005\0001\000.\0002\000.\0001\0006\000\040\000A\000d\000d\000M\000e\000t\000e\000r\000s\000\050\000\051}{subsection.14.51.2}% 1898
\BOOKMARK [1][-]{section.14.52}{\376\377\0001\0004\000.\0005\0002\000\040\000A\000A\000X\000\137\000I\000A\000C\000F\000C\000o\000m\000p\000o\000n\000e\000n\000t\000D\000e\000s\000c\000r\000i\000p\000t\000o\000r\000\137\000V\0002\000\040\000C\000l\000a\000s\000s\000\040\000R\000e\000f\000e\000r\000e\000n\000c\000e}{chapter.14}% 1899
\BOOKMARK [2][-]{subsection.14.52.1}{\376\377\0001\0004\000.\0005\0002\000.\0001\000\040\000D\000e\000s\000c\000r\000i\000p\000t\000i\000o\000n}{section.14.52}% 1900
\BOOKMARK [2][-]{subsection.14.52.2}{\376\377\0001\0004\000.\0005\0002\000.\0002\000\040\000M\000e\000m\000b\000e\000r\000\040\000F\000u\000n\000c\000t\000i\000o\000n\000\040\000D\000o\000c\000u\000m\000e\000n\000t\000a\000t\000i\000o\000n}{section.14.52}% 1901
\BOOKMARK [3][-]{subsubsection.14.52.2.1}{\376\377\0001\0004\000.\0005\0002\000.\0002\000.\0001\000\040\000A\000d\000d\000T\000e\000m\000p\000o\000r\000a\000r\000y\000D\000a\000t\000a\000\050\000\051}{subsection.14.52.2}% 1902
\BOOKMARK [1][-]{section.14.53}{\376\377\0001\0004\000.\0005\0003\000\040\000A\000A\000X\000\137\000I\000A\000C\000F\000C\000o\000m\000p\000o\000n\000e\000n\000t\000D\000e\000s\000c\000r\000i\000p\000t\000o\000r\000\137\000V\0003\000\040\000C\000l\000a\000s\000s\000\040\000R\000e\000f\000e\000r\000e\000n\000c\000e}{chapter.14}% 1903
\BOOKMARK [2][-]{subsection.14.53.1}{\376\377\0001\0004\000.\0005\0003\000.\0001\000\040\000D\000e\000s\000c\000r\000i\000p\000t\000i\000o\000n}{section.14.53}% 1904
\BOOKMARK [2][-]{subsection.14.53.2}{\376\377\0001\0004\000.\0005\0003\000.\0002\000\040\000M\000e\000m\000b\000e\000r\000\040\000F\000u\000n\000c\000t\000i\000o\000n\000\040\000D\000o\000c\000u\000m\000e\000n\000t\000a\000t\000i\000o\000n}{section.14.53}% 1905
\BOOKMARK [3][-]{subsubsection.14.53.2.1}{\376\377\0001\0004\000.\0005\0003\000.\0002\000.\0001\000\040\000A\000d\000d\000P\000r\000o\000c\000e\000s\000s\000P\000r\000o\000c\000\050\000\051}{subsection.14.53.2}% 1906
\BOOKMARK [1][-]{section.14.54}{\376\377\0001\0004\000.\0005\0004\000\040\000A\000A\000X\000\137\000I\000A\000C\000F\000C\000o\000n\000t\000r\000o\000l\000l\000e\000r\000\040\000C\000l\000a\000s\000s\000\040\000R\000e\000f\000e\000r\000e\000n\000c\000e}{chapter.14}% 1907
\BOOKMARK [2][-]{subsection.14.54.1}{\376\377\0001\0004\000.\0005\0004\000.\0001\000\040\000D\000e\000s\000c\000r\000i\000p\000t\000i\000o\000n}{section.14.54}% 1908
\BOOKMARK [2][-]{subsection.14.54.2}{\376\377\0001\0004\000.\0005\0004\000.\0002\000\040\000M\000e\000m\000b\000e\000r\000\040\000F\000u\000n\000c\000t\000i\000o\000n\000\040\000D\000o\000c\000u\000m\000e\000n\000t\000a\000t\000i\000o\000n}{section.14.54}% 1909
\BOOKMARK [3][-]{subsubsection.14.54.2.1}{\376\377\0001\0004\000.\0005\0004\000.\0002\000.\0001\000\040\000G\000e\000t\000E\000f\000f\000e\000c\000t\000I\000D\000\050\000\051}{subsection.14.54.2}% 1910
\BOOKMARK [3][-]{subsubsection.14.54.2.2}{\376\377\0001\0004\000.\0005\0004\000.\0002\000.\0002\000\040\000G\000e\000t\000S\000a\000m\000p\000l\000e\000R\000a\000t\000e\000\050\000\051}{subsection.14.54.2}% 1911
\BOOKMARK [3][-]{subsubsection.14.54.2.3}{\376\377\0001\0004\000.\0005\0004\000.\0002\000.\0003\000\040\000G\000e\000t\000I\000n\000p\000u\000t\000S\000t\000e\000m\000F\000o\000r\000m\000a\000t\000\050\000\051}{subsection.14.54.2}% 1912
\BOOKMARK [3][-]{subsubsection.14.54.2.4}{\376\377\0001\0004\000.\0005\0004\000.\0002\000.\0004\000\040\000G\000e\000t\000O\000u\000t\000p\000u\000t\000S\000t\000e\000m\000F\000o\000r\000m\000a\000t\000\050\000\051}{subsection.14.54.2}% 1913
\BOOKMARK [3][-]{subsubsection.14.54.2.5}{\376\377\0001\0004\000.\0005\0004\000.\0002\000.\0005\000\040\000G\000e\000t\000S\000i\000g\000n\000a\000l\000L\000a\000t\000e\000n\000c\000y\000\050\000\051}{subsection.14.54.2}% 1914
\BOOKMARK [3][-]{subsubsection.14.54.2.6}{\376\377\0001\0004\000.\0005\0004\000.\0002\000.\0006\000\040\000G\000e\000t\000C\000y\000c\000l\000e\000C\000o\000u\000n\000t\000\050\000\051}{subsection.14.54.2}% 1915
\BOOKMARK [3][-]{subsubsection.14.54.2.7}{\376\377\0001\0004\000.\0005\0004\000.\0002\000.\0007\000\040\000G\000e\000t\000T\000O\000D\000L\000o\000c\000a\000t\000i\000o\000n\000\050\000\051}{subsection.14.54.2}% 1916
\BOOKMARK [3][-]{subsubsection.14.54.2.8}{\376\377\0001\0004\000.\0005\0004\000.\0002\000.\0008\000\040\000S\000e\000t\000S\000i\000g\000n\000a\000l\000L\000a\000t\000e\000n\000c\000y\000\050\000\051}{subsection.14.54.2}% 1917
\BOOKMARK [3][-]{subsubsection.14.54.2.9}{\376\377\0001\0004\000.\0005\0004\000.\0002\000.\0009\000\040\000S\000e\000t\000C\000y\000c\000l\000e\000C\000o\000u\000n\000t\000\050\000\051}{subsection.14.54.2}% 1918
\BOOKMARK [3][-]{subsubsection.14.54.2.10}{\376\377\0001\0004\000.\0005\0004\000.\0002\000.\0001\0000\000\040\000P\000o\000s\000t\000P\000a\000c\000k\000e\000t\000\050\000\051}{subsection.14.54.2}% 1919
\BOOKMARK [3][-]{subsubsection.14.54.2.11}{\376\377\0001\0004\000.\0005\0004\000.\0002\000.\0001\0001\000\040\000G\000e\000t\000C\000u\000r\000r\000e\000n\000t\000M\000e\000t\000e\000r\000V\000a\000l\000u\000e\000\050\000\051}{subsection.14.54.2}% 1920
\BOOKMARK [3][-]{subsubsection.14.54.2.12}{\376\377\0001\0004\000.\0005\0004\000.\0002\000.\0001\0002\000\040\000G\000e\000t\000M\000e\000t\000e\000r\000P\000e\000a\000k\000V\000a\000l\000u\000e\000\050\000\051}{subsection.14.54.2}% 1921
\BOOKMARK [3][-]{subsubsection.14.54.2.13}{\376\377\0001\0004\000.\0005\0004\000.\0002\000.\0001\0003\000\040\000C\000l\000e\000a\000r\000M\000e\000t\000e\000r\000P\000e\000a\000k\000V\000a\000l\000u\000e\000\050\000\051}{subsection.14.54.2}% 1922
\BOOKMARK [3][-]{subsubsection.14.54.2.14}{\376\377\0001\0004\000.\0005\0004\000.\0002\000.\0001\0004\000\040\000G\000e\000t\000M\000e\000t\000e\000r\000C\000l\000i\000p\000p\000e\000d\000\050\000\051}{subsection.14.54.2}% 1923
\BOOKMARK [3][-]{subsubsection.14.54.2.15}{\376\377\0001\0004\000.\0005\0004\000.\0002\000.\0001\0005\000\040\000C\000l\000e\000a\000r\000M\000e\000t\000e\000r\000C\000l\000i\000p\000p\000e\000d\000\050\000\051}{subsection.14.54.2}% 1924
\BOOKMARK [3][-]{subsubsection.14.54.2.16}{\376\377\0001\0004\000.\0005\0004\000.\0002\000.\0001\0006\000\040\000G\000e\000t\000M\000e\000t\000e\000r\000C\000o\000u\000n\000t\000\050\000\051}{subsection.14.54.2}% 1925
\BOOKMARK [3][-]{subsubsection.14.54.2.17}{\376\377\0001\0004\000.\0005\0004\000.\0002\000.\0001\0007\000\040\000G\000e\000t\000N\000e\000x\000t\000M\000I\000D\000I\000P\000a\000c\000k\000e\000t\000\050\000\051}{subsection.14.54.2}% 1926
\BOOKMARK [1][-]{section.14.55}{\376\377\0001\0004\000.\0005\0005\000\040\000A\000A\000X\000\137\000I\000A\000C\000F\000C\000o\000n\000t\000r\000o\000l\000l\000e\000r\000\137\000V\0002\000\040\000C\000l\000a\000s\000s\000\040\000R\000e\000f\000e\000r\000e\000n\000c\000e}{chapter.14}% 1927
\BOOKMARK [2][-]{subsection.14.55.1}{\376\377\0001\0004\000.\0005\0005\000.\0001\000\040\000D\000e\000s\000c\000r\000i\000p\000t\000i\000o\000n}{section.14.55}% 1928
\BOOKMARK [2][-]{subsection.14.55.2}{\376\377\0001\0004\000.\0005\0005\000.\0002\000\040\000M\000e\000m\000b\000e\000r\000\040\000F\000u\000n\000c\000t\000i\000o\000n\000\040\000D\000o\000c\000u\000m\000e\000n\000t\000a\000t\000i\000o\000n}{section.14.55}% 1929
\BOOKMARK [3][-]{subsubsection.14.55.2.1}{\376\377\0001\0004\000.\0005\0005\000.\0002\000.\0001\000\040\000S\000e\000n\000d\000N\000o\000t\000i\000f\000i\000c\000a\000t\000i\000o\000n\000\050\000\051}{subsection.14.55.2}% 1930
\BOOKMARK [3][-]{subsubsection.14.55.2.2}{\376\377\0001\0004\000.\0005\0005\000.\0002\000.\0002\000\040\000G\000e\000t\000H\000y\000b\000r\000i\000d\000S\000i\000g\000n\000a\000l\000L\000a\000t\000e\000n\000c\000y\000\050\000\051}{subsection.14.55.2}% 1931
\BOOKMARK [3][-]{subsubsection.14.55.2.3}{\376\377\0001\0004\000.\0005\0005\000.\0002\000.\0003\000\040\000G\000e\000t\000C\000u\000r\000r\000e\000n\000t\000A\000u\000t\000o\000m\000a\000t\000i\000o\000n\000T\000i\000m\000e\000s\000t\000a\000m\000p\000\050\000\051}{subsection.14.55.2}% 1932
\BOOKMARK [3][-]{subsubsection.14.55.2.4}{\376\377\0001\0004\000.\0005\0005\000.\0002\000.\0004\000\040\000G\000e\000t\000H\000o\000s\000t\000N\000a\000m\000e\000\050\000\051}{subsection.14.55.2}% 1933
\BOOKMARK [1][-]{section.14.56}{\376\377\0001\0004\000.\0005\0006\000\040\000A\000A\000X\000\137\000I\000A\000C\000F\000C\000o\000n\000t\000r\000o\000l\000l\000e\000r\000\137\000V\0003\000\040\000C\000l\000a\000s\000s\000\040\000R\000e\000f\000e\000r\000e\000n\000c\000e}{chapter.14}% 1934
\BOOKMARK [2][-]{subsection.14.56.1}{\376\377\0001\0004\000.\0005\0006\000.\0001\000\040\000D\000e\000s\000c\000r\000i\000p\000t\000i\000o\000n}{section.14.56}% 1935
\BOOKMARK [2][-]{subsection.14.56.2}{\376\377\0001\0004\000.\0005\0006\000.\0002\000\040\000M\000e\000m\000b\000e\000r\000\040\000F\000u\000n\000c\000t\000i\000o\000n\000\040\000D\000o\000c\000u\000m\000e\000n\000t\000a\000t\000i\000o\000n}{section.14.56}% 1936
\BOOKMARK [3][-]{subsubsection.14.56.2.1}{\376\377\0001\0004\000.\0005\0006\000.\0002\000.\0001\000\040\000G\000e\000t\000P\000l\000u\000g\000I\000n\000T\000a\000r\000g\000e\000t\000P\000l\000a\000t\000f\000o\000r\000m\000\050\000\051}{subsection.14.56.2}% 1937
\BOOKMARK [3][-]{subsubsection.14.56.2.2}{\376\377\0001\0004\000.\0005\0006\000.\0002\000.\0002\000\040\000G\000e\000t\000I\000s\000A\000u\000d\000i\000o\000S\000u\000i\000t\000e\000\050\000\051}{subsection.14.56.2}% 1938
\BOOKMARK [1][-]{section.14.57}{\376\377\0001\0004\000.\0005\0007\000\040\000A\000A\000X\000\137\000I\000A\000C\000F\000D\000a\000t\000a\000B\000u\000f\000f\000e\000r\000\040\000C\000l\000a\000s\000s\000\040\000R\000e\000f\000e\000r\000e\000n\000c\000e}{chapter.14}% 1939
\BOOKMARK [2][-]{subsection.14.57.1}{\376\377\0001\0004\000.\0005\0007\000.\0001\000\040\000D\000e\000s\000c\000r\000i\000p\000t\000i\000o\000n}{section.14.57}% 1940
\BOOKMARK [2][-]{subsection.14.57.2}{\376\377\0001\0004\000.\0005\0007\000.\0002\000\040\000M\000e\000m\000b\000e\000r\000\040\000F\000u\000n\000c\000t\000i\000o\000n\000\040\000D\000o\000c\000u\000m\000e\000n\000t\000a\000t\000i\000o\000n}{section.14.57}% 1941
\BOOKMARK [3][-]{subsubsection.14.57.2.1}{\376\377\0001\0004\000.\0005\0007\000.\0002\000.\0001\000\040\000T\000y\000p\000e\000\050\000\051}{subsection.14.57.2}% 1942
\BOOKMARK [3][-]{subsubsection.14.57.2.2}{\376\377\0001\0004\000.\0005\0007\000.\0002\000.\0002\000\040\000S\000i\000z\000e\000\050\000\051}{subsection.14.57.2}% 1943
\BOOKMARK [3][-]{subsubsection.14.57.2.3}{\376\377\0001\0004\000.\0005\0007\000.\0002\000.\0003\000\040\000D\000a\000t\000a\000\050\000\051}{subsection.14.57.2}% 1944
\BOOKMARK [1][-]{section.14.58}{\376\377\0001\0004\000.\0005\0008\000\040\000A\000A\000X\000\137\000I\000A\000C\000F\000D\000e\000s\000c\000r\000i\000p\000t\000i\000o\000n\000H\000o\000s\000t\000\040\000C\000l\000a\000s\000s\000\040\000R\000e\000f\000e\000r\000e\000n\000c\000e}{chapter.14}% 1945
\BOOKMARK [2][-]{subsection.14.58.1}{\376\377\0001\0004\000.\0005\0008\000.\0001\000\040\000D\000e\000s\000c\000r\000i\000p\000t\000i\000o\000n}{section.14.58}% 1946
\BOOKMARK [2][-]{subsection.14.58.2}{\376\377\0001\0004\000.\0005\0008\000.\0002\000\040\000M\000e\000m\000b\000e\000r\000\040\000F\000u\000n\000c\000t\000i\000o\000n\000\040\000D\000o\000c\000u\000m\000e\000n\000t\000a\000t\000i\000o\000n}{section.14.58}% 1947
\BOOKMARK [3][-]{subsubsection.14.58.2.1}{\376\377\0001\0004\000.\0005\0008\000.\0002\000.\0001\000\040\000A\000c\000q\000u\000i\000r\000e\000F\000e\000a\000t\000u\000r\000e\000P\000r\000o\000p\000e\000r\000t\000i\000e\000s\000\050\000\051}{subsection.14.58.2}% 1948
\BOOKMARK [1][-]{section.14.59}{\376\377\0001\0004\000.\0005\0009\000\040\000A\000A\000X\000\137\000I\000A\000C\000F\000E\000f\000f\000e\000c\000t\000D\000e\000s\000c\000r\000i\000p\000t\000o\000r\000\040\000C\000l\000a\000s\000s\000\040\000R\000e\000f\000e\000r\000e\000n\000c\000e}{chapter.14}% 1949
\BOOKMARK [2][-]{subsection.14.59.1}{\376\377\0001\0004\000.\0005\0009\000.\0001\000\040\000D\000e\000s\000c\000r\000i\000p\000t\000i\000o\000n}{section.14.59}% 1950
\BOOKMARK [2][-]{subsection.14.59.2}{\376\377\0001\0004\000.\0005\0009\000.\0002\000\040\000M\000e\000m\000b\000e\000r\000\040\000F\000u\000n\000c\000t\000i\000o\000n\000\040\000D\000o\000c\000u\000m\000e\000n\000t\000a\000t\000i\000o\000n}{section.14.59}% 1951
\BOOKMARK [3][-]{subsubsection.14.59.2.1}{\376\377\0001\0004\000.\0005\0009\000.\0002\000.\0001\000\040\000A\000d\000d\000C\000o\000m\000p\000o\000n\000e\000n\000t\000\050\000\051}{subsection.14.59.2}% 1952
\BOOKMARK [3][-]{subsubsection.14.59.2.2}{\376\377\0001\0004\000.\0005\0009\000.\0002\000.\0002\000\040\000A\000d\000d\000N\000a\000m\000e\000\050\000\051}{subsection.14.59.2}% 1953
\BOOKMARK [3][-]{subsubsection.14.59.2.3}{\376\377\0001\0004\000.\0005\0009\000.\0002\000.\0003\000\040\000A\000d\000d\000C\000a\000t\000e\000g\000o\000r\000y\000\050\000\051}{subsection.14.59.2}% 1954
\BOOKMARK [3][-]{subsubsection.14.59.2.4}{\376\377\0001\0004\000.\0005\0009\000.\0002\000.\0004\000\040\000A\000d\000d\000C\000a\000t\000e\000g\000o\000r\000y\000B\000y\000p\000a\000s\000s\000P\000a\000r\000a\000m\000e\000t\000e\000r\000\050\000\051}{subsection.14.59.2}% 1955
\BOOKMARK [3][-]{subsubsection.14.59.2.5}{\376\377\0001\0004\000.\0005\0009\000.\0002\000.\0005\000\040\000A\000d\000d\000P\000r\000o\000c\000P\000t\000r\000\050\000\051}{subsection.14.59.2}% 1956
\BOOKMARK [3][-]{subsubsection.14.59.2.6}{\376\377\0001\0004\000.\0005\0009\000.\0002\000.\0006\000\040\000S\000e\000t\000P\000r\000o\000p\000e\000r\000t\000i\000e\000s\000\050\000\051}{subsection.14.59.2}% 1957
\BOOKMARK [3][-]{subsubsection.14.59.2.7}{\376\377\0001\0004\000.\0005\0009\000.\0002\000.\0007\000\040\000A\000d\000d\000R\000e\000s\000o\000u\000r\000c\000e\000I\000n\000f\000o\000\050\000\051}{subsection.14.59.2}% 1958
\BOOKMARK [3][-]{subsubsection.14.59.2.8}{\376\377\0001\0004\000.\0005\0009\000.\0002\000.\0008\000\040\000A\000d\000d\000M\000e\000t\000e\000r\000D\000e\000s\000c\000r\000i\000p\000t\000i\000o\000n\000\050\000\051}{subsection.14.59.2}% 1959
\BOOKMARK [1][-]{section.14.60}{\376\377\0001\0004\000.\0006\0000\000\040\000A\000A\000X\000\137\000I\000A\000C\000F\000E\000f\000f\000e\000c\000t\000D\000e\000s\000c\000r\000i\000p\000t\000o\000r\000\137\000V\0002\000\040\000C\000l\000a\000s\000s\000\040\000R\000e\000f\000e\000r\000e\000n\000c\000e}{chapter.14}% 1960
\BOOKMARK [2][-]{subsection.14.60.1}{\376\377\0001\0004\000.\0006\0000\000.\0001\000\040\000D\000e\000s\000c\000r\000i\000p\000t\000i\000o\000n}{section.14.60}% 1961
\BOOKMARK [2][-]{subsection.14.60.2}{\376\377\0001\0004\000.\0006\0000\000.\0002\000\040\000M\000e\000m\000b\000e\000r\000\040\000F\000u\000n\000c\000t\000i\000o\000n\000\040\000D\000o\000c\000u\000m\000e\000n\000t\000a\000t\000i\000o\000n}{section.14.60}% 1962
\BOOKMARK [3][-]{subsubsection.14.60.2.1}{\376\377\0001\0004\000.\0006\0000\000.\0002\000.\0001\000\040\000A\000d\000d\000C\000o\000n\000t\000r\000o\000l\000M\000I\000D\000I\000N\000o\000d\000e\000\050\000\051}{subsection.14.60.2}% 1963
\BOOKMARK [1][-]{section.14.61}{\376\377\0001\0004\000.\0006\0001\000\040\000A\000A\000X\000\137\000I\000A\000C\000F\000E\000f\000f\000e\000c\000t\000D\000i\000r\000e\000c\000t\000D\000a\000t\000a\000\040\000C\000l\000a\000s\000s\000\040\000R\000e\000f\000e\000r\000e\000n\000c\000e}{chapter.14}% 1964
\BOOKMARK [2][-]{subsection.14.61.1}{\376\377\0001\0004\000.\0006\0001\000.\0001\000\040\000D\000e\000s\000c\000r\000i\000p\000t\000i\000o\000n}{section.14.61}% 1965
\BOOKMARK [2][-]{subsection.14.61.2}{\376\377\0001\0004\000.\0006\0001\000.\0002\000\040\000M\000e\000m\000b\000e\000r\000\040\000F\000u\000n\000c\000t\000i\000o\000n\000\040\000D\000o\000c\000u\000m\000e\000n\000t\000a\000t\000i\000o\000n}{section.14.61}% 1966
\BOOKMARK [3][-]{subsubsection.14.61.2.1}{\376\377\0001\0004\000.\0006\0001\000.\0002\000.\0001\000\040\000I\000n\000i\000t\000i\000a\000l\000i\000z\000e\000\050\000\051}{subsection.14.61.2}% 1967
\BOOKMARK [3][-]{subsubsection.14.61.2.2}{\376\377\0001\0004\000.\0006\0001\000.\0002\000.\0002\000\040\000U\000n\000i\000n\000i\000t\000i\000a\000l\000i\000z\000e\000\050\000\051}{subsection.14.61.2}% 1968
\BOOKMARK [3][-]{subsubsection.14.61.2.3}{\376\377\0001\0004\000.\0006\0001\000.\0002\000.\0003\000\040\000T\000i\000m\000e\000r\000W\000a\000k\000e\000u\000p\000\050\000\051}{subsection.14.61.2}% 1969
\BOOKMARK [1][-]{section.14.62}{\376\377\0001\0004\000.\0006\0002\000\040\000A\000A\000X\000\137\000I\000A\000C\000F\000E\000f\000f\000e\000c\000t\000D\000i\000r\000e\000c\000t\000D\000a\000t\000a\000\137\000V\0002\000\040\000C\000l\000a\000s\000s\000\040\000R\000e\000f\000e\000r\000e\000n\000c\000e}{chapter.14}% 1970
\BOOKMARK [2][-]{subsection.14.62.1}{\376\377\0001\0004\000.\0006\0002\000.\0001\000\040\000M\000e\000m\000b\000e\000r\000\040\000F\000u\000n\000c\000t\000i\000o\000n\000\040\000D\000o\000c\000u\000m\000e\000n\000t\000a\000t\000i\000o\000n}{section.14.62}% 1971
\BOOKMARK [3][-]{subsubsection.14.62.1.1}{\376\377\0001\0004\000.\0006\0002\000.\0001\000.\0001\000\040\000N\000o\000t\000i\000f\000i\000c\000a\000t\000i\000o\000n\000R\000e\000c\000e\000i\000v\000e\000d\000\050\000\051}{subsection.14.62.1}% 1972
\BOOKMARK [1][-]{section.14.63}{\376\377\0001\0004\000.\0006\0003\000\040\000A\000A\000X\000\137\000I\000A\000C\000F\000E\000f\000f\000e\000c\000t\000G\000U\000I\000\040\000C\000l\000a\000s\000s\000\040\000R\000e\000f\000e\000r\000e\000n\000c\000e}{chapter.14}% 1973
\BOOKMARK [2][-]{subsection.14.63.1}{\376\377\0001\0004\000.\0006\0003\000.\0001\000\040\000D\000e\000s\000c\000r\000i\000p\000t\000i\000o\000n}{section.14.63}% 1974
\BOOKMARK [2][-]{subsection.14.63.2}{\376\377\0001\0004\000.\0006\0003\000.\0002\000\040\000M\000e\000m\000b\000e\000r\000\040\000F\000u\000n\000c\000t\000i\000o\000n\000\040\000D\000o\000c\000u\000m\000e\000n\000t\000a\000t\000i\000o\000n}{section.14.63}% 1975
\BOOKMARK [3][-]{subsubsection.14.63.2.1}{\376\377\0001\0004\000.\0006\0003\000.\0002\000.\0001\000\040\000I\000n\000i\000t\000i\000a\000l\000i\000z\000e\000\050\000\051}{subsection.14.63.2}% 1976
\BOOKMARK [3][-]{subsubsection.14.63.2.2}{\376\377\0001\0004\000.\0006\0003\000.\0002\000.\0002\000\040\000U\000n\000i\000n\000i\000t\000i\000a\000l\000i\000z\000e\000\050\000\051}{subsection.14.63.2}% 1977
\BOOKMARK [3][-]{subsubsection.14.63.2.3}{\376\377\0001\0004\000.\0006\0003\000.\0002\000.\0003\000\040\000N\000o\000t\000i\000f\000i\000c\000a\000t\000i\000o\000n\000R\000e\000c\000e\000i\000v\000e\000d\000\050\000\051}{subsection.14.63.2}% 1978
\BOOKMARK [3][-]{subsubsection.14.63.2.4}{\376\377\0001\0004\000.\0006\0003\000.\0002\000.\0004\000\040\000S\000e\000t\000V\000i\000e\000w\000C\000o\000n\000t\000a\000i\000n\000e\000r\000\050\000\051}{subsection.14.63.2}% 1979
\BOOKMARK [3][-]{subsubsection.14.63.2.5}{\376\377\0001\0004\000.\0006\0003\000.\0002\000.\0005\000\040\000G\000e\000t\000V\000i\000e\000w\000S\000i\000z\000e\000\050\000\051}{subsection.14.63.2}% 1980
\BOOKMARK [3][-]{subsubsection.14.63.2.6}{\376\377\0001\0004\000.\0006\0003\000.\0002\000.\0006\000\040\000D\000r\000a\000w\000\050\000\051}{subsection.14.63.2}% 1981
\BOOKMARK [3][-]{subsubsection.14.63.2.7}{\376\377\0001\0004\000.\0006\0003\000.\0002\000.\0007\000\040\000T\000i\000m\000e\000r\000W\000a\000k\000e\000u\000p\000\050\000\051}{subsection.14.63.2}% 1982
\BOOKMARK [3][-]{subsubsection.14.63.2.8}{\376\377\0001\0004\000.\0006\0003\000.\0002\000.\0008\000\040\000P\000a\000r\000a\000m\000e\000t\000e\000r\000U\000p\000d\000a\000t\000e\000d\000\050\000\051}{subsection.14.63.2}% 1983
\BOOKMARK [3][-]{subsubsection.14.63.2.9}{\376\377\0001\0004\000.\0006\0003\000.\0002\000.\0009\000\040\000G\000e\000t\000C\000u\000s\000t\000o\000m\000L\000a\000b\000e\000l\000\050\000\051}{subsection.14.63.2}% 1984
\BOOKMARK [3][-]{subsubsection.14.63.2.10}{\376\377\0001\0004\000.\0006\0003\000.\0002\000.\0001\0000\000\040\000S\000e\000t\000C\000o\000n\000t\000r\000o\000l\000H\000i\000g\000h\000l\000i\000g\000h\000t\000I\000n\000f\000o\000\050\000\051}{subsection.14.63.2}% 1985
\BOOKMARK [1][-]{section.14.64}{\376\377\0001\0004\000.\0006\0004\000\040\000A\000A\000X\000\137\000I\000A\000C\000F\000E\000f\000f\000e\000c\000t\000P\000a\000r\000a\000m\000e\000t\000e\000r\000s\000\040\000C\000l\000a\000s\000s\000\040\000R\000e\000f\000e\000r\000e\000n\000c\000e}{chapter.14}% 1986
\BOOKMARK [2][-]{subsection.14.64.1}{\376\377\0001\0004\000.\0006\0004\000.\0001\000\040\000D\000e\000s\000c\000r\000i\000p\000t\000i\000o\000n}{section.14.64}% 1987
\BOOKMARK [2][-]{subsection.14.64.2}{\376\377\0001\0004\000.\0006\0004\000.\0002\000\040\000M\000e\000m\000b\000e\000r\000\040\000F\000u\000n\000c\000t\000i\000o\000n\000\040\000D\000o\000c\000u\000m\000e\000n\000t\000a\000t\000i\000o\000n}{section.14.64}% 1988
\BOOKMARK [3][-]{subsubsection.14.64.2.1}{\376\377\0001\0004\000.\0006\0004\000.\0002\000.\0001\000\040\000I\000n\000i\000t\000i\000a\000l\000i\000z\000e\000\050\000\051}{subsection.14.64.2}% 1989
\BOOKMARK [3][-]{subsubsection.14.64.2.2}{\376\377\0001\0004\000.\0006\0004\000.\0002\000.\0002\000\040\000U\000n\000i\000n\000i\000t\000i\000a\000l\000i\000z\000e\000\050\000\051}{subsection.14.64.2}% 1990
\BOOKMARK [3][-]{subsubsection.14.64.2.3}{\376\377\0001\0004\000.\0006\0004\000.\0002\000.\0003\000\040\000N\000o\000t\000i\000f\000i\000c\000a\000t\000i\000o\000n\000R\000e\000c\000e\000i\000v\000e\000d\000\050\000\051}{subsection.14.64.2}% 1991
\BOOKMARK [3][-]{subsubsection.14.64.2.4}{\376\377\0001\0004\000.\0006\0004\000.\0002\000.\0004\000\040\000G\000e\000t\000N\000u\000m\000b\000e\000r\000O\000f\000P\000a\000r\000a\000m\000e\000t\000e\000r\000s\000\050\000\051}{subsection.14.64.2}% 1992
\BOOKMARK [3][-]{subsubsection.14.64.2.5}{\376\377\0001\0004\000.\0006\0004\000.\0002\000.\0005\000\040\000G\000e\000t\000M\000a\000s\000t\000e\000r\000B\000y\000p\000a\000s\000s\000P\000a\000r\000a\000m\000e\000t\000e\000r\000\050\000\051}{subsection.14.64.2}% 1993
\BOOKMARK [3][-]{subsubsection.14.64.2.6}{\376\377\0001\0004\000.\0006\0004\000.\0002\000.\0006\000\040\000G\000e\000t\000P\000a\000r\000a\000m\000e\000t\000e\000r\000I\000s\000A\000u\000t\000o\000m\000a\000t\000a\000b\000l\000e\000\050\000\051}{subsection.14.64.2}% 1994
\BOOKMARK [3][-]{subsubsection.14.64.2.7}{\376\377\0001\0004\000.\0006\0004\000.\0002\000.\0007\000\040\000G\000e\000t\000P\000a\000r\000a\000m\000e\000t\000e\000r\000N\000u\000m\000b\000e\000r\000O\000f\000S\000t\000e\000p\000s\000\050\000\051}{subsection.14.64.2}% 1995
\BOOKMARK [3][-]{subsubsection.14.64.2.8}{\376\377\0001\0004\000.\0006\0004\000.\0002\000.\0008\000\040\000G\000e\000t\000P\000a\000r\000a\000m\000e\000t\000e\000r\000N\000a\000m\000e\000\050\000\051}{subsection.14.64.2}% 1996
\BOOKMARK [3][-]{subsubsection.14.64.2.9}{\376\377\0001\0004\000.\0006\0004\000.\0002\000.\0009\000\040\000G\000e\000t\000P\000a\000r\000a\000m\000e\000t\000e\000r\000N\000a\000m\000e\000O\000f\000L\000e\000n\000g\000t\000h\000\050\000\051}{subsection.14.64.2}% 1997
\BOOKMARK [3][-]{subsubsection.14.64.2.10}{\376\377\0001\0004\000.\0006\0004\000.\0002\000.\0001\0000\000\040\000G\000e\000t\000P\000a\000r\000a\000m\000e\000t\000e\000r\000D\000e\000f\000a\000u\000l\000t\000N\000o\000r\000m\000a\000l\000i\000z\000e\000d\000V\000a\000l\000u\000e\000\050\000\051}{subsection.14.64.2}% 1998
\BOOKMARK [3][-]{subsubsection.14.64.2.11}{\376\377\0001\0004\000.\0006\0004\000.\0002\000.\0001\0001\000\040\000S\000e\000t\000P\000a\000r\000a\000m\000e\000t\000e\000r\000D\000e\000f\000a\000u\000l\000t\000N\000o\000r\000m\000a\000l\000i\000z\000e\000d\000V\000a\000l\000u\000e\000\050\000\051}{subsection.14.64.2}% 1999
\BOOKMARK [3][-]{subsubsection.14.64.2.12}{\376\377\0001\0004\000.\0006\0004\000.\0002\000.\0001\0002\000\040\000G\000e\000t\000P\000a\000r\000a\000m\000e\000t\000e\000r\000T\000y\000p\000e\000\050\000\051}{subsection.14.64.2}% 2000
\BOOKMARK [3][-]{subsubsection.14.64.2.13}{\376\377\0001\0004\000.\0006\0004\000.\0002\000.\0001\0003\000\040\000G\000e\000t\000P\000a\000r\000a\000m\000e\000t\000e\000r\000O\000r\000i\000e\000n\000t\000a\000t\000i\000o\000n\000\050\000\051}{subsection.14.64.2}% 2001
\BOOKMARK [3][-]{subsubsection.14.64.2.14}{\376\377\0001\0004\000.\0006\0004\000.\0002\000.\0001\0004\000\040\000G\000e\000t\000P\000a\000r\000a\000m\000e\000t\000e\000r\000\050\000\051}{subsection.14.64.2}% 2002
\BOOKMARK [3][-]{subsubsection.14.64.2.15}{\376\377\0001\0004\000.\0006\0004\000.\0002\000.\0001\0005\000\040\000G\000e\000t\000P\000a\000r\000a\000m\000e\000t\000e\000r\000I\000n\000d\000e\000x\000\050\000\051}{subsection.14.64.2}% 2003
\BOOKMARK [3][-]{subsubsection.14.64.2.16}{\376\377\0001\0004\000.\0006\0004\000.\0002\000.\0001\0006\000\040\000G\000e\000t\000P\000a\000r\000a\000m\000e\000t\000e\000r\000I\000D\000F\000r\000o\000m\000I\000n\000d\000e\000x\000\050\000\051}{subsection.14.64.2}% 2004
\BOOKMARK [3][-]{subsubsection.14.64.2.17}{\376\377\0001\0004\000.\0006\0004\000.\0002\000.\0001\0007\000\040\000G\000e\000t\000P\000a\000r\000a\000m\000e\000t\000e\000r\000V\000a\000l\000u\000e\000I\000n\000f\000o\000\050\000\051}{subsection.14.64.2}% 2005
\BOOKMARK [3][-]{subsubsection.14.64.2.18}{\376\377\0001\0004\000.\0006\0004\000.\0002\000.\0001\0008\000\040\000G\000e\000t\000P\000a\000r\000a\000m\000e\000t\000e\000r\000V\000a\000l\000u\000e\000F\000r\000o\000m\000S\000t\000r\000i\000n\000g\000\050\000\051}{subsection.14.64.2}% 2006
\BOOKMARK [3][-]{subsubsection.14.64.2.19}{\376\377\0001\0004\000.\0006\0004\000.\0002\000.\0001\0009\000\040\000G\000e\000t\000P\000a\000r\000a\000m\000e\000t\000e\000r\000S\000t\000r\000i\000n\000g\000F\000r\000o\000m\000V\000a\000l\000u\000e\000\050\000\051}{subsection.14.64.2}% 2007
\BOOKMARK [3][-]{subsubsection.14.64.2.20}{\376\377\0001\0004\000.\0006\0004\000.\0002\000.\0002\0000\000\040\000G\000e\000t\000P\000a\000r\000a\000m\000e\000t\000e\000r\000V\000a\000l\000u\000e\000S\000t\000r\000i\000n\000g\000\050\000\051}{subsection.14.64.2}% 2008
\BOOKMARK [3][-]{subsubsection.14.64.2.21}{\376\377\0001\0004\000.\0006\0004\000.\0002\000.\0002\0001\000\040\000G\000e\000t\000P\000a\000r\000a\000m\000e\000t\000e\000r\000N\000o\000r\000m\000a\000l\000i\000z\000e\000d\000V\000a\000l\000u\000e\000\050\000\051}{subsection.14.64.2}% 2009
\BOOKMARK [3][-]{subsubsection.14.64.2.22}{\376\377\0001\0004\000.\0006\0004\000.\0002\000.\0002\0002\000\040\000S\000e\000t\000P\000a\000r\000a\000m\000e\000t\000e\000r\000N\000o\000r\000m\000a\000l\000i\000z\000e\000d\000V\000a\000l\000u\000e\000\050\000\051}{subsection.14.64.2}% 2010
\BOOKMARK [3][-]{subsubsection.14.64.2.23}{\376\377\0001\0004\000.\0006\0004\000.\0002\000.\0002\0003\000\040\000S\000e\000t\000P\000a\000r\000a\000m\000e\000t\000e\000r\000N\000o\000r\000m\000a\000l\000i\000z\000e\000d\000R\000e\000l\000a\000t\000i\000v\000e\000\050\000\051}{subsection.14.64.2}% 2011
\BOOKMARK [3][-]{subsubsection.14.64.2.24}{\376\377\0001\0004\000.\0006\0004\000.\0002\000.\0002\0004\000\040\000T\000o\000u\000c\000h\000P\000a\000r\000a\000m\000e\000t\000e\000r\000\050\000\051}{subsection.14.64.2}% 2012
\BOOKMARK [3][-]{subsubsection.14.64.2.25}{\376\377\0001\0004\000.\0006\0004\000.\0002\000.\0002\0005\000\040\000R\000e\000l\000e\000a\000s\000e\000P\000a\000r\000a\000m\000e\000t\000e\000r\000\050\000\051}{subsection.14.64.2}% 2013
\BOOKMARK [3][-]{subsubsection.14.64.2.26}{\376\377\0001\0004\000.\0006\0004\000.\0002\000.\0002\0006\000\040\000U\000p\000d\000a\000t\000e\000P\000a\000r\000a\000m\000e\000t\000e\000r\000T\000o\000u\000c\000h\000\050\000\051}{subsection.14.64.2}% 2014
\BOOKMARK [3][-]{subsubsection.14.64.2.27}{\376\377\0001\0004\000.\0006\0004\000.\0002\000.\0002\0007\000\040\000U\000p\000d\000a\000t\000e\000P\000a\000r\000a\000m\000e\000t\000e\000r\000N\000o\000r\000m\000a\000l\000i\000z\000e\000d\000V\000a\000l\000u\000e\000\050\000\051}{subsection.14.64.2}% 2015
\BOOKMARK [3][-]{subsubsection.14.64.2.28}{\376\377\0001\0004\000.\0006\0004\000.\0002\000.\0002\0008\000\040\000U\000p\000d\000a\000t\000e\000P\000a\000r\000a\000m\000e\000t\000e\000r\000N\000o\000r\000m\000a\000l\000i\000z\000e\000d\000R\000e\000l\000a\000t\000i\000v\000e\000\050\000\051}{subsection.14.64.2}% 2016
\BOOKMARK [3][-]{subsubsection.14.64.2.29}{\376\377\0001\0004\000.\0006\0004\000.\0002\000.\0002\0009\000\040\000G\000e\000n\000e\000r\000a\000t\000e\000C\000o\000e\000f\000f\000i\000c\000i\000e\000n\000t\000s\000\050\000\051}{subsection.14.64.2}% 2017
\BOOKMARK [3][-]{subsubsection.14.64.2.30}{\376\377\0001\0004\000.\0006\0004\000.\0002\000.\0003\0000\000\040\000R\000e\000s\000e\000t\000F\000i\000e\000l\000d\000D\000a\000t\000a\000\050\000\051}{subsection.14.64.2}% 2018
\BOOKMARK [3][-]{subsubsection.14.64.2.31}{\376\377\0001\0004\000.\0006\0004\000.\0002\000.\0003\0001\000\040\000G\000e\000t\000N\000u\000m\000b\000e\000r\000O\000f\000C\000h\000u\000n\000k\000s\000\050\000\051}{subsection.14.64.2}% 2019
\BOOKMARK [3][-]{subsubsection.14.64.2.32}{\376\377\0001\0004\000.\0006\0004\000.\0002\000.\0003\0002\000\040\000G\000e\000t\000C\000h\000u\000n\000k\000I\000D\000F\000r\000o\000m\000I\000n\000d\000e\000x\000\050\000\051}{subsection.14.64.2}% 2020
\BOOKMARK [3][-]{subsubsection.14.64.2.33}{\376\377\0001\0004\000.\0006\0004\000.\0002\000.\0003\0003\000\040\000G\000e\000t\000C\000h\000u\000n\000k\000S\000i\000z\000e\000\050\000\051}{subsection.14.64.2}% 2021
\BOOKMARK [3][-]{subsubsection.14.64.2.34}{\376\377\0001\0004\000.\0006\0004\000.\0002\000.\0003\0004\000\040\000G\000e\000t\000C\000h\000u\000n\000k\000\050\000\051}{subsection.14.64.2}% 2022
\BOOKMARK [3][-]{subsubsection.14.64.2.35}{\376\377\0001\0004\000.\0006\0004\000.\0002\000.\0003\0005\000\040\000S\000e\000t\000C\000h\000u\000n\000k\000\050\000\051}{subsection.14.64.2}% 2023
\BOOKMARK [3][-]{subsubsection.14.64.2.36}{\376\377\0001\0004\000.\0006\0004\000.\0002\000.\0003\0006\000\040\000C\000o\000m\000p\000a\000r\000e\000A\000c\000t\000i\000v\000e\000C\000h\000u\000n\000k\000\050\000\051}{subsection.14.64.2}% 2024
\BOOKMARK [3][-]{subsubsection.14.64.2.37}{\376\377\0001\0004\000.\0006\0004\000.\0002\000.\0003\0007\000\040\000T\000i\000m\000e\000r\000W\000a\000k\000e\000u\000p\000\050\000\051}{subsection.14.64.2}% 2025
\BOOKMARK [3][-]{subsubsection.14.64.2.38}{\376\377\0001\0004\000.\0006\0004\000.\0002\000.\0003\0008\000\040\000G\000e\000t\000C\000u\000s\000t\000o\000m\000D\000a\000t\000a\000\050\000\051}{subsection.14.64.2}% 2026
\BOOKMARK [3][-]{subsubsection.14.64.2.39}{\376\377\0001\0004\000.\0006\0004\000.\0002\000.\0003\0009\000\040\000S\000e\000t\000C\000u\000s\000t\000o\000m\000D\000a\000t\000a\000\050\000\051}{subsection.14.64.2}% 2027
\BOOKMARK [3][-]{subsubsection.14.64.2.40}{\376\377\0001\0004\000.\0006\0004\000.\0002\000.\0004\0000\000\040\000D\000o\000M\000I\000D\000I\000T\000r\000a\000n\000s\000f\000e\000r\000s\000\050\000\051}{subsection.14.64.2}% 2028
\BOOKMARK [1][-]{section.14.65}{\376\377\0001\0004\000.\0006\0005\000\040\000A\000A\000X\000\137\000I\000A\000C\000F\000E\000f\000f\000e\000c\000t\000P\000a\000r\000a\000m\000e\000t\000e\000r\000s\000\137\000V\0002\000\040\000C\000l\000a\000s\000s\000\040\000R\000e\000f\000e\000r\000e\000n\000c\000e}{chapter.14}% 2029
\BOOKMARK [2][-]{subsection.14.65.1}{\376\377\0001\0004\000.\0006\0005\000.\0001\000\040\000D\000e\000s\000c\000r\000i\000p\000t\000i\000o\000n}{section.14.65}% 2030
\BOOKMARK [2][-]{subsection.14.65.2}{\376\377\0001\0004\000.\0006\0005\000.\0002\000\040\000M\000e\000m\000b\000e\000r\000\040\000F\000u\000n\000c\000t\000i\000o\000n\000\040\000D\000o\000c\000u\000m\000e\000n\000t\000a\000t\000i\000o\000n}{section.14.65}% 2031
\BOOKMARK [3][-]{subsubsection.14.65.2.1}{\376\377\0001\0004\000.\0006\0005\000.\0002\000.\0001\000\040\000U\000p\000d\000a\000t\000e\000M\000I\000D\000I\000N\000o\000d\000e\000s\000\050\000\051}{subsection.14.65.2}% 2032
\BOOKMARK [3][-]{subsubsection.14.65.2.2}{\376\377\0001\0004\000.\0006\0005\000.\0002\000.\0002\000\040\000U\000p\000d\000a\000t\000e\000C\000o\000n\000t\000r\000o\000l\000M\000I\000D\000I\000N\000o\000d\000e\000s\000\050\000\051}{subsection.14.65.2}% 2033
\BOOKMARK [1][-]{section.14.66}{\376\377\0001\0004\000.\0006\0006\000\040\000A\000A\000X\000\137\000I\000A\000C\000F\000E\000f\000f\000e\000c\000t\000P\000a\000r\000a\000m\000e\000t\000e\000r\000s\000\137\000V\0003\000\040\000C\000l\000a\000s\000s\000\040\000R\000e\000f\000e\000r\000e\000n\000c\000e}{chapter.14}% 2034
\BOOKMARK [2][-]{subsection.14.66.1}{\376\377\0001\0004\000.\0006\0006\000.\0001\000\040\000D\000e\000s\000c\000r\000i\000p\000t\000i\000o\000n}{section.14.66}% 2035
\BOOKMARK [1][-]{section.14.67}{\376\377\0001\0004\000.\0006\0007\000\040\000A\000A\000X\000\137\000I\000A\000C\000F\000E\000f\000f\000e\000c\000t\000P\000a\000r\000a\000m\000e\000t\000e\000r\000s\000\137\000V\0004\000\040\000C\000l\000a\000s\000s\000\040\000R\000e\000f\000e\000r\000e\000n\000c\000e}{chapter.14}% 2036
\BOOKMARK [2][-]{subsection.14.67.1}{\376\377\0001\0004\000.\0006\0007\000.\0001\000\040\000D\000e\000s\000c\000r\000i\000p\000t\000i\000o\000n}{section.14.67}% 2037
\BOOKMARK [2][-]{subsection.14.67.2}{\376\377\0001\0004\000.\0006\0007\000.\0002\000\040\000M\000e\000m\000b\000e\000r\000\040\000F\000u\000n\000c\000t\000i\000o\000n\000\040\000D\000o\000c\000u\000m\000e\000n\000t\000a\000t\000i\000o\000n}{section.14.67}% 2038
\BOOKMARK [3][-]{subsubsection.14.67.2.1}{\376\377\0001\0004\000.\0006\0007\000.\0002\000.\0001\000\040\000U\000p\000d\000a\000t\000e\000P\000a\000g\000e\000T\000a\000b\000l\000e\000\050\000\051}{subsection.14.67.2}% 2039
\BOOKMARK [1][-]{section.14.68}{\376\377\0001\0004\000.\0006\0008\000\040\000A\000A\000X\000\137\000I\000A\000C\000F\000F\000e\000a\000t\000u\000r\000e\000I\000n\000f\000o\000\040\000C\000l\000a\000s\000s\000\040\000R\000e\000f\000e\000r\000e\000n\000c\000e}{chapter.14}% 2040
\BOOKMARK [2][-]{subsection.14.68.1}{\376\377\0001\0004\000.\0006\0008\000.\0001\000\040\000D\000e\000s\000c\000r\000i\000p\000t\000i\000o\000n}{section.14.68}% 2041
\BOOKMARK [2][-]{subsection.14.68.2}{\376\377\0001\0004\000.\0006\0008\000.\0002\000\040\000M\000e\000m\000b\000e\000r\000\040\000F\000u\000n\000c\000t\000i\000o\000n\000\040\000D\000o\000c\000u\000m\000e\000n\000t\000a\000t\000i\000o\000n}{section.14.68}% 2042
\BOOKMARK [3][-]{subsubsection.14.68.2.1}{\376\377\0001\0004\000.\0006\0008\000.\0002\000.\0001\000\040\000S\000u\000p\000p\000o\000r\000t\000L\000e\000v\000e\000l\000\050\000\051}{subsection.14.68.2}% 2043
\BOOKMARK [3][-]{subsubsection.14.68.2.2}{\376\377\0001\0004\000.\0006\0008\000.\0002\000.\0002\000\040\000A\000c\000q\000u\000i\000r\000e\000P\000r\000o\000p\000e\000r\000t\000i\000e\000s\000\050\000\051}{subsection.14.68.2}% 2044
\BOOKMARK [1][-]{section.14.69}{\376\377\0001\0004\000.\0006\0009\000\040\000A\000A\000X\000\137\000I\000A\000C\000F\000H\000o\000s\000t\000P\000r\000o\000c\000e\000s\000s\000o\000r\000\040\000C\000l\000a\000s\000s\000\040\000R\000e\000f\000e\000r\000e\000n\000c\000e}{chapter.14}% 2045
\BOOKMARK [2][-]{subsection.14.69.1}{\376\377\0001\0004\000.\0006\0009\000.\0001\000\040\000D\000e\000s\000c\000r\000i\000p\000t\000i\000o\000n}{section.14.69}% 2046
\BOOKMARK [2][-]{subsection.14.69.2}{\376\377\0001\0004\000.\0006\0009\000.\0002\000\040\000M\000e\000m\000b\000e\000r\000\040\000F\000u\000n\000c\000t\000i\000o\000n\000\040\000D\000o\000c\000u\000m\000e\000n\000t\000a\000t\000i\000o\000n}{section.14.69}% 2047
\BOOKMARK [3][-]{subsubsection.14.69.2.1}{\376\377\0001\0004\000.\0006\0009\000.\0002\000.\0001\000\040\000I\000n\000i\000t\000i\000a\000l\000i\000z\000e\000\050\000\051}{subsection.14.69.2}% 2048
\BOOKMARK [3][-]{subsubsection.14.69.2.2}{\376\377\0001\0004\000.\0006\0009\000.\0002\000.\0002\000\040\000U\000n\000i\000n\000i\000t\000i\000a\000l\000i\000z\000e\000\050\000\051}{subsection.14.69.2}% 2049
\BOOKMARK [3][-]{subsubsection.14.69.2.3}{\376\377\0001\0004\000.\0006\0009\000.\0002\000.\0003\000\040\000I\000n\000i\000t\000O\000u\000t\000p\000u\000t\000B\000o\000u\000n\000d\000s\000\050\000\051}{subsection.14.69.2}% 2050
\BOOKMARK [3][-]{subsubsection.14.69.2.4}{\376\377\0001\0004\000.\0006\0009\000.\0002\000.\0004\000\040\000S\000e\000t\000L\000o\000c\000a\000t\000i\000o\000n\000\050\000\051}{subsection.14.69.2}% 2051
\BOOKMARK [3][-]{subsubsection.14.69.2.5}{\376\377\0001\0004\000.\0006\0009\000.\0002\000.\0005\000\040\000R\000e\000n\000d\000e\000r\000A\000u\000d\000i\000o\000\050\000\051}{subsection.14.69.2}% 2052
\BOOKMARK [3][-]{subsubsection.14.69.2.6}{\376\377\0001\0004\000.\0006\0009\000.\0002\000.\0006\000\040\000P\000r\000e\000R\000e\000n\000d\000e\000r\000\050\000\051}{subsection.14.69.2}% 2053
\BOOKMARK [3][-]{subsubsection.14.69.2.7}{\376\377\0001\0004\000.\0006\0009\000.\0002\000.\0007\000\040\000P\000o\000s\000t\000R\000e\000n\000d\000e\000r\000\050\000\051}{subsection.14.69.2}% 2054
\BOOKMARK [3][-]{subsubsection.14.69.2.8}{\376\377\0001\0004\000.\0006\0009\000.\0002\000.\0008\000\040\000A\000n\000a\000l\000y\000z\000e\000A\000u\000d\000i\000o\000\050\000\051}{subsection.14.69.2}% 2055
\BOOKMARK [3][-]{subsubsection.14.69.2.9}{\376\377\0001\0004\000.\0006\0009\000.\0002\000.\0009\000\040\000P\000r\000e\000A\000n\000a\000l\000y\000z\000e\000\050\000\051}{subsection.14.69.2}% 2056
\BOOKMARK [3][-]{subsubsection.14.69.2.10}{\376\377\0001\0004\000.\0006\0009\000.\0002\000.\0001\0000\000\040\000P\000o\000s\000t\000A\000n\000a\000l\000y\000z\000e\000\050\000\051}{subsection.14.69.2}% 2057
\BOOKMARK [1][-]{section.14.70}{\376\377\0001\0004\000.\0007\0000\000\040\000A\000A\000X\000\137\000I\000A\000C\000F\000H\000o\000s\000t\000P\000r\000o\000c\000e\000s\000s\000o\000r\000\137\000V\0002\000\040\000C\000l\000a\000s\000s\000\040\000R\000e\000f\000e\000r\000e\000n\000c\000e}{chapter.14}% 2058
\BOOKMARK [2][-]{subsection.14.70.1}{\376\377\0001\0004\000.\0007\0000\000.\0001\000\040\000D\000e\000s\000c\000r\000i\000p\000t\000i\000o\000n}{section.14.70}% 2059
\BOOKMARK [2][-]{subsection.14.70.2}{\376\377\0001\0004\000.\0007\0000\000.\0002\000\040\000M\000e\000m\000b\000e\000r\000\040\000F\000u\000n\000c\000t\000i\000o\000n\000\040\000D\000o\000c\000u\000m\000e\000n\000t\000a\000t\000i\000o\000n}{section.14.70}% 2060
\BOOKMARK [3][-]{subsubsection.14.70.2.1}{\376\377\0001\0004\000.\0007\0000\000.\0002\000.\0001\000\040\000G\000e\000t\000C\000l\000i\000p\000N\000a\000m\000e\000S\000u\000f\000f\000i\000x\000\050\000\051}{subsection.14.70.2}% 2061
\BOOKMARK [1][-]{section.14.71}{\376\377\0001\0004\000.\0007\0001\000\040\000A\000A\000X\000\137\000I\000A\000C\000F\000H\000o\000s\000t\000P\000r\000o\000c\000e\000s\000s\000o\000r\000D\000e\000l\000e\000g\000a\000t\000e\000\040\000C\000l\000a\000s\000s\000\040\000R\000e\000f\000e\000r\000e\000n\000c\000e}{chapter.14}% 2062
\BOOKMARK [2][-]{subsection.14.71.1}{\376\377\0001\0004\000.\0007\0001\000.\0001\000\040\000D\000e\000s\000c\000r\000i\000p\000t\000i\000o\000n}{section.14.71}% 2063
\BOOKMARK [2][-]{subsection.14.71.2}{\376\377\0001\0004\000.\0007\0001\000.\0002\000\040\000M\000e\000m\000b\000e\000r\000\040\000F\000u\000n\000c\000t\000i\000o\000n\000\040\000D\000o\000c\000u\000m\000e\000n\000t\000a\000t\000i\000o\000n}{section.14.71}% 2064
\BOOKMARK [3][-]{subsubsection.14.71.2.1}{\376\377\0001\0004\000.\0007\0001\000.\0002\000.\0001\000\040\000G\000e\000t\000A\000u\000d\000i\000o\000\050\000\051}{subsection.14.71.2}% 2065
\BOOKMARK [3][-]{subsubsection.14.71.2.2}{\376\377\0001\0004\000.\0007\0001\000.\0002\000.\0002\000\040\000G\000e\000t\000S\000i\000d\000e\000C\000h\000a\000i\000n\000I\000n\000p\000u\000t\000N\000u\000m\000\050\000\051}{subsection.14.71.2}% 2066
\BOOKMARK [1][-]{section.14.72}{\376\377\0001\0004\000.\0007\0002\000\040\000A\000A\000X\000\137\000I\000A\000C\000F\000H\000o\000s\000t\000P\000r\000o\000c\000e\000s\000s\000o\000r\000D\000e\000l\000e\000g\000a\000t\000e\000\137\000V\0002\000\040\000C\000l\000a\000s\000s\000\040\000R\000e\000f\000e\000r\000e\000n\000c\000e}{chapter.14}% 2067
\BOOKMARK [2][-]{subsection.14.72.1}{\376\377\0001\0004\000.\0007\0002\000.\0001\000\040\000D\000e\000s\000c\000r\000i\000p\000t\000i\000o\000n}{section.14.72}% 2068
\BOOKMARK [2][-]{subsection.14.72.2}{\376\377\0001\0004\000.\0007\0002\000.\0002\000\040\000M\000e\000m\000b\000e\000r\000\040\000F\000u\000n\000c\000t\000i\000o\000n\000\040\000D\000o\000c\000u\000m\000e\000n\000t\000a\000t\000i\000o\000n}{section.14.72}% 2069
\BOOKMARK [3][-]{subsubsection.14.72.2.1}{\376\377\0001\0004\000.\0007\0002\000.\0002\000.\0001\000\040\000F\000o\000r\000c\000e\000A\000n\000a\000l\000y\000z\000e\000\050\000\051}{subsection.14.72.2}% 2070
\BOOKMARK [1][-]{section.14.73}{\376\377\0001\0004\000.\0007\0003\000\040\000A\000A\000X\000\137\000I\000A\000C\000F\000H\000o\000s\000t\000P\000r\000o\000c\000e\000s\000s\000o\000r\000D\000e\000l\000e\000g\000a\000t\000e\000\137\000V\0003\000\040\000C\000l\000a\000s\000s\000\040\000R\000e\000f\000e\000r\000e\000n\000c\000e}{chapter.14}% 2071
\BOOKMARK [2][-]{subsection.14.73.1}{\376\377\0001\0004\000.\0007\0003\000.\0001\000\040\000D\000e\000s\000c\000r\000i\000p\000t\000i\000o\000n}{section.14.73}% 2072
\BOOKMARK [2][-]{subsection.14.73.2}{\376\377\0001\0004\000.\0007\0003\000.\0002\000\040\000M\000e\000m\000b\000e\000r\000\040\000F\000u\000n\000c\000t\000i\000o\000n\000\040\000D\000o\000c\000u\000m\000e\000n\000t\000a\000t\000i\000o\000n}{section.14.73}% 2073
\BOOKMARK [3][-]{subsubsection.14.73.2.1}{\376\377\0001\0004\000.\0007\0003\000.\0002\000.\0001\000\040\000F\000o\000r\000c\000e\000P\000r\000o\000c\000e\000s\000s\000\050\000\051}{subsection.14.73.2}% 2074
\BOOKMARK [1][-]{section.14.74}{\376\377\0001\0004\000.\0007\0004\000\040\000A\000A\000X\000\137\000I\000A\000C\000F\000H\000o\000s\000t\000S\000e\000r\000v\000i\000c\000e\000s\000\040\000C\000l\000a\000s\000s\000\040\000R\000e\000f\000e\000r\000e\000n\000c\000e}{chapter.14}% 2075
\BOOKMARK [2][-]{subsection.14.74.1}{\376\377\0001\0004\000.\0007\0004\000.\0001\000\040\000D\000e\000s\000c\000r\000i\000p\000t\000i\000o\000n}{section.14.74}% 2076
\BOOKMARK [2][-]{subsection.14.74.2}{\376\377\0001\0004\000.\0007\0004\000.\0002\000\040\000M\000e\000m\000b\000e\000r\000\040\000F\000u\000n\000c\000t\000i\000o\000n\000\040\000D\000o\000c\000u\000m\000e\000n\000t\000a\000t\000i\000o\000n}{section.14.74}% 2077
\BOOKMARK [3][-]{subsubsection.14.74.2.1}{\376\377\0001\0004\000.\0007\0004\000.\0002\000.\0001\000\040\000A\000s\000s\000e\000r\000t\000\050\000\051}{subsection.14.74.2}% 2078
\BOOKMARK [3][-]{subsubsection.14.74.2.2}{\376\377\0001\0004\000.\0007\0004\000.\0002\000.\0002\000\040\000T\000r\000a\000c\000e\000\050\000\051}{subsection.14.74.2}% 2079
\BOOKMARK [1][-]{section.14.75}{\376\377\0001\0004\000.\0007\0005\000\040\000A\000A\000X\000\137\000I\000A\000C\000F\000H\000o\000s\000t\000S\000e\000r\000v\000i\000c\000e\000s\000\137\000V\0002\000\040\000C\000l\000a\000s\000s\000\040\000R\000e\000f\000e\000r\000e\000n\000c\000e}{chapter.14}% 2080
\BOOKMARK [2][-]{subsection.14.75.1}{\376\377\0001\0004\000.\0007\0005\000.\0001\000\040\000D\000e\000s\000c\000r\000i\000p\000t\000i\000o\000n}{section.14.75}% 2081
\BOOKMARK [2][-]{subsection.14.75.2}{\376\377\0001\0004\000.\0007\0005\000.\0002\000\040\000M\000e\000m\000b\000e\000r\000\040\000F\000u\000n\000c\000t\000i\000o\000n\000\040\000D\000o\000c\000u\000m\000e\000n\000t\000a\000t\000i\000o\000n}{section.14.75}% 2082
\BOOKMARK [3][-]{subsubsection.14.75.2.1}{\376\377\0001\0004\000.\0007\0005\000.\0002\000.\0001\000\040\000S\000t\000a\000c\000k\000T\000r\000a\000c\000e\000\050\000\051}{subsection.14.75.2}% 2083
\BOOKMARK [1][-]{section.14.76}{\376\377\0001\0004\000.\0007\0006\000\040\000A\000A\000X\000\137\000I\000A\000C\000F\000H\000o\000s\000t\000S\000e\000r\000v\000i\000c\000e\000s\000\137\000V\0003\000\040\000C\000l\000a\000s\000s\000\040\000R\000e\000f\000e\000r\000e\000n\000c\000e}{chapter.14}% 2084
\BOOKMARK [2][-]{subsection.14.76.1}{\376\377\0001\0004\000.\0007\0006\000.\0001\000\040\000D\000e\000s\000c\000r\000i\000p\000t\000i\000o\000n}{section.14.76}% 2085
\BOOKMARK [2][-]{subsection.14.76.2}{\376\377\0001\0004\000.\0007\0006\000.\0002\000\040\000M\000e\000m\000b\000e\000r\000\040\000F\000u\000n\000c\000t\000i\000o\000n\000\040\000D\000o\000c\000u\000m\000e\000n\000t\000a\000t\000i\000o\000n}{section.14.76}% 2086
\BOOKMARK [3][-]{subsubsection.14.76.2.1}{\376\377\0001\0004\000.\0007\0006\000.\0002\000.\0001\000\040\000H\000a\000n\000d\000l\000e\000A\000s\000s\000e\000r\000t\000F\000a\000i\000l\000u\000r\000e\000\050\000\051}{subsection.14.76.2}% 2087
\BOOKMARK [1][-]{section.14.77}{\376\377\0001\0004\000.\0007\0007\000\040\000A\000A\000X\000\137\000I\000A\000C\000F\000P\000a\000g\000e\000T\000a\000b\000l\000e\000\040\000C\000l\000a\000s\000s\000\040\000R\000e\000f\000e\000r\000e\000n\000c\000e}{chapter.14}% 2088
\BOOKMARK [2][-]{subsection.14.77.1}{\376\377\0001\0004\000.\0007\0007\000.\0001\000\040\000D\000e\000s\000c\000r\000i\000p\000t\000i\000o\000n}{section.14.77}% 2089
\BOOKMARK [2][-]{subsection.14.77.2}{\376\377\0001\0004\000.\0007\0007\000.\0002\000\040\000M\000e\000m\000b\000e\000r\000\040\000F\000u\000n\000c\000t\000i\000o\000n\000\040\000D\000o\000c\000u\000m\000e\000n\000t\000a\000t\000i\000o\000n}{section.14.77}% 2090
\BOOKMARK [3][-]{subsubsection.14.77.2.1}{\376\377\0001\0004\000.\0007\0007\000.\0002\000.\0001\000\040\000C\000l\000e\000a\000r\000\050\000\051}{subsection.14.77.2}% 2091
\BOOKMARK [3][-]{subsubsection.14.77.2.2}{\376\377\0001\0004\000.\0007\0007\000.\0002\000.\0002\000\040\000E\000m\000p\000t\000y\000\050\000\051}{subsection.14.77.2}% 2092
\BOOKMARK [3][-]{subsubsection.14.77.2.3}{\376\377\0001\0004\000.\0007\0007\000.\0002\000.\0003\000\040\000G\000e\000t\000N\000u\000m\000P\000a\000g\000e\000s\000\050\000\051}{subsection.14.77.2}% 2093
\BOOKMARK [3][-]{subsubsection.14.77.2.4}{\376\377\0001\0004\000.\0007\0007\000.\0002\000.\0004\000\040\000I\000n\000s\000e\000r\000t\000P\000a\000g\000e\000\050\000\051}{subsection.14.77.2}% 2094
\BOOKMARK [3][-]{subsubsection.14.77.2.5}{\376\377\0001\0004\000.\0007\0007\000.\0002\000.\0005\000\040\000R\000e\000m\000o\000v\000e\000P\000a\000g\000e\000\050\000\051}{subsection.14.77.2}% 2095
\BOOKMARK [3][-]{subsubsection.14.77.2.6}{\376\377\0001\0004\000.\0007\0007\000.\0002\000.\0006\000\040\000G\000e\000t\000N\000u\000m\000M\000a\000p\000p\000e\000d\000P\000a\000r\000a\000m\000e\000t\000e\000r\000I\000D\000s\000\050\000\051}{subsection.14.77.2}% 2096
\BOOKMARK [3][-]{subsubsection.14.77.2.7}{\376\377\0001\0004\000.\0007\0007\000.\0002\000.\0007\000\040\000C\000l\000e\000a\000r\000M\000a\000p\000p\000e\000d\000P\000a\000r\000a\000m\000e\000t\000e\000r\000\050\000\051}{subsection.14.77.2}% 2097
\BOOKMARK [3][-]{subsubsection.14.77.2.8}{\376\377\0001\0004\000.\0007\0007\000.\0002\000.\0008\000\040\000G\000e\000t\000M\000a\000p\000p\000e\000d\000P\000a\000r\000a\000m\000e\000t\000e\000r\000I\000D\000\050\000\051}{subsection.14.77.2}% 2098
\BOOKMARK [3][-]{subsubsection.14.77.2.9}{\376\377\0001\0004\000.\0007\0007\000.\0002\000.\0009\000\040\000M\000a\000p\000P\000a\000r\000a\000m\000e\000t\000e\000r\000I\000D\000\050\000\051}{subsection.14.77.2}% 2099
\BOOKMARK [1][-]{section.14.78}{\376\377\0001\0004\000.\0007\0008\000\040\000A\000A\000X\000\137\000I\000A\000C\000F\000P\000a\000g\000e\000T\000a\000b\000l\000e\000\137\000V\0002\000\040\000C\000l\000a\000s\000s\000\040\000R\000e\000f\000e\000r\000e\000n\000c\000e}{chapter.14}% 2100
\BOOKMARK [2][-]{subsection.14.78.1}{\376\377\0001\0004\000.\0007\0008\000.\0001\000\040\000D\000e\000s\000c\000r\000i\000p\000t\000i\000o\000n}{section.14.78}% 2101
\BOOKMARK [2][-]{subsection.14.78.2}{\376\377\0001\0004\000.\0007\0008\000.\0002\000\040\000M\000e\000m\000b\000e\000r\000\040\000F\000u\000n\000c\000t\000i\000o\000n\000\040\000D\000o\000c\000u\000m\000e\000n\000t\000a\000t\000i\000o\000n}{section.14.78}% 2102
\BOOKMARK [3][-]{subsubsection.14.78.2.1}{\376\377\0001\0004\000.\0007\0008\000.\0002\000.\0001\000\040\000G\000e\000t\000N\000u\000m\000P\000a\000r\000a\000m\000e\000t\000e\000r\000s\000W\000i\000t\000h\000N\000a\000m\000e\000V\000a\000r\000i\000a\000t\000i\000o\000n\000s\000\050\000\051}{subsection.14.78.2}% 2103
\BOOKMARK [3][-]{subsubsection.14.78.2.2}{\376\377\0001\0004\000.\0007\0008\000.\0002\000.\0002\000\040\000G\000e\000t\000N\000a\000m\000e\000V\000a\000r\000i\000a\000t\000i\000o\000n\000P\000a\000r\000a\000m\000e\000t\000e\000r\000I\000D\000A\000t\000I\000n\000d\000e\000x\000\050\000\051}{subsection.14.78.2}% 2104
\BOOKMARK [3][-]{subsubsection.14.78.2.3}{\376\377\0001\0004\000.\0007\0008\000.\0002\000.\0003\000\040\000G\000e\000t\000N\000u\000m\000N\000a\000m\000e\000V\000a\000r\000i\000a\000t\000i\000o\000n\000s\000F\000o\000r\000P\000a\000r\000a\000m\000e\000t\000e\000r\000\050\000\051}{subsection.14.78.2}% 2105
\BOOKMARK [3][-]{subsubsection.14.78.2.4}{\376\377\0001\0004\000.\0007\0008\000.\0002\000.\0004\000\040\000G\000e\000t\000P\000a\000r\000a\000m\000e\000t\000e\000r\000N\000a\000m\000e\000V\000a\000r\000i\000a\000t\000i\000o\000n\000A\000t\000I\000n\000d\000e\000x\000\050\000\051}{subsection.14.78.2}% 2106
\BOOKMARK [3][-]{subsubsection.14.78.2.5}{\376\377\0001\0004\000.\0007\0008\000.\0002\000.\0005\000\040\000G\000e\000t\000P\000a\000r\000a\000m\000e\000t\000e\000r\000N\000a\000m\000e\000V\000a\000r\000i\000a\000t\000i\000o\000n\000O\000f\000L\000e\000n\000g\000t\000h\000\050\000\051}{subsection.14.78.2}% 2107
\BOOKMARK [3][-]{subsubsection.14.78.2.6}{\376\377\0001\0004\000.\0007\0008\000.\0002\000.\0006\000\040\000C\000l\000e\000a\000r\000P\000a\000r\000a\000m\000e\000t\000e\000r\000N\000a\000m\000e\000V\000a\000r\000i\000a\000t\000i\000o\000n\000s\000\050\000\051}{subsection.14.78.2}% 2108
\BOOKMARK [3][-]{subsubsection.14.78.2.7}{\376\377\0001\0004\000.\0007\0008\000.\0002\000.\0007\000\040\000C\000l\000e\000a\000r\000N\000a\000m\000e\000V\000a\000r\000i\000a\000t\000i\000o\000n\000s\000F\000o\000r\000P\000a\000r\000a\000m\000e\000t\000e\000r\000\050\000\051}{subsection.14.78.2}% 2109
\BOOKMARK [3][-]{subsubsection.14.78.2.8}{\376\377\0001\0004\000.\0007\0008\000.\0002\000.\0008\000\040\000S\000e\000t\000P\000a\000r\000a\000m\000e\000t\000e\000r\000N\000a\000m\000e\000V\000a\000r\000i\000a\000t\000i\000o\000n\000\050\000\051}{subsection.14.78.2}% 2110
\BOOKMARK [1][-]{section.14.79}{\376\377\0001\0004\000.\0007\0009\000\040\000A\000A\000X\000\137\000I\000A\000C\000F\000P\000a\000g\000e\000T\000a\000b\000l\000e\000C\000o\000n\000t\000r\000o\000l\000l\000e\000r\000\040\000C\000l\000a\000s\000s\000\040\000R\000e\000f\000e\000r\000e\000n\000c\000e}{chapter.14}% 2111
\BOOKMARK [2][-]{subsection.14.79.1}{\376\377\0001\0004\000.\0007\0009\000.\0001\000\040\000D\000e\000s\000c\000r\000i\000p\000t\000i\000o\000n}{section.14.79}% 2112
\BOOKMARK [2][-]{subsection.14.79.2}{\376\377\0001\0004\000.\0007\0009\000.\0002\000\040\000M\000e\000m\000b\000e\000r\000\040\000F\000u\000n\000c\000t\000i\000o\000n\000\040\000D\000o\000c\000u\000m\000e\000n\000t\000a\000t\000i\000o\000n}{section.14.79}% 2113
\BOOKMARK [3][-]{subsubsection.14.79.2.1}{\376\377\0001\0004\000.\0007\0009\000.\0002\000.\0001\000\040\000C\000o\000p\000y\000T\000a\000b\000l\000e\000F\000o\000r\000E\000f\000f\000e\000c\000t\000\050\000\051}{subsection.14.79.2}% 2114
\BOOKMARK [3][-]{subsubsection.14.79.2.2}{\376\377\0001\0004\000.\0007\0009\000.\0002\000.\0002\000\040\000C\000o\000p\000y\000T\000a\000b\000l\000e\000O\000f\000L\000a\000y\000o\000u\000t\000F\000o\000r\000E\000f\000f\000e\000c\000t\000\050\000\051}{subsection.14.79.2}% 2115
\BOOKMARK [1][-]{section.14.80}{\376\377\0001\0004\000.\0008\0000\000\040\000A\000A\000X\000\137\000I\000A\000C\000F\000P\000a\000g\000e\000T\000a\000b\000l\000e\000C\000o\000n\000t\000r\000o\000l\000l\000e\000r\000\137\000V\0002\000\040\000C\000l\000a\000s\000s\000\040\000R\000e\000f\000e\000r\000e\000n\000c\000e}{chapter.14}% 2116
\BOOKMARK [2][-]{subsection.14.80.1}{\376\377\0001\0004\000.\0008\0000\000.\0001\000\040\000D\000e\000s\000c\000r\000i\000p\000t\000i\000o\000n}{section.14.80}% 2117
\BOOKMARK [2][-]{subsection.14.80.2}{\376\377\0001\0004\000.\0008\0000\000.\0002\000\040\000M\000e\000m\000b\000e\000r\000\040\000F\000u\000n\000c\000t\000i\000o\000n\000\040\000D\000o\000c\000u\000m\000e\000n\000t\000a\000t\000i\000o\000n}{section.14.80}% 2118
\BOOKMARK [3][-]{subsubsection.14.80.2.1}{\376\377\0001\0004\000.\0008\0000\000.\0002\000.\0001\000\040\000C\000o\000p\000y\000T\000a\000b\000l\000e\000F\000o\000r\000E\000f\000f\000e\000c\000t\000F\000r\000o\000m\000F\000i\000l\000e\000\050\000\051}{subsection.14.80.2}% 2119
\BOOKMARK [3][-]{subsubsection.14.80.2.2}{\376\377\0001\0004\000.\0008\0000\000.\0002\000.\0002\000\040\000C\000o\000p\000y\000T\000a\000b\000l\000e\000O\000f\000L\000a\000y\000o\000u\000t\000F\000r\000o\000m\000F\000i\000l\000e\000\050\000\051}{subsection.14.80.2}% 2120
\BOOKMARK [1][-]{section.14.81}{\376\377\0001\0004\000.\0008\0001\000\040\000A\000A\000X\000\137\000I\000A\000C\000F\000P\000r\000i\000v\000a\000t\000e\000D\000a\000t\000a\000A\000c\000c\000e\000s\000s\000\040\000C\000l\000a\000s\000s\000\040\000R\000e\000f\000e\000r\000e\000n\000c\000e}{chapter.14}% 2121
\BOOKMARK [2][-]{subsection.14.81.1}{\376\377\0001\0004\000.\0008\0001\000.\0001\000\040\000D\000e\000s\000c\000r\000i\000p\000t\000i\000o\000n}{section.14.81}% 2122
\BOOKMARK [2][-]{subsection.14.81.2}{\376\377\0001\0004\000.\0008\0001\000.\0002\000\040\000M\000e\000m\000b\000e\000r\000\040\000F\000u\000n\000c\000t\000i\000o\000n\000\040\000D\000o\000c\000u\000m\000e\000n\000t\000a\000t\000i\000o\000n}{section.14.81}% 2123
\BOOKMARK [3][-]{subsubsection.14.81.2.1}{\376\377\0001\0004\000.\0008\0001\000.\0002\000.\0001\000\040\000R\000e\000a\000d\000P\000o\000r\000t\000D\000i\000r\000e\000c\000t\000\050\000\051}{subsection.14.81.2}% 2124
\BOOKMARK [3][-]{subsubsection.14.81.2.2}{\376\377\0001\0004\000.\0008\0001\000.\0002\000.\0002\000\040\000W\000r\000i\000t\000e\000P\000o\000r\000t\000D\000i\000r\000e\000c\000t\000\050\000\051}{subsection.14.81.2}% 2125
\BOOKMARK [1][-]{section.14.82}{\376\377\0001\0004\000.\0008\0002\000\040\000A\000A\000X\000\137\000I\000A\000C\000F\000P\000r\000o\000p\000e\000r\000t\000y\000M\000a\000p\000\040\000C\000l\000a\000s\000s\000\040\000R\000e\000f\000e\000r\000e\000n\000c\000e}{chapter.14}% 2126
\BOOKMARK [2][-]{subsection.14.82.1}{\376\377\0001\0004\000.\0008\0002\000.\0001\000\040\000D\000e\000s\000c\000r\000i\000p\000t\000i\000o\000n}{section.14.82}% 2127
\BOOKMARK [2][-]{subsection.14.82.2}{\376\377\0001\0004\000.\0008\0002\000.\0002\000\040\000M\000e\000m\000b\000e\000r\000\040\000F\000u\000n\000c\000t\000i\000o\000n\000\040\000D\000o\000c\000u\000m\000e\000n\000t\000a\000t\000i\000o\000n}{section.14.82}% 2128
\BOOKMARK [3][-]{subsubsection.14.82.2.1}{\376\377\0001\0004\000.\0008\0002\000.\0002\000.\0001\000\040\000G\000e\000t\000P\000r\000o\000p\000e\000r\000t\000y\000\050\000\051}{subsection.14.82.2}% 2129
\BOOKMARK [3][-]{subsubsection.14.82.2.2}{\376\377\0001\0004\000.\0008\0002\000.\0002\000.\0002\000\040\000A\000d\000d\000P\000r\000o\000p\000e\000r\000t\000y\000\050\000\051}{subsection.14.82.2}% 2130
\BOOKMARK [3][-]{subsubsection.14.82.2.3}{\376\377\0001\0004\000.\0008\0002\000.\0002\000.\0003\000\040\000R\000e\000m\000o\000v\000e\000P\000r\000o\000p\000e\000r\000t\000y\000\050\000\051}{subsection.14.82.2}% 2131
\BOOKMARK [1][-]{section.14.83}{\376\377\0001\0004\000.\0008\0003\000\040\000A\000A\000X\000\137\000I\000A\000C\000F\000P\000r\000o\000p\000e\000r\000t\000y\000M\000a\000p\000\137\000V\0002\000\040\000C\000l\000a\000s\000s\000\040\000R\000e\000f\000e\000r\000e\000n\000c\000e}{chapter.14}% 2132
\BOOKMARK [2][-]{subsection.14.83.1}{\376\377\0001\0004\000.\0008\0003\000.\0001\000\040\000D\000e\000s\000c\000r\000i\000p\000t\000i\000o\000n}{section.14.83}% 2133
\BOOKMARK [2][-]{subsection.14.83.2}{\376\377\0001\0004\000.\0008\0003\000.\0002\000\040\000M\000e\000m\000b\000e\000r\000\040\000F\000u\000n\000c\000t\000i\000o\000n\000\040\000D\000o\000c\000u\000m\000e\000n\000t\000a\000t\000i\000o\000n}{section.14.83}% 2134
\BOOKMARK [3][-]{subsubsection.14.83.2.1}{\376\377\0001\0004\000.\0008\0003\000.\0002\000.\0001\000\040\000A\000d\000d\000P\000r\000o\000p\000e\000r\000t\000y\000W\000i\000t\000h\000I\000D\000A\000r\000r\000a\000y\000\050\000\051}{subsection.14.83.2}% 2135
\BOOKMARK [3][-]{subsubsection.14.83.2.2}{\376\377\0001\0004\000.\0008\0003\000.\0002\000.\0002\000\040\000G\000e\000t\000P\000r\000o\000p\000e\000r\000t\000y\000W\000i\000t\000h\000I\000D\000A\000r\000r\000a\000y\000\050\000\051}{subsection.14.83.2}% 2136
\BOOKMARK [1][-]{section.14.84}{\376\377\0001\0004\000.\0008\0004\000\040\000A\000A\000X\000\137\000I\000A\000C\000F\000P\000r\000o\000p\000e\000r\000t\000y\000M\000a\000p\000\137\000V\0003\000\040\000C\000l\000a\000s\000s\000\040\000R\000e\000f\000e\000r\000e\000n\000c\000e}{chapter.14}% 2137
\BOOKMARK [2][-]{subsection.14.84.1}{\376\377\0001\0004\000.\0008\0004\000.\0001\000\040\000D\000e\000s\000c\000r\000i\000p\000t\000i\000o\000n}{section.14.84}% 2138
\BOOKMARK [2][-]{subsection.14.84.2}{\376\377\0001\0004\000.\0008\0004\000.\0002\000\040\000M\000e\000m\000b\000e\000r\000\040\000F\000u\000n\000c\000t\000i\000o\000n\000\040\000D\000o\000c\000u\000m\000e\000n\000t\000a\000t\000i\000o\000n}{section.14.84}% 2139
\BOOKMARK [3][-]{subsubsection.14.84.2.1}{\376\377\0001\0004\000.\0008\0004\000.\0002\000.\0001\000\040\000G\000e\000t\000P\000r\000o\000p\000e\000r\000t\000y\0006\0004\000\050\000\051}{subsection.14.84.2}% 2140
\BOOKMARK [3][-]{subsubsection.14.84.2.2}{\376\377\0001\0004\000.\0008\0004\000.\0002\000.\0002\000\040\000A\000d\000d\000P\000r\000o\000p\000e\000r\000t\000y\0006\0004\000\050\000\051}{subsection.14.84.2}% 2141
\BOOKMARK [1][-]{section.14.85}{\376\377\0001\0004\000.\0008\0005\000\040\000A\000A\000X\000\137\000I\000A\000C\000F\000S\000e\000s\000s\000i\000o\000n\000D\000o\000c\000u\000m\000e\000n\000t\000\040\000C\000l\000a\000s\000s\000\040\000R\000e\000f\000e\000r\000e\000n\000c\000e}{chapter.14}% 2142
\BOOKMARK [2][-]{subsection.14.85.1}{\376\377\0001\0004\000.\0008\0005\000.\0001\000\040\000D\000e\000s\000c\000r\000i\000p\000t\000i\000o\000n}{section.14.85}% 2143
\BOOKMARK [2][-]{subsection.14.85.2}{\376\377\0001\0004\000.\0008\0005\000.\0002\000\040\000M\000e\000m\000b\000e\000r\000\040\000F\000u\000n\000c\000t\000i\000o\000n\000\040\000D\000o\000c\000u\000m\000e\000n\000t\000a\000t\000i\000o\000n}{section.14.85}% 2144
\BOOKMARK [3][-]{subsubsection.14.85.2.1}{\376\377\0001\0004\000.\0008\0005\000.\0002\000.\0001\000\040\000G\000e\000t\000D\000o\000c\000u\000m\000e\000n\000t\000D\000a\000t\000a\000\050\000\051}{subsection.14.85.2}% 2145
\BOOKMARK [1][-]{section.14.86}{\376\377\0001\0004\000.\0008\0006\000\040\000A\000A\000X\000\137\000I\000A\000C\000F\000S\000e\000s\000s\000i\000o\000n\000D\000o\000c\000u\000m\000e\000n\000t\000C\000l\000i\000e\000n\000t\000\040\000C\000l\000a\000s\000s\000\040\000R\000e\000f\000e\000r\000e\000n\000c\000e}{chapter.14}% 2146
\BOOKMARK [2][-]{subsection.14.86.1}{\376\377\0001\0004\000.\0008\0006\000.\0001\000\040\000D\000e\000s\000c\000r\000i\000p\000t\000i\000o\000n}{section.14.86}% 2147
\BOOKMARK [2][-]{subsection.14.86.2}{\376\377\0001\0004\000.\0008\0006\000.\0002\000\040\000M\000e\000m\000b\000e\000r\000\040\000F\000u\000n\000c\000t\000i\000o\000n\000\040\000D\000o\000c\000u\000m\000e\000n\000t\000a\000t\000i\000o\000n}{section.14.86}% 2148
\BOOKMARK [3][-]{subsubsection.14.86.2.1}{\376\377\0001\0004\000.\0008\0006\000.\0002\000.\0001\000\040\000I\000n\000i\000t\000i\000a\000l\000i\000z\000e\000\050\000\051}{subsection.14.86.2}% 2149
\BOOKMARK [3][-]{subsubsection.14.86.2.2}{\376\377\0001\0004\000.\0008\0006\000.\0002\000.\0002\000\040\000U\000n\000i\000n\000i\000t\000i\000a\000l\000i\000z\000e\000\050\000\051}{subsection.14.86.2}% 2150
\BOOKMARK [3][-]{subsubsection.14.86.2.3}{\376\377\0001\0004\000.\0008\0006\000.\0002\000.\0003\000\040\000S\000e\000t\000S\000e\000s\000s\000i\000o\000n\000D\000o\000c\000u\000m\000e\000n\000t\000\050\000\051}{subsection.14.86.2}% 2151
\BOOKMARK [3][-]{subsubsection.14.86.2.4}{\376\377\0001\0004\000.\0008\0006\000.\0002\000.\0004\000\040\000N\000o\000t\000i\000f\000i\000c\000a\000t\000i\000o\000n\000R\000e\000c\000e\000i\000v\000e\000d\000\050\000\051}{subsection.14.86.2}% 2152
\BOOKMARK [1][-]{section.14.87}{\376\377\0001\0004\000.\0008\0007\000\040\000A\000A\000X\000\137\000I\000A\000C\000F\000T\000a\000s\000k\000\040\000C\000l\000a\000s\000s\000\040\000R\000e\000f\000e\000r\000e\000n\000c\000e}{chapter.14}% 2153
\BOOKMARK [2][-]{subsection.14.87.1}{\376\377\0001\0004\000.\0008\0007\000.\0001\000\040\000D\000e\000s\000c\000r\000i\000p\000t\000i\000o\000n}{section.14.87}% 2154
\BOOKMARK [2][-]{subsection.14.87.2}{\376\377\0001\0004\000.\0008\0007\000.\0002\000\040\000M\000e\000m\000b\000e\000r\000\040\000F\000u\000n\000c\000t\000i\000o\000n\000\040\000D\000o\000c\000u\000m\000e\000n\000t\000a\000t\000i\000o\000n}{section.14.87}% 2155
\BOOKMARK [3][-]{subsubsection.14.87.2.1}{\376\377\0001\0004\000.\0008\0007\000.\0002\000.\0001\000\040\000G\000e\000t\000T\000y\000p\000e\000\050\000\051}{subsection.14.87.2}% 2156
\BOOKMARK [3][-]{subsubsection.14.87.2.2}{\376\377\0001\0004\000.\0008\0007\000.\0002\000.\0002\000\040\000G\000e\000t\000A\000r\000g\000u\000m\000e\000n\000t\000O\000f\000T\000y\000p\000e\000\050\000\051}{subsection.14.87.2}% 2157
\BOOKMARK [3][-]{subsubsection.14.87.2.3}{\376\377\0001\0004\000.\0008\0007\000.\0002\000.\0003\000\040\000S\000e\000t\000P\000r\000o\000g\000r\000e\000s\000s\000\050\000\051}{subsection.14.87.2}% 2158
\BOOKMARK [3][-]{subsubsection.14.87.2.4}{\376\377\0001\0004\000.\0008\0007\000.\0002\000.\0004\000\040\000G\000e\000t\000P\000r\000o\000g\000r\000e\000s\000s\000\050\000\051}{subsection.14.87.2}% 2159
\BOOKMARK [3][-]{subsubsection.14.87.2.5}{\376\377\0001\0004\000.\0008\0007\000.\0002\000.\0005\000\040\000A\000d\000d\000R\000e\000s\000u\000l\000t\000\050\000\051}{subsection.14.87.2}% 2160
\BOOKMARK [3][-]{subsubsection.14.87.2.6}{\376\377\0001\0004\000.\0008\0007\000.\0002\000.\0006\000\040\000S\000e\000t\000D\000o\000n\000e\000\050\000\051}{subsection.14.87.2}% 2161
\BOOKMARK [1][-]{section.14.88}{\376\377\0001\0004\000.\0008\0008\000\040\000A\000A\000X\000\137\000I\000A\000C\000F\000T\000a\000s\000k\000A\000g\000e\000n\000t\000\040\000C\000l\000a\000s\000s\000\040\000R\000e\000f\000e\000r\000e\000n\000c\000e}{chapter.14}% 2162
\BOOKMARK [2][-]{subsection.14.88.1}{\376\377\0001\0004\000.\0008\0008\000.\0001\000\040\000D\000e\000s\000c\000r\000i\000p\000t\000i\000o\000n}{section.14.88}% 2163
\BOOKMARK [2][-]{subsection.14.88.2}{\376\377\0001\0004\000.\0008\0008\000.\0002\000\040\000M\000e\000m\000b\000e\000r\000\040\000F\000u\000n\000c\000t\000i\000o\000n\000\040\000D\000o\000c\000u\000m\000e\000n\000t\000a\000t\000i\000o\000n}{section.14.88}% 2164
\BOOKMARK [3][-]{subsubsection.14.88.2.1}{\376\377\0001\0004\000.\0008\0008\000.\0002\000.\0001\000\040\000I\000n\000i\000t\000i\000a\000l\000i\000z\000e\000\050\000\051}{subsection.14.88.2}% 2165
\BOOKMARK [3][-]{subsubsection.14.88.2.2}{\376\377\0001\0004\000.\0008\0008\000.\0002\000.\0002\000\040\000U\000n\000i\000n\000i\000t\000i\000a\000l\000i\000z\000e\000\050\000\051}{subsection.14.88.2}% 2166
\BOOKMARK [3][-]{subsubsection.14.88.2.3}{\376\377\0001\0004\000.\0008\0008\000.\0002\000.\0003\000\040\000A\000d\000d\000T\000a\000s\000k\000\050\000\051}{subsection.14.88.2}% 2167
\BOOKMARK [3][-]{subsubsection.14.88.2.4}{\376\377\0001\0004\000.\0008\0008\000.\0002\000.\0004\000\040\000C\000a\000n\000c\000e\000l\000A\000l\000l\000T\000a\000s\000k\000s\000\050\000\051}{subsection.14.88.2}% 2168
\BOOKMARK [1][-]{section.14.89}{\376\377\0001\0004\000.\0008\0009\000\040\000A\000A\000X\000\137\000I\000A\000C\000F\000T\000r\000a\000n\000s\000p\000o\000r\000t\000\040\000C\000l\000a\000s\000s\000\040\000R\000e\000f\000e\000r\000e\000n\000c\000e}{chapter.14}% 2169
\BOOKMARK [2][-]{subsection.14.89.1}{\376\377\0001\0004\000.\0008\0009\000.\0001\000\040\000D\000e\000s\000c\000r\000i\000p\000t\000i\000o\000n}{section.14.89}% 2170
\BOOKMARK [2][-]{subsection.14.89.2}{\376\377\0001\0004\000.\0008\0009\000.\0002\000\040\000M\000e\000m\000b\000e\000r\000\040\000F\000u\000n\000c\000t\000i\000o\000n\000\040\000D\000o\000c\000u\000m\000e\000n\000t\000a\000t\000i\000o\000n}{section.14.89}% 2171
\BOOKMARK [3][-]{subsubsection.14.89.2.1}{\376\377\0001\0004\000.\0008\0009\000.\0002\000.\0001\000\040\000G\000e\000t\000C\000u\000r\000r\000e\000n\000t\000T\000e\000m\000p\000o\000\050\000\051}{subsection.14.89.2}% 2172
\BOOKMARK [3][-]{subsubsection.14.89.2.2}{\376\377\0001\0004\000.\0008\0009\000.\0002\000.\0002\000\040\000G\000e\000t\000C\000u\000r\000r\000e\000n\000t\000M\000e\000t\000e\000r\000\050\000\051}{subsection.14.89.2}% 2173
\BOOKMARK [3][-]{subsubsection.14.89.2.3}{\376\377\0001\0004\000.\0008\0009\000.\0002\000.\0003\000\040\000I\000s\000T\000r\000a\000n\000s\000p\000o\000r\000t\000P\000l\000a\000y\000i\000n\000g\000\050\000\051}{subsection.14.89.2}% 2174
\BOOKMARK [3][-]{subsubsection.14.89.2.4}{\376\377\0001\0004\000.\0008\0009\000.\0002\000.\0004\000\040\000G\000e\000t\000C\000u\000r\000r\000e\000n\000t\000T\000i\000c\000k\000P\000o\000s\000i\000t\000i\000o\000n\000\050\000\051}{subsection.14.89.2}% 2175
\BOOKMARK [3][-]{subsubsection.14.89.2.5}{\376\377\0001\0004\000.\0008\0009\000.\0002\000.\0005\000\040\000G\000e\000t\000C\000u\000r\000r\000e\000n\000t\000L\000o\000o\000p\000P\000o\000s\000i\000t\000i\000o\000n\000\050\000\051}{subsection.14.89.2}% 2176
\BOOKMARK [3][-]{subsubsection.14.89.2.6}{\376\377\0001\0004\000.\0008\0009\000.\0002\000.\0006\000\040\000G\000e\000t\000C\000u\000r\000r\000e\000n\000t\000N\000a\000t\000i\000v\000e\000S\000a\000m\000p\000l\000e\000L\000o\000c\000a\000t\000i\000o\000n\000\050\000\051}{subsection.14.89.2}% 2177
\BOOKMARK [3][-]{subsubsection.14.89.2.7}{\376\377\0001\0004\000.\0008\0009\000.\0002\000.\0007\000\040\000G\000e\000t\000C\000u\000s\000t\000o\000m\000T\000i\000c\000k\000P\000o\000s\000i\000t\000i\000o\000n\000\050\000\051}{subsection.14.89.2}% 2178
\BOOKMARK [3][-]{subsubsection.14.89.2.8}{\376\377\0001\0004\000.\0008\0009\000.\0002\000.\0008\000\040\000G\000e\000t\000B\000a\000r\000B\000e\000a\000t\000P\000o\000s\000i\000t\000i\000o\000n\000\050\000\051}{subsection.14.89.2}% 2179
\BOOKMARK [3][-]{subsubsection.14.89.2.9}{\376\377\0001\0004\000.\0008\0009\000.\0002\000.\0009\000\040\000G\000e\000t\000T\000i\000c\000k\000s\000P\000e\000r\000Q\000u\000a\000r\000t\000e\000r\000\050\000\051}{subsection.14.89.2}% 2180
\BOOKMARK [3][-]{subsubsection.14.89.2.10}{\376\377\0001\0004\000.\0008\0009\000.\0002\000.\0001\0000\000\040\000G\000e\000t\000C\000u\000r\000r\000e\000n\000t\000T\000i\000c\000k\000s\000P\000e\000r\000B\000e\000a\000t\000\050\000\051}{subsection.14.89.2}% 2181
\BOOKMARK [1][-]{section.14.90}{\376\377\0001\0004\000.\0009\0000\000\040\000A\000A\000X\000\137\000I\000A\000C\000F\000T\000r\000a\000n\000s\000p\000o\000r\000t\000\137\000V\0002\000\040\000C\000l\000a\000s\000s\000\040\000R\000e\000f\000e\000r\000e\000n\000c\000e}{chapter.14}% 2182
\BOOKMARK [2][-]{subsection.14.90.1}{\376\377\0001\0004\000.\0009\0000\000.\0001\000\040\000D\000e\000s\000c\000r\000i\000p\000t\000i\000o\000n}{section.14.90}% 2183
\BOOKMARK [2][-]{subsection.14.90.2}{\376\377\0001\0004\000.\0009\0000\000.\0002\000\040\000M\000e\000m\000b\000e\000r\000\040\000F\000u\000n\000c\000t\000i\000o\000n\000\040\000D\000o\000c\000u\000m\000e\000n\000t\000a\000t\000i\000o\000n}{section.14.90}% 2184
\BOOKMARK [3][-]{subsubsection.14.90.2.1}{\376\377\0001\0004\000.\0009\0000\000.\0002\000.\0001\000\040\000G\000e\000t\000T\000i\000m\000e\000l\000i\000n\000e\000S\000e\000l\000e\000c\000t\000i\000o\000n\000S\000t\000a\000r\000t\000P\000o\000s\000i\000t\000i\000o\000n\000\050\000\051}{subsection.14.90.2}% 2185
\BOOKMARK [3][-]{subsubsection.14.90.2.2}{\376\377\0001\0004\000.\0009\0000\000.\0002\000.\0002\000\040\000G\000e\000t\000T\000i\000m\000e\000C\000o\000d\000e\000I\000n\000f\000o\000\050\000\051}{subsection.14.90.2}% 2186
\BOOKMARK [3][-]{subsubsection.14.90.2.3}{\376\377\0001\0004\000.\0009\0000\000.\0002\000.\0003\000\040\000G\000e\000t\000F\000e\000e\000t\000F\000r\000a\000m\000e\000s\000I\000n\000f\000o\000\050\000\051}{subsection.14.90.2}% 2187
\BOOKMARK [3][-]{subsubsection.14.90.2.4}{\376\377\0001\0004\000.\0009\0000\000.\0002\000.\0004\000\040\000I\000s\000M\000e\000t\000r\000o\000n\000o\000m\000e\000E\000n\000a\000b\000l\000e\000d\000\050\000\051}{subsection.14.90.2}% 2188
\BOOKMARK [1][-]{section.14.91}{\376\377\0001\0004\000.\0009\0001\000\040\000A\000A\000X\000\137\000I\000A\000C\000F\000T\000r\000a\000n\000s\000p\000o\000r\000t\000\137\000V\0003\000\040\000C\000l\000a\000s\000s\000\040\000R\000e\000f\000e\000r\000e\000n\000c\000e}{chapter.14}% 2189
\BOOKMARK [2][-]{subsection.14.91.1}{\376\377\0001\0004\000.\0009\0001\000.\0001\000\040\000D\000e\000s\000c\000r\000i\000p\000t\000i\000o\000n}{section.14.91}% 2190
\BOOKMARK [2][-]{subsection.14.91.2}{\376\377\0001\0004\000.\0009\0001\000.\0002\000\040\000M\000e\000m\000b\000e\000r\000\040\000F\000u\000n\000c\000t\000i\000o\000n\000\040\000D\000o\000c\000u\000m\000e\000n\000t\000a\000t\000i\000o\000n}{section.14.91}% 2191
\BOOKMARK [3][-]{subsubsection.14.91.2.1}{\376\377\0001\0004\000.\0009\0001\000.\0002\000.\0001\000\040\000G\000e\000t\000H\000D\000T\000i\000m\000e\000C\000o\000d\000e\000I\000n\000f\000o\000\050\000\051}{subsection.14.91.2}% 2192
\BOOKMARK [1][-]{section.14.92}{\376\377\0001\0004\000.\0009\0002\000\040\000A\000A\000X\000\137\000I\000A\000C\000F\000T\000r\000a\000n\000s\000p\000o\000r\000t\000\137\000V\0004\000\040\000C\000l\000a\000s\000s\000\040\000R\000e\000f\000e\000r\000e\000n\000c\000e}{chapter.14}% 2193
\BOOKMARK [2][-]{subsection.14.92.1}{\376\377\0001\0004\000.\0009\0002\000.\0001\000\040\000D\000e\000s\000c\000r\000i\000p\000t\000i\000o\000n}{section.14.92}% 2194
\BOOKMARK [2][-]{subsection.14.92.2}{\376\377\0001\0004\000.\0009\0002\000.\0002\000\040\000M\000e\000m\000b\000e\000r\000\040\000F\000u\000n\000c\000t\000i\000o\000n\000\040\000D\000o\000c\000u\000m\000e\000n\000t\000a\000t\000i\000o\000n}{section.14.92}% 2195
\BOOKMARK [3][-]{subsubsection.14.92.2.1}{\376\377\0001\0004\000.\0009\0002\000.\0002\000.\0001\000\040\000G\000e\000t\000T\000i\000m\000e\000l\000i\000n\000e\000S\000e\000l\000e\000c\000t\000i\000o\000n\000E\000n\000d\000P\000o\000s\000i\000t\000i\000o\000n\000\050\000\051}{subsection.14.92.2}% 2196
\BOOKMARK [1][-]{section.14.93}{\376\377\0001\0004\000.\0009\0003\000\040\000A\000A\000X\000\137\000I\000A\000C\000F\000T\000r\000a\000n\000s\000p\000o\000r\000t\000\137\000V\0005\000\040\000C\000l\000a\000s\000s\000\040\000R\000e\000f\000e\000r\000e\000n\000c\000e}{chapter.14}% 2197
\BOOKMARK [2][-]{subsection.14.93.1}{\376\377\0001\0004\000.\0009\0003\000.\0001\000\040\000D\000e\000s\000c\000r\000i\000p\000t\000i\000o\000n}{section.14.93}% 2198
\BOOKMARK [2][-]{subsection.14.93.2}{\376\377\0001\0004\000.\0009\0003\000.\0002\000\040\000M\000e\000m\000b\000e\000r\000\040\000F\000u\000n\000c\000t\000i\000o\000n\000\040\000D\000o\000c\000u\000m\000e\000n\000t\000a\000t\000i\000o\000n}{section.14.93}% 2199
\BOOKMARK [3][-]{subsubsection.14.93.2.1}{\376\377\0001\0004\000.\0009\0003\000.\0002\000.\0001\000\040\000G\000e\000t\000K\000e\000y\000S\000i\000g\000n\000a\000t\000u\000r\000e\000\050\000\051}{subsection.14.93.2}% 2200
\BOOKMARK [1][-]{section.14.94}{\376\377\0001\0004\000.\0009\0004\000\040\000A\000A\000X\000\137\000I\000A\000C\000F\000T\000r\000a\000n\000s\000p\000o\000r\000t\000C\000o\000n\000t\000r\000o\000l\000\040\000C\000l\000a\000s\000s\000\040\000R\000e\000f\000e\000r\000e\000n\000c\000e}{chapter.14}% 2201
\BOOKMARK [2][-]{subsection.14.94.1}{\376\377\0001\0004\000.\0009\0004\000.\0001\000\040\000D\000e\000s\000c\000r\000i\000p\000t\000i\000o\000n}{section.14.94}% 2202
\BOOKMARK [2][-]{subsection.14.94.2}{\376\377\0001\0004\000.\0009\0004\000.\0002\000\040\000M\000e\000m\000b\000e\000r\000\040\000F\000u\000n\000c\000t\000i\000o\000n\000\040\000D\000o\000c\000u\000m\000e\000n\000t\000a\000t\000i\000o\000n}{section.14.94}% 2203
\BOOKMARK [3][-]{subsubsection.14.94.2.1}{\376\377\0001\0004\000.\0009\0004\000.\0002\000.\0001\000\040\000R\000e\000q\000u\000e\000s\000t\000T\000r\000a\000n\000s\000p\000o\000r\000t\000S\000t\000a\000r\000t\000\050\000\051}{subsection.14.94.2}% 2204
\BOOKMARK [3][-]{subsubsection.14.94.2.2}{\376\377\0001\0004\000.\0009\0004\000.\0002\000.\0002\000\040\000R\000e\000q\000u\000e\000s\000t\000T\000r\000a\000n\000s\000p\000o\000r\000t\000S\000t\000o\000p\000\050\000\051}{subsection.14.94.2}% 2205
\BOOKMARK [1][-]{section.14.95}{\376\377\0001\0004\000.\0009\0005\000\040\000A\000A\000X\000\137\000I\000A\000C\000F\000V\000i\000e\000w\000C\000o\000n\000t\000a\000i\000n\000e\000r\000\040\000C\000l\000a\000s\000s\000\040\000R\000e\000f\000e\000r\000e\000n\000c\000e}{chapter.14}% 2206
\BOOKMARK [2][-]{subsection.14.95.1}{\376\377\0001\0004\000.\0009\0005\000.\0001\000\040\000D\000e\000s\000c\000r\000i\000p\000t\000i\000o\000n}{section.14.95}% 2207
\BOOKMARK [2][-]{subsection.14.95.2}{\376\377\0001\0004\000.\0009\0005\000.\0002\000\040\000M\000e\000m\000b\000e\000r\000\040\000F\000u\000n\000c\000t\000i\000o\000n\000\040\000D\000o\000c\000u\000m\000e\000n\000t\000a\000t\000i\000o\000n}{section.14.95}% 2208
\BOOKMARK [3][-]{subsubsection.14.95.2.1}{\376\377\0001\0004\000.\0009\0005\000.\0002\000.\0001\000\040\000G\000e\000t\000T\000y\000p\000e\000\050\000\051}{subsection.14.95.2}% 2209
\BOOKMARK [3][-]{subsubsection.14.95.2.2}{\376\377\0001\0004\000.\0009\0005\000.\0002\000.\0002\000\040\000G\000e\000t\000P\000t\000r\000\050\000\051}{subsection.14.95.2}% 2210
\BOOKMARK [3][-]{subsubsection.14.95.2.3}{\376\377\0001\0004\000.\0009\0005\000.\0002\000.\0003\000\040\000G\000e\000t\000M\000o\000d\000i\000f\000i\000e\000r\000s\000\050\000\051}{subsection.14.95.2}% 2211
\BOOKMARK [3][-]{subsubsection.14.95.2.4}{\376\377\0001\0004\000.\0009\0005\000.\0002\000.\0004\000\040\000S\000e\000t\000V\000i\000e\000w\000S\000i\000z\000e\000\050\000\051}{subsection.14.95.2}% 2212
\BOOKMARK [3][-]{subsubsection.14.95.2.5}{\376\377\0001\0004\000.\0009\0005\000.\0002\000.\0005\000\040\000H\000a\000n\000d\000l\000e\000P\000a\000r\000a\000m\000e\000t\000e\000r\000M\000o\000u\000s\000e\000D\000o\000w\000n\000\050\000\051}{subsection.14.95.2}% 2213
\BOOKMARK [3][-]{subsubsection.14.95.2.6}{\376\377\0001\0004\000.\0009\0005\000.\0002\000.\0006\000\040\000H\000a\000n\000d\000l\000e\000P\000a\000r\000a\000m\000e\000t\000e\000r\000M\000o\000u\000s\000e\000D\000r\000a\000g\000\050\000\051}{subsection.14.95.2}% 2214
\BOOKMARK [3][-]{subsubsection.14.95.2.7}{\376\377\0001\0004\000.\0009\0005\000.\0002\000.\0007\000\040\000H\000a\000n\000d\000l\000e\000P\000a\000r\000a\000m\000e\000t\000e\000r\000M\000o\000u\000s\000e\000U\000p\000\050\000\051}{subsection.14.95.2}% 2215
\BOOKMARK [1][-]{section.14.96}{\376\377\0001\0004\000.\0009\0006\000\040\000A\000A\000X\000\137\000I\000A\000C\000F\000V\000i\000e\000w\000C\000o\000n\000t\000a\000i\000n\000e\000r\000\137\000V\0002\000\040\000C\000l\000a\000s\000s\000\040\000R\000e\000f\000e\000r\000e\000n\000c\000e}{chapter.14}% 2216
\BOOKMARK [2][-]{subsection.14.96.1}{\376\377\0001\0004\000.\0009\0006\000.\0001\000\040\000D\000e\000s\000c\000r\000i\000p\000t\000i\000o\000n}{section.14.96}% 2217
\BOOKMARK [2][-]{subsection.14.96.2}{\376\377\0001\0004\000.\0009\0006\000.\0002\000\040\000M\000e\000m\000b\000e\000r\000\040\000F\000u\000n\000c\000t\000i\000o\000n\000\040\000D\000o\000c\000u\000m\000e\000n\000t\000a\000t\000i\000o\000n}{section.14.96}% 2218
\BOOKMARK [3][-]{subsubsection.14.96.2.1}{\376\377\0001\0004\000.\0009\0006\000.\0002\000.\0001\000\040\000H\000a\000n\000d\000l\000e\000M\000u\000l\000t\000i\000p\000l\000e\000P\000a\000r\000a\000m\000e\000t\000e\000r\000s\000M\000o\000u\000s\000e\000D\000o\000w\000n\000\050\000\051}{subsection.14.96.2}% 2219
\BOOKMARK [3][-]{subsubsection.14.96.2.2}{\376\377\0001\0004\000.\0009\0006\000.\0002\000.\0002\000\040\000H\000a\000n\000d\000l\000e\000M\000u\000l\000t\000i\000p\000l\000e\000P\000a\000r\000a\000m\000e\000t\000e\000r\000s\000M\000o\000u\000s\000e\000D\000r\000a\000g\000\050\000\051}{subsection.14.96.2}% 2220
\BOOKMARK [3][-]{subsubsection.14.96.2.3}{\376\377\0001\0004\000.\0009\0006\000.\0002\000.\0003\000\040\000H\000a\000n\000d\000l\000e\000M\000u\000l\000t\000i\000p\000l\000e\000P\000a\000r\000a\000m\000e\000t\000e\000r\000s\000M\000o\000u\000s\000e\000U\000p\000\050\000\051}{subsection.14.96.2}% 2221
\BOOKMARK [1][-]{section.14.97}{\376\377\0001\0004\000.\0009\0007\000\040\000A\000A\000X\000\137\000I\000A\000C\000F\000V\000i\000e\000w\000C\000o\000n\000t\000a\000i\000n\000e\000r\000\137\000V\0003\000\040\000C\000l\000a\000s\000s\000\040\000R\000e\000f\000e\000r\000e\000n\000c\000e}{chapter.14}% 2222
\BOOKMARK [2][-]{subsection.14.97.1}{\376\377\0001\0004\000.\0009\0007\000.\0001\000\040\000D\000e\000s\000c\000r\000i\000p\000t\000i\000o\000n}{section.14.97}% 2223
\BOOKMARK [2][-]{subsection.14.97.2}{\376\377\0001\0004\000.\0009\0007\000.\0002\000\040\000M\000e\000m\000b\000e\000r\000\040\000F\000u\000n\000c\000t\000i\000o\000n\000\040\000D\000o\000c\000u\000m\000e\000n\000t\000a\000t\000i\000o\000n}{section.14.97}% 2224
\BOOKMARK [3][-]{subsubsection.14.97.2.1}{\376\377\0001\0004\000.\0009\0007\000.\0002\000.\0001\000\040\000H\000a\000n\000d\000l\000e\000P\000a\000r\000a\000m\000e\000t\000e\000r\000M\000o\000u\000s\000e\000E\000n\000t\000e\000r\000\050\000\051}{subsection.14.97.2}% 2225
\BOOKMARK [3][-]{subsubsection.14.97.2.2}{\376\377\0001\0004\000.\0009\0007\000.\0002\000.\0002\000\040\000H\000a\000n\000d\000l\000e\000P\000a\000r\000a\000m\000e\000t\000e\000r\000M\000o\000u\000s\000e\000E\000x\000i\000t\000\050\000\051}{subsection.14.97.2}% 2226
\BOOKMARK [1][-]{section.14.98}{\376\377\0001\0004\000.\0009\0008\000\040\000A\000A\000X\000\137\000I\000A\000u\000t\000o\000m\000a\000t\000i\000o\000n\000D\000e\000l\000e\000g\000a\000t\000e\000\040\000C\000l\000a\000s\000s\000\040\000R\000e\000f\000e\000r\000e\000n\000c\000e}{chapter.14}% 2227
\BOOKMARK [2][-]{subsection.14.98.1}{\376\377\0001\0004\000.\0009\0008\000.\0001\000\040\000D\000e\000s\000c\000r\000i\000p\000t\000i\000o\000n}{section.14.98}% 2228
\BOOKMARK [2][-]{subsection.14.98.2}{\376\377\0001\0004\000.\0009\0008\000.\0002\000\040\000C\000o\000n\000s\000t\000r\000u\000c\000t\000o\000r\000\040\000\046\000\040\000D\000e\000s\000t\000r\000u\000c\000t\000o\000r\000\040\000D\000o\000c\000u\000m\000e\000n\000t\000a\000t\000i\000o\000n}{section.14.98}% 2229
\BOOKMARK [3][-]{subsubsection.14.98.2.1}{\376\377\0001\0004\000.\0009\0008\000.\0002\000.\0001\000\040\000\040\000A\000A\000X\000\137\000I\000A\000u\000t\000o\000m\000a\000t\000i\000o\000n\000D\000e\000l\000e\000g\000a\000t\000e\000\050\000\051}{subsection.14.98.2}% 2230
\BOOKMARK [2][-]{subsection.14.98.3}{\376\377\0001\0004\000.\0009\0008\000.\0003\000\040\000M\000e\000m\000b\000e\000r\000\040\000F\000u\000n\000c\000t\000i\000o\000n\000\040\000D\000o\000c\000u\000m\000e\000n\000t\000a\000t\000i\000o\000n}{section.14.98}% 2231
\BOOKMARK [3][-]{subsubsection.14.98.3.1}{\376\377\0001\0004\000.\0009\0008\000.\0003\000.\0001\000\040\000R\000e\000g\000i\000s\000t\000e\000r\000P\000a\000r\000a\000m\000e\000t\000e\000r\000\050\000\051}{subsection.14.98.3}% 2232
\BOOKMARK [3][-]{subsubsection.14.98.3.2}{\376\377\0001\0004\000.\0009\0008\000.\0003\000.\0002\000\040\000U\000n\000r\000e\000g\000i\000s\000t\000e\000r\000P\000a\000r\000a\000m\000e\000t\000e\000r\000\050\000\051}{subsection.14.98.3}% 2233
\BOOKMARK [3][-]{subsubsection.14.98.3.3}{\376\377\0001\0004\000.\0009\0008\000.\0003\000.\0003\000\040\000P\000o\000s\000t\000S\000e\000t\000V\000a\000l\000u\000e\000R\000e\000q\000u\000e\000s\000t\000\050\000\051}{subsection.14.98.3}% 2234
\BOOKMARK [3][-]{subsubsection.14.98.3.4}{\376\377\0001\0004\000.\0009\0008\000.\0003\000.\0004\000\040\000P\000o\000s\000t\000C\000u\000r\000r\000e\000n\000t\000V\000a\000l\000u\000e\000\050\000\051}{subsection.14.98.3}% 2235
\BOOKMARK [3][-]{subsubsection.14.98.3.5}{\376\377\0001\0004\000.\0009\0008\000.\0003\000.\0005\000\040\000P\000o\000s\000t\000T\000o\000u\000c\000h\000R\000e\000q\000u\000e\000s\000t\000\050\000\051}{subsection.14.98.3}% 2236
\BOOKMARK [3][-]{subsubsection.14.98.3.6}{\376\377\0001\0004\000.\0009\0008\000.\0003\000.\0006\000\040\000P\000o\000s\000t\000R\000e\000l\000e\000a\000s\000e\000R\000e\000q\000u\000e\000s\000t\000\050\000\051}{subsection.14.98.3}% 2237
\BOOKMARK [3][-]{subsubsection.14.98.3.7}{\376\377\0001\0004\000.\0009\0008\000.\0003\000.\0007\000\040\000G\000e\000t\000T\000o\000u\000c\000h\000S\000t\000a\000t\000e\000\050\000\051}{subsection.14.98.3}% 2238
\BOOKMARK [3][-]{subsubsection.14.98.3.8}{\376\377\0001\0004\000.\0009\0008\000.\0003\000.\0008\000\040\000P\000a\000r\000a\000m\000e\000t\000e\000r\000N\000a\000m\000e\000C\000h\000a\000n\000g\000e\000d\000\050\000\051}{subsection.14.98.3}% 2239
\BOOKMARK [1][-]{section.14.99}{\376\377\0001\0004\000.\0009\0009\000\040\000A\000A\000X\000\137\000I\000C\000o\000l\000l\000e\000c\000t\000i\000o\000n\000\040\000C\000l\000a\000s\000s\000\040\000R\000e\000f\000e\000r\000e\000n\000c\000e}{chapter.14}% 2240
\BOOKMARK [2][-]{subsection.14.99.1}{\376\377\0001\0004\000.\0009\0009\000.\0001\000\040\000D\000e\000s\000c\000r\000i\000p\000t\000i\000o\000n}{section.14.99}% 2241
\BOOKMARK [2][-]{subsection.14.99.2}{\376\377\0001\0004\000.\0009\0009\000.\0002\000\040\000C\000o\000n\000s\000t\000r\000u\000c\000t\000o\000r\000\040\000\046\000\040\000D\000e\000s\000t\000r\000u\000c\000t\000o\000r\000\040\000D\000o\000c\000u\000m\000e\000n\000t\000a\000t\000i\000o\000n}{section.14.99}% 2242
\BOOKMARK [3][-]{subsubsection.14.99.2.1}{\376\377\0001\0004\000.\0009\0009\000.\0002\000.\0001\000\040\000\040\000A\000A\000X\000\137\000I\000C\000o\000l\000l\000e\000c\000t\000i\000o\000n\000\050\000\051}{subsection.14.99.2}% 2243
\BOOKMARK [2][-]{subsection.14.99.3}{\376\377\0001\0004\000.\0009\0009\000.\0003\000\040\000M\000e\000m\000b\000e\000r\000\040\000F\000u\000n\000c\000t\000i\000o\000n\000\040\000D\000o\000c\000u\000m\000e\000n\000t\000a\000t\000i\000o\000n}{section.14.99}% 2244
\BOOKMARK [3][-]{subsubsection.14.99.3.1}{\376\377\0001\0004\000.\0009\0009\000.\0003\000.\0001\000\040\000N\000e\000w\000D\000e\000s\000c\000r\000i\000p\000t\000o\000r\000\050\000\051}{subsection.14.99.3}% 2245
\BOOKMARK [3][-]{subsubsection.14.99.3.2}{\376\377\0001\0004\000.\0009\0009\000.\0003\000.\0002\000\040\000A\000d\000d\000E\000f\000f\000e\000c\000t\000\050\000\051}{subsection.14.99.3}% 2246
\BOOKMARK [3][-]{subsubsection.14.99.3.3}{\376\377\0001\0004\000.\0009\0009\000.\0003\000.\0003\000\040\000S\000e\000t\000M\000a\000n\000u\000f\000a\000c\000t\000u\000r\000e\000r\000N\000a\000m\000e\000\050\000\051}{subsection.14.99.3}% 2247
\BOOKMARK [3][-]{subsubsection.14.99.3.4}{\376\377\0001\0004\000.\0009\0009\000.\0003\000.\0004\000\040\000A\000d\000d\000P\000a\000c\000k\000a\000g\000e\000N\000a\000m\000e\000\050\000\051}{subsection.14.99.3}% 2248
\BOOKMARK [3][-]{subsubsection.14.99.3.5}{\376\377\0001\0004\000.\0009\0009\000.\0003\000.\0005\000\040\000S\000e\000t\000P\000a\000c\000k\000a\000g\000e\000V\000e\000r\000s\000i\000o\000n\000\050\000\051}{subsection.14.99.3}% 2249
\BOOKMARK [3][-]{subsubsection.14.99.3.6}{\376\377\0001\0004\000.\0009\0009\000.\0003\000.\0006\000\040\000N\000e\000w\000P\000r\000o\000p\000e\000r\000t\000y\000M\000a\000p\000\050\000\051}{subsection.14.99.3}% 2250
\BOOKMARK [3][-]{subsubsection.14.99.3.7}{\376\377\0001\0004\000.\0009\0009\000.\0003\000.\0007\000\040\000S\000e\000t\000P\000r\000o\000p\000e\000r\000t\000i\000e\000s\000\050\000\051}{subsection.14.99.3}% 2251
\BOOKMARK [3][-]{subsubsection.14.99.3.8}{\376\377\0001\0004\000.\0009\0009\000.\0003\000.\0008\000\040\000G\000e\000t\000H\000o\000s\000t\000V\000e\000r\000s\000i\000o\000n\000\050\000\051}{subsection.14.99.3}% 2252
\BOOKMARK [3][-]{subsubsection.14.99.3.9}{\376\377\0001\0004\000.\0009\0009\000.\0003\000.\0009\000\040\000D\000e\000s\000c\000r\000i\000p\000t\000i\000o\000n\000H\000o\000s\000t\000\050\000\051\000\040\000[\0001\000/\0002\000]}{subsection.14.99.3}% 2253
\BOOKMARK [3][-]{subsubsection.14.99.3.10}{\376\377\0001\0004\000.\0009\0009\000.\0003\000.\0001\0000\000\040\000D\000e\000s\000c\000r\000i\000p\000t\000i\000o\000n\000H\000o\000s\000t\000\050\000\051\000\040\000[\0002\000/\0002\000]}{subsection.14.99.3}% 2254
\BOOKMARK [3][-]{subsubsection.14.99.3.11}{\376\377\0001\0004\000.\0009\0009\000.\0003\000.\0001\0001\000\040\000H\000o\000s\000t\000D\000e\000f\000i\000n\000i\000t\000i\000o\000n\000\050\000\051}{subsection.14.99.3}% 2255
\BOOKMARK [1][-]{section.14.100}{\376\377\0001\0004\000.\0001\0000\0000\000\040\000A\000A\000X\000\137\000I\000C\000o\000m\000p\000o\000n\000e\000n\000t\000D\000e\000s\000c\000r\000i\000p\000t\000o\000r\000\040\000C\000l\000a\000s\000s\000\040\000R\000e\000f\000e\000r\000e\000n\000c\000e}{chapter.14}% 2256
\BOOKMARK [2][-]{subsection.14.100.1}{\376\377\0001\0004\000.\0001\0000\0000\000.\0001\000\040\000D\000e\000s\000c\000r\000i\000p\000t\000i\000o\000n}{section.14.100}% 2257
\BOOKMARK [2][-]{subsection.14.100.2}{\376\377\0001\0004\000.\0001\0000\0000\000.\0002\000\040\000C\000o\000n\000s\000t\000r\000u\000c\000t\000o\000r\000\040\000\046\000\040\000D\000e\000s\000t\000r\000u\000c\000t\000o\000r\000\040\000D\000o\000c\000u\000m\000e\000n\000t\000a\000t\000i\000o\000n}{section.14.100}% 2258
\BOOKMARK [3][-]{subsubsection.14.100.2.1}{\376\377\0001\0004\000.\0001\0000\0000\000.\0002\000.\0001\000\040\000\040\000A\000A\000X\000\137\000I\000C\000o\000m\000p\000o\000n\000e\000n\000t\000D\000e\000s\000c\000r\000i\000p\000t\000o\000r\000\050\000\051}{subsection.14.100.2}% 2259
\BOOKMARK [2][-]{subsection.14.100.3}{\376\377\0001\0004\000.\0001\0000\0000\000.\0003\000\040\000M\000e\000m\000b\000e\000r\000\040\000F\000u\000n\000c\000t\000i\000o\000n\000\040\000D\000o\000c\000u\000m\000e\000n\000t\000a\000t\000i\000o\000n}{section.14.100}% 2260
\BOOKMARK [3][-]{subsubsection.14.100.3.1}{\376\377\0001\0004\000.\0001\0000\0000\000.\0003\000.\0001\000\040\000C\000l\000e\000a\000r\000\050\000\051}{subsection.14.100.3}% 2261
\BOOKMARK [3][-]{subsubsection.14.100.3.2}{\376\377\0001\0004\000.\0001\0000\0000\000.\0003\000.\0002\000\040\000A\000d\000d\000A\000u\000d\000i\000o\000I\000n\000\050\000\051}{subsection.14.100.3}% 2262
\BOOKMARK [3][-]{subsubsection.14.100.3.3}{\376\377\0001\0004\000.\0001\0000\0000\000.\0003\000.\0003\000\040\000A\000d\000d\000A\000u\000d\000i\000o\000O\000u\000t\000\050\000\051}{subsection.14.100.3}% 2263
\BOOKMARK [3][-]{subsubsection.14.100.3.4}{\376\377\0001\0004\000.\0001\0000\0000\000.\0003\000.\0004\000\040\000A\000d\000d\000A\000u\000d\000i\000o\000B\000u\000f\000f\000e\000r\000L\000e\000n\000g\000t\000h\000\050\000\051}{subsection.14.100.3}% 2264
\BOOKMARK [3][-]{subsubsection.14.100.3.5}{\376\377\0001\0004\000.\0001\0000\0000\000.\0003\000.\0005\000\040\000A\000d\000d\000S\000a\000m\000p\000l\000e\000R\000a\000t\000e\000\050\000\051}{subsection.14.100.3}% 2265
\BOOKMARK [3][-]{subsubsection.14.100.3.6}{\376\377\0001\0004\000.\0001\0000\0000\000.\0003\000.\0006\000\040\000A\000d\000d\000C\000l\000o\000c\000k\000\050\000\051}{subsection.14.100.3}% 2266
\BOOKMARK [3][-]{subsubsection.14.100.3.7}{\376\377\0001\0004\000.\0001\0000\0000\000.\0003\000.\0007\000\040\000A\000d\000d\000S\000i\000d\000e\000C\000h\000a\000i\000n\000I\000n\000\050\000\051}{subsection.14.100.3}% 2267
\BOOKMARK [3][-]{subsubsection.14.100.3.8}{\376\377\0001\0004\000.\0001\0000\0000\000.\0003\000.\0008\000\040\000A\000d\000d\000D\000a\000t\000a\000I\000n\000P\000o\000r\000t\000\050\000\051}{subsection.14.100.3}% 2268
\BOOKMARK [3][-]{subsubsection.14.100.3.9}{\376\377\0001\0004\000.\0001\0000\0000\000.\0003\000.\0009\000\040\000A\000d\000d\000A\000u\000x\000O\000u\000t\000p\000u\000t\000S\000t\000e\000m\000\050\000\051}{subsection.14.100.3}% 2269
\BOOKMARK [3][-]{subsubsection.14.100.3.10}{\376\377\0001\0004\000.\0001\0000\0000\000.\0003\000.\0001\0000\000\040\000A\000d\000d\000P\000r\000i\000v\000a\000t\000e\000D\000a\000t\000a\000\050\000\051}{subsection.14.100.3}% 2270
\BOOKMARK [3][-]{subsubsection.14.100.3.11}{\376\377\0001\0004\000.\0001\0000\0000\000.\0003\000.\0001\0001\000\040\000A\000d\000d\000T\000e\000m\000p\000o\000r\000a\000r\000y\000D\000a\000t\000a\000\050\000\051}{subsection.14.100.3}% 2271
\BOOKMARK [3][-]{subsubsection.14.100.3.12}{\376\377\0001\0004\000.\0001\0000\0000\000.\0003\000.\0001\0002\000\040\000A\000d\000d\000D\000m\000a\000I\000n\000s\000t\000a\000n\000c\000e\000\050\000\051}{subsection.14.100.3}% 2272
\BOOKMARK [3][-]{subsubsection.14.100.3.13}{\376\377\0001\0004\000.\0001\0000\0000\000.\0003\000.\0001\0003\000\040\000A\000d\000d\000M\000e\000t\000e\000r\000s\000\050\000\051}{subsection.14.100.3}% 2273
\BOOKMARK [3][-]{subsubsection.14.100.3.14}{\376\377\0001\0004\000.\0001\0000\0000\000.\0003\000.\0001\0004\000\040\000A\000d\000d\000M\000I\000D\000I\000N\000o\000d\000e\000\050\000\051}{subsection.14.100.3}% 2274
\BOOKMARK [3][-]{subsubsection.14.100.3.15}{\376\377\0001\0004\000.\0001\0000\0000\000.\0003\000.\0001\0005\000\040\000A\000d\000d\000R\000e\000s\000e\000r\000v\000e\000d\000F\000i\000e\000l\000d\000\050\000\051}{subsection.14.100.3}% 2275
\BOOKMARK [3][-]{subsubsection.14.100.3.16}{\376\377\0001\0004\000.\0001\0000\0000\000.\0003\000.\0001\0006\000\040\000N\000e\000w\000P\000r\000o\000p\000e\000r\000t\000y\000M\000a\000p\000\050\000\051}{subsection.14.100.3}% 2276
\BOOKMARK [3][-]{subsubsection.14.100.3.17}{\376\377\0001\0004\000.\0001\0000\0000\000.\0003\000.\0001\0007\000\040\000D\000u\000p\000l\000i\000c\000a\000t\000e\000P\000r\000o\000p\000e\000r\000t\000y\000M\000a\000p\000\050\000\051}{subsection.14.100.3}% 2277
\BOOKMARK [3][-]{subsubsection.14.100.3.18}{\376\377\0001\0004\000.\0001\0000\0000\000.\0003\000.\0001\0008\000\040\000A\000d\000d\000P\000r\000o\000c\000e\000s\000s\000P\000r\000o\000c\000\137\000N\000a\000t\000i\000v\000e\000\050\000\051\000\040\000[\0001\000/\0002\000]}{subsection.14.100.3}% 2278
\BOOKMARK [3][-]{subsubsection.14.100.3.19}{\376\377\0001\0004\000.\0001\0000\0000\000.\0003\000.\0001\0009\000\040\000A\000d\000d\000P\000r\000o\000c\000e\000s\000s\000P\000r\000o\000c\000\137\000T\000I\000\050\000\051}{subsection.14.100.3}% 2279
\BOOKMARK [3][-]{subsubsection.14.100.3.20}{\376\377\0001\0004\000.\0001\0000\0000\000.\0003\000.\0002\0000\000\040\000A\000d\000d\000P\000r\000o\000c\000e\000s\000s\000P\000r\000o\000c\000\050\000\051}{subsection.14.100.3}% 2280
\BOOKMARK [3][-]{subsubsection.14.100.3.21}{\376\377\0001\0004\000.\0001\0000\0000\000.\0003\000.\0002\0001\000\040\000A\000d\000d\000P\000r\000o\000c\000e\000s\000s\000P\000r\000o\000c\000\137\000N\000a\000t\000i\000v\000e\000\050\000\051\000\040\000[\0002\000/\0002\000]}{subsection.14.100.3}% 2281
\BOOKMARK [1][-]{section.14.101}{\376\377\0001\0004\000.\0001\0000\0001\000\040\000A\000A\000X\000\137\000I\000C\000o\000n\000t\000a\000i\000n\000e\000r\000\040\000C\000l\000a\000s\000s\000\040\000R\000e\000f\000e\000r\000e\000n\000c\000e}{chapter.14}% 2282
\BOOKMARK [2][-]{subsection.14.101.1}{\376\377\0001\0004\000.\0001\0000\0001\000.\0001\000\040\000D\000e\000s\000c\000r\000i\000p\000t\000i\000o\000n}{section.14.101}% 2283
\BOOKMARK [2][-]{subsection.14.101.2}{\376\377\0001\0004\000.\0001\0000\0001\000.\0002\000\040\000M\000e\000m\000b\000e\000r\000\040\000E\000n\000u\000m\000e\000r\000a\000t\000i\000o\000n\000\040\000D\000o\000c\000u\000m\000e\000n\000t\000a\000t\000i\000o\000n}{section.14.101}% 2284
\BOOKMARK [3][-]{subsubsection.14.101.2.1}{\376\377\0001\0004\000.\0001\0000\0001\000.\0002\000.\0001\000\040\000E\000S\000t\000a\000t\000u\000s}{subsection.14.101.2}% 2285
\BOOKMARK [2][-]{subsection.14.101.3}{\376\377\0001\0004\000.\0001\0000\0001\000.\0003\000\040\000C\000o\000n\000s\000t\000r\000u\000c\000t\000o\000r\000\040\000\046\000\040\000D\000e\000s\000t\000r\000u\000c\000t\000o\000r\000\040\000D\000o\000c\000u\000m\000e\000n\000t\000a\000t\000i\000o\000n}{section.14.101}% 2286
\BOOKMARK [3][-]{subsubsection.14.101.3.1}{\376\377\0001\0004\000.\0001\0000\0001\000.\0003\000.\0001\000\040\000\040\000A\000A\000X\000\137\000I\000C\000o\000n\000t\000a\000i\000n\000e\000r\000\050\000\051}{subsection.14.101.3}% 2287
\BOOKMARK [2][-]{subsection.14.101.4}{\376\377\0001\0004\000.\0001\0000\0001\000.\0004\000\040\000M\000e\000m\000b\000e\000r\000\040\000F\000u\000n\000c\000t\000i\000o\000n\000\040\000D\000o\000c\000u\000m\000e\000n\000t\000a\000t\000i\000o\000n}{section.14.101}% 2288
\BOOKMARK [3][-]{subsubsection.14.101.4.1}{\376\377\0001\0004\000.\0001\0000\0001\000.\0004\000.\0001\000\040\000C\000l\000e\000a\000r\000\050\000\051}{subsection.14.101.4}% 2289
\BOOKMARK [1][-]{section.14.102}{\376\377\0001\0004\000.\0001\0000\0002\000\040\000A\000A\000X\000\137\000I\000C\000o\000n\000t\000r\000o\000l\000l\000e\000r\000\040\000C\000l\000a\000s\000s\000\040\000R\000e\000f\000e\000r\000e\000n\000c\000e}{chapter.14}% 2290
\BOOKMARK [2][-]{subsection.14.102.1}{\376\377\0001\0004\000.\0001\0000\0002\000.\0001\000\040\000D\000e\000s\000c\000r\000i\000p\000t\000i\000o\000n}{section.14.102}% 2291
\BOOKMARK [2][-]{subsection.14.102.2}{\376\377\0001\0004\000.\0001\0000\0002\000.\0002\000\040\000C\000o\000n\000s\000t\000r\000u\000c\000t\000o\000r\000\040\000\046\000\040\000D\000e\000s\000t\000r\000u\000c\000t\000o\000r\000\040\000D\000o\000c\000u\000m\000e\000n\000t\000a\000t\000i\000o\000n}{section.14.102}% 2292
\BOOKMARK [3][-]{subsubsection.14.102.2.1}{\376\377\0001\0004\000.\0001\0000\0002\000.\0002\000.\0001\000\040\000\040\000A\000A\000X\000\137\000I\000C\000o\000n\000t\000r\000o\000l\000l\000e\000r\000\050\000\051}{subsection.14.102.2}% 2293
\BOOKMARK [2][-]{subsection.14.102.3}{\376\377\0001\0004\000.\0001\0000\0002\000.\0003\000\040\000M\000e\000m\000b\000e\000r\000\040\000F\000u\000n\000c\000t\000i\000o\000n\000\040\000D\000o\000c\000u\000m\000e\000n\000t\000a\000t\000i\000o\000n}{section.14.102}% 2294
\BOOKMARK [3][-]{subsubsection.14.102.3.1}{\376\377\0001\0004\000.\0001\0000\0002\000.\0003\000.\0001\000\040\000G\000e\000t\000E\000f\000f\000e\000c\000t\000I\000D\000\050\000\051}{subsection.14.102.3}% 2295
\BOOKMARK [3][-]{subsubsection.14.102.3.2}{\376\377\0001\0004\000.\0001\0000\0002\000.\0003\000.\0002\000\040\000G\000e\000t\000S\000a\000m\000p\000l\000e\000R\000a\000t\000e\000\050\000\051}{subsection.14.102.3}% 2296
\BOOKMARK [3][-]{subsubsection.14.102.3.3}{\376\377\0001\0004\000.\0001\0000\0002\000.\0003\000.\0003\000\040\000G\000e\000t\000I\000n\000p\000u\000t\000S\000t\000e\000m\000F\000o\000r\000m\000a\000t\000\050\000\051}{subsection.14.102.3}% 2297
\BOOKMARK [3][-]{subsubsection.14.102.3.4}{\376\377\0001\0004\000.\0001\0000\0002\000.\0003\000.\0004\000\040\000G\000e\000t\000O\000u\000t\000p\000u\000t\000S\000t\000e\000m\000F\000o\000r\000m\000a\000t\000\050\000\051}{subsection.14.102.3}% 2298
\BOOKMARK [3][-]{subsubsection.14.102.3.5}{\376\377\0001\0004\000.\0001\0000\0002\000.\0003\000.\0005\000\040\000G\000e\000t\000S\000i\000g\000n\000a\000l\000L\000a\000t\000e\000n\000c\000y\000\050\000\051}{subsection.14.102.3}% 2299
\BOOKMARK [3][-]{subsubsection.14.102.3.6}{\376\377\0001\0004\000.\0001\0000\0002\000.\0003\000.\0006\000\040\000G\000e\000t\000C\000y\000c\000l\000e\000C\000o\000u\000n\000t\000\050\000\051}{subsection.14.102.3}% 2300
\BOOKMARK [3][-]{subsubsection.14.102.3.7}{\376\377\0001\0004\000.\0001\0000\0002\000.\0003\000.\0007\000\040\000G\000e\000t\000T\000O\000D\000L\000o\000c\000a\000t\000i\000o\000n\000\050\000\051}{subsection.14.102.3}% 2301
\BOOKMARK [3][-]{subsubsection.14.102.3.8}{\376\377\0001\0004\000.\0001\0000\0002\000.\0003\000.\0008\000\040\000S\000e\000t\000S\000i\000g\000n\000a\000l\000L\000a\000t\000e\000n\000c\000y\000\050\000\051}{subsection.14.102.3}% 2302
\BOOKMARK [3][-]{subsubsection.14.102.3.9}{\376\377\0001\0004\000.\0001\0000\0002\000.\0003\000.\0009\000\040\000S\000e\000t\000C\000y\000c\000l\000e\000C\000o\000u\000n\000t\000\050\000\051}{subsection.14.102.3}% 2303
\BOOKMARK [3][-]{subsubsection.14.102.3.10}{\376\377\0001\0004\000.\0001\0000\0002\000.\0003\000.\0001\0000\000\040\000P\000o\000s\000t\000P\000a\000c\000k\000e\000t\000\050\000\051}{subsection.14.102.3}% 2304
\BOOKMARK [3][-]{subsubsection.14.102.3.11}{\376\377\0001\0004\000.\0001\0000\0002\000.\0003\000.\0001\0001\000\040\000S\000e\000n\000d\000N\000o\000t\000i\000f\000i\000c\000a\000t\000i\000o\000n\000\050\000\051\000\040\000[\0001\000/\0002\000]}{subsection.14.102.3}% 2305
\BOOKMARK [3][-]{subsubsection.14.102.3.12}{\376\377\0001\0004\000.\0001\0000\0002\000.\0003\000.\0001\0002\000\040\000S\000e\000n\000d\000N\000o\000t\000i\000f\000i\000c\000a\000t\000i\000o\000n\000\050\000\051\000\040\000[\0002\000/\0002\000]}{subsection.14.102.3}% 2306
\BOOKMARK [3][-]{subsubsection.14.102.3.13}{\376\377\0001\0004\000.\0001\0000\0002\000.\0003\000.\0001\0003\000\040\000G\000e\000t\000C\000u\000r\000r\000e\000n\000t\000M\000e\000t\000e\000r\000V\000a\000l\000u\000e\000\050\000\051}{subsection.14.102.3}% 2307
\BOOKMARK [3][-]{subsubsection.14.102.3.14}{\376\377\0001\0004\000.\0001\0000\0002\000.\0003\000.\0001\0004\000\040\000G\000e\000t\000M\000e\000t\000e\000r\000P\000e\000a\000k\000V\000a\000l\000u\000e\000\050\000\051}{subsection.14.102.3}% 2308
\BOOKMARK [3][-]{subsubsection.14.102.3.15}{\376\377\0001\0004\000.\0001\0000\0002\000.\0003\000.\0001\0005\000\040\000C\000l\000e\000a\000r\000M\000e\000t\000e\000r\000P\000e\000a\000k\000V\000a\000l\000u\000e\000\050\000\051}{subsection.14.102.3}% 2309
\BOOKMARK [3][-]{subsubsection.14.102.3.16}{\376\377\0001\0004\000.\0001\0000\0002\000.\0003\000.\0001\0006\000\040\000G\000e\000t\000M\000e\000t\000e\000r\000C\000o\000u\000n\000t\000\050\000\051}{subsection.14.102.3}% 2310
\BOOKMARK [3][-]{subsubsection.14.102.3.17}{\376\377\0001\0004\000.\0001\0000\0002\000.\0003\000.\0001\0007\000\040\000G\000e\000t\000M\000e\000t\000e\000r\000C\000l\000i\000p\000p\000e\000d\000\050\000\051}{subsection.14.102.3}% 2311
\BOOKMARK [3][-]{subsubsection.14.102.3.18}{\376\377\0001\0004\000.\0001\0000\0002\000.\0003\000.\0001\0008\000\040\000C\000l\000e\000a\000r\000M\000e\000t\000e\000r\000C\000l\000i\000p\000p\000e\000d\000\050\000\051}{subsection.14.102.3}% 2312
\BOOKMARK [3][-]{subsubsection.14.102.3.19}{\376\377\0001\0004\000.\0001\0000\0002\000.\0003\000.\0001\0009\000\040\000G\000e\000t\000N\000e\000x\000t\000M\000I\000D\000I\000P\000a\000c\000k\000e\000t\000\050\000\051}{subsection.14.102.3}% 2313
\BOOKMARK [3][-]{subsubsection.14.102.3.20}{\376\377\0001\0004\000.\0001\0000\0002\000.\0003\000.\0002\0000\000\040\000G\000e\000t\000C\000u\000r\000r\000e\000n\000t\000A\000u\000t\000o\000m\000a\000t\000i\000o\000n\000T\000i\000m\000e\000s\000t\000a\000m\000p\000\050\000\051}{subsection.14.102.3}% 2314
\BOOKMARK [3][-]{subsubsection.14.102.3.21}{\376\377\0001\0004\000.\0001\0000\0002\000.\0003\000.\0002\0001\000\040\000G\000e\000t\000H\000o\000s\000t\000N\000a\000m\000e\000\050\000\051}{subsection.14.102.3}% 2315
\BOOKMARK [3][-]{subsubsection.14.102.3.22}{\376\377\0001\0004\000.\0001\0000\0002\000.\0003\000.\0002\0002\000\040\000G\000e\000t\000P\000l\000u\000g\000I\000n\000T\000a\000r\000g\000e\000t\000P\000l\000a\000t\000f\000o\000r\000m\000\050\000\051}{subsection.14.102.3}% 2316
\BOOKMARK [3][-]{subsubsection.14.102.3.23}{\376\377\0001\0004\000.\0001\0000\0002\000.\0003\000.\0002\0003\000\040\000G\000e\000t\000I\000s\000A\000u\000d\000i\000o\000S\000u\000i\000t\000e\000\050\000\051}{subsection.14.102.3}% 2317
\BOOKMARK [3][-]{subsubsection.14.102.3.24}{\376\377\0001\0004\000.\0001\0000\0002\000.\0003\000.\0002\0004\000\040\000C\000r\000e\000a\000t\000e\000T\000a\000b\000l\000e\000C\000o\000p\000y\000F\000o\000r\000E\000f\000f\000e\000c\000t\000\050\000\051}{subsection.14.102.3}% 2318
\BOOKMARK [3][-]{subsubsection.14.102.3.25}{\376\377\0001\0004\000.\0001\0000\0002\000.\0003\000.\0002\0005\000\040\000C\000r\000e\000a\000t\000e\000T\000a\000b\000l\000e\000C\000o\000p\000y\000F\000o\000r\000L\000a\000y\000o\000u\000t\000\050\000\051}{subsection.14.102.3}% 2319
\BOOKMARK [3][-]{subsubsection.14.102.3.26}{\376\377\0001\0004\000.\0001\0000\0002\000.\0003\000.\0002\0006\000\040\000C\000r\000e\000a\000t\000e\000T\000a\000b\000l\000e\000C\000o\000p\000y\000F\000o\000r\000E\000f\000f\000e\000c\000t\000F\000r\000o\000m\000F\000i\000l\000e\000\050\000\051}{subsection.14.102.3}% 2320
\BOOKMARK [3][-]{subsubsection.14.102.3.27}{\376\377\0001\0004\000.\0001\0000\0002\000.\0003\000.\0002\0007\000\040\000C\000r\000e\000a\000t\000e\000T\000a\000b\000l\000e\000C\000o\000p\000y\000F\000o\000r\000L\000a\000y\000o\000u\000t\000F\000r\000o\000m\000F\000i\000l\000e\000\050\000\051}{subsection.14.102.3}% 2321
\BOOKMARK [1][-]{section.14.103}{\376\377\0001\0004\000.\0001\0000\0003\000\040\000A\000A\000X\000\137\000I\000D\000a\000t\000a\000B\000u\000f\000f\000e\000r\000\040\000C\000l\000a\000s\000s\000\040\000R\000e\000f\000e\000r\000e\000n\000c\000e}{chapter.14}% 2322
\BOOKMARK [2][-]{subsection.14.103.1}{\376\377\0001\0004\000.\0001\0000\0003\000.\0001\000\040\000D\000e\000s\000c\000r\000i\000p\000t\000i\000o\000n}{section.14.103}% 2323
\BOOKMARK [2][-]{subsection.14.103.2}{\376\377\0001\0004\000.\0001\0000\0003\000.\0002\000\040\000M\000e\000m\000b\000e\000r\000\040\000F\000u\000n\000c\000t\000i\000o\000n\000\040\000D\000o\000c\000u\000m\000e\000n\000t\000a\000t\000i\000o\000n}{section.14.103}% 2324
\BOOKMARK [3][-]{subsubsection.14.103.2.1}{\376\377\0001\0004\000.\0001\0000\0003\000.\0002\000.\0001\000\040\000A\000C\000F\000\137\000D\000E\000C\000L\000A\000R\000E\000\137\000S\000T\000A\000N\000D\000A\000R\000D\000\137\000U\000N\000K\000N\000O\000W\000N\000\050\000\051}{subsection.14.103.2}% 2325
\BOOKMARK [3][-]{subsubsection.14.103.2.2}{\376\377\0001\0004\000.\0001\0000\0003\000.\0002\000.\0002\000\040\000A\000A\000X\000\137\000D\000E\000L\000E\000T\000E\000\050\000\051}{subsection.14.103.2}% 2326
\BOOKMARK [2][-]{subsection.14.103.3}{\376\377\0001\0004\000.\0001\0000\0003\000.\0003\000\040\000M\000e\000m\000b\000e\000r\000\040\000D\000a\000t\000a\000\040\000D\000o\000c\000u\000m\000e\000n\000t\000a\000t\000i\000o\000n}{section.14.103}% 2327
\BOOKMARK [3][-]{subsubsection.14.103.3.1}{\376\377\0001\0004\000.\0001\0000\0003\000.\0003\000.\0001\000\040\000A\000A\000X\000\137\000O\000V\000E\000R\000R\000I\000D\000E}{subsection.14.103.3}% 2328
\BOOKMARK [1][-]{section.14.104}{\376\377\0001\0004\000.\0001\0000\0004\000\040\000A\000A\000X\000\137\000I\000D\000a\000t\000a\000B\000u\000f\000f\000e\000r\000W\000r\000a\000p\000p\000e\000r\000\040\000C\000l\000a\000s\000s\000\040\000R\000e\000f\000e\000r\000e\000n\000c\000e}{chapter.14}% 2329
\BOOKMARK [2][-]{subsection.14.104.1}{\376\377\0001\0004\000.\0001\0000\0004\000.\0001\000\040\000D\000e\000s\000c\000r\000i\000p\000t\000i\000o\000n}{section.14.104}% 2330
\BOOKMARK [2][-]{subsection.14.104.2}{\376\377\0001\0004\000.\0001\0000\0004\000.\0002\000\040\000C\000o\000n\000s\000t\000r\000u\000c\000t\000o\000r\000\040\000\046\000\040\000D\000e\000s\000t\000r\000u\000c\000t\000o\000r\000\040\000D\000o\000c\000u\000m\000e\000n\000t\000a\000t\000i\000o\000n}{section.14.104}% 2331
\BOOKMARK [3][-]{subsubsection.14.104.2.1}{\376\377\0001\0004\000.\0001\0000\0004\000.\0002\000.\0001\000\040\000\040\000A\000A\000X\000\137\000I\000D\000a\000t\000a\000B\000u\000f\000f\000e\000r\000W\000r\000a\000p\000p\000e\000r\000\050\000\051}{subsection.14.104.2}% 2332
\BOOKMARK [2][-]{subsection.14.104.3}{\376\377\0001\0004\000.\0001\0000\0004\000.\0003\000\040\000M\000e\000m\000b\000e\000r\000\040\000F\000u\000n\000c\000t\000i\000o\000n\000\040\000D\000o\000c\000u\000m\000e\000n\000t\000a\000t\000i\000o\000n}{section.14.104}% 2333
\BOOKMARK [3][-]{subsubsection.14.104.3.1}{\376\377\0001\0004\000.\0001\0000\0004\000.\0003\000.\0001\000\040\000T\000y\000p\000e\000\050\000\051}{subsection.14.104.3}% 2334
\BOOKMARK [3][-]{subsubsection.14.104.3.2}{\376\377\0001\0004\000.\0001\0000\0004\000.\0003\000.\0002\000\040\000S\000i\000z\000e\000\050\000\051}{subsection.14.104.3}% 2335
\BOOKMARK [3][-]{subsubsection.14.104.3.3}{\376\377\0001\0004\000.\0001\0000\0004\000.\0003\000.\0003\000\040\000D\000a\000t\000a\000\050\000\051}{subsection.14.104.3}% 2336
\BOOKMARK [1][-]{section.14.105}{\376\377\0001\0004\000.\0001\0000\0005\000\040\000A\000A\000X\000\137\000I\000D\000e\000s\000c\000r\000i\000p\000t\000i\000o\000n\000H\000o\000s\000t\000\040\000C\000l\000a\000s\000s\000\040\000R\000e\000f\000e\000r\000e\000n\000c\000e}{chapter.14}% 2337
\BOOKMARK [2][-]{subsection.14.105.1}{\376\377\0001\0004\000.\0001\0000\0005\000.\0001\000\040\000D\000e\000s\000c\000r\000i\000p\000t\000i\000o\000n}{section.14.105}% 2338
\BOOKMARK [2][-]{subsection.14.105.2}{\376\377\0001\0004\000.\0001\0000\0005\000.\0002\000\040\000C\000o\000n\000s\000t\000r\000u\000c\000t\000o\000r\000\040\000\046\000\040\000D\000e\000s\000t\000r\000u\000c\000t\000o\000r\000\040\000D\000o\000c\000u\000m\000e\000n\000t\000a\000t\000i\000o\000n}{section.14.105}% 2339
\BOOKMARK [3][-]{subsubsection.14.105.2.1}{\376\377\0001\0004\000.\0001\0000\0005\000.\0002\000.\0001\000\040\000\040\000A\000A\000X\000\137\000I\000D\000e\000s\000c\000r\000i\000p\000t\000i\000o\000n\000H\000o\000s\000t\000\050\000\051}{subsection.14.105.2}% 2340
\BOOKMARK [2][-]{subsection.14.105.3}{\376\377\0001\0004\000.\0001\0000\0005\000.\0003\000\040\000M\000e\000m\000b\000e\000r\000\040\000F\000u\000n\000c\000t\000i\000o\000n\000\040\000D\000o\000c\000u\000m\000e\000n\000t\000a\000t\000i\000o\000n}{section.14.105}% 2341
\BOOKMARK [3][-]{subsubsection.14.105.3.1}{\376\377\0001\0004\000.\0001\0000\0005\000.\0003\000.\0001\000\040\000A\000c\000q\000u\000i\000r\000e\000F\000e\000a\000t\000u\000r\000e\000P\000r\000o\000p\000e\000r\000t\000i\000e\000s\000\050\000\051}{subsection.14.105.3}% 2342
\BOOKMARK [1][-]{section.14.106}{\376\377\0001\0004\000.\0001\0000\0006\000\040\000A\000A\000X\000\137\000I\000D\000i\000s\000p\000l\000a\000y\000D\000e\000l\000e\000g\000a\000t\000e\000<\000\040\000T\000\040\000>\000\040\000C\000l\000a\000s\000s\000\040\000T\000e\000m\000p\000l\000a\000t\000e\000\040\000R\000e\000f\000e\000r\000e\000n\000c\000e}{chapter.14}% 2343
\BOOKMARK [2][-]{subsection.14.106.1}{\376\377\0001\0004\000.\0001\0000\0006\000.\0001\000\040\000D\000e\000s\000c\000r\000i\000p\000t\000i\000o\000n}{section.14.106}% 2344
\BOOKMARK [2][-]{subsection.14.106.2}{\376\377\0001\0004\000.\0001\0000\0006\000.\0002\000\040\000D\000i\000s\000p\000l\000a\000y\000\040\000d\000e\000l\000e\000g\000a\000t\000e\000\040\000d\000e\000c\000o\000r\000a\000t\000o\000r\000s}{section.14.106}% 2345
\BOOKMARK [3][-]{subsubsection.14.106.2.1}{\376\377\0001\0004\000.\0001\0000\0006\000.\0002\000.\0001\000\040\000D\000i\000s\000p\000l\000a\000y\000\040\000d\000e\000l\000e\000g\000a\000t\000e\000\040\000d\000e\000c\000o\000r\000a\000t\000o\000r\000\040\000i\000m\000p\000l\000e\000m\000e\000n\000t\000a\000t\000i\000o\000n}{subsection.14.106.2}% 2346
\BOOKMARK [3][-]{subsubsection.14.106.2.2}{\376\377\0001\0004\000.\0001\0000\0006\000.\0002\000.\0002\000\040\000D\000e\000c\000i\000b\000e\000l\000\040\000d\000e\000c\000o\000r\000a\000t\000o\000r\000\040\000e\000x\000a\000m\000p\000l\000e}{subsection.14.106.2}% 2347
\BOOKMARK [2][-]{subsection.14.106.3}{\376\377\0001\0004\000.\0001\0000\0006\000.\0003\000\040\000M\000e\000m\000b\000e\000r\000\040\000F\000u\000n\000c\000t\000i\000o\000n\000\040\000D\000o\000c\000u\000m\000e\000n\000t\000a\000t\000i\000o\000n}{section.14.106}% 2348
\BOOKMARK [3][-]{subsubsection.14.106.3.1}{\376\377\0001\0004\000.\0001\0000\0006\000.\0003\000.\0001\000\040\000C\000l\000o\000n\000e\000\050\000\051}{subsection.14.106.3}% 2349
\BOOKMARK [3][-]{subsubsection.14.106.3.2}{\376\377\0001\0004\000.\0001\0000\0006\000.\0003\000.\0002\000\040\000V\000a\000l\000u\000e\000T\000o\000S\000t\000r\000i\000n\000g\000\050\000\051\000\040\000[\0001\000/\0002\000]}{subsection.14.106.3}% 2350
\BOOKMARK [3][-]{subsubsection.14.106.3.3}{\376\377\0001\0004\000.\0001\0000\0006\000.\0003\000.\0003\000\040\000V\000a\000l\000u\000e\000T\000o\000S\000t\000r\000i\000n\000g\000\050\000\051\000\040\000[\0002\000/\0002\000]}{subsection.14.106.3}% 2351
\BOOKMARK [3][-]{subsubsection.14.106.3.4}{\376\377\0001\0004\000.\0001\0000\0006\000.\0003\000.\0004\000\040\000S\000t\000r\000i\000n\000g\000T\000o\000V\000a\000l\000u\000e\000\050\000\051}{subsection.14.106.3}% 2352
\BOOKMARK [1][-]{section.14.107}{\376\377\0001\0004\000.\0001\0000\0007\000\040\000A\000A\000X\000\137\000I\000D\000i\000s\000p\000l\000a\000y\000D\000e\000l\000e\000g\000a\000t\000e\000B\000a\000s\000e\000\040\000C\000l\000a\000s\000s\000\040\000R\000e\000f\000e\000r\000e\000n\000c\000e}{chapter.14}% 2353
\BOOKMARK [2][-]{subsection.14.107.1}{\376\377\0001\0004\000.\0001\0000\0007\000.\0001\000\040\000D\000e\000s\000c\000r\000i\000p\000t\000i\000o\000n}{section.14.107}% 2354
\BOOKMARK [2][-]{subsection.14.107.2}{\376\377\0001\0004\000.\0001\0000\0007\000.\0002\000\040\000C\000o\000n\000s\000t\000r\000u\000c\000t\000o\000r\000\040\000\046\000\040\000D\000e\000s\000t\000r\000u\000c\000t\000o\000r\000\040\000D\000o\000c\000u\000m\000e\000n\000t\000a\000t\000i\000o\000n}{section.14.107}% 2355
\BOOKMARK [3][-]{subsubsection.14.107.2.1}{\376\377\0001\0004\000.\0001\0000\0007\000.\0002\000.\0001\000\040\000\040\000A\000A\000X\000\137\000I\000D\000i\000s\000p\000l\000a\000y\000D\000e\000l\000e\000g\000a\000t\000e\000B\000a\000s\000e\000\050\000\051}{subsection.14.107.2}% 2356
\BOOKMARK [1][-]{section.14.108}{\376\377\0001\0004\000.\0001\0000\0008\000\040\000A\000A\000X\000\137\000I\000D\000i\000s\000p\000l\000a\000y\000D\000e\000l\000e\000g\000a\000t\000e\000D\000e\000c\000o\000r\000a\000t\000o\000r\000<\000\040\000T\000\040\000>\000\040\000C\000l\000a\000s\000s\000\040\000T\000e\000m\000p\000l\000a\000t\000e\000\040\000R\000e\000f\000e\000r\000e\000n\000c\000e}{chapter.14}% 2357
\BOOKMARK [2][-]{subsection.14.108.1}{\376\377\0001\0004\000.\0001\0000\0008\000.\0001\000\040\000D\000e\000s\000c\000r\000i\000p\000t\000i\000o\000n}{section.14.108}% 2358
\BOOKMARK [2][-]{subsection.14.108.2}{\376\377\0001\0004\000.\0001\0000\0008\000.\0002\000\040\000C\000o\000n\000s\000t\000r\000u\000c\000t\000o\000r\000\040\000\046\000\040\000D\000e\000s\000t\000r\000u\000c\000t\000o\000r\000\040\000D\000o\000c\000u\000m\000e\000n\000t\000a\000t\000i\000o\000n}{section.14.108}% 2359
\BOOKMARK [3][-]{subsubsection.14.108.2.1}{\376\377\0001\0004\000.\0001\0000\0008\000.\0002\000.\0001\000\040\000A\000A\000X\000\137\000I\000D\000i\000s\000p\000l\000a\000y\000D\000e\000l\000e\000g\000a\000t\000e\000D\000e\000c\000o\000r\000a\000t\000o\000r\000\050\000\051\000\040\000[\0001\000/\0002\000]}{subsection.14.108.2}% 2360
\BOOKMARK [3][-]{subsubsection.14.108.2.2}{\376\377\0001\0004\000.\0001\0000\0008\000.\0002\000.\0002\000\040\000A\000A\000X\000\137\000I\000D\000i\000s\000p\000l\000a\000y\000D\000e\000l\000e\000g\000a\000t\000e\000D\000e\000c\000o\000r\000a\000t\000o\000r\000\050\000\051\000\040\000[\0002\000/\0002\000]}{subsection.14.108.2}% 2361
\BOOKMARK [3][-]{subsubsection.14.108.2.3}{\376\377\0001\0004\000.\0001\0000\0008\000.\0002\000.\0003\000\040\000\040\000A\000A\000X\000\137\000I\000D\000i\000s\000p\000l\000a\000y\000D\000e\000l\000e\000g\000a\000t\000e\000D\000e\000c\000o\000r\000a\000t\000o\000r\000\050\000\051}{subsection.14.108.2}% 2362
\BOOKMARK [2][-]{subsection.14.108.3}{\376\377\0001\0004\000.\0001\0000\0008\000.\0003\000\040\000M\000e\000m\000b\000e\000r\000\040\000F\000u\000n\000c\000t\000i\000o\000n\000\040\000D\000o\000c\000u\000m\000e\000n\000t\000a\000t\000i\000o\000n}{section.14.108}% 2363
\BOOKMARK [3][-]{subsubsection.14.108.3.1}{\376\377\0001\0004\000.\0001\0000\0008\000.\0003\000.\0001\000\040\000C\000l\000o\000n\000e\000\050\000\051}{subsection.14.108.3}% 2364
\BOOKMARK [3][-]{subsubsection.14.108.3.2}{\376\377\0001\0004\000.\0001\0000\0008\000.\0003\000.\0002\000\040\000V\000a\000l\000u\000e\000T\000o\000S\000t\000r\000i\000n\000g\000\050\000\051\000\040\000[\0001\000/\0002\000]}{subsection.14.108.3}% 2365
\BOOKMARK [3][-]{subsubsection.14.108.3.3}{\376\377\0001\0004\000.\0001\0000\0008\000.\0003\000.\0003\000\040\000V\000a\000l\000u\000e\000T\000o\000S\000t\000r\000i\000n\000g\000\050\000\051\000\040\000[\0002\000/\0002\000]}{subsection.14.108.3}% 2366
\BOOKMARK [3][-]{subsubsection.14.108.3.4}{\376\377\0001\0004\000.\0001\0000\0008\000.\0003\000.\0004\000\040\000S\000t\000r\000i\000n\000g\000T\000o\000V\000a\000l\000u\000e\000\050\000\051}{subsection.14.108.3}% 2367
\BOOKMARK [1][-]{section.14.109}{\376\377\0001\0004\000.\0001\0000\0009\000\040\000A\000A\000X\000\137\000I\000D\000m\000a\000\040\000C\000l\000a\000s\000s\000\040\000R\000e\000f\000e\000r\000e\000n\000c\000e}{chapter.14}% 2368
\BOOKMARK [2][-]{subsection.14.109.1}{\376\377\0001\0004\000.\0001\0000\0009\000.\0001\000\040\000D\000e\000s\000c\000r\000i\000p\000t\000i\000o\000n}{section.14.109}% 2369
\BOOKMARK [2][-]{subsection.14.109.2}{\376\377\0001\0004\000.\0001\0000\0009\000.\0002\000\040\000M\000e\000m\000b\000e\000r\000\040\000E\000n\000u\000m\000e\000r\000a\000t\000i\000o\000n\000\040\000D\000o\000c\000u\000m\000e\000n\000t\000a\000t\000i\000o\000n}{section.14.109}% 2370
\BOOKMARK [3][-]{subsubsection.14.109.2.1}{\376\377\0001\0004\000.\0001\0000\0009\000.\0002\000.\0001\000\040\000E\000S\000t\000a\000t\000e}{subsection.14.109.2}% 2371
\BOOKMARK [3][-]{subsubsection.14.109.2.2}{\376\377\0001\0004\000.\0001\0000\0009\000.\0002\000.\0002\000\040\000E\000M\000o\000d\000e}{subsection.14.109.2}% 2372
\BOOKMARK [2][-]{subsection.14.109.3}{\376\377\0001\0004\000.\0001\0000\0009\000.\0003\000\040\000C\000o\000n\000s\000t\000r\000u\000c\000t\000o\000r\000\040\000\046\000\040\000D\000e\000s\000t\000r\000u\000c\000t\000o\000r\000\040\000D\000o\000c\000u\000m\000e\000n\000t\000a\000t\000i\000o\000n}{section.14.109}% 2373
\BOOKMARK [3][-]{subsubsection.14.109.3.1}{\376\377\0001\0004\000.\0001\0000\0009\000.\0003\000.\0001\000\040\000\040\000A\000A\000X\000\137\000I\000D\000m\000a\000\050\000\051}{subsection.14.109.3}% 2374
\BOOKMARK [2][-]{subsection.14.109.4}{\376\377\0001\0004\000.\0001\0000\0009\000.\0004\000\040\000M\000e\000m\000b\000e\000r\000\040\000F\000u\000n\000c\000t\000i\000o\000n\000\040\000D\000o\000c\000u\000m\000e\000n\000t\000a\000t\000i\000o\000n}{section.14.109}% 2375
\BOOKMARK [3][-]{subsubsection.14.109.4.1}{\376\377\0001\0004\000.\0001\0000\0009\000.\0004\000.\0001\000\040\000P\000o\000s\000t\000R\000e\000q\000u\000e\000s\000t\000\050\000\051}{subsection.14.109.4}% 2376
\BOOKMARK [3][-]{subsubsection.14.109.4.2}{\376\377\0001\0004\000.\0001\0000\0009\000.\0004\000.\0002\000\040\000I\000s\000T\000r\000a\000n\000s\000f\000e\000r\000C\000o\000m\000p\000l\000e\000t\000e\000\050\000\051}{subsection.14.109.4}% 2377
\BOOKMARK [3][-]{subsubsection.14.109.4.3}{\376\377\0001\0004\000.\0001\0000\0009\000.\0004\000.\0003\000\040\000S\000e\000t\000D\000m\000a\000S\000t\000a\000t\000e\000\050\000\051}{subsection.14.109.4}% 2378
\BOOKMARK [3][-]{subsubsection.14.109.4.4}{\376\377\0001\0004\000.\0001\0000\0009\000.\0004\000.\0004\000\040\000G\000e\000t\000D\000m\000a\000S\000t\000a\000t\000e\000\050\000\051}{subsection.14.109.4}% 2379
\BOOKMARK [3][-]{subsubsection.14.109.4.5}{\376\377\0001\0004\000.\0001\0000\0009\000.\0004\000.\0005\000\040\000G\000e\000t\000D\000m\000a\000M\000o\000d\000e\000\050\000\051}{subsection.14.109.4}% 2380
\BOOKMARK [3][-]{subsubsection.14.109.4.6}{\376\377\0001\0004\000.\0001\0000\0009\000.\0004\000.\0006\000\040\000S\000e\000t\000S\000r\000c\000\050\000\051}{subsection.14.109.4}% 2381
\BOOKMARK [3][-]{subsubsection.14.109.4.7}{\376\377\0001\0004\000.\0001\0000\0009\000.\0004\000.\0007\000\040\000G\000e\000t\000S\000r\000c\000\050\000\051}{subsection.14.109.4}% 2382
\BOOKMARK [3][-]{subsubsection.14.109.4.8}{\376\377\0001\0004\000.\0001\0000\0009\000.\0004\000.\0008\000\040\000S\000e\000t\000D\000s\000t\000\050\000\051}{subsection.14.109.4}% 2383
\BOOKMARK [3][-]{subsubsection.14.109.4.9}{\376\377\0001\0004\000.\0001\0000\0009\000.\0004\000.\0009\000\040\000G\000e\000t\000D\000s\000t\000\050\000\051}{subsection.14.109.4}% 2384
\BOOKMARK [3][-]{subsubsection.14.109.4.10}{\376\377\0001\0004\000.\0001\0000\0009\000.\0004\000.\0001\0000\000\040\000S\000e\000t\000B\000u\000r\000s\000t\000L\000e\000n\000g\000t\000h\000\050\000\051}{subsection.14.109.4}% 2385
\BOOKMARK [3][-]{subsubsection.14.109.4.11}{\376\377\0001\0004\000.\0001\0000\0009\000.\0004\000.\0001\0001\000\040\000G\000e\000t\000B\000u\000r\000s\000t\000L\000e\000n\000g\000t\000h\000\050\000\051}{subsection.14.109.4}% 2386
\BOOKMARK [3][-]{subsubsection.14.109.4.12}{\376\377\0001\0004\000.\0001\0000\0009\000.\0004\000.\0001\0002\000\040\000S\000e\000t\000N\000u\000m\000B\000u\000r\000s\000t\000s\000\050\000\051}{subsection.14.109.4}% 2387
\BOOKMARK [3][-]{subsubsection.14.109.4.13}{\376\377\0001\0004\000.\0001\0000\0009\000.\0004\000.\0001\0003\000\040\000G\000e\000t\000N\000u\000m\000B\000u\000r\000s\000t\000s\000\050\000\051}{subsection.14.109.4}% 2388
\BOOKMARK [3][-]{subsubsection.14.109.4.14}{\376\377\0001\0004\000.\0001\0000\0009\000.\0004\000.\0001\0004\000\040\000S\000e\000t\000T\000r\000a\000n\000s\000f\000e\000r\000S\000i\000z\000e\000\050\000\051}{subsection.14.109.4}% 2389
\BOOKMARK [3][-]{subsubsection.14.109.4.15}{\376\377\0001\0004\000.\0001\0000\0009\000.\0004\000.\0001\0005\000\040\000G\000e\000t\000T\000r\000a\000n\000s\000f\000e\000r\000S\000i\000z\000e\000\050\000\051}{subsection.14.109.4}% 2390
\BOOKMARK [3][-]{subsubsection.14.109.4.16}{\376\377\0001\0004\000.\0001\0000\0009\000.\0004\000.\0001\0006\000\040\000S\000e\000t\000F\000i\000f\000o\000B\000u\000f\000f\000e\000r\000\050\000\051}{subsection.14.109.4}% 2391
\BOOKMARK [3][-]{subsubsection.14.109.4.17}{\376\377\0001\0004\000.\0001\0000\0009\000.\0004\000.\0001\0007\000\040\000G\000e\000t\000F\000i\000f\000o\000B\000u\000f\000f\000e\000r\000\050\000\051}{subsection.14.109.4}% 2392
\BOOKMARK [3][-]{subsubsection.14.109.4.18}{\376\377\0001\0004\000.\0001\0000\0009\000.\0004\000.\0001\0008\000\040\000S\000e\000t\000L\000i\000n\000e\000a\000r\000B\000u\000f\000f\000e\000r\000\050\000\051}{subsection.14.109.4}% 2393
\BOOKMARK [3][-]{subsubsection.14.109.4.19}{\376\377\0001\0004\000.\0001\0000\0009\000.\0004\000.\0001\0009\000\040\000G\000e\000t\000L\000i\000n\000e\000a\000r\000B\000u\000f\000f\000e\000r\000\050\000\051}{subsection.14.109.4}% 2394
\BOOKMARK [3][-]{subsubsection.14.109.4.20}{\376\377\0001\0004\000.\0001\0000\0009\000.\0004\000.\0002\0000\000\040\000S\000e\000t\000O\000f\000f\000s\000e\000t\000T\000a\000b\000l\000e\000\050\000\051}{subsection.14.109.4}% 2395
\BOOKMARK [3][-]{subsubsection.14.109.4.21}{\376\377\0001\0004\000.\0001\0000\0009\000.\0004\000.\0002\0001\000\040\000G\000e\000t\000O\000f\000f\000s\000e\000t\000T\000a\000b\000l\000e\000\050\000\051}{subsection.14.109.4}% 2396
\BOOKMARK [3][-]{subsubsection.14.109.4.22}{\376\377\0001\0004\000.\0001\0000\0009\000.\0004\000.\0002\0002\000\040\000S\000e\000t\000N\000u\000m\000O\000f\000f\000s\000e\000t\000s\000\050\000\051}{subsection.14.109.4}% 2397
\BOOKMARK [3][-]{subsubsection.14.109.4.23}{\376\377\0001\0004\000.\0001\0000\0009\000.\0004\000.\0002\0003\000\040\000G\000e\000t\000N\000u\000m\000O\000f\000f\000s\000e\000t\000s\000\050\000\051}{subsection.14.109.4}% 2398
\BOOKMARK [3][-]{subsubsection.14.109.4.24}{\376\377\0001\0004\000.\0001\0000\0009\000.\0004\000.\0002\0004\000\040\000S\000e\000t\000B\000a\000s\000e\000O\000f\000f\000s\000e\000t\000\050\000\051}{subsection.14.109.4}% 2399
\BOOKMARK [3][-]{subsubsection.14.109.4.25}{\376\377\0001\0004\000.\0001\0000\0009\000.\0004\000.\0002\0005\000\040\000G\000e\000t\000B\000a\000s\000e\000O\000f\000f\000s\000e\000t\000\050\000\051}{subsection.14.109.4}% 2400
\BOOKMARK [3][-]{subsubsection.14.109.4.26}{\376\377\0001\0004\000.\0001\0000\0009\000.\0004\000.\0002\0006\000\040\000S\000e\000t\000F\000i\000f\000o\000S\000i\000z\000e\000\050\000\051}{subsection.14.109.4}% 2401
\BOOKMARK [3][-]{subsubsection.14.109.4.27}{\376\377\0001\0004\000.\0001\0000\0009\000.\0004\000.\0002\0007\000\040\000G\000e\000t\000F\000i\000f\000o\000S\000i\000z\000e\000\050\000\051}{subsection.14.109.4}% 2402
\BOOKMARK [1][-]{section.14.110}{\376\377\0001\0004\000.\0001\0001\0000\000\040\000A\000A\000X\000\137\000I\000E\000f\000f\000e\000c\000t\000D\000e\000s\000c\000r\000i\000p\000t\000o\000r\000\040\000C\000l\000a\000s\000s\000\040\000R\000e\000f\000e\000r\000e\000n\000c\000e}{chapter.14}% 2403
\BOOKMARK [2][-]{subsection.14.110.1}{\376\377\0001\0004\000.\0001\0001\0000\000.\0001\000\040\000D\000e\000s\000c\000r\000i\000p\000t\000i\000o\000n}{section.14.110}% 2404
\BOOKMARK [2][-]{subsection.14.110.2}{\376\377\0001\0004\000.\0001\0001\0000\000.\0002\000\040\000C\000o\000n\000s\000t\000r\000u\000c\000t\000o\000r\000\040\000\046\000\040\000D\000e\000s\000t\000r\000u\000c\000t\000o\000r\000\040\000D\000o\000c\000u\000m\000e\000n\000t\000a\000t\000i\000o\000n}{section.14.110}% 2405
\BOOKMARK [3][-]{subsubsection.14.110.2.1}{\376\377\0001\0004\000.\0001\0001\0000\000.\0002\000.\0001\000\040\000\040\000A\000A\000X\000\137\000I\000E\000f\000f\000e\000c\000t\000D\000e\000s\000c\000r\000i\000p\000t\000o\000r\000\050\000\051}{subsection.14.110.2}% 2406
\BOOKMARK [2][-]{subsection.14.110.3}{\376\377\0001\0004\000.\0001\0001\0000\000.\0003\000\040\000M\000e\000m\000b\000e\000r\000\040\000F\000u\000n\000c\000t\000i\000o\000n\000\040\000D\000o\000c\000u\000m\000e\000n\000t\000a\000t\000i\000o\000n}{section.14.110}% 2407
\BOOKMARK [3][-]{subsubsection.14.110.3.1}{\376\377\0001\0004\000.\0001\0001\0000\000.\0003\000.\0001\000\040\000N\000e\000w\000C\000o\000m\000p\000o\000n\000e\000n\000t\000D\000e\000s\000c\000r\000i\000p\000t\000o\000r\000\050\000\051}{subsection.14.110.3}% 2408
\BOOKMARK [3][-]{subsubsection.14.110.3.2}{\376\377\0001\0004\000.\0001\0001\0000\000.\0003\000.\0002\000\040\000A\000d\000d\000C\000o\000m\000p\000o\000n\000e\000n\000t\000\050\000\051}{subsection.14.110.3}% 2409
\BOOKMARK [3][-]{subsubsection.14.110.3.3}{\376\377\0001\0004\000.\0001\0001\0000\000.\0003\000.\0003\000\040\000A\000d\000d\000N\000a\000m\000e\000\050\000\051}{subsection.14.110.3}% 2410
\BOOKMARK [3][-]{subsubsection.14.110.3.4}{\376\377\0001\0004\000.\0001\0001\0000\000.\0003\000.\0004\000\040\000A\000d\000d\000C\000a\000t\000e\000g\000o\000r\000y\000\050\000\051}{subsection.14.110.3}% 2411
\BOOKMARK [3][-]{subsubsection.14.110.3.5}{\376\377\0001\0004\000.\0001\0001\0000\000.\0003\000.\0005\000\040\000A\000d\000d\000C\000a\000t\000e\000g\000o\000r\000y\000B\000y\000p\000a\000s\000s\000P\000a\000r\000a\000m\000e\000t\000e\000r\000\050\000\051}{subsection.14.110.3}% 2412
\BOOKMARK [3][-]{subsubsection.14.110.3.6}{\376\377\0001\0004\000.\0001\0001\0000\000.\0003\000.\0006\000\040\000A\000d\000d\000P\000r\000o\000c\000P\000t\000r\000\050\000\051}{subsection.14.110.3}% 2413
\BOOKMARK [3][-]{subsubsection.14.110.3.7}{\376\377\0001\0004\000.\0001\0001\0000\000.\0003\000.\0007\000\040\000N\000e\000w\000P\000r\000o\000p\000e\000r\000t\000y\000M\000a\000p\000\050\000\051}{subsection.14.110.3}% 2414
\BOOKMARK [3][-]{subsubsection.14.110.3.8}{\376\377\0001\0004\000.\0001\0001\0000\000.\0003\000.\0008\000\040\000S\000e\000t\000P\000r\000o\000p\000e\000r\000t\000i\000e\000s\000\050\000\051}{subsection.14.110.3}% 2415
\BOOKMARK [3][-]{subsubsection.14.110.3.9}{\376\377\0001\0004\000.\0001\0001\0000\000.\0003\000.\0009\000\040\000A\000d\000d\000R\000e\000s\000o\000u\000r\000c\000e\000I\000n\000f\000o\000\050\000\051}{subsection.14.110.3}% 2416
\BOOKMARK [3][-]{subsubsection.14.110.3.10}{\376\377\0001\0004\000.\0001\0001\0000\000.\0003\000.\0001\0000\000\040\000A\000d\000d\000M\000e\000t\000e\000r\000D\000e\000s\000c\000r\000i\000p\000t\000i\000o\000n\000\050\000\051}{subsection.14.110.3}% 2417
\BOOKMARK [3][-]{subsubsection.14.110.3.11}{\376\377\0001\0004\000.\0001\0001\0000\000.\0003\000.\0001\0001\000\040\000A\000d\000d\000C\000o\000n\000t\000r\000o\000l\000M\000I\000D\000I\000N\000o\000d\000e\000\050\000\051}{subsection.14.110.3}% 2418
\BOOKMARK [1][-]{section.14.111}{\376\377\0001\0004\000.\0001\0001\0001\000\040\000A\000A\000X\000\137\000I\000E\000f\000f\000e\000c\000t\000D\000i\000r\000e\000c\000t\000D\000a\000t\000a\000\040\000C\000l\000a\000s\000s\000\040\000R\000e\000f\000e\000r\000e\000n\000c\000e}{chapter.14}% 2419
\BOOKMARK [2][-]{subsection.14.111.1}{\376\377\0001\0004\000.\0001\0001\0001\000.\0001\000\040\000D\000e\000s\000c\000r\000i\000p\000t\000i\000o\000n}{section.14.111}% 2420
\BOOKMARK [2][-]{subsection.14.111.2}{\376\377\0001\0004\000.\0001\0001\0001\000.\0002\000\040\000M\000e\000m\000b\000e\000r\000\040\000F\000u\000n\000c\000t\000i\000o\000n\000\040\000D\000o\000c\000u\000m\000e\000n\000t\000a\000t\000i\000o\000n}{section.14.111}% 2421
\BOOKMARK [3][-]{subsubsection.14.111.2.1}{\376\377\0001\0004\000.\0001\0001\0001\000.\0002\000.\0001\000\040\000A\000C\000F\000\137\000D\000E\000C\000L\000A\000R\000E\000\137\000S\000T\000A\000N\000D\000A\000R\000D\000\137\000U\000N\000K\000N\000O\000W\000N\000\050\000\051}{subsection.14.111.2}% 2422
\BOOKMARK [3][-]{subsubsection.14.111.2.2}{\376\377\0001\0004\000.\0001\0001\0001\000.\0002\000.\0002\000\040\000A\000A\000X\000\137\000D\000E\000L\000E\000T\000E\000\050\000\051}{subsection.14.111.2}% 2423
\BOOKMARK [2][-]{subsection.14.111.3}{\376\377\0001\0004\000.\0001\0001\0001\000.\0003\000\040\000M\000e\000m\000b\000e\000r\000\040\000D\000a\000t\000a\000\040\000D\000o\000c\000u\000m\000e\000n\000t\000a\000t\000i\000o\000n}{section.14.111}% 2424
\BOOKMARK [3][-]{subsubsection.14.111.3.1}{\376\377\0001\0004\000.\0001\0001\0001\000.\0003\000.\0001\000\040\000o\000v\000e\000r\000r\000i\000d\000e}{subsection.14.111.3}% 2425
\BOOKMARK [1][-]{section.14.112}{\376\377\0001\0004\000.\0001\0001\0002\000\040\000A\000A\000X\000\137\000I\000E\000f\000f\000e\000c\000t\000G\000U\000I\000\040\000C\000l\000a\000s\000s\000\040\000R\000e\000f\000e\000r\000e\000n\000c\000e}{chapter.14}% 2426
\BOOKMARK [2][-]{subsection.14.112.1}{\376\377\0001\0004\000.\0001\0001\0002\000.\0001\000\040\000D\000e\000s\000c\000r\000i\000p\000t\000i\000o\000n}{section.14.112}% 2427
\BOOKMARK [2][-]{subsection.14.112.2}{\376\377\0001\0004\000.\0001\0001\0002\000.\0002\000\040\000M\000e\000m\000b\000e\000r\000\040\000F\000u\000n\000c\000t\000i\000o\000n\000\040\000D\000o\000c\000u\000m\000e\000n\000t\000a\000t\000i\000o\000n}{section.14.112}% 2428
\BOOKMARK [3][-]{subsubsection.14.112.2.1}{\376\377\0001\0004\000.\0001\0001\0002\000.\0002\000.\0001\000\040\000A\000C\000F\000\137\000D\000E\000C\000L\000A\000R\000E\000\137\000S\000T\000A\000N\000D\000A\000R\000D\000\137\000U\000N\000K\000N\000O\000W\000N\000\050\000\051}{subsection.14.112.2}% 2429
\BOOKMARK [3][-]{subsubsection.14.112.2.2}{\376\377\0001\0004\000.\0001\0001\0002\000.\0002\000.\0002\000\040\000A\000A\000X\000\137\000D\000E\000L\000E\000T\000E\000\050\000\051}{subsection.14.112.2}% 2430
\BOOKMARK [2][-]{subsection.14.112.3}{\376\377\0001\0004\000.\0001\0001\0002\000.\0003\000\040\000M\000e\000m\000b\000e\000r\000\040\000D\000a\000t\000a\000\040\000D\000o\000c\000u\000m\000e\000n\000t\000a\000t\000i\000o\000n}{section.14.112}% 2431
\BOOKMARK [3][-]{subsubsection.14.112.3.1}{\376\377\0001\0004\000.\0001\0001\0002\000.\0003\000.\0001\000\040\000o\000v\000e\000r\000r\000i\000d\000e}{subsection.14.112.3}% 2432
\BOOKMARK [1][-]{section.14.113}{\376\377\0001\0004\000.\0001\0001\0003\000\040\000A\000A\000X\000\137\000I\000E\000f\000f\000e\000c\000t\000P\000a\000r\000a\000m\000e\000t\000e\000r\000s\000\040\000C\000l\000a\000s\000s\000\040\000R\000e\000f\000e\000r\000e\000n\000c\000e}{chapter.14}% 2433
\BOOKMARK [2][-]{subsection.14.113.1}{\376\377\0001\0004\000.\0001\0001\0003\000.\0001\000\040\000D\000e\000s\000c\000r\000i\000p\000t\000i\000o\000n}{section.14.113}% 2434
\BOOKMARK [2][-]{subsection.14.113.2}{\376\377\0001\0004\000.\0001\0001\0003\000.\0002\000\040\000R\000e\000l\000a\000t\000e\000d\000\040\000c\000l\000a\000s\000s\000e\000s}{section.14.113}% 2435
\BOOKMARK [2][-]{subsection.14.113.3}{\376\377\0001\0004\000.\0001\0001\0003\000.\0003\000\040\000M\000e\000m\000b\000e\000r\000\040\000F\000u\000n\000c\000t\000i\000o\000n\000\040\000D\000o\000c\000u\000m\000e\000n\000t\000a\000t\000i\000o\000n}{section.14.113}% 2436
\BOOKMARK [3][-]{subsubsection.14.113.3.1}{\376\377\0001\0004\000.\0001\0001\0003\000.\0003\000.\0001\000\040\000A\000C\000F\000\137\000D\000E\000C\000L\000A\000R\000E\000\137\000S\000T\000A\000N\000D\000A\000R\000D\000\137\000U\000N\000K\000N\000O\000W\000N\000\050\000\051}{subsection.14.113.3}% 2437
\BOOKMARK [3][-]{subsubsection.14.113.3.2}{\376\377\0001\0004\000.\0001\0001\0003\000.\0003\000.\0002\000\040\000A\000A\000X\000\137\000D\000E\000L\000E\000T\000E\000\050\000\051}{subsection.14.113.3}% 2438
\BOOKMARK [2][-]{subsection.14.113.4}{\376\377\0001\0004\000.\0001\0001\0003\000.\0004\000\040\000M\000e\000m\000b\000e\000r\000\040\000D\000a\000t\000a\000\040\000D\000o\000c\000u\000m\000e\000n\000t\000a\000t\000i\000o\000n}{section.14.113}% 2439
\BOOKMARK [3][-]{subsubsection.14.113.4.1}{\376\377\0001\0004\000.\0001\0001\0003\000.\0004\000.\0001\000\040\000o\000v\000e\000r\000r\000i\000d\000e}{subsection.14.113.4}% 2440
\BOOKMARK [1][-]{section.14.114}{\376\377\0001\0004\000.\0001\0001\0004\000\040\000A\000A\000X\000\137\000I\000F\000e\000a\000t\000u\000r\000e\000I\000n\000f\000o\000\040\000C\000l\000a\000s\000s\000\040\000R\000e\000f\000e\000r\000e\000n\000c\000e}{chapter.14}% 2441
\BOOKMARK [2][-]{subsection.14.114.1}{\376\377\0001\0004\000.\0001\0001\0004\000.\0001\000\040\000C\000o\000n\000s\000t\000r\000u\000c\000t\000o\000r\000\040\000\046\000\040\000D\000e\000s\000t\000r\000u\000c\000t\000o\000r\000\040\000D\000o\000c\000u\000m\000e\000n\000t\000a\000t\000i\000o\000n}{section.14.114}% 2442
\BOOKMARK [3][-]{subsubsection.14.114.1.1}{\376\377\0001\0004\000.\0001\0001\0004\000.\0001\000.\0001\000\040\000\040\000A\000A\000X\000\137\000I\000F\000e\000a\000t\000u\000r\000e\000I\000n\000f\000o\000\050\000\051}{subsection.14.114.1}% 2443
\BOOKMARK [2][-]{subsection.14.114.2}{\376\377\0001\0004\000.\0001\0001\0004\000.\0002\000\040\000M\000e\000m\000b\000e\000r\000\040\000F\000u\000n\000c\000t\000i\000o\000n\000\040\000D\000o\000c\000u\000m\000e\000n\000t\000a\000t\000i\000o\000n}{section.14.114}% 2444
\BOOKMARK [3][-]{subsubsection.14.114.2.1}{\376\377\0001\0004\000.\0001\0001\0004\000.\0002\000.\0001\000\040\000S\000u\000p\000p\000o\000r\000t\000L\000e\000v\000e\000l\000\050\000\051}{subsection.14.114.2}% 2445
\BOOKMARK [3][-]{subsubsection.14.114.2.2}{\376\377\0001\0004\000.\0001\0001\0004\000.\0002\000.\0002\000\040\000A\000c\000q\000u\000i\000r\000e\000P\000r\000o\000p\000e\000r\000t\000i\000e\000s\000\050\000\051}{subsection.14.114.2}% 2446
\BOOKMARK [3][-]{subsubsection.14.114.2.3}{\376\377\0001\0004\000.\0001\0001\0004\000.\0002\000.\0003\000\040\000I\000D\000\050\000\051}{subsection.14.114.2}% 2447
\BOOKMARK [1][-]{section.14.115}{\376\377\0001\0004\000.\0001\0001\0005\000\040\000A\000A\000X\000\137\000I\000H\000o\000s\000t\000P\000r\000o\000c\000e\000s\000s\000o\000r\000\040\000C\000l\000a\000s\000s\000\040\000R\000e\000f\000e\000r\000e\000n\000c\000e}{chapter.14}% 2448
\BOOKMARK [2][-]{subsection.14.115.1}{\376\377\0001\0004\000.\0001\0001\0005\000.\0001\000\040\000D\000e\000s\000c\000r\000i\000p\000t\000i\000o\000n}{section.14.115}% 2449
\BOOKMARK [2][-]{subsection.14.115.2}{\376\377\0001\0004\000.\0001\0001\0005\000.\0002\000\040\000M\000e\000m\000b\000e\000r\000\040\000F\000u\000n\000c\000t\000i\000o\000n\000\040\000D\000o\000c\000u\000m\000e\000n\000t\000a\000t\000i\000o\000n}{section.14.115}% 2450
\BOOKMARK [3][-]{subsubsection.14.115.2.1}{\376\377\0001\0004\000.\0001\0001\0005\000.\0002\000.\0001\000\040\000A\000C\000F\000\137\000D\000E\000C\000L\000A\000R\000E\000\137\000S\000T\000A\000N\000D\000A\000R\000D\000\137\000U\000N\000K\000N\000O\000W\000N\000\050\000\051}{subsection.14.115.2}% 2451
\BOOKMARK [3][-]{subsubsection.14.115.2.2}{\376\377\0001\0004\000.\0001\0001\0005\000.\0002\000.\0002\000\040\000A\000A\000X\000\137\000D\000E\000L\000E\000T\000E\000\050\000\051}{subsection.14.115.2}% 2452
\BOOKMARK [2][-]{subsection.14.115.3}{\376\377\0001\0004\000.\0001\0001\0005\000.\0003\000\040\000M\000e\000m\000b\000e\000r\000\040\000D\000a\000t\000a\000\040\000D\000o\000c\000u\000m\000e\000n\000t\000a\000t\000i\000o\000n}{section.14.115}% 2453
\BOOKMARK [3][-]{subsubsection.14.115.3.1}{\376\377\0001\0004\000.\0001\0001\0005\000.\0003\000.\0001\000\040\000o\000v\000e\000r\000r\000i\000d\000e}{subsection.14.115.3}% 2454
\BOOKMARK [1][-]{section.14.116}{\376\377\0001\0004\000.\0001\0001\0006\000\040\000A\000A\000X\000\137\000I\000H\000o\000s\000t\000P\000r\000o\000c\000e\000s\000s\000o\000r\000D\000e\000l\000e\000g\000a\000t\000e\000\040\000C\000l\000a\000s\000s\000\040\000R\000e\000f\000e\000r\000e\000n\000c\000e}{chapter.14}% 2455
\BOOKMARK [2][-]{subsection.14.116.1}{\376\377\0001\0004\000.\0001\0001\0006\000.\0001\000\040\000D\000e\000s\000c\000r\000i\000p\000t\000i\000o\000n}{section.14.116}% 2456
\BOOKMARK [2][-]{subsection.14.116.2}{\376\377\0001\0004\000.\0001\0001\0006\000.\0002\000\040\000C\000o\000n\000s\000t\000r\000u\000c\000t\000o\000r\000\040\000\046\000\040\000D\000e\000s\000t\000r\000u\000c\000t\000o\000r\000\040\000D\000o\000c\000u\000m\000e\000n\000t\000a\000t\000i\000o\000n}{section.14.116}% 2457
\BOOKMARK [3][-]{subsubsection.14.116.2.1}{\376\377\0001\0004\000.\0001\0001\0006\000.\0002\000.\0001\000\040\000\040\000A\000A\000X\000\137\000I\000H\000o\000s\000t\000P\000r\000o\000c\000e\000s\000s\000o\000r\000D\000e\000l\000e\000g\000a\000t\000e\000\050\000\051}{subsection.14.116.2}% 2458
\BOOKMARK [2][-]{subsection.14.116.3}{\376\377\0001\0004\000.\0001\0001\0006\000.\0003\000\040\000M\000e\000m\000b\000e\000r\000\040\000F\000u\000n\000c\000t\000i\000o\000n\000\040\000D\000o\000c\000u\000m\000e\000n\000t\000a\000t\000i\000o\000n}{section.14.116}% 2459
\BOOKMARK [3][-]{subsubsection.14.116.3.1}{\376\377\0001\0004\000.\0001\0001\0006\000.\0003\000.\0001\000\040\000G\000e\000t\000A\000u\000d\000i\000o\000\050\000\051}{subsection.14.116.3}% 2460
\BOOKMARK [3][-]{subsubsection.14.116.3.2}{\376\377\0001\0004\000.\0001\0001\0006\000.\0003\000.\0002\000\040\000G\000e\000t\000S\000i\000d\000e\000C\000h\000a\000i\000n\000I\000n\000p\000u\000t\000N\000u\000m\000\050\000\051}{subsection.14.116.3}% 2461
\BOOKMARK [3][-]{subsubsection.14.116.3.3}{\376\377\0001\0004\000.\0001\0001\0006\000.\0003\000.\0003\000\040\000F\000o\000r\000c\000e\000A\000n\000a\000l\000y\000z\000e\000\050\000\051}{subsection.14.116.3}% 2462
\BOOKMARK [3][-]{subsubsection.14.116.3.4}{\376\377\0001\0004\000.\0001\0001\0006\000.\0003\000.\0004\000\040\000F\000o\000r\000c\000e\000P\000r\000o\000c\000e\000s\000s\000\050\000\051}{subsection.14.116.3}% 2463
\BOOKMARK [1][-]{section.14.117}{\376\377\0001\0004\000.\0001\0001\0007\000\040\000A\000A\000X\000\137\000I\000H\000o\000s\000t\000S\000e\000r\000v\000i\000c\000e\000s\000\040\000C\000l\000a\000s\000s\000\040\000R\000e\000f\000e\000r\000e\000n\000c\000e}{chapter.14}% 2464
\BOOKMARK [2][-]{subsection.14.117.1}{\376\377\0001\0004\000.\0001\0001\0007\000.\0001\000\040\000D\000e\000s\000c\000r\000i\000p\000t\000i\000o\000n}{section.14.117}% 2465
\BOOKMARK [2][-]{subsection.14.117.2}{\376\377\0001\0004\000.\0001\0001\0007\000.\0002\000\040\000C\000o\000n\000s\000t\000r\000u\000c\000t\000o\000r\000\040\000\046\000\040\000D\000e\000s\000t\000r\000u\000c\000t\000o\000r\000\040\000D\000o\000c\000u\000m\000e\000n\000t\000a\000t\000i\000o\000n}{section.14.117}% 2466
\BOOKMARK [3][-]{subsubsection.14.117.2.1}{\376\377\0001\0004\000.\0001\0001\0007\000.\0002\000.\0001\000\040\000\040\000A\000A\000X\000\137\000I\000H\000o\000s\000t\000S\000e\000r\000v\000i\000c\000e\000s\000\050\000\051}{subsection.14.117.2}% 2467
\BOOKMARK [2][-]{subsection.14.117.3}{\376\377\0001\0004\000.\0001\0001\0007\000.\0003\000\040\000M\000e\000m\000b\000e\000r\000\040\000F\000u\000n\000c\000t\000i\000o\000n\000\040\000D\000o\000c\000u\000m\000e\000n\000t\000a\000t\000i\000o\000n}{section.14.117}% 2468
\BOOKMARK [3][-]{subsubsection.14.117.3.1}{\376\377\0001\0004\000.\0001\0001\0007\000.\0003\000.\0001\000\040\000H\000a\000n\000d\000l\000e\000A\000s\000s\000e\000r\000t\000F\000a\000i\000l\000u\000r\000e\000\050\000\051}{subsection.14.117.3}% 2469
\BOOKMARK [3][-]{subsubsection.14.117.3.2}{\376\377\0001\0004\000.\0001\0001\0007\000.\0003\000.\0002\000\040\000T\000r\000a\000c\000e\000\050\000\051}{subsection.14.117.3}% 2470
\BOOKMARK [3][-]{subsubsection.14.117.3.3}{\376\377\0001\0004\000.\0001\0001\0007\000.\0003\000.\0003\000\040\000S\000t\000a\000c\000k\000T\000r\000a\000c\000e\000\050\000\051}{subsection.14.117.3}% 2471
\BOOKMARK [1][-]{section.14.118}{\376\377\0001\0004\000.\0001\0001\0008\000\040\000A\000A\000X\000\137\000I\000H\000o\000s\000t\000T\000a\000s\000k\000A\000g\000e\000n\000t\000\040\000C\000l\000a\000s\000s\000\040\000R\000e\000f\000e\000r\000e\000n\000c\000e}{chapter.14}% 2472
\BOOKMARK [2][-]{subsection.14.118.1}{\376\377\0001\0004\000.\0001\0001\0008\000.\0001\000\040\000D\000e\000s\000c\000r\000i\000p\000t\000i\000o\000n}{section.14.118}% 2473
\BOOKMARK [2][-]{subsection.14.118.2}{\376\377\0001\0004\000.\0001\0001\0008\000.\0002\000\040\000C\000o\000n\000s\000t\000r\000u\000c\000t\000o\000r\000\040\000\046\000\040\000D\000e\000s\000t\000r\000u\000c\000t\000o\000r\000\040\000D\000o\000c\000u\000m\000e\000n\000t\000a\000t\000i\000o\000n}{section.14.118}% 2474
\BOOKMARK [3][-]{subsubsection.14.118.2.1}{\376\377\0001\0004\000.\0001\0001\0008\000.\0002\000.\0001\000\040\000\040\000A\000A\000X\000\137\000I\000H\000o\000s\000t\000T\000a\000s\000k\000A\000g\000e\000n\000t\000\050\000\051}{subsection.14.118.2}% 2475
\BOOKMARK [2][-]{subsection.14.118.3}{\376\377\0001\0004\000.\0001\0001\0008\000.\0003\000\040\000M\000e\000m\000b\000e\000r\000\040\000F\000u\000n\000c\000t\000i\000o\000n\000\040\000D\000o\000c\000u\000m\000e\000n\000t\000a\000t\000i\000o\000n}{section.14.118}% 2476
\BOOKMARK [3][-]{subsubsection.14.118.3.1}{\376\377\0001\0004\000.\0001\0001\0008\000.\0003\000.\0001\000\040\000I\000n\000i\000t\000i\000a\000l\000i\000z\000e\000\050\000\051}{subsection.14.118.3}% 2477
\BOOKMARK [3][-]{subsubsection.14.118.3.2}{\376\377\0001\0004\000.\0001\0001\0008\000.\0003\000.\0002\000\040\000U\000n\000i\000n\000i\000t\000i\000a\000l\000i\000z\000e\000\050\000\051}{subsection.14.118.3}% 2478
\BOOKMARK [3][-]{subsubsection.14.118.3.3}{\376\377\0001\0004\000.\0001\0001\0008\000.\0003\000.\0003\000\040\000A\000d\000d\000T\000a\000s\000k\000\050\000\051}{subsection.14.118.3}% 2479
\BOOKMARK [3][-]{subsubsection.14.118.3.4}{\376\377\0001\0004\000.\0001\0001\0008\000.\0003\000.\0004\000\040\000C\000a\000n\000c\000e\000l\000A\000l\000l\000T\000a\000s\000k\000s\000\050\000\051}{subsection.14.118.3}% 2480
\BOOKMARK [1][-]{section.14.119}{\376\377\0001\0004\000.\0001\0001\0009\000\040\000A\000A\000X\000\137\000I\000M\000I\000D\000I\000M\000e\000s\000s\000a\000g\000e\000I\000n\000f\000o\000D\000e\000l\000e\000g\000a\000t\000e\000\040\000C\000l\000a\000s\000s\000\040\000R\000e\000f\000e\000r\000e\000n\000c\000e}{chapter.14}% 2481
\BOOKMARK [2][-]{subsection.14.119.1}{\376\377\0001\0004\000.\0001\0001\0009\000.\0001\000\040\000C\000o\000n\000s\000t\000r\000u\000c\000t\000o\000r\000\040\000\046\000\040\000D\000e\000s\000t\000r\000u\000c\000t\000o\000r\000\040\000D\000o\000c\000u\000m\000e\000n\000t\000a\000t\000i\000o\000n}{section.14.119}% 2482
\BOOKMARK [3][-]{subsubsection.14.119.1.1}{\376\377\0001\0004\000.\0001\0001\0009\000.\0001\000.\0001\000\040\000\040\000A\000A\000X\000\137\000I\000M\000I\000D\000I\000M\000e\000s\000s\000a\000g\000e\000I\000n\000f\000o\000D\000e\000l\000e\000g\000a\000t\000e\000\050\000\051}{subsection.14.119.1}% 2483
\BOOKMARK [2][-]{subsection.14.119.2}{\376\377\0001\0004\000.\0001\0001\0009\000.\0002\000\040\000M\000e\000m\000b\000e\000r\000\040\000F\000u\000n\000c\000t\000i\000o\000n\000\040\000D\000o\000c\000u\000m\000e\000n\000t\000a\000t\000i\000o\000n}{section.14.119}% 2484
\BOOKMARK [3][-]{subsubsection.14.119.2.1}{\376\377\0001\0004\000.\0001\0001\0009\000.\0002\000.\0001\000\040\000M\000a\000s\000k\000\050\000\051}{subsection.14.119.2}% 2485
\BOOKMARK [3][-]{subsubsection.14.119.2.2}{\376\377\0001\0004\000.\0001\0001\0009\000.\0002\000.\0002\000\040\000L\000e\000n\000g\000t\000h\000\050\000\051}{subsection.14.119.2}% 2486
\BOOKMARK [3][-]{subsubsection.14.119.2.3}{\376\377\0001\0004\000.\0001\0001\0009\000.\0002\000.\0003\000\040\000T\000o\000S\000t\000r\000i\000n\000g\000\050\000\051}{subsection.14.119.2}% 2487
\BOOKMARK [3][-]{subsubsection.14.119.2.4}{\376\377\0001\0004\000.\0001\0001\0009\000.\0002\000.\0004\000\040\000A\000c\000c\000e\000p\000t\000s\000\050\000\051}{subsection.14.119.2}% 2488
\BOOKMARK [3][-]{subsubsection.14.119.2.5}{\376\377\0001\0004\000.\0001\0001\0009\000.\0002\000.\0005\000\040\000A\000c\000c\000e\000p\000t\000s\000\137\000E\000x\000a\000c\000t\000S\000t\000a\000t\000u\000s\000\050\000\051}{subsection.14.119.2}% 2489
\BOOKMARK [3][-]{subsubsection.14.119.2.6}{\376\377\0001\0004\000.\0001\0001\0009\000.\0002\000.\0006\000\040\000T\000o\000S\000t\000r\000i\000n\000g\000\137\000A\000p\000p\000e\000n\000d\000N\000u\000m\000b\000e\000r\000\050\000\051}{subsection.14.119.2}% 2490
\BOOKMARK [3][-]{subsubsection.14.119.2.7}{\376\377\0001\0004\000.\0001\0001\0009\000.\0002\000.\0007\000\040\000T\000o\000S\000t\000r\000i\000n\000g\000\137\000A\000p\000p\000e\000n\000d\000C\000S\000t\000r\000\050\000\051}{subsection.14.119.2}% 2491
\BOOKMARK [3][-]{subsubsection.14.119.2.8}{\376\377\0001\0004\000.\0001\0001\0009\000.\0002\000.\0008\000\040\000T\000o\000S\000t\000r\000i\000n\000g\000\137\000A\000p\000p\000e\000n\000d\000B\000y\000t\000e\000R\000a\000n\000g\000e\000\050\000\051}{subsection.14.119.2}% 2492
\BOOKMARK [3][-]{subsubsection.14.119.2.9}{\376\377\0001\0004\000.\0001\0001\0009\000.\0002\000.\0009\000\040\000T\000o\000S\000t\000r\000i\000n\000g\000\137\000A\000p\000p\000e\000n\000d\000V\000a\000l\000i\000d\000\050\000\051}{subsection.14.119.2}% 2493
\BOOKMARK [1][-]{section.14.120}{\376\377\0001\0004\000.\0001\0002\0000\000\040\000A\000A\000X\000\137\000I\000M\000I\000D\000I\000N\000o\000d\000e\000\040\000C\000l\000a\000s\000s\000\040\000R\000e\000f\000e\000r\000e\000n\000c\000e}{chapter.14}% 2494
\BOOKMARK [2][-]{subsection.14.120.1}{\376\377\0001\0004\000.\0001\0002\0000\000.\0001\000\040\000D\000e\000s\000c\000r\000i\000p\000t\000i\000o\000n}{section.14.120}% 2495
\BOOKMARK [2][-]{subsection.14.120.2}{\376\377\0001\0004\000.\0001\0002\0000\000.\0002\000\040\000C\000o\000n\000s\000t\000r\000u\000c\000t\000o\000r\000\040\000\046\000\040\000D\000e\000s\000t\000r\000u\000c\000t\000o\000r\000\040\000D\000o\000c\000u\000m\000e\000n\000t\000a\000t\000i\000o\000n}{section.14.120}% 2496
\BOOKMARK [3][-]{subsubsection.14.120.2.1}{\376\377\0001\0004\000.\0001\0002\0000\000.\0002\000.\0001\000\040\000\040\000A\000A\000X\000\137\000I\000M\000I\000D\000I\000N\000o\000d\000e\000\050\000\051}{subsection.14.120.2}% 2497
\BOOKMARK [2][-]{subsection.14.120.3}{\376\377\0001\0004\000.\0001\0002\0000\000.\0003\000\040\000M\000e\000m\000b\000e\000r\000\040\000F\000u\000n\000c\000t\000i\000o\000n\000\040\000D\000o\000c\000u\000m\000e\000n\000t\000a\000t\000i\000o\000n}{section.14.120}% 2498
\BOOKMARK [3][-]{subsubsection.14.120.3.1}{\376\377\0001\0004\000.\0001\0002\0000\000.\0003\000.\0001\000\040\000G\000e\000t\000N\000o\000d\000e\000B\000u\000f\000f\000e\000r\000\050\000\051}{subsection.14.120.3}% 2499
\BOOKMARK [3][-]{subsubsection.14.120.3.2}{\376\377\0001\0004\000.\0001\0002\0000\000.\0003\000.\0002\000\040\000P\000o\000s\000t\000M\000I\000D\000I\000P\000a\000c\000k\000e\000t\000\050\000\051}{subsection.14.120.3}% 2500
\BOOKMARK [3][-]{subsubsection.14.120.3.3}{\376\377\0001\0004\000.\0001\0002\0000\000.\0003\000.\0003\000\040\000G\000e\000t\000T\000r\000a\000n\000s\000p\000o\000r\000t\000\050\000\051}{subsection.14.120.3}% 2501
\BOOKMARK [1][-]{section.14.121}{\376\377\0001\0004\000.\0001\0002\0001\000\040\000A\000A\000X\000\137\000I\000P\000a\000c\000k\000e\000t\000H\000a\000n\000d\000l\000e\000r\000\040\000S\000t\000r\000u\000c\000t\000\040\000R\000e\000f\000e\000r\000e\000n\000c\000e}{chapter.14}% 2502
\BOOKMARK [2][-]{subsection.14.121.1}{\376\377\0001\0004\000.\0001\0002\0001\000.\0001\000\040\000D\000e\000s\000c\000r\000i\000p\000t\000i\000o\000n}{section.14.121}% 2503
\BOOKMARK [2][-]{subsection.14.121.2}{\376\377\0001\0004\000.\0001\0002\0001\000.\0002\000\040\000C\000o\000n\000s\000t\000r\000u\000c\000t\000o\000r\000\040\000\046\000\040\000D\000e\000s\000t\000r\000u\000c\000t\000o\000r\000\040\000D\000o\000c\000u\000m\000e\000n\000t\000a\000t\000i\000o\000n}{section.14.121}% 2504
\BOOKMARK [3][-]{subsubsection.14.121.2.1}{\376\377\0001\0004\000.\0001\0002\0001\000.\0002\000.\0001\000\040\000\040\000A\000A\000X\000\137\000I\000P\000a\000c\000k\000e\000t\000H\000a\000n\000d\000l\000e\000r\000\050\000\051}{subsection.14.121.2}% 2505
\BOOKMARK [2][-]{subsection.14.121.3}{\376\377\0001\0004\000.\0001\0002\0001\000.\0003\000\040\000M\000e\000m\000b\000e\000r\000\040\000F\000u\000n\000c\000t\000i\000o\000n\000\040\000D\000o\000c\000u\000m\000e\000n\000t\000a\000t\000i\000o\000n}{section.14.121}% 2506
\BOOKMARK [3][-]{subsubsection.14.121.3.1}{\376\377\0001\0004\000.\0001\0002\0001\000.\0003\000.\0001\000\040\000C\000l\000o\000n\000e\000\050\000\051}{subsection.14.121.3}% 2507
\BOOKMARK [3][-]{subsubsection.14.121.3.2}{\376\377\0001\0004\000.\0001\0002\0001\000.\0003\000.\0002\000\040\000C\000a\000l\000l\000\050\000\051}{subsection.14.121.3}% 2508
\BOOKMARK [1][-]{section.14.122}{\376\377\0001\0004\000.\0001\0002\0002\000\040\000A\000A\000X\000\137\000I\000P\000a\000g\000e\000T\000a\000b\000l\000e\000\040\000C\000l\000a\000s\000s\000\040\000R\000e\000f\000e\000r\000e\000n\000c\000e}{chapter.14}% 2509
\BOOKMARK [2][-]{subsection.14.122.1}{\376\377\0001\0004\000.\0001\0002\0002\000.\0001\000\040\000D\000e\000s\000c\000r\000i\000p\000t\000i\000o\000n}{section.14.122}% 2510
\BOOKMARK [2][-]{subsection.14.122.2}{\376\377\0001\0004\000.\0001\0002\0002\000.\0002\000\040\000C\000o\000n\000s\000t\000r\000u\000c\000t\000o\000r\000\040\000\046\000\040\000D\000e\000s\000t\000r\000u\000c\000t\000o\000r\000\040\000D\000o\000c\000u\000m\000e\000n\000t\000a\000t\000i\000o\000n}{section.14.122}% 2511
\BOOKMARK [3][-]{subsubsection.14.122.2.1}{\376\377\0001\0004\000.\0001\0002\0002\000.\0002\000.\0001\000\040\000\040\000A\000A\000X\000\137\000I\000P\000a\000g\000e\000T\000a\000b\000l\000e\000\050\000\051}{subsection.14.122.2}% 2512
\BOOKMARK [2][-]{subsection.14.122.3}{\376\377\0001\0004\000.\0001\0002\0002\000.\0003\000\040\000M\000e\000m\000b\000e\000r\000\040\000F\000u\000n\000c\000t\000i\000o\000n\000\040\000D\000o\000c\000u\000m\000e\000n\000t\000a\000t\000i\000o\000n}{section.14.122}% 2513
\BOOKMARK [3][-]{subsubsection.14.122.3.1}{\376\377\0001\0004\000.\0001\0002\0002\000.\0003\000.\0001\000\040\000C\000l\000e\000a\000r\000\050\000\051}{subsection.14.122.3}% 2514
\BOOKMARK [3][-]{subsubsection.14.122.3.2}{\376\377\0001\0004\000.\0001\0002\0002\000.\0003\000.\0002\000\040\000E\000m\000p\000t\000y\000\050\000\051}{subsection.14.122.3}% 2515
\BOOKMARK [3][-]{subsubsection.14.122.3.3}{\376\377\0001\0004\000.\0001\0002\0002\000.\0003\000.\0003\000\040\000G\000e\000t\000N\000u\000m\000P\000a\000g\000e\000s\000\050\000\051}{subsection.14.122.3}% 2516
\BOOKMARK [3][-]{subsubsection.14.122.3.4}{\376\377\0001\0004\000.\0001\0002\0002\000.\0003\000.\0004\000\040\000I\000n\000s\000e\000r\000t\000P\000a\000g\000e\000\050\000\051}{subsection.14.122.3}% 2517
\BOOKMARK [3][-]{subsubsection.14.122.3.5}{\376\377\0001\0004\000.\0001\0002\0002\000.\0003\000.\0005\000\040\000R\000e\000m\000o\000v\000e\000P\000a\000g\000e\000\050\000\051}{subsection.14.122.3}% 2518
\BOOKMARK [3][-]{subsubsection.14.122.3.6}{\376\377\0001\0004\000.\0001\0002\0002\000.\0003\000.\0006\000\040\000G\000e\000t\000N\000u\000m\000M\000a\000p\000p\000e\000d\000P\000a\000r\000a\000m\000e\000t\000e\000r\000I\000D\000s\000\050\000\051}{subsection.14.122.3}% 2519
\BOOKMARK [3][-]{subsubsection.14.122.3.7}{\376\377\0001\0004\000.\0001\0002\0002\000.\0003\000.\0007\000\040\000C\000l\000e\000a\000r\000M\000a\000p\000p\000e\000d\000P\000a\000r\000a\000m\000e\000t\000e\000r\000\050\000\051}{subsection.14.122.3}% 2520
\BOOKMARK [3][-]{subsubsection.14.122.3.8}{\376\377\0001\0004\000.\0001\0002\0002\000.\0003\000.\0008\000\040\000G\000e\000t\000M\000a\000p\000p\000e\000d\000P\000a\000r\000a\000m\000e\000t\000e\000r\000I\000D\000\050\000\051}{subsection.14.122.3}% 2521
\BOOKMARK [3][-]{subsubsection.14.122.3.9}{\376\377\0001\0004\000.\0001\0002\0002\000.\0003\000.\0009\000\040\000M\000a\000p\000P\000a\000r\000a\000m\000e\000t\000e\000r\000I\000D\000\050\000\051}{subsection.14.122.3}% 2522
\BOOKMARK [3][-]{subsubsection.14.122.3.10}{\376\377\0001\0004\000.\0001\0002\0002\000.\0003\000.\0001\0000\000\040\000G\000e\000t\000N\000u\000m\000P\000a\000r\000a\000m\000e\000t\000e\000r\000s\000W\000i\000t\000h\000N\000a\000m\000e\000V\000a\000r\000i\000a\000t\000i\000o\000n\000s\000\050\000\051}{subsection.14.122.3}% 2523
\BOOKMARK [3][-]{subsubsection.14.122.3.11}{\376\377\0001\0004\000.\0001\0002\0002\000.\0003\000.\0001\0001\000\040\000G\000e\000t\000N\000a\000m\000e\000V\000a\000r\000i\000a\000t\000i\000o\000n\000P\000a\000r\000a\000m\000e\000t\000e\000r\000I\000D\000A\000t\000I\000n\000d\000e\000x\000\050\000\051}{subsection.14.122.3}% 2524
\BOOKMARK [3][-]{subsubsection.14.122.3.12}{\376\377\0001\0004\000.\0001\0002\0002\000.\0003\000.\0001\0002\000\040\000G\000e\000t\000N\000u\000m\000N\000a\000m\000e\000V\000a\000r\000i\000a\000t\000i\000o\000n\000s\000F\000o\000r\000P\000a\000r\000a\000m\000e\000t\000e\000r\000\050\000\051}{subsection.14.122.3}% 2525
\BOOKMARK [3][-]{subsubsection.14.122.3.13}{\376\377\0001\0004\000.\0001\0002\0002\000.\0003\000.\0001\0003\000\040\000G\000e\000t\000P\000a\000r\000a\000m\000e\000t\000e\000r\000N\000a\000m\000e\000V\000a\000r\000i\000a\000t\000i\000o\000n\000A\000t\000I\000n\000d\000e\000x\000\050\000\051}{subsection.14.122.3}% 2526
\BOOKMARK [3][-]{subsubsection.14.122.3.14}{\376\377\0001\0004\000.\0001\0002\0002\000.\0003\000.\0001\0004\000\040\000G\000e\000t\000P\000a\000r\000a\000m\000e\000t\000e\000r\000N\000a\000m\000e\000V\000a\000r\000i\000a\000t\000i\000o\000n\000O\000f\000L\000e\000n\000g\000t\000h\000\050\000\051}{subsection.14.122.3}% 2527
\BOOKMARK [3][-]{subsubsection.14.122.3.15}{\376\377\0001\0004\000.\0001\0002\0002\000.\0003\000.\0001\0005\000\040\000C\000l\000e\000a\000r\000P\000a\000r\000a\000m\000e\000t\000e\000r\000N\000a\000m\000e\000V\000a\000r\000i\000a\000t\000i\000o\000n\000s\000\050\000\051}{subsection.14.122.3}% 2528
\BOOKMARK [3][-]{subsubsection.14.122.3.16}{\376\377\0001\0004\000.\0001\0002\0002\000.\0003\000.\0001\0006\000\040\000C\000l\000e\000a\000r\000N\000a\000m\000e\000V\000a\000r\000i\000a\000t\000i\000o\000n\000s\000F\000o\000r\000P\000a\000r\000a\000m\000e\000t\000e\000r\000\050\000\051}{subsection.14.122.3}% 2529
\BOOKMARK [3][-]{subsubsection.14.122.3.17}{\376\377\0001\0004\000.\0001\0002\0002\000.\0003\000.\0001\0007\000\040\000S\000e\000t\000P\000a\000r\000a\000m\000e\000t\000e\000r\000N\000a\000m\000e\000V\000a\000r\000i\000a\000t\000i\000o\000n\000\050\000\051}{subsection.14.122.3}% 2530
\BOOKMARK [1][-]{section.14.123}{\376\377\0001\0004\000.\0001\0002\0003\000\040\000A\000A\000X\000\137\000I\000P\000a\000r\000a\000m\000e\000t\000e\000r\000\040\000C\000l\000a\000s\000s\000\040\000R\000e\000f\000e\000r\000e\000n\000c\000e}{chapter.14}% 2531
\BOOKMARK [2][-]{subsection.14.123.1}{\376\377\0001\0004\000.\0001\0002\0003\000.\0001\000\040\000D\000e\000s\000c\000r\000i\000p\000t\000i\000o\000n}{section.14.123}% 2532
\BOOKMARK [2][-]{subsection.14.123.2}{\376\377\0001\0004\000.\0001\0002\0003\000.\0002\000\040\000C\000o\000n\000s\000t\000r\000u\000c\000t\000o\000r\000\040\000\046\000\040\000D\000e\000s\000t\000r\000u\000c\000t\000o\000r\000\040\000D\000o\000c\000u\000m\000e\000n\000t\000a\000t\000i\000o\000n}{section.14.123}% 2533
\BOOKMARK [3][-]{subsubsection.14.123.2.1}{\376\377\0001\0004\000.\0001\0002\0003\000.\0002\000.\0001\000\040\000\040\000A\000A\000X\000\137\000I\000P\000a\000r\000a\000m\000e\000t\000e\000r\000\050\000\051}{subsection.14.123.2}% 2534
\BOOKMARK [2][-]{subsection.14.123.3}{\376\377\0001\0004\000.\0001\0002\0003\000.\0003\000\040\000M\000e\000m\000b\000e\000r\000\040\000F\000u\000n\000c\000t\000i\000o\000n\000\040\000D\000o\000c\000u\000m\000e\000n\000t\000a\000t\000i\000o\000n}{section.14.123}% 2535
\BOOKMARK [3][-]{subsubsection.14.123.3.1}{\376\377\0001\0004\000.\0001\0002\0003\000.\0003\000.\0001\000\040\000C\000l\000o\000n\000e\000V\000a\000l\000u\000e\000\050\000\051}{subsection.14.123.3}% 2536
\BOOKMARK [3][-]{subsubsection.14.123.3.2}{\376\377\0001\0004\000.\0001\0002\0003\000.\0003\000.\0002\000\040\000I\000d\000e\000n\000t\000i\000f\000i\000e\000r\000\050\000\051}{subsection.14.123.3}% 2537
\BOOKMARK [3][-]{subsubsection.14.123.3.3}{\376\377\0001\0004\000.\0001\0002\0003\000.\0003\000.\0003\000\040\000S\000e\000t\000N\000a\000m\000e\000\050\000\051}{subsection.14.123.3}% 2538
\BOOKMARK [3][-]{subsubsection.14.123.3.4}{\376\377\0001\0004\000.\0001\0002\0003\000.\0003\000.\0004\000\040\000N\000a\000m\000e\000\050\000\051}{subsection.14.123.3}% 2539
\BOOKMARK [3][-]{subsubsection.14.123.3.5}{\376\377\0001\0004\000.\0001\0002\0003\000.\0003\000.\0005\000\040\000A\000d\000d\000S\000h\000o\000r\000t\000e\000n\000e\000d\000N\000a\000m\000e\000\050\000\051}{subsection.14.123.3}% 2540
\BOOKMARK [3][-]{subsubsection.14.123.3.6}{\376\377\0001\0004\000.\0001\0002\0003\000.\0003\000.\0006\000\040\000S\000h\000o\000r\000t\000e\000n\000e\000d\000N\000a\000m\000e\000\050\000\051}{subsection.14.123.3}% 2541
\BOOKMARK [3][-]{subsubsection.14.123.3.7}{\376\377\0001\0004\000.\0001\0002\0003\000.\0003\000.\0007\000\040\000C\000l\000e\000a\000r\000S\000h\000o\000r\000t\000e\000n\000e\000d\000N\000a\000m\000e\000s\000\050\000\051}{subsection.14.123.3}% 2542
\BOOKMARK [3][-]{subsubsection.14.123.3.8}{\376\377\0001\0004\000.\0001\0002\0003\000.\0003\000.\0008\000\040\000A\000u\000t\000o\000m\000a\000t\000a\000b\000l\000e\000\050\000\051}{subsection.14.123.3}% 2543
\BOOKMARK [3][-]{subsubsection.14.123.3.9}{\376\377\0001\0004\000.\0001\0002\0003\000.\0003\000.\0009\000\040\000S\000e\000t\000A\000u\000t\000o\000m\000a\000t\000i\000o\000n\000D\000e\000l\000e\000g\000a\000t\000e\000\050\000\051}{subsection.14.123.3}% 2544
\BOOKMARK [3][-]{subsubsection.14.123.3.10}{\376\377\0001\0004\000.\0001\0002\0003\000.\0003\000.\0001\0000\000\040\000T\000o\000u\000c\000h\000\050\000\051}{subsection.14.123.3}% 2545
\BOOKMARK [3][-]{subsubsection.14.123.3.11}{\376\377\0001\0004\000.\0001\0002\0003\000.\0003\000.\0001\0001\000\040\000R\000e\000l\000e\000a\000s\000e\000\050\000\051}{subsection.14.123.3}% 2546
\BOOKMARK [3][-]{subsubsection.14.123.3.12}{\376\377\0001\0004\000.\0001\0002\0003\000.\0003\000.\0001\0002\000\040\000S\000e\000t\000N\000o\000r\000m\000a\000l\000i\000z\000e\000d\000V\000a\000l\000u\000e\000\050\000\051}{subsection.14.123.3}% 2547
\BOOKMARK [3][-]{subsubsection.14.123.3.13}{\376\377\0001\0004\000.\0001\0002\0003\000.\0003\000.\0001\0003\000\040\000G\000e\000t\000N\000o\000r\000m\000a\000l\000i\000z\000e\000d\000V\000a\000l\000u\000e\000\050\000\051}{subsection.14.123.3}% 2548
\BOOKMARK [3][-]{subsubsection.14.123.3.14}{\376\377\0001\0004\000.\0001\0002\0003\000.\0003\000.\0001\0004\000\040\000S\000e\000t\000N\000o\000r\000m\000a\000l\000i\000z\000e\000d\000D\000e\000f\000a\000u\000l\000t\000V\000a\000l\000u\000e\000\050\000\051}{subsection.14.123.3}% 2549
\BOOKMARK [3][-]{subsubsection.14.123.3.15}{\376\377\0001\0004\000.\0001\0002\0003\000.\0003\000.\0001\0005\000\040\000G\000e\000t\000N\000o\000r\000m\000a\000l\000i\000z\000e\000d\000D\000e\000f\000a\000u\000l\000t\000V\000a\000l\000u\000e\000\050\000\051}{subsection.14.123.3}% 2550
\BOOKMARK [3][-]{subsubsection.14.123.3.16}{\376\377\0001\0004\000.\0001\0002\0003\000.\0003\000.\0001\0006\000\040\000S\000e\000t\000T\000o\000D\000e\000f\000a\000u\000l\000t\000V\000a\000l\000u\000e\000\050\000\051}{subsection.14.123.3}% 2551
\BOOKMARK [3][-]{subsubsection.14.123.3.17}{\376\377\0001\0004\000.\0001\0002\0003\000.\0003\000.\0001\0007\000\040\000S\000e\000t\000N\000u\000m\000b\000e\000r\000O\000f\000S\000t\000e\000p\000s\000\050\000\051}{subsection.14.123.3}% 2552
\BOOKMARK [3][-]{subsubsection.14.123.3.18}{\376\377\0001\0004\000.\0001\0002\0003\000.\0003\000.\0001\0008\000\040\000G\000e\000t\000N\000u\000m\000b\000e\000r\000O\000f\000S\000t\000e\000p\000s\000\050\000\051}{subsection.14.123.3}% 2553
\BOOKMARK [3][-]{subsubsection.14.123.3.19}{\376\377\0001\0004\000.\0001\0002\0003\000.\0003\000.\0001\0009\000\040\000G\000e\000t\000S\000t\000e\000p\000V\000a\000l\000u\000e\000\050\000\051}{subsection.14.123.3}% 2554
\BOOKMARK [3][-]{subsubsection.14.123.3.20}{\376\377\0001\0004\000.\0001\0002\0003\000.\0003\000.\0002\0000\000\040\000G\000e\000t\000N\000o\000r\000m\000a\000l\000i\000z\000e\000d\000V\000a\000l\000u\000e\000F\000r\000o\000m\000S\000t\000e\000p\000\050\000\051}{subsection.14.123.3}% 2555
\BOOKMARK [3][-]{subsubsection.14.123.3.21}{\376\377\0001\0004\000.\0001\0002\0003\000.\0003\000.\0002\0001\000\040\000G\000e\000t\000S\000t\000e\000p\000V\000a\000l\000u\000e\000F\000r\000o\000m\000N\000o\000r\000m\000a\000l\000i\000z\000e\000d\000V\000a\000l\000u\000e\000\050\000\051}{subsection.14.123.3}% 2556
\BOOKMARK [3][-]{subsubsection.14.123.3.22}{\376\377\0001\0004\000.\0001\0002\0003\000.\0003\000.\0002\0002\000\040\000S\000e\000t\000S\000t\000e\000p\000V\000a\000l\000u\000e\000\050\000\051}{subsection.14.123.3}% 2557
\BOOKMARK [3][-]{subsubsection.14.123.3.23}{\376\377\0001\0004\000.\0001\0002\0003\000.\0003\000.\0002\0003\000\040\000G\000e\000t\000V\000a\000l\000u\000e\000S\000t\000r\000i\000n\000g\000\050\000\051\000\040\000[\0001\000/\0002\000]}{subsection.14.123.3}% 2558
\BOOKMARK [3][-]{subsubsection.14.123.3.24}{\376\377\0001\0004\000.\0001\0002\0003\000.\0003\000.\0002\0004\000\040\000G\000e\000t\000V\000a\000l\000u\000e\000S\000t\000r\000i\000n\000g\000\050\000\051\000\040\000[\0002\000/\0002\000]}{subsection.14.123.3}% 2559
\BOOKMARK [3][-]{subsubsection.14.123.3.25}{\376\377\0001\0004\000.\0001\0002\0003\000.\0003\000.\0002\0005\000\040\000G\000e\000t\000N\000o\000r\000m\000a\000l\000i\000z\000e\000d\000V\000a\000l\000u\000e\000F\000r\000o\000m\000B\000o\000o\000l\000\050\000\051}{subsection.14.123.3}% 2560
\BOOKMARK [3][-]{subsubsection.14.123.3.26}{\376\377\0001\0004\000.\0001\0002\0003\000.\0003\000.\0002\0006\000\040\000G\000e\000t\000N\000o\000r\000m\000a\000l\000i\000z\000e\000d\000V\000a\000l\000u\000e\000F\000r\000o\000m\000I\000n\000t\0003\0002\000\050\000\051}{subsection.14.123.3}% 2561
\BOOKMARK [3][-]{subsubsection.14.123.3.27}{\376\377\0001\0004\000.\0001\0002\0003\000.\0003\000.\0002\0007\000\040\000G\000e\000t\000N\000o\000r\000m\000a\000l\000i\000z\000e\000d\000V\000a\000l\000u\000e\000F\000r\000o\000m\000F\000l\000o\000a\000t\000\050\000\051}{subsection.14.123.3}% 2562
\BOOKMARK [3][-]{subsubsection.14.123.3.28}{\376\377\0001\0004\000.\0001\0002\0003\000.\0003\000.\0002\0008\000\040\000G\000e\000t\000N\000o\000r\000m\000a\000l\000i\000z\000e\000d\000V\000a\000l\000u\000e\000F\000r\000o\000m\000D\000o\000u\000b\000l\000e\000\050\000\051}{subsection.14.123.3}% 2563
\BOOKMARK [3][-]{subsubsection.14.123.3.29}{\376\377\0001\0004\000.\0001\0002\0003\000.\0003\000.\0002\0009\000\040\000G\000e\000t\000N\000o\000r\000m\000a\000l\000i\000z\000e\000d\000V\000a\000l\000u\000e\000F\000r\000o\000m\000S\000t\000r\000i\000n\000g\000\050\000\051}{subsection.14.123.3}% 2564
\BOOKMARK [3][-]{subsubsection.14.123.3.30}{\376\377\0001\0004\000.\0001\0002\0003\000.\0003\000.\0003\0000\000\040\000G\000e\000t\000B\000o\000o\000l\000F\000r\000o\000m\000N\000o\000r\000m\000a\000l\000i\000z\000e\000d\000V\000a\000l\000u\000e\000\050\000\051}{subsection.14.123.3}% 2565
\BOOKMARK [3][-]{subsubsection.14.123.3.31}{\376\377\0001\0004\000.\0001\0002\0003\000.\0003\000.\0003\0001\000\040\000G\000e\000t\000I\000n\000t\0003\0002\000F\000r\000o\000m\000N\000o\000r\000m\000a\000l\000i\000z\000e\000d\000V\000a\000l\000u\000e\000\050\000\051}{subsection.14.123.3}% 2566
\BOOKMARK [3][-]{subsubsection.14.123.3.32}{\376\377\0001\0004\000.\0001\0002\0003\000.\0003\000.\0003\0002\000\040\000G\000e\000t\000F\000l\000o\000a\000t\000F\000r\000o\000m\000N\000o\000r\000m\000a\000l\000i\000z\000e\000d\000V\000a\000l\000u\000e\000\050\000\051}{subsection.14.123.3}% 2567
\BOOKMARK [3][-]{subsubsection.14.123.3.33}{\376\377\0001\0004\000.\0001\0002\0003\000.\0003\000.\0003\0003\000\040\000G\000e\000t\000D\000o\000u\000b\000l\000e\000F\000r\000o\000m\000N\000o\000r\000m\000a\000l\000i\000z\000e\000d\000V\000a\000l\000u\000e\000\050\000\051}{subsection.14.123.3}% 2568
\BOOKMARK [3][-]{subsubsection.14.123.3.34}{\376\377\0001\0004\000.\0001\0002\0003\000.\0003\000.\0003\0004\000\040\000G\000e\000t\000S\000t\000r\000i\000n\000g\000F\000r\000o\000m\000N\000o\000r\000m\000a\000l\000i\000z\000e\000d\000V\000a\000l\000u\000e\000\050\000\051\000\040\000[\0001\000/\0002\000]}{subsection.14.123.3}% 2569
\BOOKMARK [3][-]{subsubsection.14.123.3.35}{\376\377\0001\0004\000.\0001\0002\0003\000.\0003\000.\0003\0005\000\040\000G\000e\000t\000S\000t\000r\000i\000n\000g\000F\000r\000o\000m\000N\000o\000r\000m\000a\000l\000i\000z\000e\000d\000V\000a\000l\000u\000e\000\050\000\051\000\040\000[\0002\000/\0002\000]}{subsection.14.123.3}% 2570
\BOOKMARK [3][-]{subsubsection.14.123.3.36}{\376\377\0001\0004\000.\0001\0002\0003\000.\0003\000.\0003\0006\000\040\000S\000e\000t\000V\000a\000l\000u\000e\000F\000r\000o\000m\000S\000t\000r\000i\000n\000g\000\050\000\051}{subsection.14.123.3}% 2571
\BOOKMARK [3][-]{subsubsection.14.123.3.37}{\376\377\0001\0004\000.\0001\0002\0003\000.\0003\000.\0003\0007\000\040\000G\000e\000t\000V\000a\000l\000u\000e\000A\000s\000B\000o\000o\000l\000\050\000\051}{subsection.14.123.3}% 2572
\BOOKMARK [3][-]{subsubsection.14.123.3.38}{\376\377\0001\0004\000.\0001\0002\0003\000.\0003\000.\0003\0008\000\040\000G\000e\000t\000V\000a\000l\000u\000e\000A\000s\000I\000n\000t\0003\0002\000\050\000\051}{subsection.14.123.3}% 2573
\BOOKMARK [3][-]{subsubsection.14.123.3.39}{\376\377\0001\0004\000.\0001\0002\0003\000.\0003\000.\0003\0009\000\040\000G\000e\000t\000V\000a\000l\000u\000e\000A\000s\000F\000l\000o\000a\000t\000\050\000\051}{subsection.14.123.3}% 2574
\BOOKMARK [3][-]{subsubsection.14.123.3.40}{\376\377\0001\0004\000.\0001\0002\0003\000.\0003\000.\0004\0000\000\040\000G\000e\000t\000V\000a\000l\000u\000e\000A\000s\000D\000o\000u\000b\000l\000e\000\050\000\051}{subsection.14.123.3}% 2575
\BOOKMARK [3][-]{subsubsection.14.123.3.41}{\376\377\0001\0004\000.\0001\0002\0003\000.\0003\000.\0004\0001\000\040\000G\000e\000t\000V\000a\000l\000u\000e\000A\000s\000S\000t\000r\000i\000n\000g\000\050\000\051}{subsection.14.123.3}% 2576
\BOOKMARK [3][-]{subsubsection.14.123.3.42}{\376\377\0001\0004\000.\0001\0002\0003\000.\0003\000.\0004\0002\000\040\000S\000e\000t\000V\000a\000l\000u\000e\000W\000i\000t\000h\000B\000o\000o\000l\000\050\000\051}{subsection.14.123.3}% 2577
\BOOKMARK [3][-]{subsubsection.14.123.3.43}{\376\377\0001\0004\000.\0001\0002\0003\000.\0003\000.\0004\0003\000\040\000S\000e\000t\000V\000a\000l\000u\000e\000W\000i\000t\000h\000I\000n\000t\0003\0002\000\050\000\051}{subsection.14.123.3}% 2578
\BOOKMARK [3][-]{subsubsection.14.123.3.44}{\376\377\0001\0004\000.\0001\0002\0003\000.\0003\000.\0004\0004\000\040\000S\000e\000t\000V\000a\000l\000u\000e\000W\000i\000t\000h\000F\000l\000o\000a\000t\000\050\000\051}{subsection.14.123.3}% 2579
\BOOKMARK [3][-]{subsubsection.14.123.3.45}{\376\377\0001\0004\000.\0001\0002\0003\000.\0003\000.\0004\0005\000\040\000S\000e\000t\000V\000a\000l\000u\000e\000W\000i\000t\000h\000D\000o\000u\000b\000l\000e\000\050\000\051}{subsection.14.123.3}% 2580
\BOOKMARK [3][-]{subsubsection.14.123.3.46}{\376\377\0001\0004\000.\0001\0002\0003\000.\0003\000.\0004\0006\000\040\000S\000e\000t\000V\000a\000l\000u\000e\000W\000i\000t\000h\000S\000t\000r\000i\000n\000g\000\050\000\051}{subsection.14.123.3}% 2581
\BOOKMARK [3][-]{subsubsection.14.123.3.47}{\376\377\0001\0004\000.\0001\0002\0003\000.\0003\000.\0004\0007\000\040\000S\000e\000t\000T\000y\000p\000e\000\050\000\051}{subsection.14.123.3}% 2582
\BOOKMARK [3][-]{subsubsection.14.123.3.48}{\376\377\0001\0004\000.\0001\0002\0003\000.\0003\000.\0004\0008\000\040\000G\000e\000t\000T\000y\000p\000e\000\050\000\051}{subsection.14.123.3}% 2583
\BOOKMARK [3][-]{subsubsection.14.123.3.49}{\376\377\0001\0004\000.\0001\0002\0003\000.\0003\000.\0004\0009\000\040\000S\000e\000t\000O\000r\000i\000e\000n\000t\000a\000t\000i\000o\000n\000\050\000\051}{subsection.14.123.3}% 2584
\BOOKMARK [3][-]{subsubsection.14.123.3.50}{\376\377\0001\0004\000.\0001\0002\0003\000.\0003\000.\0005\0000\000\040\000G\000e\000t\000O\000r\000i\000e\000n\000t\000a\000t\000i\000o\000n\000\050\000\051}{subsection.14.123.3}% 2585
\BOOKMARK [3][-]{subsubsection.14.123.3.51}{\376\377\0001\0004\000.\0001\0002\0003\000.\0003\000.\0005\0001\000\040\000S\000e\000t\000T\000a\000p\000e\000r\000D\000e\000l\000e\000g\000a\000t\000e\000\050\000\051}{subsection.14.123.3}% 2586
\BOOKMARK [3][-]{subsubsection.14.123.3.52}{\376\377\0001\0004\000.\0001\0002\0003\000.\0003\000.\0005\0002\000\040\000S\000e\000t\000D\000i\000s\000p\000l\000a\000y\000D\000e\000l\000e\000g\000a\000t\000e\000\050\000\051}{subsection.14.123.3}% 2587
\BOOKMARK [3][-]{subsubsection.14.123.3.53}{\376\377\0001\0004\000.\0001\0002\0003\000.\0003\000.\0005\0003\000\040\000U\000p\000d\000a\000t\000e\000N\000o\000r\000m\000a\000l\000i\000z\000e\000d\000V\000a\000l\000u\000e\000\050\000\051}{subsection.14.123.3}% 2588
\BOOKMARK [1][-]{section.14.124}{\376\377\0001\0004\000.\0001\0002\0004\000\040\000A\000A\000X\000\137\000I\000P\000a\000r\000a\000m\000e\000t\000e\000r\000V\000a\000l\000u\000e\000\040\000C\000l\000a\000s\000s\000\040\000R\000e\000f\000e\000r\000e\000n\000c\000e}{chapter.14}% 2589
\BOOKMARK [2][-]{subsection.14.124.1}{\376\377\0001\0004\000.\0001\0002\0004\000.\0001\000\040\000D\000e\000s\000c\000r\000i\000p\000t\000i\000o\000n}{section.14.124}% 2590
\BOOKMARK [2][-]{subsection.14.124.2}{\376\377\0001\0004\000.\0001\0002\0004\000.\0002\000\040\000C\000o\000n\000s\000t\000r\000u\000c\000t\000o\000r\000\040\000\046\000\040\000D\000e\000s\000t\000r\000u\000c\000t\000o\000r\000\040\000D\000o\000c\000u\000m\000e\000n\000t\000a\000t\000i\000o\000n}{section.14.124}% 2591
\BOOKMARK [3][-]{subsubsection.14.124.2.1}{\376\377\0001\0004\000.\0001\0002\0004\000.\0002\000.\0001\000\040\000\040\000A\000A\000X\000\137\000I\000P\000a\000r\000a\000m\000e\000t\000e\000r\000V\000a\000l\000u\000e\000\050\000\051}{subsection.14.124.2}% 2592
\BOOKMARK [2][-]{subsection.14.124.3}{\376\377\0001\0004\000.\0001\0002\0004\000.\0003\000\040\000M\000e\000m\000b\000e\000r\000\040\000F\000u\000n\000c\000t\000i\000o\000n\000\040\000D\000o\000c\000u\000m\000e\000n\000t\000a\000t\000i\000o\000n}{section.14.124}% 2593
\BOOKMARK [3][-]{subsubsection.14.124.3.1}{\376\377\0001\0004\000.\0001\0002\0004\000.\0003\000.\0001\000\040\000C\000l\000o\000n\000e\000\050\000\051}{subsection.14.124.3}% 2594
\BOOKMARK [3][-]{subsubsection.14.124.3.2}{\376\377\0001\0004\000.\0001\0002\0004\000.\0003\000.\0002\000\040\000I\000d\000e\000n\000t\000i\000f\000i\000e\000r\000\050\000\051}{subsection.14.124.3}% 2595
\BOOKMARK [3][-]{subsubsection.14.124.3.3}{\376\377\0001\0004\000.\0001\0002\0004\000.\0003\000.\0003\000\040\000G\000e\000t\000V\000a\000l\000u\000e\000A\000s\000B\000o\000o\000l\000\050\000\051}{subsection.14.124.3}% 2596
\BOOKMARK [3][-]{subsubsection.14.124.3.4}{\376\377\0001\0004\000.\0001\0002\0004\000.\0003\000.\0004\000\040\000G\000e\000t\000V\000a\000l\000u\000e\000A\000s\000I\000n\000t\0003\0002\000\050\000\051}{subsection.14.124.3}% 2597
\BOOKMARK [3][-]{subsubsection.14.124.3.5}{\376\377\0001\0004\000.\0001\0002\0004\000.\0003\000.\0005\000\040\000G\000e\000t\000V\000a\000l\000u\000e\000A\000s\000F\000l\000o\000a\000t\000\050\000\051}{subsection.14.124.3}% 2598
\BOOKMARK [3][-]{subsubsection.14.124.3.6}{\376\377\0001\0004\000.\0001\0002\0004\000.\0003\000.\0006\000\040\000G\000e\000t\000V\000a\000l\000u\000e\000A\000s\000D\000o\000u\000b\000l\000e\000\050\000\051}{subsection.14.124.3}% 2599
\BOOKMARK [3][-]{subsubsection.14.124.3.7}{\376\377\0001\0004\000.\0001\0002\0004\000.\0003\000.\0007\000\040\000G\000e\000t\000V\000a\000l\000u\000e\000A\000s\000S\000t\000r\000i\000n\000g\000\050\000\051}{subsection.14.124.3}% 2600
\BOOKMARK [1][-]{section.14.125}{\376\377\0001\0004\000.\0001\0002\0005\000\040\000A\000A\000X\000\137\000I\000P\000o\000i\000n\000t\000e\000r\000Q\000u\000e\000u\000e\000<\000\040\000T\000\040\000>\000\040\000C\000l\000a\000s\000s\000\040\000T\000e\000m\000p\000l\000a\000t\000e\000\040\000R\000e\000f\000e\000r\000e\000n\000c\000e}{chapter.14}% 2601
\BOOKMARK [2][-]{subsection.14.125.1}{\376\377\0001\0004\000.\0001\0002\0005\000.\0001\000\040\000D\000e\000s\000c\000r\000i\000p\000t\000i\000o\000n}{section.14.125}% 2602
\BOOKMARK [2][-]{subsection.14.125.2}{\376\377\0001\0004\000.\0001\0002\0005\000.\0002\000\040\000M\000e\000m\000b\000e\000r\000\040\000T\000y\000p\000e\000d\000e\000f\000\040\000D\000o\000c\000u\000m\000e\000n\000t\000a\000t\000i\000o\000n}{section.14.125}% 2603
\BOOKMARK [3][-]{subsubsection.14.125.2.1}{\376\377\0001\0004\000.\0001\0002\0005\000.\0002\000.\0001\000\040\000t\000e\000m\000p\000l\000a\000t\000e\000\137\000t\000y\000p\000e}{subsection.14.125.2}% 2604
\BOOKMARK [3][-]{subsubsection.14.125.2.2}{\376\377\0001\0004\000.\0001\0002\0005\000.\0002\000.\0002\000\040\000v\000a\000l\000u\000e\000\137\000t\000y\000p\000e}{subsection.14.125.2}% 2605
\BOOKMARK [2][-]{subsection.14.125.3}{\376\377\0001\0004\000.\0001\0002\0005\000.\0003\000\040\000C\000o\000n\000s\000t\000r\000u\000c\000t\000o\000r\000\040\000\046\000\040\000D\000e\000s\000t\000r\000u\000c\000t\000o\000r\000\040\000D\000o\000c\000u\000m\000e\000n\000t\000a\000t\000i\000o\000n}{section.14.125}% 2606
\BOOKMARK [3][-]{subsubsection.14.125.3.1}{\376\377\0001\0004\000.\0001\0002\0005\000.\0003\000.\0001\000\040\000\040\000A\000A\000X\000\137\000I\000P\000o\000i\000n\000t\000e\000r\000Q\000u\000e\000u\000e\000\050\000\051}{subsection.14.125.3}% 2607
\BOOKMARK [2][-]{subsection.14.125.4}{\376\377\0001\0004\000.\0001\0002\0005\000.\0004\000\040\000M\000e\000m\000b\000e\000r\000\040\000F\000u\000n\000c\000t\000i\000o\000n\000\040\000D\000o\000c\000u\000m\000e\000n\000t\000a\000t\000i\000o\000n}{section.14.125}% 2608
\BOOKMARK [3][-]{subsubsection.14.125.4.1}{\376\377\0001\0004\000.\0001\0002\0005\000.\0004\000.\0001\000\040\000C\000l\000e\000a\000r\000\050\000\051}{subsection.14.125.4}% 2609
\BOOKMARK [3][-]{subsubsection.14.125.4.2}{\376\377\0001\0004\000.\0001\0002\0005\000.\0004\000.\0002\000\040\000P\000u\000s\000h\000\050\000\051}{subsection.14.125.4}% 2610
\BOOKMARK [3][-]{subsubsection.14.125.4.3}{\376\377\0001\0004\000.\0001\0002\0005\000.\0004\000.\0003\000\040\000P\000o\000p\000\050\000\051}{subsection.14.125.4}% 2611
\BOOKMARK [3][-]{subsubsection.14.125.4.4}{\376\377\0001\0004\000.\0001\0002\0005\000.\0004\000.\0004\000\040\000P\000e\000e\000k\000\050\000\051}{subsection.14.125.4}% 2612
\BOOKMARK [1][-]{section.14.126}{\376\377\0001\0004\000.\0001\0002\0006\000\040\000A\000A\000X\000\137\000I\000P\000r\000i\000v\000a\000t\000e\000D\000a\000t\000a\000A\000c\000c\000e\000s\000s\000\040\000C\000l\000a\000s\000s\000\040\000R\000e\000f\000e\000r\000e\000n\000c\000e}{chapter.14}% 2613
\BOOKMARK [2][-]{subsection.14.126.1}{\376\377\0001\0004\000.\0001\0002\0006\000.\0001\000\040\000D\000e\000s\000c\000r\000i\000p\000t\000i\000o\000n}{section.14.126}% 2614
\BOOKMARK [2][-]{subsection.14.126.2}{\376\377\0001\0004\000.\0001\0002\0006\000.\0002\000\040\000C\000o\000n\000s\000t\000r\000u\000c\000t\000o\000r\000\040\000\046\000\040\000D\000e\000s\000t\000r\000u\000c\000t\000o\000r\000\040\000D\000o\000c\000u\000m\000e\000n\000t\000a\000t\000i\000o\000n}{section.14.126}% 2615
\BOOKMARK [3][-]{subsubsection.14.126.2.1}{\376\377\0001\0004\000.\0001\0002\0006\000.\0002\000.\0001\000\040\000\040\000A\000A\000X\000\137\000I\000P\000r\000i\000v\000a\000t\000e\000D\000a\000t\000a\000A\000c\000c\000e\000s\000s\000\050\000\051}{subsection.14.126.2}% 2616
\BOOKMARK [2][-]{subsection.14.126.3}{\376\377\0001\0004\000.\0001\0002\0006\000.\0003\000\040\000M\000e\000m\000b\000e\000r\000\040\000F\000u\000n\000c\000t\000i\000o\000n\000\040\000D\000o\000c\000u\000m\000e\000n\000t\000a\000t\000i\000o\000n}{section.14.126}% 2617
\BOOKMARK [3][-]{subsubsection.14.126.3.1}{\376\377\0001\0004\000.\0001\0002\0006\000.\0003\000.\0001\000\040\000R\000e\000a\000d\000P\000o\000r\000t\000D\000i\000r\000e\000c\000t\000\050\000\051}{subsection.14.126.3}% 2618
\BOOKMARK [3][-]{subsubsection.14.126.3.2}{\376\377\0001\0004\000.\0001\0002\0006\000.\0003\000.\0002\000\040\000W\000r\000i\000t\000e\000P\000o\000r\000t\000D\000i\000r\000e\000c\000t\000\050\000\051}{subsection.14.126.3}% 2619
\BOOKMARK [1][-]{section.14.127}{\376\377\0001\0004\000.\0001\0002\0007\000\040\000A\000A\000X\000\137\000I\000P\000r\000o\000p\000e\000r\000t\000y\000M\000a\000p\000\040\000C\000l\000a\000s\000s\000\040\000R\000e\000f\000e\000r\000e\000n\000c\000e}{chapter.14}% 2620
\BOOKMARK [2][-]{subsection.14.127.1}{\376\377\0001\0004\000.\0001\0002\0007\000.\0001\000\040\000D\000e\000s\000c\000r\000i\000p\000t\000i\000o\000n}{section.14.127}% 2621
\BOOKMARK [2][-]{subsection.14.127.2}{\376\377\0001\0004\000.\0001\0002\0007\000.\0002\000\040\000C\000o\000n\000s\000t\000r\000u\000c\000t\000o\000r\000\040\000\046\000\040\000D\000e\000s\000t\000r\000u\000c\000t\000o\000r\000\040\000D\000o\000c\000u\000m\000e\000n\000t\000a\000t\000i\000o\000n}{section.14.127}% 2622
\BOOKMARK [3][-]{subsubsection.14.127.2.1}{\376\377\0001\0004\000.\0001\0002\0007\000.\0002\000.\0001\000\040\000\040\000A\000A\000X\000\137\000I\000P\000r\000o\000p\000e\000r\000t\000y\000M\000a\000p\000\050\000\051}{subsection.14.127.2}% 2623
\BOOKMARK [2][-]{subsection.14.127.3}{\376\377\0001\0004\000.\0001\0002\0007\000.\0003\000\040\000M\000e\000m\000b\000e\000r\000\040\000F\000u\000n\000c\000t\000i\000o\000n\000\040\000D\000o\000c\000u\000m\000e\000n\000t\000a\000t\000i\000o\000n}{section.14.127}% 2624
\BOOKMARK [3][-]{subsubsection.14.127.3.1}{\376\377\0001\0004\000.\0001\0002\0007\000.\0003\000.\0001\000\040\000G\000e\000t\000P\000r\000o\000p\000e\000r\000t\000y\000\050\000\051}{subsection.14.127.3}% 2625
\BOOKMARK [3][-]{subsubsection.14.127.3.2}{\376\377\0001\0004\000.\0001\0002\0007\000.\0003\000.\0002\000\040\000G\000e\000t\000P\000o\000i\000n\000t\000e\000r\000P\000r\000o\000p\000e\000r\000t\000y\000\050\000\051}{subsection.14.127.3}% 2626
\BOOKMARK [3][-]{subsubsection.14.127.3.3}{\376\377\0001\0004\000.\0001\0002\0007\000.\0003\000.\0003\000\040\000A\000d\000d\000P\000r\000o\000p\000e\000r\000t\000y\000\050\000\051}{subsection.14.127.3}% 2627
\BOOKMARK [3][-]{subsubsection.14.127.3.4}{\376\377\0001\0004\000.\0001\0002\0007\000.\0003\000.\0004\000\040\000A\000d\000d\000P\000o\000i\000n\000t\000e\000r\000P\000r\000o\000p\000e\000r\000t\000y\000\050\000\051\000\040\000[\0001\000/\0002\000]}{subsection.14.127.3}% 2628
\BOOKMARK [3][-]{subsubsection.14.127.3.5}{\376\377\0001\0004\000.\0001\0002\0007\000.\0003\000.\0005\000\040\000A\000d\000d\000P\000o\000i\000n\000t\000e\000r\000P\000r\000o\000p\000e\000r\000t\000y\000\050\000\051\000\040\000[\0002\000/\0002\000]}{subsection.14.127.3}% 2629
\BOOKMARK [3][-]{subsubsection.14.127.3.6}{\376\377\0001\0004\000.\0001\0002\0007\000.\0003\000.\0006\000\040\000R\000e\000m\000o\000v\000e\000P\000r\000o\000p\000e\000r\000t\000y\000\050\000\051}{subsection.14.127.3}% 2630
\BOOKMARK [3][-]{subsubsection.14.127.3.7}{\376\377\0001\0004\000.\0001\0002\0007\000.\0003\000.\0007\000\040\000A\000d\000d\000P\000r\000o\000p\000e\000r\000t\000y\000W\000i\000t\000h\000I\000D\000A\000r\000r\000a\000y\000\050\000\051}{subsection.14.127.3}% 2631
\BOOKMARK [3][-]{subsubsection.14.127.3.8}{\376\377\0001\0004\000.\0001\0002\0007\000.\0003\000.\0008\000\040\000G\000e\000t\000P\000r\000o\000p\000e\000r\000t\000y\000W\000i\000t\000h\000I\000D\000A\000r\000r\000a\000y\000\050\000\051}{subsection.14.127.3}% 2632
\BOOKMARK [3][-]{subsubsection.14.127.3.9}{\376\377\0001\0004\000.\0001\0002\0007\000.\0003\000.\0009\000\040\000G\000e\000t\000I\000U\000n\000k\000n\000o\000w\000n\000\050\000\051}{subsection.14.127.3}% 2633
\BOOKMARK [1][-]{section.14.128}{\376\377\0001\0004\000.\0001\0002\0008\000\040\000A\000A\000X\000\137\000I\000S\000e\000s\000s\000i\000o\000n\000D\000o\000c\000u\000m\000e\000n\000t\000\040\000C\000l\000a\000s\000s\000\040\000R\000e\000f\000e\000r\000e\000n\000c\000e}{chapter.14}% 2634
\BOOKMARK [2][-]{subsection.14.128.1}{\376\377\0001\0004\000.\0001\0002\0008\000.\0001\000\040\000D\000e\000s\000c\000r\000i\000p\000t\000i\000o\000n}{section.14.128}% 2635
\BOOKMARK [2][-]{subsection.14.128.2}{\376\377\0001\0004\000.\0001\0002\0008\000.\0002\000\040\000C\000o\000n\000s\000t\000r\000u\000c\000t\000o\000r\000\040\000\046\000\040\000D\000e\000s\000t\000r\000u\000c\000t\000o\000r\000\040\000D\000o\000c\000u\000m\000e\000n\000t\000a\000t\000i\000o\000n}{section.14.128}% 2636
\BOOKMARK [3][-]{subsubsection.14.128.2.1}{\376\377\0001\0004\000.\0001\0002\0008\000.\0002\000.\0001\000\040\000\040\000A\000A\000X\000\137\000I\000S\000e\000s\000s\000i\000o\000n\000D\000o\000c\000u\000m\000e\000n\000t\000\050\000\051}{subsection.14.128.2}% 2637
\BOOKMARK [2][-]{subsection.14.128.3}{\376\377\0001\0004\000.\0001\0002\0008\000.\0003\000\040\000M\000e\000m\000b\000e\000r\000\040\000F\000u\000n\000c\000t\000i\000o\000n\000\040\000D\000o\000c\000u\000m\000e\000n\000t\000a\000t\000i\000o\000n}{section.14.128}% 2638
\BOOKMARK [3][-]{subsubsection.14.128.3.1}{\376\377\0001\0004\000.\0001\0002\0008\000.\0003\000.\0001\000\040\000V\000a\000l\000i\000d\000\050\000\051}{subsection.14.128.3}% 2639
\BOOKMARK [3][-]{subsubsection.14.128.3.2}{\376\377\0001\0004\000.\0001\0002\0008\000.\0003\000.\0002\000\040\000G\000e\000t\000T\000e\000m\000p\000o\000M\000a\000p\000\050\000\051}{subsection.14.128.3}% 2640
\BOOKMARK [3][-]{subsubsection.14.128.3.3}{\376\377\0001\0004\000.\0001\0002\0008\000.\0003\000.\0003\000\040\000G\000e\000t\000D\000o\000c\000u\000m\000e\000n\000t\000D\000a\000t\000a\000\050\000\051}{subsection.14.128.3}% 2641
\BOOKMARK [1][-]{section.14.129}{\376\377\0001\0004\000.\0001\0002\0009\000\040\000A\000A\000X\000\137\000I\000S\000e\000s\000s\000i\000o\000n\000D\000o\000c\000u\000m\000e\000n\000t\000C\000l\000i\000e\000n\000t\000\040\000C\000l\000a\000s\000s\000\040\000R\000e\000f\000e\000r\000e\000n\000c\000e}{chapter.14}% 2642
\BOOKMARK [2][-]{subsection.14.129.1}{\376\377\0001\0004\000.\0001\0002\0009\000.\0001\000\040\000D\000e\000s\000c\000r\000i\000p\000t\000i\000o\000n}{section.14.129}% 2643
\BOOKMARK [2][-]{subsection.14.129.2}{\376\377\0001\0004\000.\0001\0002\0009\000.\0002\000\040\000M\000e\000m\000b\000e\000r\000\040\000F\000u\000n\000c\000t\000i\000o\000n\000\040\000D\000o\000c\000u\000m\000e\000n\000t\000a\000t\000i\000o\000n}{section.14.129}% 2644
\BOOKMARK [3][-]{subsubsection.14.129.2.1}{\376\377\0001\0004\000.\0001\0002\0009\000.\0002\000.\0001\000\040\000A\000C\000F\000\137\000D\000E\000C\000L\000A\000R\000E\000\137\000S\000T\000A\000N\000D\000A\000R\000D\000\137\000U\000N\000K\000N\000O\000W\000N\000\050\000\051}{subsection.14.129.2}% 2645
\BOOKMARK [3][-]{subsubsection.14.129.2.2}{\376\377\0001\0004\000.\0001\0002\0009\000.\0002\000.\0002\000\040\000A\000A\000X\000\137\000D\000E\000L\000E\000T\000E\000\050\000\051}{subsection.14.129.2}% 2646
\BOOKMARK [2][-]{subsection.14.129.3}{\376\377\0001\0004\000.\0001\0002\0009\000.\0003\000\040\000M\000e\000m\000b\000e\000r\000\040\000D\000a\000t\000a\000\040\000D\000o\000c\000u\000m\000e\000n\000t\000a\000t\000i\000o\000n}{section.14.129}% 2647
\BOOKMARK [3][-]{subsubsection.14.129.3.1}{\376\377\0001\0004\000.\0001\0002\0009\000.\0003\000.\0001\000\040\000o\000v\000e\000r\000r\000i\000d\000e}{subsection.14.129.3}% 2648
\BOOKMARK [1][-]{section.14.130}{\376\377\0001\0004\000.\0001\0003\0000\000\040\000A\000A\000X\000\137\000I\000S\000t\000r\000i\000n\000g\000\040\000C\000l\000a\000s\000s\000\040\000R\000e\000f\000e\000r\000e\000n\000c\000e}{chapter.14}% 2649
\BOOKMARK [2][-]{subsection.14.130.1}{\376\377\0001\0004\000.\0001\0003\0000\000.\0001\000\040\000D\000e\000s\000c\000r\000i\000p\000t\000i\000o\000n}{section.14.130}% 2650
\BOOKMARK [2][-]{subsection.14.130.2}{\376\377\0001\0004\000.\0001\0003\0000\000.\0002\000\040\000C\000o\000n\000s\000t\000r\000u\000c\000t\000o\000r\000\040\000\046\000\040\000D\000e\000s\000t\000r\000u\000c\000t\000o\000r\000\040\000D\000o\000c\000u\000m\000e\000n\000t\000a\000t\000i\000o\000n}{section.14.130}% 2651
\BOOKMARK [3][-]{subsubsection.14.130.2.1}{\376\377\0001\0004\000.\0001\0003\0000\000.\0002\000.\0001\000\040\000\040\000A\000A\000X\000\137\000I\000S\000t\000r\000i\000n\000g\000\050\000\051}{subsection.14.130.2}% 2652
\BOOKMARK [2][-]{subsection.14.130.3}{\376\377\0001\0004\000.\0001\0003\0000\000.\0003\000\040\000M\000e\000m\000b\000e\000r\000\040\000F\000u\000n\000c\000t\000i\000o\000n\000\040\000D\000o\000c\000u\000m\000e\000n\000t\000a\000t\000i\000o\000n}{section.14.130}% 2653
\BOOKMARK [3][-]{subsubsection.14.130.3.1}{\376\377\0001\0004\000.\0001\0003\0000\000.\0003\000.\0001\000\040\000L\000e\000n\000g\000t\000h\000\050\000\051}{subsection.14.130.3}% 2654
\BOOKMARK [3][-]{subsubsection.14.130.3.2}{\376\377\0001\0004\000.\0001\0003\0000\000.\0003\000.\0002\000\040\000M\000a\000x\000L\000e\000n\000g\000t\000h\000\050\000\051}{subsection.14.130.3}% 2655
\BOOKMARK [3][-]{subsubsection.14.130.3.3}{\376\377\0001\0004\000.\0001\0003\0000\000.\0003\000.\0003\000\040\000G\000e\000t\000\050\000\051}{subsection.14.130.3}% 2656
\BOOKMARK [3][-]{subsubsection.14.130.3.4}{\376\377\0001\0004\000.\0001\0003\0000\000.\0003\000.\0004\000\040\000S\000e\000t\000\050\000\051}{subsection.14.130.3}% 2657
\BOOKMARK [3][-]{subsubsection.14.130.3.5}{\376\377\0001\0004\000.\0001\0003\0000\000.\0003\000.\0005\000\040\000o\000p\000e\000r\000a\000t\000o\000r\000=\000\050\000\051\000\040\000[\0001\000/\0002\000]}{subsection.14.130.3}% 2658
\BOOKMARK [3][-]{subsubsection.14.130.3.6}{\376\377\0001\0004\000.\0001\0003\0000\000.\0003\000.\0006\000\040\000o\000p\000e\000r\000a\000t\000o\000r\000=\000\050\000\051\000\040\000[\0002\000/\0002\000]}{subsection.14.130.3}% 2659
\BOOKMARK [1][-]{section.14.131}{\376\377\0001\0004\000.\0001\0003\0001\000\040\000A\000A\000X\000\137\000I\000T\000a\000p\000e\000r\000D\000e\000l\000e\000g\000a\000t\000e\000<\000\040\000T\000\040\000>\000\040\000C\000l\000a\000s\000s\000\040\000T\000e\000m\000p\000l\000a\000t\000e\000\040\000R\000e\000f\000e\000r\000e\000n\000c\000e}{chapter.14}% 2660
\BOOKMARK [2][-]{subsection.14.131.1}{\376\377\0001\0004\000.\0001\0003\0001\000.\0001\000\040\000D\000e\000s\000c\000r\000i\000p\000t\000i\000o\000n}{section.14.131}% 2661
\BOOKMARK [2][-]{subsection.14.131.2}{\376\377\0001\0004\000.\0001\0003\0001\000.\0002\000\040\000M\000e\000m\000b\000e\000r\000\040\000F\000u\000n\000c\000t\000i\000o\000n\000\040\000D\000o\000c\000u\000m\000e\000n\000t\000a\000t\000i\000o\000n}{section.14.131}% 2662
\BOOKMARK [3][-]{subsubsection.14.131.2.1}{\376\377\0001\0004\000.\0001\0003\0001\000.\0002\000.\0001\000\040\000C\000l\000o\000n\000e\000\050\000\051}{subsection.14.131.2}% 2663
\BOOKMARK [3][-]{subsubsection.14.131.2.2}{\376\377\0001\0004\000.\0001\0003\0001\000.\0002\000.\0002\000\040\000G\000e\000t\000M\000a\000x\000i\000m\000u\000m\000V\000a\000l\000u\000e\000\050\000\051}{subsection.14.131.2}% 2664
\BOOKMARK [3][-]{subsubsection.14.131.2.3}{\376\377\0001\0004\000.\0001\0003\0001\000.\0002\000.\0003\000\040\000G\000e\000t\000M\000i\000n\000i\000m\000u\000m\000V\000a\000l\000u\000e\000\050\000\051}{subsection.14.131.2}% 2665
\BOOKMARK [3][-]{subsubsection.14.131.2.4}{\376\377\0001\0004\000.\0001\0003\0001\000.\0002\000.\0004\000\040\000C\000o\000n\000s\000t\000r\000a\000i\000n\000R\000e\000a\000l\000V\000a\000l\000u\000e\000\050\000\051}{subsection.14.131.2}% 2666
\BOOKMARK [3][-]{subsubsection.14.131.2.5}{\376\377\0001\0004\000.\0001\0003\0001\000.\0002\000.\0005\000\040\000N\000o\000r\000m\000a\000l\000i\000z\000e\000d\000T\000o\000R\000e\000a\000l\000\050\000\051}{subsection.14.131.2}% 2667
\BOOKMARK [3][-]{subsubsection.14.131.2.6}{\376\377\0001\0004\000.\0001\0003\0001\000.\0002\000.\0006\000\040\000R\000e\000a\000l\000T\000o\000N\000o\000r\000m\000a\000l\000i\000z\000e\000d\000\050\000\051}{subsection.14.131.2}% 2668
\BOOKMARK [1][-]{section.14.132}{\376\377\0001\0004\000.\0001\0003\0002\000\040\000A\000A\000X\000\137\000I\000T\000a\000p\000e\000r\000D\000e\000l\000e\000g\000a\000t\000e\000B\000a\000s\000e\000\040\000C\000l\000a\000s\000s\000\040\000R\000e\000f\000e\000r\000e\000n\000c\000e}{chapter.14}% 2669
\BOOKMARK [2][-]{subsection.14.132.1}{\376\377\0001\0004\000.\0001\0003\0002\000.\0001\000\040\000D\000e\000s\000c\000r\000i\000p\000t\000i\000o\000n}{section.14.132}% 2670
\BOOKMARK [2][-]{subsection.14.132.2}{\376\377\0001\0004\000.\0001\0003\0002\000.\0002\000\040\000C\000o\000n\000s\000t\000r\000u\000c\000t\000o\000r\000\040\000\046\000\040\000D\000e\000s\000t\000r\000u\000c\000t\000o\000r\000\040\000D\000o\000c\000u\000m\000e\000n\000t\000a\000t\000i\000o\000n}{section.14.132}% 2671
\BOOKMARK [3][-]{subsubsection.14.132.2.1}{\376\377\0001\0004\000.\0001\0003\0002\000.\0002\000.\0001\000\040\000\040\000A\000A\000X\000\137\000I\000T\000a\000p\000e\000r\000D\000e\000l\000e\000g\000a\000t\000e\000B\000a\000s\000e\000\050\000\051}{subsection.14.132.2}% 2672
\BOOKMARK [1][-]{section.14.133}{\376\377\0001\0004\000.\0001\0003\0003\000\040\000A\000A\000X\000\137\000I\000T\000a\000s\000k\000\040\000C\000l\000a\000s\000s\000\040\000R\000e\000f\000e\000r\000e\000n\000c\000e}{chapter.14}% 2673
\BOOKMARK [2][-]{subsection.14.133.1}{\376\377\0001\0004\000.\0001\0003\0003\000.\0001\000\040\000D\000e\000s\000c\000r\000i\000p\000t\000i\000o\000n}{section.14.133}% 2674
\BOOKMARK [2][-]{subsection.14.133.2}{\376\377\0001\0004\000.\0001\0003\0003\000.\0002\000\040\000C\000o\000n\000s\000t\000r\000u\000c\000t\000o\000r\000\040\000\046\000\040\000D\000e\000s\000t\000r\000u\000c\000t\000o\000r\000\040\000D\000o\000c\000u\000m\000e\000n\000t\000a\000t\000i\000o\000n}{section.14.133}% 2675
\BOOKMARK [3][-]{subsubsection.14.133.2.1}{\376\377\0001\0004\000.\0001\0003\0003\000.\0002\000.\0001\000\040\000\040\000A\000A\000X\000\137\000I\000T\000a\000s\000k\000\050\000\051}{subsection.14.133.2}% 2676
\BOOKMARK [2][-]{subsection.14.133.3}{\376\377\0001\0004\000.\0001\0003\0003\000.\0003\000\040\000M\000e\000m\000b\000e\000r\000\040\000F\000u\000n\000c\000t\000i\000o\000n\000\040\000D\000o\000c\000u\000m\000e\000n\000t\000a\000t\000i\000o\000n}{section.14.133}% 2677
\BOOKMARK [3][-]{subsubsection.14.133.3.1}{\376\377\0001\0004\000.\0001\0003\0003\000.\0003\000.\0001\000\040\000G\000e\000t\000T\000y\000p\000e\000\050\000\051}{subsection.14.133.3}% 2678
\BOOKMARK [3][-]{subsubsection.14.133.3.2}{\376\377\0001\0004\000.\0001\0003\0003\000.\0003\000.\0002\000\040\000G\000e\000t\000A\000r\000g\000u\000m\000e\000n\000t\000O\000f\000T\000y\000p\000e\000\050\000\051}{subsection.14.133.3}% 2679
\BOOKMARK [3][-]{subsubsection.14.133.3.3}{\376\377\0001\0004\000.\0001\0003\0003\000.\0003\000.\0003\000\040\000S\000e\000t\000P\000r\000o\000g\000r\000e\000s\000s\000\050\000\051}{subsection.14.133.3}% 2680
\BOOKMARK [3][-]{subsubsection.14.133.3.4}{\376\377\0001\0004\000.\0001\0003\0003\000.\0003\000.\0004\000\040\000G\000e\000t\000P\000r\000o\000g\000r\000e\000s\000s\000\050\000\051}{subsection.14.133.3}% 2681
\BOOKMARK [3][-]{subsubsection.14.133.3.5}{\376\377\0001\0004\000.\0001\0003\0003\000.\0003\000.\0005\000\040\000A\000d\000d\000R\000e\000s\000u\000l\000t\000\050\000\051}{subsection.14.133.3}% 2682
\BOOKMARK [3][-]{subsubsection.14.133.3.6}{\376\377\0001\0004\000.\0001\0003\0003\000.\0003\000.\0006\000\040\000S\000e\000t\000D\000o\000n\000e\000\050\000\051}{subsection.14.133.3}% 2683
\BOOKMARK [1][-]{section.14.134}{\376\377\0001\0004\000.\0001\0003\0004\000\040\000A\000A\000X\000\137\000I\000T\000a\000s\000k\000A\000g\000e\000n\000t\000\040\000C\000l\000a\000s\000s\000\040\000R\000e\000f\000e\000r\000e\000n\000c\000e}{chapter.14}% 2684
\BOOKMARK [2][-]{subsection.14.134.1}{\376\377\0001\0004\000.\0001\0003\0004\000.\0001\000\040\000D\000e\000s\000c\000r\000i\000p\000t\000i\000o\000n}{section.14.134}% 2685
\BOOKMARK [2][-]{subsection.14.134.2}{\376\377\0001\0004\000.\0001\0003\0004\000.\0002\000\040\000M\000e\000m\000b\000e\000r\000\040\000F\000u\000n\000c\000t\000i\000o\000n\000\040\000D\000o\000c\000u\000m\000e\000n\000t\000a\000t\000i\000o\000n}{section.14.134}% 2686
\BOOKMARK [3][-]{subsubsection.14.134.2.1}{\376\377\0001\0004\000.\0001\0003\0004\000.\0002\000.\0001\000\040\000A\000C\000F\000\137\000D\000E\000C\000L\000A\000R\000E\000\137\000S\000T\000A\000N\000D\000A\000R\000D\000\137\000U\000N\000K\000N\000O\000W\000N\000\050\000\051}{subsection.14.134.2}% 2687
\BOOKMARK [3][-]{subsubsection.14.134.2.2}{\376\377\0001\0004\000.\0001\0003\0004\000.\0002\000.\0002\000\040\000A\000A\000X\000\137\000D\000E\000L\000E\000T\000E\000\050\000\051}{subsection.14.134.2}% 2688
\BOOKMARK [2][-]{subsection.14.134.3}{\376\377\0001\0004\000.\0001\0003\0004\000.\0003\000\040\000M\000e\000m\000b\000e\000r\000\040\000D\000a\000t\000a\000\040\000D\000o\000c\000u\000m\000e\000n\000t\000a\000t\000i\000o\000n}{section.14.134}% 2689
\BOOKMARK [3][-]{subsubsection.14.134.3.1}{\376\377\0001\0004\000.\0001\0003\0004\000.\0003\000.\0001\000\040\000A\000A\000X\000\137\000O\000V\000E\000R\000R\000I\000D\000E}{subsection.14.134.3}% 2690
\BOOKMARK [1][-]{section.14.135}{\376\377\0001\0004\000.\0001\0003\0005\000\040\000A\000A\000X\000\137\000I\000T\000r\000a\000n\000s\000p\000o\000r\000t\000\040\000C\000l\000a\000s\000s\000\040\000R\000e\000f\000e\000r\000e\000n\000c\000e}{chapter.14}% 2691
\BOOKMARK [2][-]{subsection.14.135.1}{\376\377\0001\0004\000.\0001\0003\0005\000.\0001\000\040\000D\000e\000s\000c\000r\000i\000p\000t\000i\000o\000n}{section.14.135}% 2692
\BOOKMARK [2][-]{subsection.14.135.2}{\376\377\0001\0004\000.\0001\0003\0005\000.\0002\000\040\000C\000o\000n\000s\000t\000r\000u\000c\000t\000o\000r\000\040\000\046\000\040\000D\000e\000s\000t\000r\000u\000c\000t\000o\000r\000\040\000D\000o\000c\000u\000m\000e\000n\000t\000a\000t\000i\000o\000n}{section.14.135}% 2693
\BOOKMARK [3][-]{subsubsection.14.135.2.1}{\376\377\0001\0004\000.\0001\0003\0005\000.\0002\000.\0001\000\040\000\040\000A\000A\000X\000\137\000I\000T\000r\000a\000n\000s\000p\000o\000r\000t\000\050\000\051}{subsection.14.135.2}% 2694
\BOOKMARK [2][-]{subsection.14.135.3}{\376\377\0001\0004\000.\0001\0003\0005\000.\0003\000\040\000M\000e\000m\000b\000e\000r\000\040\000F\000u\000n\000c\000t\000i\000o\000n\000\040\000D\000o\000c\000u\000m\000e\000n\000t\000a\000t\000i\000o\000n}{section.14.135}% 2695
\BOOKMARK [3][-]{subsubsection.14.135.3.1}{\376\377\0001\0004\000.\0001\0003\0005\000.\0003\000.\0001\000\040\000G\000e\000t\000C\000u\000r\000r\000e\000n\000t\000T\000e\000m\000p\000o\000\050\000\051}{subsection.14.135.3}% 2696
\BOOKMARK [3][-]{subsubsection.14.135.3.2}{\376\377\0001\0004\000.\0001\0003\0005\000.\0003\000.\0002\000\040\000G\000e\000t\000C\000u\000r\000r\000e\000n\000t\000M\000e\000t\000e\000r\000\050\000\051}{subsection.14.135.3}% 2697
\BOOKMARK [3][-]{subsubsection.14.135.3.3}{\376\377\0001\0004\000.\0001\0003\0005\000.\0003\000.\0003\000\040\000I\000s\000T\000r\000a\000n\000s\000p\000o\000r\000t\000P\000l\000a\000y\000i\000n\000g\000\050\000\051}{subsection.14.135.3}% 2698
\BOOKMARK [3][-]{subsubsection.14.135.3.4}{\376\377\0001\0004\000.\0001\0003\0005\000.\0003\000.\0004\000\040\000G\000e\000t\000C\000u\000r\000r\000e\000n\000t\000T\000i\000c\000k\000P\000o\000s\000i\000t\000i\000o\000n\000\050\000\051}{subsection.14.135.3}% 2699
\BOOKMARK [3][-]{subsubsection.14.135.3.5}{\376\377\0001\0004\000.\0001\0003\0005\000.\0003\000.\0005\000\040\000G\000e\000t\000C\000u\000r\000r\000e\000n\000t\000L\000o\000o\000p\000P\000o\000s\000i\000t\000i\000o\000n\000\050\000\051}{subsection.14.135.3}% 2700
\BOOKMARK [3][-]{subsubsection.14.135.3.6}{\376\377\0001\0004\000.\0001\0003\0005\000.\0003\000.\0006\000\040\000G\000e\000t\000C\000u\000r\000r\000e\000n\000t\000N\000a\000t\000i\000v\000e\000S\000a\000m\000p\000l\000e\000L\000o\000c\000a\000t\000i\000o\000n\000\050\000\051}{subsection.14.135.3}% 2701
\BOOKMARK [3][-]{subsubsection.14.135.3.7}{\376\377\0001\0004\000.\0001\0003\0005\000.\0003\000.\0007\000\040\000G\000e\000t\000C\000u\000s\000t\000o\000m\000T\000i\000c\000k\000P\000o\000s\000i\000t\000i\000o\000n\000\050\000\051}{subsection.14.135.3}% 2702
\BOOKMARK [3][-]{subsubsection.14.135.3.8}{\376\377\0001\0004\000.\0001\0003\0005\000.\0003\000.\0008\000\040\000G\000e\000t\000B\000a\000r\000B\000e\000a\000t\000P\000o\000s\000i\000t\000i\000o\000n\000\050\000\051}{subsection.14.135.3}% 2703
\BOOKMARK [3][-]{subsubsection.14.135.3.9}{\376\377\0001\0004\000.\0001\0003\0005\000.\0003\000.\0009\000\040\000G\000e\000t\000T\000i\000c\000k\000s\000P\000e\000r\000Q\000u\000a\000r\000t\000e\000r\000\050\000\051}{subsection.14.135.3}% 2704
\BOOKMARK [3][-]{subsubsection.14.135.3.10}{\376\377\0001\0004\000.\0001\0003\0005\000.\0003\000.\0001\0000\000\040\000G\000e\000t\000C\000u\000r\000r\000e\000n\000t\000T\000i\000c\000k\000s\000P\000e\000r\000B\000e\000a\000t\000\050\000\051}{subsection.14.135.3}% 2705
\BOOKMARK [3][-]{subsubsection.14.135.3.11}{\376\377\0001\0004\000.\0001\0003\0005\000.\0003\000.\0001\0001\000\040\000G\000e\000t\000T\000i\000m\000e\000l\000i\000n\000e\000S\000e\000l\000e\000c\000t\000i\000o\000n\000S\000t\000a\000r\000t\000P\000o\000s\000i\000t\000i\000o\000n\000\050\000\051}{subsection.14.135.3}% 2706
\BOOKMARK [3][-]{subsubsection.14.135.3.12}{\376\377\0001\0004\000.\0001\0003\0005\000.\0003\000.\0001\0002\000\040\000G\000e\000t\000T\000i\000m\000e\000C\000o\000d\000e\000I\000n\000f\000o\000\050\000\051}{subsection.14.135.3}% 2707
\BOOKMARK [3][-]{subsubsection.14.135.3.13}{\376\377\0001\0004\000.\0001\0003\0005\000.\0003\000.\0001\0003\000\040\000G\000e\000t\000F\000e\000e\000t\000F\000r\000a\000m\000e\000s\000I\000n\000f\000o\000\050\000\051}{subsection.14.135.3}% 2708
\BOOKMARK [3][-]{subsubsection.14.135.3.14}{\376\377\0001\0004\000.\0001\0003\0005\000.\0003\000.\0001\0004\000\040\000I\000s\000M\000e\000t\000r\000o\000n\000o\000m\000e\000E\000n\000a\000b\000l\000e\000d\000\050\000\051}{subsection.14.135.3}% 2709
\BOOKMARK [3][-]{subsubsection.14.135.3.15}{\376\377\0001\0004\000.\0001\0003\0005\000.\0003\000.\0001\0005\000\040\000G\000e\000t\000H\000D\000T\000i\000m\000e\000C\000o\000d\000e\000I\000n\000f\000o\000\050\000\051}{subsection.14.135.3}% 2710
\BOOKMARK [3][-]{subsubsection.14.135.3.16}{\376\377\0001\0004\000.\0001\0003\0005\000.\0003\000.\0001\0006\000\040\000R\000e\000q\000u\000e\000s\000t\000T\000r\000a\000n\000s\000p\000o\000r\000t\000S\000t\000a\000r\000t\000\050\000\051}{subsection.14.135.3}% 2711
\BOOKMARK [3][-]{subsubsection.14.135.3.17}{\376\377\0001\0004\000.\0001\0003\0005\000.\0003\000.\0001\0007\000\040\000R\000e\000q\000u\000e\000s\000t\000T\000r\000a\000n\000s\000p\000o\000r\000t\000S\000t\000o\000p\000\050\000\051}{subsection.14.135.3}% 2712
\BOOKMARK [3][-]{subsubsection.14.135.3.18}{\376\377\0001\0004\000.\0001\0003\0005\000.\0003\000.\0001\0008\000\040\000G\000e\000t\000T\000i\000m\000e\000l\000i\000n\000e\000S\000e\000l\000e\000c\000t\000i\000o\000n\000E\000n\000d\000P\000o\000s\000i\000t\000i\000o\000n\000\050\000\051}{subsection.14.135.3}% 2713
\BOOKMARK [3][-]{subsubsection.14.135.3.19}{\376\377\0001\0004\000.\0001\0003\0005\000.\0003\000.\0001\0009\000\040\000G\000e\000t\000K\000e\000y\000S\000i\000g\000n\000a\000t\000u\000r\000e\000\050\000\051}{subsection.14.135.3}% 2714
\BOOKMARK [1][-]{section.14.136}{\376\377\0001\0004\000.\0001\0003\0006\000\040\000A\000A\000X\000\137\000I\000V\000i\000e\000w\000C\000o\000n\000t\000a\000i\000n\000e\000r\000\040\000C\000l\000a\000s\000s\000\040\000R\000e\000f\000e\000r\000e\000n\000c\000e}{chapter.14}% 2715
\BOOKMARK [2][-]{subsection.14.136.1}{\376\377\0001\0004\000.\0001\0003\0006\000.\0001\000\040\000D\000e\000s\000c\000r\000i\000p\000t\000i\000o\000n}{section.14.136}% 2716
\BOOKMARK [2][-]{subsection.14.136.2}{\376\377\0001\0004\000.\0001\0003\0006\000.\0002\000\040\000C\000o\000n\000s\000t\000r\000u\000c\000t\000o\000r\000\040\000\046\000\040\000D\000e\000s\000t\000r\000u\000c\000t\000o\000r\000\040\000D\000o\000c\000u\000m\000e\000n\000t\000a\000t\000i\000o\000n}{section.14.136}% 2717
\BOOKMARK [3][-]{subsubsection.14.136.2.1}{\376\377\0001\0004\000.\0001\0003\0006\000.\0002\000.\0001\000\040\000\040\000A\000A\000X\000\137\000I\000V\000i\000e\000w\000C\000o\000n\000t\000a\000i\000n\000e\000r\000\050\000\051}{subsection.14.136.2}% 2718
\BOOKMARK [2][-]{subsection.14.136.3}{\376\377\0001\0004\000.\0001\0003\0006\000.\0003\000\040\000M\000e\000m\000b\000e\000r\000\040\000F\000u\000n\000c\000t\000i\000o\000n\000\040\000D\000o\000c\000u\000m\000e\000n\000t\000a\000t\000i\000o\000n}{section.14.136}% 2719
\BOOKMARK [3][-]{subsubsection.14.136.3.1}{\376\377\0001\0004\000.\0001\0003\0006\000.\0003\000.\0001\000\040\000G\000e\000t\000T\000y\000p\000e\000\050\000\051}{subsection.14.136.3}% 2720
\BOOKMARK [3][-]{subsubsection.14.136.3.2}{\376\377\0001\0004\000.\0001\0003\0006\000.\0003\000.\0002\000\040\000G\000e\000t\000P\000t\000r\000\050\000\051}{subsection.14.136.3}% 2721
\BOOKMARK [3][-]{subsubsection.14.136.3.3}{\376\377\0001\0004\000.\0001\0003\0006\000.\0003\000.\0003\000\040\000G\000e\000t\000M\000o\000d\000i\000f\000i\000e\000r\000s\000\050\000\051}{subsection.14.136.3}% 2722
\BOOKMARK [3][-]{subsubsection.14.136.3.4}{\376\377\0001\0004\000.\0001\0003\0006\000.\0003\000.\0004\000\040\000S\000e\000t\000V\000i\000e\000w\000S\000i\000z\000e\000\050\000\051}{subsection.14.136.3}% 2723
\BOOKMARK [3][-]{subsubsection.14.136.3.5}{\376\377\0001\0004\000.\0001\0003\0006\000.\0003\000.\0005\000\040\000H\000a\000n\000d\000l\000e\000P\000a\000r\000a\000m\000e\000t\000e\000r\000M\000o\000u\000s\000e\000D\000o\000w\000n\000\050\000\051}{subsection.14.136.3}% 2724
\BOOKMARK [3][-]{subsubsection.14.136.3.6}{\376\377\0001\0004\000.\0001\0003\0006\000.\0003\000.\0006\000\040\000H\000a\000n\000d\000l\000e\000P\000a\000r\000a\000m\000e\000t\000e\000r\000M\000o\000u\000s\000e\000D\000r\000a\000g\000\050\000\051}{subsection.14.136.3}% 2725
\BOOKMARK [3][-]{subsubsection.14.136.3.7}{\376\377\0001\0004\000.\0001\0003\0006\000.\0003\000.\0007\000\040\000H\000a\000n\000d\000l\000e\000P\000a\000r\000a\000m\000e\000t\000e\000r\000M\000o\000u\000s\000e\000U\000p\000\050\000\051}{subsection.14.136.3}% 2726
\BOOKMARK [3][-]{subsubsection.14.136.3.8}{\376\377\0001\0004\000.\0001\0003\0006\000.\0003\000.\0008\000\040\000H\000a\000n\000d\000l\000e\000P\000a\000r\000a\000m\000e\000t\000e\000r\000M\000o\000u\000s\000e\000E\000n\000t\000e\000r\000\050\000\051}{subsection.14.136.3}% 2727
\BOOKMARK [3][-]{subsubsection.14.136.3.9}{\376\377\0001\0004\000.\0001\0003\0006\000.\0003\000.\0009\000\040\000H\000a\000n\000d\000l\000e\000P\000a\000r\000a\000m\000e\000t\000e\000r\000M\000o\000u\000s\000e\000E\000x\000i\000t\000\050\000\051}{subsection.14.136.3}% 2728
\BOOKMARK [3][-]{subsubsection.14.136.3.10}{\376\377\0001\0004\000.\0001\0003\0006\000.\0003\000.\0001\0000\000\040\000H\000a\000n\000d\000l\000e\000M\000u\000l\000t\000i\000p\000l\000e\000P\000a\000r\000a\000m\000e\000t\000e\000r\000s\000M\000o\000u\000s\000e\000D\000o\000w\000n\000\050\000\051}{subsection.14.136.3}% 2729
\BOOKMARK [3][-]{subsubsection.14.136.3.11}{\376\377\0001\0004\000.\0001\0003\0006\000.\0003\000.\0001\0001\000\040\000H\000a\000n\000d\000l\000e\000M\000u\000l\000t\000i\000p\000l\000e\000P\000a\000r\000a\000m\000e\000t\000e\000r\000s\000M\000o\000u\000s\000e\000D\000r\000a\000g\000\050\000\051}{subsection.14.136.3}% 2730
\BOOKMARK [3][-]{subsubsection.14.136.3.12}{\376\377\0001\0004\000.\0001\0003\0006\000.\0003\000.\0001\0002\000\040\000H\000a\000n\000d\000l\000e\000M\000u\000l\000t\000i\000p\000l\000e\000P\000a\000r\000a\000m\000e\000t\000e\000r\000s\000M\000o\000u\000s\000e\000U\000p\000\050\000\051}{subsection.14.136.3}% 2731
\BOOKMARK [1][-]{section.14.137}{\376\377\0001\0004\000.\0001\0003\0007\000\040\000A\000A\000X\000\137\000M\000a\000p\000\040\000C\000l\000a\000s\000s\000\040\000R\000e\000f\000e\000r\000e\000n\000c\000e}{chapter.14}% 2732
\BOOKMARK [2][-]{subsection.14.137.1}{\376\377\0001\0004\000.\0001\0003\0007\000.\0001\000\040\000C\000o\000n\000s\000t\000r\000u\000c\000t\000o\000r\000\040\000\046\000\040\000D\000e\000s\000t\000r\000u\000c\000t\000o\000r\000\040\000D\000o\000c\000u\000m\000e\000n\000t\000a\000t\000i\000o\000n}{section.14.137}% 2733
\BOOKMARK [3][-]{subsubsection.14.137.1.1}{\376\377\0001\0004\000.\0001\0003\0007\000.\0001\000.\0001\000\040\000A\000A\000X\000\137\000M\000a\000p\000\050\000\051}{subsection.14.137.1}% 2734
\BOOKMARK [3][-]{subsubsection.14.137.1.2}{\376\377\0001\0004\000.\0001\0003\0007\000.\0001\000.\0002\000\040\000\040\000A\000A\000X\000\137\000M\000a\000p\000\050\000\051}{subsection.14.137.1}% 2735
\BOOKMARK [2][-]{subsection.14.137.2}{\376\377\0001\0004\000.\0001\0003\0007\000.\0002\000\040\000M\000e\000m\000b\000e\000r\000\040\000F\000u\000n\000c\000t\000i\000o\000n\000\040\000D\000o\000c\000u\000m\000e\000n\000t\000a\000t\000i\000o\000n}{section.14.137}% 2736
\BOOKMARK [3][-]{subsubsection.14.137.2.1}{\376\377\0001\0004\000.\0001\0003\0007\000.\0002\000.\0001\000\040\000S\000e\000t\000C\000o\000e\000f\000f\000i\000c\000i\000e\000n\000t\000s\000\050\000\051}{subsection.14.137.2}% 2737
\BOOKMARK [3][-]{subsubsection.14.137.2.2}{\376\377\0001\0004\000.\0001\0003\0007\000.\0002\000.\0002\000\040\000G\000e\000t\000C\000o\000e\000f\000f\000i\000c\000i\000e\000n\000t\000\050\000\051}{subsection.14.137.2}% 2738
\BOOKMARK [3][-]{subsubsection.14.137.2.3}{\376\377\0001\0004\000.\0001\0003\0007\000.\0002\000.\0003\000\040\000G\000e\000t\000U\000p\000p\000e\000r\000B\000o\000u\000n\000d\000I\000n\000d\000e\000x\000\050\000\051}{subsection.14.137.2}% 2739
\BOOKMARK [3][-]{subsubsection.14.137.2.4}{\376\377\0001\0004\000.\0001\0003\0007\000.\0002\000.\0004\000\040\000G\000e\000t\000X\000\050\000\051}{subsection.14.137.2}% 2740
\BOOKMARK [3][-]{subsubsection.14.137.2.5}{\376\377\0001\0004\000.\0001\0003\0007\000.\0002\000.\0005\000\040\000G\000e\000t\000Y\000\050\000\051}{subsection.14.137.2}% 2741
\BOOKMARK [3][-]{subsubsection.14.137.2.6}{\376\377\0001\0004\000.\0001\0003\0007\000.\0002\000.\0006\000\040\000G\000e\000t\000F\000i\000r\000s\000t\000X\000\050\000\051}{subsection.14.137.2}% 2742
\BOOKMARK [3][-]{subsubsection.14.137.2.7}{\376\377\0001\0004\000.\0001\0003\0007\000.\0002\000.\0007\000\040\000G\000e\000t\000F\000i\000r\000s\000t\000Y\000\050\000\051}{subsection.14.137.2}% 2743
\BOOKMARK [3][-]{subsubsection.14.137.2.8}{\376\377\0001\0004\000.\0001\0003\0007\000.\0002\000.\0008\000\040\000G\000e\000t\000L\000a\000s\000t\000X\000\050\000\051}{subsection.14.137.2}% 2744
\BOOKMARK [3][-]{subsubsection.14.137.2.9}{\376\377\0001\0004\000.\0001\0003\0007\000.\0002\000.\0009\000\040\000G\000e\000t\000L\000a\000s\000t\000Y\000\050\000\051}{subsection.14.137.2}% 2745
\BOOKMARK [3][-]{subsubsection.14.137.2.10}{\376\377\0001\0004\000.\0001\0003\0007\000.\0002\000.\0001\0000\000\040\000G\000e\000t\000S\000i\000z\000e\000\050\000\051}{subsection.14.137.2}% 2746
\BOOKMARK [1][-]{section.14.138}{\376\377\0001\0004\000.\0001\0003\0008\000\040\000A\000A\000X\000\137\000P\000o\000i\000n\000t\000\040\000S\000t\000r\000u\000c\000t\000\040\000R\000e\000f\000e\000r\000e\000n\000c\000e}{chapter.14}% 2747
\BOOKMARK [2][-]{subsection.14.138.1}{\376\377\0001\0004\000.\0001\0003\0008\000.\0001\000\040\000D\000e\000s\000c\000r\000i\000p\000t\000i\000o\000n}{section.14.138}% 2748
\BOOKMARK [2][-]{subsection.14.138.2}{\376\377\0001\0004\000.\0001\0003\0008\000.\0002\000\040\000C\000o\000n\000s\000t\000r\000u\000c\000t\000o\000r\000\040\000\046\000\040\000D\000e\000s\000t\000r\000u\000c\000t\000o\000r\000\040\000D\000o\000c\000u\000m\000e\000n\000t\000a\000t\000i\000o\000n}{section.14.138}% 2749
\BOOKMARK [3][-]{subsubsection.14.138.2.1}{\376\377\0001\0004\000.\0001\0003\0008\000.\0002\000.\0001\000\040\000A\000A\000X\000\137\000P\000o\000i\000n\000t\000\050\000\051\000\040\000[\0001\000/\0002\000]}{subsection.14.138.2}% 2750
\BOOKMARK [3][-]{subsubsection.14.138.2.2}{\376\377\0001\0004\000.\0001\0003\0008\000.\0002\000.\0002\000\040\000A\000A\000X\000\137\000P\000o\000i\000n\000t\000\050\000\051\000\040\000[\0002\000/\0002\000]}{subsection.14.138.2}% 2751
\BOOKMARK [2][-]{subsection.14.138.3}{\376\377\0001\0004\000.\0001\0003\0008\000.\0003\000\040\000M\000e\000m\000b\000e\000r\000\040\000D\000a\000t\000a\000\040\000D\000o\000c\000u\000m\000e\000n\000t\000a\000t\000i\000o\000n}{section.14.138}% 2752
\BOOKMARK [3][-]{subsubsection.14.138.3.1}{\376\377\0001\0004\000.\0001\0003\0008\000.\0003\000.\0001\000\040\000v\000e\000r\000t}{subsection.14.138.3}% 2753
\BOOKMARK [3][-]{subsubsection.14.138.3.2}{\376\377\0001\0004\000.\0001\0003\0008\000.\0003\000.\0002\000\040\000h\000o\000r\000z}{subsection.14.138.3}% 2754
\BOOKMARK [1][-]{section.14.139}{\376\377\0001\0004\000.\0001\0003\0009\000\040\000A\000A\000X\000\137\000R\000e\000c\000t\000\040\000S\000t\000r\000u\000c\000t\000\040\000R\000e\000f\000e\000r\000e\000n\000c\000e}{chapter.14}% 2755
\BOOKMARK [2][-]{subsection.14.139.1}{\376\377\0001\0004\000.\0001\0003\0009\000.\0001\000\040\000D\000e\000s\000c\000r\000i\000p\000t\000i\000o\000n}{section.14.139}% 2756
\BOOKMARK [2][-]{subsection.14.139.2}{\376\377\0001\0004\000.\0001\0003\0009\000.\0002\000\040\000C\000o\000n\000s\000t\000r\000u\000c\000t\000o\000r\000\040\000\046\000\040\000D\000e\000s\000t\000r\000u\000c\000t\000o\000r\000\040\000D\000o\000c\000u\000m\000e\000n\000t\000a\000t\000i\000o\000n}{section.14.139}% 2757
\BOOKMARK [3][-]{subsubsection.14.139.2.1}{\376\377\0001\0004\000.\0001\0003\0009\000.\0002\000.\0001\000\040\000A\000A\000X\000\137\000R\000e\000c\000t\000\050\000\051\000\040\000[\0001\000/\0002\000]}{subsection.14.139.2}% 2758
\BOOKMARK [3][-]{subsubsection.14.139.2.2}{\376\377\0001\0004\000.\0001\0003\0009\000.\0002\000.\0002\000\040\000A\000A\000X\000\137\000R\000e\000c\000t\000\050\000\051\000\040\000[\0002\000/\0002\000]}{subsection.14.139.2}% 2759
\BOOKMARK [2][-]{subsection.14.139.3}{\376\377\0001\0004\000.\0001\0003\0009\000.\0003\000\040\000M\000e\000m\000b\000e\000r\000\040\000D\000a\000t\000a\000\040\000D\000o\000c\000u\000m\000e\000n\000t\000a\000t\000i\000o\000n}{section.14.139}% 2760
\BOOKMARK [3][-]{subsubsection.14.139.3.1}{\376\377\0001\0004\000.\0001\0003\0009\000.\0003\000.\0001\000\040\000t\000o\000p}{subsection.14.139.3}% 2761
\BOOKMARK [3][-]{subsubsection.14.139.3.2}{\376\377\0001\0004\000.\0001\0003\0009\000.\0003\000.\0002\000\040\000l\000e\000f\000t}{subsection.14.139.3}% 2762
\BOOKMARK [3][-]{subsubsection.14.139.3.3}{\376\377\0001\0004\000.\0001\0003\0009\000.\0003\000.\0003\000\040\000w\000i\000d\000t\000h}{subsection.14.139.3}% 2763
\BOOKMARK [3][-]{subsubsection.14.139.3.4}{\376\377\0001\0004\000.\0001\0003\0009\000.\0003\000.\0004\000\040\000h\000e\000i\000g\000h\000t}{subsection.14.139.3}% 2764
\BOOKMARK [1][-]{section.14.140}{\376\377\0001\0004\000.\0001\0004\0000\000\040\000A\000A\000X\000\137\000S\000H\000y\000b\000r\000i\000d\000R\000e\000n\000d\000e\000r\000I\000n\000f\000o\000\040\000S\000t\000r\000u\000c\000t\000\040\000R\000e\000f\000e\000r\000e\000n\000c\000e}{chapter.14}% 2765
\BOOKMARK [2][-]{subsection.14.140.1}{\376\377\0001\0004\000.\0001\0004\0000\000.\0001\000\040\000D\000e\000s\000c\000r\000i\000p\000t\000i\000o\000n}{section.14.140}% 2766
\BOOKMARK [2][-]{subsection.14.140.2}{\376\377\0001\0004\000.\0001\0004\0000\000.\0002\000\040\000M\000e\000m\000b\000e\000r\000\040\000D\000a\000t\000a\000\040\000D\000o\000c\000u\000m\000e\000n\000t\000a\000t\000i\000o\000n}{section.14.140}% 2767
\BOOKMARK [3][-]{subsubsection.14.140.2.1}{\376\377\0001\0004\000.\0001\0004\0000\000.\0002\000.\0001\000\040\000m\000A\000u\000d\000i\000o\000I\000n\000p\000u\000t\000s}{subsection.14.140.2}% 2768
\BOOKMARK [3][-]{subsubsection.14.140.2.2}{\376\377\0001\0004\000.\0001\0004\0000\000.\0002\000.\0002\000\040\000m\000N\000u\000m\000A\000u\000d\000i\000o\000I\000n\000p\000u\000t\000s}{subsection.14.140.2}% 2769
\BOOKMARK [3][-]{subsubsection.14.140.2.3}{\376\377\0001\0004\000.\0001\0004\0000\000.\0002\000.\0003\000\040\000m\000A\000u\000d\000i\000o\000O\000u\000t\000p\000u\000t\000s}{subsection.14.140.2}% 2770
\BOOKMARK [3][-]{subsubsection.14.140.2.4}{\376\377\0001\0004\000.\0001\0004\0000\000.\0002\000.\0004\000\040\000m\000N\000u\000m\000A\000u\000d\000i\000o\000O\000u\000t\000p\000u\000t\000s}{subsection.14.140.2}% 2771
\BOOKMARK [3][-]{subsubsection.14.140.2.5}{\376\377\0001\0004\000.\0001\0004\0000\000.\0002\000.\0005\000\040\000m\000N\000u\000m\000S\000a\000m\000p\000l\000e\000s}{subsection.14.140.2}% 2772
\BOOKMARK [3][-]{subsubsection.14.140.2.6}{\376\377\0001\0004\000.\0001\0004\0000\000.\0002\000.\0006\000\040\000m\000C\000l\000o\000c\000k}{subsection.14.140.2}% 2773
\BOOKMARK [1][-]{section.14.141}{\376\377\0001\0004\000.\0001\0004\0001\000\040\000A\000A\000X\000\137\000S\000I\000n\000s\000t\000r\000u\000m\000e\000n\000t\000P\000r\000i\000v\000a\000t\000e\000D\000a\000t\000a\000\040\000S\000t\000r\000u\000c\000t\000\040\000R\000e\000f\000e\000r\000e\000n\000c\000e}{chapter.14}% 2774
\BOOKMARK [2][-]{subsection.14.141.1}{\376\377\0001\0004\000.\0001\0004\0001\000.\0001\000\040\000D\000e\000s\000c\000r\000i\000p\000t\000i\000o\000n}{section.14.141}% 2775
\BOOKMARK [2][-]{subsection.14.141.2}{\376\377\0001\0004\000.\0001\0004\0001\000.\0002\000\040\000M\000e\000m\000b\000e\000r\000\040\000D\000a\000t\000a\000\040\000D\000o\000c\000u\000m\000e\000n\000t\000a\000t\000i\000o\000n}{section.14.141}% 2776
\BOOKMARK [3][-]{subsubsection.14.141.2.1}{\376\377\0001\0004\000.\0001\0004\0001\000.\0002\000.\0001\000\040\000m\000M\000o\000n\000o\000l\000i\000t\000h\000i\000c\000P\000a\000r\000a\000m\000e\000t\000e\000r\000s\000P\000t\000r}{subsection.14.141.2}% 2777
\BOOKMARK [1][-]{section.14.142}{\376\377\0001\0004\000.\0001\0004\0002\000\040\000A\000A\000X\000\137\000S\000I\000n\000s\000t\000r\000u\000m\000e\000n\000t\000R\000e\000n\000d\000e\000r\000I\000n\000f\000o\000\040\000S\000t\000r\000u\000c\000t\000\040\000R\000e\000f\000e\000r\000e\000n\000c\000e}{chapter.14}% 2778
\BOOKMARK [2][-]{subsection.14.142.1}{\376\377\0001\0004\000.\0001\0004\0002\000.\0001\000\040\000D\000e\000s\000c\000r\000i\000p\000t\000i\000o\000n}{section.14.142}% 2779
\BOOKMARK [2][-]{subsection.14.142.2}{\376\377\0001\0004\000.\0001\0004\0002\000.\0002\000\040\000M\000e\000m\000b\000e\000r\000\040\000D\000a\000t\000a\000\040\000D\000o\000c\000u\000m\000e\000n\000t\000a\000t\000i\000o\000n}{section.14.142}% 2780
\BOOKMARK [3][-]{subsubsection.14.142.2.1}{\376\377\0001\0004\000.\0001\0004\0002\000.\0002\000.\0001\000\040\000m\000A\000u\000d\000i\000o\000I\000n\000p\000u\000t\000s}{subsection.14.142.2}% 2781
\BOOKMARK [3][-]{subsubsection.14.142.2.2}{\376\377\0001\0004\000.\0001\0004\0002\000.\0002\000.\0002\000\040\000m\000A\000u\000d\000i\000o\000O\000u\000t\000p\000u\000t\000s}{subsection.14.142.2}% 2782
\BOOKMARK [3][-]{subsubsection.14.142.2.3}{\376\377\0001\0004\000.\0001\0004\0002\000.\0002\000.\0003\000\040\000m\000N\000u\000m\000S\000a\000m\000p\000l\000e\000s}{subsection.14.142.2}% 2783
\BOOKMARK [3][-]{subsubsection.14.142.2.4}{\376\377\0001\0004\000.\0001\0004\0002\000.\0002\000.\0004\000\040\000m\000C\000l\000o\000c\000k}{subsection.14.142.2}% 2784
\BOOKMARK [3][-]{subsubsection.14.142.2.5}{\376\377\0001\0004\000.\0001\0004\0002\000.\0002\000.\0005\000\040\000m\000I\000n\000p\000u\000t\000N\000o\000d\000e}{subsection.14.142.2}% 2785
\BOOKMARK [3][-]{subsubsection.14.142.2.6}{\376\377\0001\0004\000.\0001\0004\0002\000.\0002\000.\0006\000\040\000m\000G\000l\000o\000b\000a\000l\000N\000o\000d\000e}{subsection.14.142.2}% 2786
\BOOKMARK [3][-]{subsubsection.14.142.2.7}{\376\377\0001\0004\000.\0001\0004\0002\000.\0002\000.\0007\000\040\000m\000T\000r\000a\000n\000s\000p\000o\000r\000t\000N\000o\000d\000e}{subsection.14.142.2}% 2787
\BOOKMARK [3][-]{subsubsection.14.142.2.8}{\376\377\0001\0004\000.\0001\0004\0002\000.\0002\000.\0008\000\040\000m\000A\000d\000d\000i\000t\000i\000o\000n\000a\000l\000I\000n\000p\000u\000t\000M\000I\000D\000I\000N\000o\000d\000e\000s}{subsection.14.142.2}% 2788
\BOOKMARK [3][-]{subsubsection.14.142.2.9}{\376\377\0001\0004\000.\0001\0004\0002\000.\0002\000.\0009\000\040\000m\000P\000r\000i\000v\000a\000t\000e\000D\000a\000t\000a}{subsection.14.142.2}% 2789
\BOOKMARK [3][-]{subsubsection.14.142.2.10}{\376\377\0001\0004\000.\0001\0004\0002\000.\0002\000.\0001\0000\000\040\000m\000M\000e\000t\000e\000r\000s}{subsection.14.142.2}% 2790
\BOOKMARK [3][-]{subsubsection.14.142.2.11}{\376\377\0001\0004\000.\0001\0004\0002\000.\0002\000.\0001\0001\000\040\000m\000C\000u\000r\000r\000e\000n\000t\000S\000t\000a\000t\000e\000N\000u\000m}{subsection.14.142.2}% 2791
\BOOKMARK [1][-]{section.14.143}{\376\377\0001\0004\000.\0001\0004\0003\000\040\000A\000A\000X\000\137\000S\000I\000n\000s\000t\000r\000u\000m\000e\000n\000t\000S\000e\000t\000u\000p\000I\000n\000f\000o\000\040\000S\000t\000r\000u\000c\000t\000\040\000R\000e\000f\000e\000r\000e\000n\000c\000e}{chapter.14}% 2792
\BOOKMARK [2][-]{subsection.14.143.1}{\376\377\0001\0004\000.\0001\0004\0003\000.\0001\000\040\000D\000e\000s\000c\000r\000i\000p\000t\000i\000o\000n}{section.14.143}% 2793
\BOOKMARK [2][-]{subsection.14.143.2}{\376\377\0001\0004\000.\0001\0004\0003\000.\0002\000\040\000C\000o\000n\000s\000t\000r\000u\000c\000t\000o\000r\000\040\000\046\000\040\000D\000e\000s\000t\000r\000u\000c\000t\000o\000r\000\040\000D\000o\000c\000u\000m\000e\000n\000t\000a\000t\000i\000o\000n}{section.14.143}% 2794
\BOOKMARK [3][-]{subsubsection.14.143.2.1}{\376\377\0001\0004\000.\0001\0004\0003\000.\0002\000.\0001\000\040\000A\000A\000X\000\137\000S\000I\000n\000s\000t\000r\000u\000m\000e\000n\000t\000S\000e\000t\000u\000p\000I\000n\000f\000o\000\050\000\051}{subsection.14.143.2}% 2795
\BOOKMARK [2][-]{subsection.14.143.3}{\376\377\0001\0004\000.\0001\0004\0003\000.\0003\000\040\000M\000e\000m\000b\000e\000r\000\040\000D\000a\000t\000a\000\040\000D\000o\000c\000u\000m\000e\000n\000t\000a\000t\000i\000o\000n}{section.14.143}% 2796
\BOOKMARK [3][-]{subsubsection.14.143.3.1}{\376\377\0001\0004\000.\0001\0004\0003\000.\0003\000.\0001\000\040\000m\000N\000e\000e\000d\000s\000G\000l\000o\000b\000a\000l\000M\000I\000D\000I}{subsection.14.143.3}% 2797
\BOOKMARK [3][-]{subsubsection.14.143.3.2}{\376\377\0001\0004\000.\0001\0004\0003\000.\0003\000.\0002\000\040\000m\000G\000l\000o\000b\000a\000l\000M\000I\000D\000I\000N\000o\000d\000e\000N\000a\000m\000e}{subsection.14.143.3}% 2798
\BOOKMARK [3][-]{subsubsection.14.143.3.3}{\376\377\0001\0004\000.\0001\0004\0003\000.\0003\000.\0003\000\040\000m\000G\000l\000o\000b\000a\000l\000M\000I\000D\000I\000E\000v\000e\000n\000t\000M\000a\000s\000k}{subsection.14.143.3}% 2799
\BOOKMARK [3][-]{subsubsection.14.143.3.4}{\376\377\0001\0004\000.\0001\0004\0003\000.\0003\000.\0004\000\040\000m\000N\000e\000e\000d\000s\000I\000n\000p\000u\000t\000M\000I\000D\000I}{subsection.14.143.3}% 2800
\BOOKMARK [3][-]{subsubsection.14.143.3.5}{\376\377\0001\0004\000.\0001\0004\0003\000.\0003\000.\0005\000\040\000m\000I\000n\000p\000u\000t\000M\000I\000D\000I\000N\000o\000d\000e\000N\000a\000m\000e}{subsection.14.143.3}% 2801
\BOOKMARK [3][-]{subsubsection.14.143.3.6}{\376\377\0001\0004\000.\0001\0004\0003\000.\0003\000.\0006\000\040\000m\000I\000n\000p\000u\000t\000M\000I\000D\000I\000C\000h\000a\000n\000n\000e\000l\000M\000a\000s\000k}{subsection.14.143.3}% 2802
\BOOKMARK [3][-]{subsubsection.14.143.3.7}{\376\377\0001\0004\000.\0001\0004\0003\000.\0003\000.\0007\000\040\000m\000N\000u\000m\000A\000d\000d\000i\000t\000i\000o\000n\000a\000l\000I\000n\000p\000u\000t\000M\000I\000D\000I\000N\000o\000d\000e\000s}{subsection.14.143.3}% 2803
\BOOKMARK [3][-]{subsubsection.14.143.3.8}{\376\377\0001\0004\000.\0001\0004\0003\000.\0003\000.\0008\000\040\000m\000N\000e\000e\000d\000s\000T\000r\000a\000n\000s\000p\000o\000r\000t}{subsection.14.143.3}% 2804
\BOOKMARK [3][-]{subsubsection.14.143.3.9}{\376\377\0001\0004\000.\0001\0004\0003\000.\0003\000.\0009\000\040\000m\000T\000r\000a\000n\000s\000p\000o\000r\000t\000M\000I\000D\000I\000N\000o\000d\000e\000N\000a\000m\000e}{subsection.14.143.3}% 2805
\BOOKMARK [3][-]{subsubsection.14.143.3.10}{\376\377\0001\0004\000.\0001\0004\0003\000.\0003\000.\0001\0000\000\040\000m\000N\000u\000m\000M\000e\000t\000e\000r\000s}{subsection.14.143.3}% 2806
\BOOKMARK [3][-]{subsubsection.14.143.3.11}{\376\377\0001\0004\000.\0001\0004\0003\000.\0003\000.\0001\0001\000\040\000m\000M\000e\000t\000e\000r\000I\000D\000s}{subsection.14.143.3}% 2807
\BOOKMARK [3][-]{subsubsection.14.143.3.12}{\376\377\0001\0004\000.\0001\0004\0003\000.\0003\000.\0001\0002\000\040\000m\000N\000u\000m\000A\000u\000x\000O\000u\000t\000p\000u\000t\000S\000t\000e\000m\000s}{subsection.14.143.3}% 2808
\BOOKMARK [3][-]{subsubsection.14.143.3.13}{\376\377\0001\0004\000.\0001\0004\0003\000.\0003\000.\0001\0003\000\040\000m\000A\000u\000x\000O\000u\000t\000p\000u\000t\000S\000t\000e\000m\000N\000a\000m\000e\000s}{subsection.14.143.3}% 2809
\BOOKMARK [3][-]{subsubsection.14.143.3.14}{\376\377\0001\0004\000.\0001\0004\0003\000.\0003\000.\0001\0004\000\040\000m\000A\000u\000x\000O\000u\000t\000p\000u\000t\000S\000t\000e\000m\000F\000o\000r\000m\000a\000t\000s}{subsection.14.143.3}% 2810
\BOOKMARK [3][-]{subsubsection.14.143.3.15}{\376\377\0001\0004\000.\0001\0004\0003\000.\0003\000.\0001\0005\000\040\000m\000H\000y\000b\000r\000i\000d\000I\000n\000p\000u\000t\000S\000t\000e\000m\000F\000o\000r\000m\000a\000t}{subsection.14.143.3}% 2811
\BOOKMARK [3][-]{subsubsection.14.143.3.16}{\376\377\0001\0004\000.\0001\0004\0003\000.\0003\000.\0001\0006\000\040\000m\000H\000y\000b\000r\000i\000d\000O\000u\000t\000p\000u\000t\000S\000t\000e\000m\000F\000o\000r\000m\000a\000t}{subsection.14.143.3}% 2812
\BOOKMARK [3][-]{subsubsection.14.143.3.17}{\376\377\0001\0004\000.\0001\0004\0003\000.\0003\000.\0001\0007\000\040\000m\000I\000n\000p\000u\000t\000S\000t\000e\000m\000F\000o\000r\000m\000a\000t}{subsection.14.143.3}% 2813
\BOOKMARK [3][-]{subsubsection.14.143.3.18}{\376\377\0001\0004\000.\0001\0004\0003\000.\0003\000.\0001\0008\000\040\000m\000O\000u\000t\000p\000u\000t\000S\000t\000e\000m\000F\000o\000r\000m\000a\000t}{subsection.14.143.3}% 2814
\BOOKMARK [3][-]{subsubsection.14.143.3.19}{\376\377\0001\0004\000.\0001\0004\0003\000.\0003\000.\0001\0009\000\040\000m\000U\000s\000e\000H\000o\000s\000t\000G\000e\000n\000e\000r\000a\000t\000e\000d\000G\000U\000I}{subsection.14.143.3}% 2815
\BOOKMARK [3][-]{subsubsection.14.143.3.20}{\376\377\0001\0004\000.\0001\0004\0003\000.\0003\000.\0002\0000\000\040\000m\000C\000a\000n\000B\000y\000p\000a\000s\000s}{subsection.14.143.3}% 2816
\BOOKMARK [3][-]{subsubsection.14.143.3.21}{\376\377\0001\0004\000.\0001\0004\0003\000.\0003\000.\0002\0001\000\040\000m\000M\000a\000n\000u\000f\000a\000c\000t\000u\000r\000e\000r\000I\000D}{subsection.14.143.3}% 2817
\BOOKMARK [3][-]{subsubsection.14.143.3.22}{\376\377\0001\0004\000.\0001\0004\0003\000.\0003\000.\0002\0002\000\040\000m\000P\000r\000o\000d\000u\000c\000t\000I\000D}{subsection.14.143.3}% 2818
\BOOKMARK [3][-]{subsubsection.14.143.3.23}{\376\377\0001\0004\000.\0001\0004\0003\000.\0003\000.\0002\0003\000\040\000m\000P\000l\000u\000g\000i\000n\000I\000D}{subsection.14.143.3}% 2819
\BOOKMARK [3][-]{subsubsection.14.143.3.24}{\376\377\0001\0004\000.\0001\0004\0003\000.\0003\000.\0002\0004\000\040\000m\000A\000u\000d\000i\000o\000s\000u\000i\000t\000e\000I\000D}{subsection.14.143.3}% 2820
\BOOKMARK [3][-]{subsubsection.14.143.3.25}{\376\377\0001\0004\000.\0001\0004\0003\000.\0003\000.\0002\0005\000\040\000m\000M\000u\000l\000t\000i\000M\000o\000n\000o\000S\000u\000p\000p\000o\000r\000t}{subsection.14.143.3}% 2821
\BOOKMARK [1][-]{section.14.144}{\376\377\0001\0004\000.\0001\0004\0004\000\040\000A\000A\000X\000\137\000S\000P\000l\000u\000g\000I\000n\000C\000h\000u\000n\000k\000\040\000S\000t\000r\000u\000c\000t\000\040\000R\000e\000f\000e\000r\000e\000n\000c\000e}{chapter.14}% 2822
\BOOKMARK [2][-]{subsection.14.144.1}{\376\377\0001\0004\000.\0001\0004\0004\000.\0001\000\040\000D\000e\000s\000c\000r\000i\000p\000t\000i\000o\000n}{section.14.144}% 2823
\BOOKMARK [2][-]{subsection.14.144.2}{\376\377\0001\0004\000.\0001\0004\0004\000.\0002\000\040\000M\000e\000m\000b\000e\000r\000\040\000D\000a\000t\000a\000\040\000D\000o\000c\000u\000m\000e\000n\000t\000a\000t\000i\000o\000n}{section.14.144}% 2824
\BOOKMARK [3][-]{subsubsection.14.144.2.1}{\376\377\0001\0004\000.\0001\0004\0004\000.\0002\000.\0001\000\040\000f\000S\000i\000z\000e}{subsection.14.144.2}% 2825
\BOOKMARK [3][-]{subsubsection.14.144.2.2}{\376\377\0001\0004\000.\0001\0004\0004\000.\0002\000.\0002\000\040\000f\000V\000e\000r\000s\000i\000o\000n}{subsection.14.144.2}% 2826
\BOOKMARK [3][-]{subsubsection.14.144.2.3}{\376\377\0001\0004\000.\0001\0004\0004\000.\0002\000.\0003\000\040\000f\000M\000a\000n\000u\000f\000a\000c\000t\000u\000r\000e\000r\000I\000D}{subsection.14.144.2}% 2827
\BOOKMARK [3][-]{subsubsection.14.144.2.4}{\376\377\0001\0004\000.\0001\0004\0004\000.\0002\000.\0004\000\040\000f\000P\000r\000o\000d\000u\000c\000t\000I\000D}{subsection.14.144.2}% 2828
\BOOKMARK [3][-]{subsubsection.14.144.2.5}{\376\377\0001\0004\000.\0001\0004\0004\000.\0002\000.\0005\000\040\000f\000P\000l\000u\000g\000I\000n\000I\000D}{subsection.14.144.2}% 2829
\BOOKMARK [3][-]{subsubsection.14.144.2.6}{\376\377\0001\0004\000.\0001\0004\0004\000.\0002\000.\0006\000\040\000f\000C\000h\000u\000n\000k\000I\000D}{subsection.14.144.2}% 2830
\BOOKMARK [3][-]{subsubsection.14.144.2.7}{\376\377\0001\0004\000.\0001\0004\0004\000.\0002\000.\0007\000\040\000f\000N\000a\000m\000e}{subsection.14.144.2}% 2831
\BOOKMARK [3][-]{subsubsection.14.144.2.8}{\376\377\0001\0004\000.\0001\0004\0004\000.\0002\000.\0008\000\040\000f\000D\000a\000t\000a}{subsection.14.144.2}% 2832
\BOOKMARK [1][-]{section.14.145}{\376\377\0001\0004\000.\0001\0004\0005\000\040\000A\000A\000X\000\137\000S\000P\000l\000u\000g\000I\000n\000C\000h\000u\000n\000k\000H\000e\000a\000d\000e\000r\000\040\000S\000t\000r\000u\000c\000t\000\040\000R\000e\000f\000e\000r\000e\000n\000c\000e}{chapter.14}% 2833
\BOOKMARK [2][-]{subsection.14.145.1}{\376\377\0001\0004\000.\0001\0004\0005\000.\0001\000\040\000D\000e\000s\000c\000r\000i\000p\000t\000i\000o\000n}{section.14.145}% 2834
\BOOKMARK [2][-]{subsection.14.145.2}{\376\377\0001\0004\000.\0001\0004\0005\000.\0002\000\040\000M\000e\000m\000b\000e\000r\000\040\000D\000a\000t\000a\000\040\000D\000o\000c\000u\000m\000e\000n\000t\000a\000t\000i\000o\000n}{section.14.145}% 2835
\BOOKMARK [3][-]{subsubsection.14.145.2.1}{\376\377\0001\0004\000.\0001\0004\0005\000.\0002\000.\0001\000\040\000f\000S\000i\000z\000e}{subsection.14.145.2}% 2836
\BOOKMARK [3][-]{subsubsection.14.145.2.2}{\376\377\0001\0004\000.\0001\0004\0005\000.\0002\000.\0002\000\040\000f\000V\000e\000r\000s\000i\000o\000n}{subsection.14.145.2}% 2837
\BOOKMARK [3][-]{subsubsection.14.145.2.3}{\376\377\0001\0004\000.\0001\0004\0005\000.\0002\000.\0003\000\040\000f\000M\000a\000n\000u\000f\000a\000c\000t\000u\000r\000e\000r\000I\000D}{subsection.14.145.2}% 2838
\BOOKMARK [3][-]{subsubsection.14.145.2.4}{\376\377\0001\0004\000.\0001\0004\0005\000.\0002\000.\0004\000\040\000f\000P\000r\000o\000d\000u\000c\000t\000I\000D}{subsection.14.145.2}% 2839
\BOOKMARK [3][-]{subsubsection.14.145.2.5}{\376\377\0001\0004\000.\0001\0004\0005\000.\0002\000.\0005\000\040\000f\000P\000l\000u\000g\000I\000n\000I\000D}{subsection.14.145.2}% 2840
\BOOKMARK [3][-]{subsubsection.14.145.2.6}{\376\377\0001\0004\000.\0001\0004\0005\000.\0002\000.\0006\000\040\000f\000C\000h\000u\000n\000k\000I\000D}{subsection.14.145.2}% 2841
\BOOKMARK [3][-]{subsubsection.14.145.2.7}{\376\377\0001\0004\000.\0001\0004\0005\000.\0002\000.\0007\000\040\000f\000N\000a\000m\000e}{subsection.14.145.2}% 2842
\BOOKMARK [1][-]{section.14.146}{\376\377\0001\0004\000.\0001\0004\0006\000\040\000A\000A\000X\000\137\000S\000P\000l\000u\000g\000I\000n\000I\000d\000e\000n\000t\000i\000f\000i\000e\000r\000T\000r\000i\000a\000d\000\040\000S\000t\000r\000u\000c\000t\000\040\000R\000e\000f\000e\000r\000e\000n\000c\000e}{chapter.14}% 2843
\BOOKMARK [2][-]{subsection.14.146.1}{\376\377\0001\0004\000.\0001\0004\0006\000.\0001\000\040\000D\000e\000s\000c\000r\000i\000p\000t\000i\000o\000n}{section.14.146}% 2844
\BOOKMARK [2][-]{subsection.14.146.2}{\376\377\0001\0004\000.\0001\0004\0006\000.\0002\000\040\000M\000e\000m\000b\000e\000r\000\040\000D\000a\000t\000a\000\040\000D\000o\000c\000u\000m\000e\000n\000t\000a\000t\000i\000o\000n}{section.14.146}% 2845
\BOOKMARK [3][-]{subsubsection.14.146.2.1}{\376\377\0001\0004\000.\0001\0004\0006\000.\0002\000.\0001\000\040\000m\000M\000a\000n\000u\000f\000a\000c\000t\000u\000r\000e\000r\000I\000D}{subsection.14.146.2}% 2846
\BOOKMARK [3][-]{subsubsection.14.146.2.2}{\376\377\0001\0004\000.\0001\0004\0006\000.\0002\000.\0002\000\040\000m\000P\000r\000o\000d\000u\000c\000t\000I\000D}{subsection.14.146.2}% 2847
\BOOKMARK [3][-]{subsubsection.14.146.2.3}{\376\377\0001\0004\000.\0001\0004\0006\000.\0002\000.\0003\000\040\000m\000P\000l\000u\000g\000I\000n\000I\000D}{subsection.14.146.2}% 2848
\BOOKMARK [1][-]{section.14.147}{\376\377\0001\0004\000.\0001\0004\0007\000\040\000A\000A\000X\000\137\000S\000t\000L\000o\000c\000k\000\137\000G\000u\000a\000r\000d\000\040\000C\000l\000a\000s\000s\000\040\000R\000e\000f\000e\000r\000e\000n\000c\000e}{chapter.14}% 2849
\BOOKMARK [2][-]{subsection.14.147.1}{\376\377\0001\0004\000.\0001\0004\0007\000.\0001\000\040\000D\000e\000s\000c\000r\000i\000p\000t\000i\000o\000n}{section.14.147}% 2850
\BOOKMARK [2][-]{subsection.14.147.2}{\376\377\0001\0004\000.\0001\0004\0007\000.\0002\000\040\000C\000o\000n\000s\000t\000r\000u\000c\000t\000o\000r\000\040\000\046\000\040\000D\000e\000s\000t\000r\000u\000c\000t\000o\000r\000\040\000D\000o\000c\000u\000m\000e\000n\000t\000a\000t\000i\000o\000n}{section.14.147}% 2851
\BOOKMARK [3][-]{subsubsection.14.147.2.1}{\376\377\0001\0004\000.\0001\0004\0007\000.\0002\000.\0001\000\040\000A\000A\000X\000\137\000S\000t\000L\000o\000c\000k\000\137\000G\000u\000a\000r\000d\000\050\000\051}{subsection.14.147.2}% 2852
\BOOKMARK [3][-]{subsubsection.14.147.2.2}{\376\377\0001\0004\000.\0001\0004\0007\000.\0002\000.\0002\000\040\000\040\000A\000A\000X\000\137\000S\000t\000L\000o\000c\000k\000\137\000G\000u\000a\000r\000d\000\050\000\051}{subsection.14.147.2}% 2853
\BOOKMARK [1][-]{section.14.148}{\376\377\0001\0004\000.\0001\0004\0008\000\040\000A\000A\000X\000\137\000T\000r\000a\000n\000s\000p\000o\000r\000t\000S\000t\000a\000t\000e\000I\000n\000f\000o\000\137\000V\0001\000\040\000S\000t\000r\000u\000c\000t\000\040\000R\000e\000f\000e\000r\000e\000n\000c\000e}{chapter.14}% 2854
\BOOKMARK [2][-]{subsection.14.148.1}{\376\377\0001\0004\000.\0001\0004\0008\000.\0001\000\040\000D\000e\000s\000c\000r\000i\000p\000t\000i\000o\000n}{section.14.148}% 2855
\BOOKMARK [2][-]{subsection.14.148.2}{\376\377\0001\0004\000.\0001\0004\0008\000.\0002\000\040\000C\000o\000n\000s\000t\000r\000u\000c\000t\000o\000r\000\040\000\046\000\040\000D\000e\000s\000t\000r\000u\000c\000t\000o\000r\000\040\000D\000o\000c\000u\000m\000e\000n\000t\000a\000t\000i\000o\000n}{section.14.148}% 2856
\BOOKMARK [3][-]{subsubsection.14.148.2.1}{\376\377\0001\0004\000.\0001\0004\0008\000.\0002\000.\0001\000\040\000A\000A\000X\000\137\000T\000r\000a\000n\000s\000p\000o\000r\000t\000S\000t\000a\000t\000e\000I\000n\000f\000o\000\137\000V\0001\000\050\000\051}{subsection.14.148.2}% 2857
\BOOKMARK [2][-]{subsection.14.148.3}{\376\377\0001\0004\000.\0001\0004\0008\000.\0003\000\040\000M\000e\000m\000b\000e\000r\000\040\000F\000u\000n\000c\000t\000i\000o\000n\000\040\000D\000o\000c\000u\000m\000e\000n\000t\000a\000t\000i\000o\000n}{section.14.148}% 2858
\BOOKMARK [3][-]{subsubsection.14.148.3.1}{\376\377\0001\0004\000.\0001\0004\0008\000.\0003\000.\0001\000\040\000T\000o\000S\000t\000r\000i\000n\000g\000\050\000\051}{subsection.14.148.3}% 2859
\BOOKMARK [2][-]{subsection.14.148.4}{\376\377\0001\0004\000.\0001\0004\0008\000.\0004\000\040\000M\000e\000m\000b\000e\000r\000\040\000D\000a\000t\000a\000\040\000D\000o\000c\000u\000m\000e\000n\000t\000a\000t\000i\000o\000n}{section.14.148}% 2860
\BOOKMARK [3][-]{subsubsection.14.148.4.1}{\376\377\0001\0004\000.\0001\0004\0008\000.\0004\000.\0001\000\040\000m\000T\000r\000a\000n\000s\000p\000o\000r\000t\000S\000t\000a\000t\000e}{subsection.14.148.4}% 2861
\BOOKMARK [3][-]{subsubsection.14.148.4.2}{\376\377\0001\0004\000.\0001\0004\0008\000.\0004\000.\0002\000\040\000m\000R\000e\000c\000o\000r\000d\000M\000o\000d\000e}{subsection.14.148.4}% 2862
\BOOKMARK [3][-]{subsubsection.14.148.4.3}{\376\377\0001\0004\000.\0001\0004\0008\000.\0004\000.\0003\000\040\000m\000I\000s\000R\000e\000c\000o\000r\000d\000E\000n\000a\000b\000l\000e\000d}{subsection.14.148.4}% 2863
\BOOKMARK [3][-]{subsubsection.14.148.4.4}{\376\377\0001\0004\000.\0001\0004\0008\000.\0004\000.\0004\000\040\000m\000I\000s\000R\000e\000c\000o\000r\000d\000i\000n\000g}{subsection.14.148.4}% 2864
\BOOKMARK [3][-]{subsubsection.14.148.4.5}{\376\377\0001\0004\000.\0001\0004\0008\000.\0004\000.\0005\000\040\000m\000I\000s\000L\000o\000o\000p\000E\000n\000a\000b\000l\000e\000d}{subsection.14.148.4}% 2865
\BOOKMARK [1][-]{section.14.149}{\376\377\0001\0004\000.\0001\0004\0009\000\040\000A\000A\000X\000\137\000V\000A\000u\000t\000o\000m\000a\000t\000i\000o\000n\000D\000e\000l\000e\000g\000a\000t\000e\000\040\000C\000l\000a\000s\000s\000\040\000R\000e\000f\000e\000r\000e\000n\000c\000e}{chapter.14}% 2866
\BOOKMARK [2][-]{subsection.14.149.1}{\376\377\0001\0004\000.\0001\0004\0009\000.\0001\000\040\000D\000e\000s\000c\000r\000i\000p\000t\000i\000o\000n}{section.14.149}% 2867
\BOOKMARK [2][-]{subsection.14.149.2}{\376\377\0001\0004\000.\0001\0004\0009\000.\0002\000\040\000C\000o\000n\000s\000t\000r\000u\000c\000t\000o\000r\000\040\000\046\000\040\000D\000e\000s\000t\000r\000u\000c\000t\000o\000r\000\040\000D\000o\000c\000u\000m\000e\000n\000t\000a\000t\000i\000o\000n}{section.14.149}% 2868
\BOOKMARK [3][-]{subsubsection.14.149.2.1}{\376\377\0001\0004\000.\0001\0004\0009\000.\0002\000.\0001\000\040\000A\000A\000X\000\137\000V\000A\000u\000t\000o\000m\000a\000t\000i\000o\000n\000D\000e\000l\000e\000g\000a\000t\000e\000\050\000\051}{subsection.14.149.2}% 2869
\BOOKMARK [3][-]{subsubsection.14.149.2.2}{\376\377\0001\0004\000.\0001\0004\0009\000.\0002\000.\0002\000\040\000\040\000A\000A\000X\000\137\000V\000A\000u\000t\000o\000m\000a\000t\000i\000o\000n\000D\000e\000l\000e\000g\000a\000t\000e\000\050\000\051}{subsection.14.149.2}% 2870
\BOOKMARK [2][-]{subsection.14.149.3}{\376\377\0001\0004\000.\0001\0004\0009\000.\0003\000\040\000M\000e\000m\000b\000e\000r\000\040\000F\000u\000n\000c\000t\000i\000o\000n\000\040\000D\000o\000c\000u\000m\000e\000n\000t\000a\000t\000i\000o\000n}{section.14.149}% 2871
\BOOKMARK [3][-]{subsubsection.14.149.3.1}{\376\377\0001\0004\000.\0001\0004\0009\000.\0003\000.\0001\000\040\000G\000e\000t\000U\000n\000k\000n\000o\000w\000n\000\050\000\051}{subsection.14.149.3}% 2872
\BOOKMARK [3][-]{subsubsection.14.149.3.2}{\376\377\0001\0004\000.\0001\0004\0009\000.\0003\000.\0002\000\040\000R\000e\000g\000i\000s\000t\000e\000r\000P\000a\000r\000a\000m\000e\000t\000e\000r\000\050\000\051}{subsection.14.149.3}% 2873
\BOOKMARK [3][-]{subsubsection.14.149.3.3}{\376\377\0001\0004\000.\0001\0004\0009\000.\0003\000.\0003\000\040\000U\000n\000r\000e\000g\000i\000s\000t\000e\000r\000P\000a\000r\000a\000m\000e\000t\000e\000r\000\050\000\051}{subsection.14.149.3}% 2874
\BOOKMARK [3][-]{subsubsection.14.149.3.4}{\376\377\0001\0004\000.\0001\0004\0009\000.\0003\000.\0004\000\040\000P\000o\000s\000t\000S\000e\000t\000V\000a\000l\000u\000e\000R\000e\000q\000u\000e\000s\000t\000\050\000\051}{subsection.14.149.3}% 2875
\BOOKMARK [3][-]{subsubsection.14.149.3.5}{\376\377\0001\0004\000.\0001\0004\0009\000.\0003\000.\0005\000\040\000P\000o\000s\000t\000C\000u\000r\000r\000e\000n\000t\000V\000a\000l\000u\000e\000\050\000\051}{subsection.14.149.3}% 2876
\BOOKMARK [3][-]{subsubsection.14.149.3.6}{\376\377\0001\0004\000.\0001\0004\0009\000.\0003\000.\0006\000\040\000P\000o\000s\000t\000T\000o\000u\000c\000h\000R\000e\000q\000u\000e\000s\000t\000\050\000\051}{subsection.14.149.3}% 2877
\BOOKMARK [3][-]{subsubsection.14.149.3.7}{\376\377\0001\0004\000.\0001\0004\0009\000.\0003\000.\0007\000\040\000P\000o\000s\000t\000R\000e\000l\000e\000a\000s\000e\000R\000e\000q\000u\000e\000s\000t\000\050\000\051}{subsection.14.149.3}% 2878
\BOOKMARK [3][-]{subsubsection.14.149.3.8}{\376\377\0001\0004\000.\0001\0004\0009\000.\0003\000.\0008\000\040\000G\000e\000t\000T\000o\000u\000c\000h\000S\000t\000a\000t\000e\000\050\000\051}{subsection.14.149.3}% 2879
\BOOKMARK [3][-]{subsubsection.14.149.3.9}{\376\377\0001\0004\000.\0001\0004\0009\000.\0003\000.\0009\000\040\000P\000a\000r\000a\000m\000e\000t\000e\000r\000N\000a\000m\000e\000C\000h\000a\000n\000g\000e\000d\000\050\000\051}{subsection.14.149.3}% 2880
\BOOKMARK [1][-]{section.14.150}{\376\377\0001\0004\000.\0001\0005\0000\000\040\000A\000A\000X\000\137\000V\000C\000o\000l\000l\000e\000c\000t\000i\000o\000n\000\040\000C\000l\000a\000s\000s\000\040\000R\000e\000f\000e\000r\000e\000n\000c\000e}{chapter.14}% 2881
\BOOKMARK [2][-]{subsection.14.150.1}{\376\377\0001\0004\000.\0001\0005\0000\000.\0001\000\040\000D\000e\000s\000c\000r\000i\000p\000t\000i\000o\000n}{section.14.150}% 2882
\BOOKMARK [2][-]{subsection.14.150.2}{\376\377\0001\0004\000.\0001\0005\0000\000.\0002\000\040\000C\000o\000n\000s\000t\000r\000u\000c\000t\000o\000r\000\040\000\046\000\040\000D\000e\000s\000t\000r\000u\000c\000t\000o\000r\000\040\000D\000o\000c\000u\000m\000e\000n\000t\000a\000t\000i\000o\000n}{section.14.150}% 2883
\BOOKMARK [3][-]{subsubsection.14.150.2.1}{\376\377\0001\0004\000.\0001\0005\0000\000.\0002\000.\0001\000\040\000A\000A\000X\000\137\000V\000C\000o\000l\000l\000e\000c\000t\000i\000o\000n\000\050\000\051}{subsection.14.150.2}% 2884
\BOOKMARK [3][-]{subsubsection.14.150.2.2}{\376\377\0001\0004\000.\0001\0005\0000\000.\0002\000.\0002\000\040\000\040\000A\000A\000X\000\137\000V\000C\000o\000l\000l\000e\000c\000t\000i\000o\000n\000\050\000\051}{subsection.14.150.2}% 2885
\BOOKMARK [2][-]{subsection.14.150.3}{\376\377\0001\0004\000.\0001\0005\0000\000.\0003\000\040\000M\000e\000m\000b\000e\000r\000\040\000F\000u\000n\000c\000t\000i\000o\000n\000\040\000D\000o\000c\000u\000m\000e\000n\000t\000a\000t\000i\000o\000n}{section.14.150}% 2886
\BOOKMARK [3][-]{subsubsection.14.150.3.1}{\376\377\0001\0004\000.\0001\0005\0000\000.\0003\000.\0001\000\040\000N\000e\000w\000D\000e\000s\000c\000r\000i\000p\000t\000o\000r\000\050\000\051}{subsection.14.150.3}% 2887
\BOOKMARK [3][-]{subsubsection.14.150.3.2}{\376\377\0001\0004\000.\0001\0005\0000\000.\0003\000.\0002\000\040\000A\000d\000d\000E\000f\000f\000e\000c\000t\000\050\000\051}{subsection.14.150.3}% 2888
\BOOKMARK [3][-]{subsubsection.14.150.3.3}{\376\377\0001\0004\000.\0001\0005\0000\000.\0003\000.\0003\000\040\000S\000e\000t\000M\000a\000n\000u\000f\000a\000c\000t\000u\000r\000e\000r\000N\000a\000m\000e\000\050\000\051}{subsection.14.150.3}% 2889
\BOOKMARK [3][-]{subsubsection.14.150.3.4}{\376\377\0001\0004\000.\0001\0005\0000\000.\0003\000.\0004\000\040\000A\000d\000d\000P\000a\000c\000k\000a\000g\000e\000N\000a\000m\000e\000\050\000\051}{subsection.14.150.3}% 2890
\BOOKMARK [3][-]{subsubsection.14.150.3.5}{\376\377\0001\0004\000.\0001\0005\0000\000.\0003\000.\0005\000\040\000S\000e\000t\000P\000a\000c\000k\000a\000g\000e\000V\000e\000r\000s\000i\000o\000n\000\050\000\051}{subsection.14.150.3}% 2891
\BOOKMARK [3][-]{subsubsection.14.150.3.6}{\376\377\0001\0004\000.\0001\0005\0000\000.\0003\000.\0006\000\040\000N\000e\000w\000P\000r\000o\000p\000e\000r\000t\000y\000M\000a\000p\000\050\000\051}{subsection.14.150.3}% 2892
\BOOKMARK [3][-]{subsubsection.14.150.3.7}{\376\377\0001\0004\000.\0001\0005\0000\000.\0003\000.\0007\000\040\000S\000e\000t\000P\000r\000o\000p\000e\000r\000t\000i\000e\000s\000\050\000\051}{subsection.14.150.3}% 2893
\BOOKMARK [3][-]{subsubsection.14.150.3.8}{\376\377\0001\0004\000.\0001\0005\0000\000.\0003\000.\0008\000\040\000G\000e\000t\000H\000o\000s\000t\000V\000e\000r\000s\000i\000o\000n\000\050\000\051}{subsection.14.150.3}% 2894
\BOOKMARK [3][-]{subsubsection.14.150.3.9}{\376\377\0001\0004\000.\0001\0005\0000\000.\0003\000.\0009\000\040\000D\000e\000s\000c\000r\000i\000p\000t\000i\000o\000n\000H\000o\000s\000t\000\050\000\051\000\040\000[\0001\000/\0002\000]}{subsection.14.150.3}% 2895
\BOOKMARK [3][-]{subsubsection.14.150.3.10}{\376\377\0001\0004\000.\0001\0005\0000\000.\0003\000.\0001\0000\000\040\000D\000e\000s\000c\000r\000i\000p\000t\000i\000o\000n\000H\000o\000s\000t\000\050\000\051\000\040\000[\0002\000/\0002\000]}{subsection.14.150.3}% 2896
\BOOKMARK [3][-]{subsubsection.14.150.3.11}{\376\377\0001\0004\000.\0001\0005\0000\000.\0003\000.\0001\0001\000\040\000H\000o\000s\000t\000D\000e\000f\000i\000n\000i\000t\000i\000o\000n\000\050\000\051}{subsection.14.150.3}% 2897
\BOOKMARK [3][-]{subsubsection.14.150.3.12}{\376\377\0001\0004\000.\0001\0005\0000\000.\0003\000.\0001\0002\000\040\000G\000e\000t\000I\000U\000n\000k\000n\000o\000w\000n\000\050\000\051}{subsection.14.150.3}% 2898
\BOOKMARK [1][-]{section.14.151}{\376\377\0001\0004\000.\0001\0005\0001\000\040\000A\000A\000X\000\137\000V\000C\000o\000m\000p\000o\000n\000e\000n\000t\000D\000e\000s\000c\000r\000i\000p\000t\000o\000r\000\040\000C\000l\000a\000s\000s\000\040\000R\000e\000f\000e\000r\000e\000n\000c\000e}{chapter.14}% 2899
\BOOKMARK [2][-]{subsection.14.151.1}{\376\377\0001\0004\000.\0001\0005\0001\000.\0001\000\040\000D\000e\000s\000c\000r\000i\000p\000t\000i\000o\000n}{section.14.151}% 2900
\BOOKMARK [2][-]{subsection.14.151.2}{\376\377\0001\0004\000.\0001\0005\0001\000.\0002\000\040\000C\000o\000n\000s\000t\000r\000u\000c\000t\000o\000r\000\040\000\046\000\040\000D\000e\000s\000t\000r\000u\000c\000t\000o\000r\000\040\000D\000o\000c\000u\000m\000e\000n\000t\000a\000t\000i\000o\000n}{section.14.151}% 2901
\BOOKMARK [3][-]{subsubsection.14.151.2.1}{\376\377\0001\0004\000.\0001\0005\0001\000.\0002\000.\0001\000\040\000A\000A\000X\000\137\000V\000C\000o\000m\000p\000o\000n\000e\000n\000t\000D\000e\000s\000c\000r\000i\000p\000t\000o\000r\000\050\000\051}{subsection.14.151.2}% 2902
\BOOKMARK [3][-]{subsubsection.14.151.2.2}{\376\377\0001\0004\000.\0001\0005\0001\000.\0002\000.\0002\000\040\000\040\000A\000A\000X\000\137\000V\000C\000o\000m\000p\000o\000n\000e\000n\000t\000D\000e\000s\000c\000r\000i\000p\000t\000o\000r\000\050\000\051}{subsection.14.151.2}% 2903
\BOOKMARK [2][-]{subsection.14.151.3}{\376\377\0001\0004\000.\0001\0005\0001\000.\0003\000\040\000M\000e\000m\000b\000e\000r\000\040\000F\000u\000n\000c\000t\000i\000o\000n\000\040\000D\000o\000c\000u\000m\000e\000n\000t\000a\000t\000i\000o\000n}{section.14.151}% 2904
\BOOKMARK [3][-]{subsubsection.14.151.3.1}{\376\377\0001\0004\000.\0001\0005\0001\000.\0003\000.\0001\000\040\000C\000l\000e\000a\000r\000\050\000\051}{subsection.14.151.3}% 2905
\BOOKMARK [3][-]{subsubsection.14.151.3.2}{\376\377\0001\0004\000.\0001\0005\0001\000.\0003\000.\0002\000\040\000A\000d\000d\000R\000e\000s\000e\000r\000v\000e\000d\000F\000i\000e\000l\000d\000\050\000\051}{subsection.14.151.3}% 2906
\BOOKMARK [3][-]{subsubsection.14.151.3.3}{\376\377\0001\0004\000.\0001\0005\0001\000.\0003\000.\0003\000\040\000A\000d\000d\000A\000u\000d\000i\000o\000I\000n\000\050\000\051}{subsection.14.151.3}% 2907
\BOOKMARK [3][-]{subsubsection.14.151.3.4}{\376\377\0001\0004\000.\0001\0005\0001\000.\0003\000.\0004\000\040\000A\000d\000d\000A\000u\000d\000i\000o\000O\000u\000t\000\050\000\051}{subsection.14.151.3}% 2908
\BOOKMARK [3][-]{subsubsection.14.151.3.5}{\376\377\0001\0004\000.\0001\0005\0001\000.\0003\000.\0005\000\040\000A\000d\000d\000A\000u\000d\000i\000o\000B\000u\000f\000f\000e\000r\000L\000e\000n\000g\000t\000h\000\050\000\051}{subsection.14.151.3}% 2909
\BOOKMARK [3][-]{subsubsection.14.151.3.6}{\376\377\0001\0004\000.\0001\0005\0001\000.\0003\000.\0006\000\040\000A\000d\000d\000S\000a\000m\000p\000l\000e\000R\000a\000t\000e\000\050\000\051}{subsection.14.151.3}% 2910
\BOOKMARK [3][-]{subsubsection.14.151.3.7}{\376\377\0001\0004\000.\0001\0005\0001\000.\0003\000.\0007\000\040\000A\000d\000d\000C\000l\000o\000c\000k\000\050\000\051}{subsection.14.151.3}% 2911
\BOOKMARK [3][-]{subsubsection.14.151.3.8}{\376\377\0001\0004\000.\0001\0005\0001\000.\0003\000.\0008\000\040\000A\000d\000d\000S\000i\000d\000e\000C\000h\000a\000i\000n\000I\000n\000\050\000\051}{subsection.14.151.3}% 2912
\BOOKMARK [3][-]{subsubsection.14.151.3.9}{\376\377\0001\0004\000.\0001\0005\0001\000.\0003\000.\0009\000\040\000A\000d\000d\000D\000a\000t\000a\000I\000n\000P\000o\000r\000t\000\050\000\051}{subsection.14.151.3}% 2913
\BOOKMARK [3][-]{subsubsection.14.151.3.10}{\376\377\0001\0004\000.\0001\0005\0001\000.\0003\000.\0001\0000\000\040\000A\000d\000d\000A\000u\000x\000O\000u\000t\000p\000u\000t\000S\000t\000e\000m\000\050\000\051}{subsection.14.151.3}% 2914
\BOOKMARK [3][-]{subsubsection.14.151.3.11}{\376\377\0001\0004\000.\0001\0005\0001\000.\0003\000.\0001\0001\000\040\000A\000d\000d\000P\000r\000i\000v\000a\000t\000e\000D\000a\000t\000a\000\050\000\051}{subsection.14.151.3}% 2915
\BOOKMARK [3][-]{subsubsection.14.151.3.12}{\376\377\0001\0004\000.\0001\0005\0001\000.\0003\000.\0001\0002\000\040\000A\000d\000d\000T\000e\000m\000p\000o\000r\000a\000r\000y\000D\000a\000t\000a\000\050\000\051}{subsection.14.151.3}% 2916
\BOOKMARK [3][-]{subsubsection.14.151.3.13}{\376\377\0001\0004\000.\0001\0005\0001\000.\0003\000.\0001\0003\000\040\000A\000d\000d\000D\000m\000a\000I\000n\000s\000t\000a\000n\000c\000e\000\050\000\051}{subsection.14.151.3}% 2917
\BOOKMARK [3][-]{subsubsection.14.151.3.14}{\376\377\0001\0004\000.\0001\0005\0001\000.\0003\000.\0001\0004\000\040\000A\000d\000d\000M\000e\000t\000e\000r\000s\000\050\000\051}{subsection.14.151.3}% 2918
\BOOKMARK [3][-]{subsubsection.14.151.3.15}{\376\377\0001\0004\000.\0001\0005\0001\000.\0003\000.\0001\0005\000\040\000A\000d\000d\000M\000I\000D\000I\000N\000o\000d\000e\000\050\000\051}{subsection.14.151.3}% 2919
\BOOKMARK [3][-]{subsubsection.14.151.3.16}{\376\377\0001\0004\000.\0001\0005\0001\000.\0003\000.\0001\0006\000\040\000N\000e\000w\000P\000r\000o\000p\000e\000r\000t\000y\000M\000a\000p\000\050\000\051}{subsection.14.151.3}% 2920
\BOOKMARK [3][-]{subsubsection.14.151.3.17}{\376\377\0001\0004\000.\0001\0005\0001\000.\0003\000.\0001\0007\000\040\000D\000u\000p\000l\000i\000c\000a\000t\000e\000P\000r\000o\000p\000e\000r\000t\000y\000M\000a\000p\000\050\000\051}{subsection.14.151.3}% 2921
\BOOKMARK [3][-]{subsubsection.14.151.3.18}{\376\377\0001\0004\000.\0001\0005\0001\000.\0003\000.\0001\0008\000\040\000A\000d\000d\000P\000r\000o\000c\000e\000s\000s\000P\000r\000o\000c\000\137\000N\000a\000t\000i\000v\000e\000\050\000\051}{subsection.14.151.3}% 2922
\BOOKMARK [3][-]{subsubsection.14.151.3.19}{\376\377\0001\0004\000.\0001\0005\0001\000.\0003\000.\0001\0009\000\040\000A\000d\000d\000P\000r\000o\000c\000e\000s\000s\000P\000r\000o\000c\000\137\000T\000I\000\050\000\051}{subsection.14.151.3}% 2923
\BOOKMARK [3][-]{subsubsection.14.151.3.20}{\376\377\0001\0004\000.\0001\0005\0001\000.\0003\000.\0002\0000\000\040\000A\000d\000d\000P\000r\000o\000c\000e\000s\000s\000P\000r\000o\000c\000\050\000\051}{subsection.14.151.3}% 2924
\BOOKMARK [3][-]{subsubsection.14.151.3.21}{\376\377\0001\0004\000.\0001\0005\0001\000.\0003\000.\0002\0001\000\040\000G\000e\000t\000I\000U\000n\000k\000n\000o\000w\000n\000\050\000\051}{subsection.14.151.3}% 2925
\BOOKMARK [2][-]{subsection.14.151.4}{\376\377\0001\0004\000.\0001\0005\0001\000.\0004\000\040\000F\000r\000i\000e\000n\000d\000s\000\040\000A\000n\000d\000\040\000R\000e\000l\000a\000t\000e\000d\000\040\000F\000u\000n\000c\000t\000i\000o\000n\000\040\000D\000o\000c\000u\000m\000e\000n\000t\000a\000t\000i\000o\000n}{section.14.151}% 2926
\BOOKMARK [3][-]{subsubsection.14.151.4.1}{\376\377\0001\0004\000.\0001\0005\0001\000.\0004\000.\0001\000\040\000A\000A\000X\000\137\000V\000P\000r\000o\000p\000e\000r\000t\000y\000M\000a\000p}{subsection.14.151.4}% 2927
\BOOKMARK [1][-]{section.14.152}{\376\377\0001\0004\000.\0001\0005\0002\000\040\000A\000A\000X\000\137\000V\000C\000o\000n\000t\000r\000o\000l\000l\000e\000r\000\040\000C\000l\000a\000s\000s\000\040\000R\000e\000f\000e\000r\000e\000n\000c\000e}{chapter.14}% 2928
\BOOKMARK [2][-]{subsection.14.152.1}{\376\377\0001\0004\000.\0001\0005\0002\000.\0001\000\040\000D\000e\000s\000c\000r\000i\000p\000t\000i\000o\000n}{section.14.152}% 2929
\BOOKMARK [2][-]{subsection.14.152.2}{\376\377\0001\0004\000.\0001\0005\0002\000.\0002\000\040\000C\000o\000n\000s\000t\000r\000u\000c\000t\000o\000r\000\040\000\046\000\040\000D\000e\000s\000t\000r\000u\000c\000t\000o\000r\000\040\000D\000o\000c\000u\000m\000e\000n\000t\000a\000t\000i\000o\000n}{section.14.152}% 2930
\BOOKMARK [3][-]{subsubsection.14.152.2.1}{\376\377\0001\0004\000.\0001\0005\0002\000.\0002\000.\0001\000\040\000A\000A\000X\000\137\000V\000C\000o\000n\000t\000r\000o\000l\000l\000e\000r\000\050\000\051}{subsection.14.152.2}% 2931
\BOOKMARK [3][-]{subsubsection.14.152.2.2}{\376\377\0001\0004\000.\0001\0005\0002\000.\0002\000.\0002\000\040\000\040\000A\000A\000X\000\137\000V\000C\000o\000n\000t\000r\000o\000l\000l\000e\000r\000\050\000\051}{subsection.14.152.2}% 2932
\BOOKMARK [2][-]{subsection.14.152.3}{\376\377\0001\0004\000.\0001\0005\0002\000.\0003\000\040\000M\000e\000m\000b\000e\000r\000\040\000F\000u\000n\000c\000t\000i\000o\000n\000\040\000D\000o\000c\000u\000m\000e\000n\000t\000a\000t\000i\000o\000n}{section.14.152}% 2933
\BOOKMARK [3][-]{subsubsection.14.152.3.1}{\376\377\0001\0004\000.\0001\0005\0002\000.\0003\000.\0001\000\040\000G\000e\000t\000E\000f\000f\000e\000c\000t\000I\000D\000\050\000\051}{subsection.14.152.3}% 2934
\BOOKMARK [3][-]{subsubsection.14.152.3.2}{\376\377\0001\0004\000.\0001\0005\0002\000.\0003\000.\0002\000\040\000G\000e\000t\000S\000a\000m\000p\000l\000e\000R\000a\000t\000e\000\050\000\051}{subsection.14.152.3}% 2935
\BOOKMARK [3][-]{subsubsection.14.152.3.3}{\376\377\0001\0004\000.\0001\0005\0002\000.\0003\000.\0003\000\040\000G\000e\000t\000I\000n\000p\000u\000t\000S\000t\000e\000m\000F\000o\000r\000m\000a\000t\000\050\000\051}{subsection.14.152.3}% 2936
\BOOKMARK [3][-]{subsubsection.14.152.3.4}{\376\377\0001\0004\000.\0001\0005\0002\000.\0003\000.\0004\000\040\000G\000e\000t\000O\000u\000t\000p\000u\000t\000S\000t\000e\000m\000F\000o\000r\000m\000a\000t\000\050\000\051}{subsection.14.152.3}% 2937
\BOOKMARK [3][-]{subsubsection.14.152.3.5}{\376\377\0001\0004\000.\0001\0005\0002\000.\0003\000.\0005\000\040\000G\000e\000t\000S\000i\000g\000n\000a\000l\000L\000a\000t\000e\000n\000c\000y\000\050\000\051}{subsection.14.152.3}% 2938
\BOOKMARK [3][-]{subsubsection.14.152.3.6}{\376\377\0001\0004\000.\0001\0005\0002\000.\0003\000.\0006\000\040\000G\000e\000t\000H\000y\000b\000r\000i\000d\000S\000i\000g\000n\000a\000l\000L\000a\000t\000e\000n\000c\000y\000\050\000\051}{subsection.14.152.3}% 2939
\BOOKMARK [3][-]{subsubsection.14.152.3.7}{\376\377\0001\0004\000.\0001\0005\0002\000.\0003\000.\0007\000\040\000G\000e\000t\000P\000l\000u\000g\000I\000n\000T\000a\000r\000g\000e\000t\000P\000l\000a\000t\000f\000o\000r\000m\000\050\000\051}{subsection.14.152.3}% 2940
\BOOKMARK [3][-]{subsubsection.14.152.3.8}{\376\377\0001\0004\000.\0001\0005\0002\000.\0003\000.\0008\000\040\000G\000e\000t\000I\000s\000A\000u\000d\000i\000o\000S\000u\000i\000t\000e\000\050\000\051}{subsection.14.152.3}% 2941
\BOOKMARK [3][-]{subsubsection.14.152.3.9}{\376\377\0001\0004\000.\0001\0005\0002\000.\0003\000.\0009\000\040\000G\000e\000t\000C\000y\000c\000l\000e\000C\000o\000u\000n\000t\000\050\000\051}{subsection.14.152.3}% 2942
\BOOKMARK [3][-]{subsubsection.14.152.3.10}{\376\377\0001\0004\000.\0001\0005\0002\000.\0003\000.\0001\0000\000\040\000G\000e\000t\000T\000O\000D\000L\000o\000c\000a\000t\000i\000o\000n\000\050\000\051}{subsection.14.152.3}% 2943
\BOOKMARK [3][-]{subsubsection.14.152.3.11}{\376\377\0001\0004\000.\0001\0005\0002\000.\0003\000.\0001\0001\000\040\000G\000e\000t\000C\000u\000r\000r\000e\000n\000t\000A\000u\000t\000o\000m\000a\000t\000i\000o\000n\000T\000i\000m\000e\000s\000t\000a\000m\000p\000\050\000\051}{subsection.14.152.3}% 2944
\BOOKMARK [3][-]{subsubsection.14.152.3.12}{\376\377\0001\0004\000.\0001\0005\0002\000.\0003\000.\0001\0002\000\040\000G\000e\000t\000H\000o\000s\000t\000N\000a\000m\000e\000\050\000\051}{subsection.14.152.3}% 2945
\BOOKMARK [3][-]{subsubsection.14.152.3.13}{\376\377\0001\0004\000.\0001\0005\0002\000.\0003\000.\0001\0003\000\040\000S\000e\000t\000S\000i\000g\000n\000a\000l\000L\000a\000t\000e\000n\000c\000y\000\050\000\051}{subsection.14.152.3}% 2946
\BOOKMARK [3][-]{subsubsection.14.152.3.14}{\376\377\0001\0004\000.\0001\0005\0002\000.\0003\000.\0001\0004\000\040\000S\000e\000t\000C\000y\000c\000l\000e\000C\000o\000u\000n\000t\000\050\000\051}{subsection.14.152.3}% 2947
\BOOKMARK [3][-]{subsubsection.14.152.3.15}{\376\377\0001\0004\000.\0001\0005\0002\000.\0003\000.\0001\0005\000\040\000P\000o\000s\000t\000P\000a\000c\000k\000e\000t\000\050\000\051}{subsection.14.152.3}% 2948
\BOOKMARK [3][-]{subsubsection.14.152.3.16}{\376\377\0001\0004\000.\0001\0005\0002\000.\0003\000.\0001\0006\000\040\000S\000e\000n\000d\000N\000o\000t\000i\000f\000i\000c\000a\000t\000i\000o\000n\000\050\000\051\000\040\000[\0001\000/\0002\000]}{subsection.14.152.3}% 2949
\BOOKMARK [3][-]{subsubsection.14.152.3.17}{\376\377\0001\0004\000.\0001\0005\0002\000.\0003\000.\0001\0007\000\040\000S\000e\000n\000d\000N\000o\000t\000i\000f\000i\000c\000a\000t\000i\000o\000n\000\050\000\051\000\040\000[\0002\000/\0002\000]}{subsection.14.152.3}% 2950
\BOOKMARK [3][-]{subsubsection.14.152.3.18}{\376\377\0001\0004\000.\0001\0005\0002\000.\0003\000.\0001\0008\000\040\000G\000e\000t\000C\000u\000r\000r\000e\000n\000t\000M\000e\000t\000e\000r\000V\000a\000l\000u\000e\000\050\000\051}{subsection.14.152.3}% 2951
\BOOKMARK [3][-]{subsubsection.14.152.3.19}{\376\377\0001\0004\000.\0001\0005\0002\000.\0003\000.\0001\0009\000\040\000G\000e\000t\000M\000e\000t\000e\000r\000P\000e\000a\000k\000V\000a\000l\000u\000e\000\050\000\051}{subsection.14.152.3}% 2952
\BOOKMARK [3][-]{subsubsection.14.152.3.20}{\376\377\0001\0004\000.\0001\0005\0002\000.\0003\000.\0002\0000\000\040\000C\000l\000e\000a\000r\000M\000e\000t\000e\000r\000P\000e\000a\000k\000V\000a\000l\000u\000e\000\050\000\051}{subsection.14.152.3}% 2953
\BOOKMARK [3][-]{subsubsection.14.152.3.21}{\376\377\0001\0004\000.\0001\0005\0002\000.\0003\000.\0002\0001\000\040\000G\000e\000t\000M\000e\000t\000e\000r\000C\000l\000i\000p\000p\000e\000d\000\050\000\051}{subsection.14.152.3}% 2954
\BOOKMARK [3][-]{subsubsection.14.152.3.22}{\376\377\0001\0004\000.\0001\0005\0002\000.\0003\000.\0002\0002\000\040\000C\000l\000e\000a\000r\000M\000e\000t\000e\000r\000C\000l\000i\000p\000p\000e\000d\000\050\000\051}{subsection.14.152.3}% 2955
\BOOKMARK [3][-]{subsubsection.14.152.3.23}{\376\377\0001\0004\000.\0001\0005\0002\000.\0003\000.\0002\0003\000\040\000G\000e\000t\000M\000e\000t\000e\000r\000C\000o\000u\000n\000t\000\050\000\051}{subsection.14.152.3}% 2956
\BOOKMARK [3][-]{subsubsection.14.152.3.24}{\376\377\0001\0004\000.\0001\0005\0002\000.\0003\000.\0002\0004\000\040\000G\000e\000t\000N\000e\000x\000t\000M\000I\000D\000I\000P\000a\000c\000k\000e\000t\000\050\000\051}{subsection.14.152.3}% 2957
\BOOKMARK [3][-]{subsubsection.14.152.3.25}{\376\377\0001\0004\000.\0001\0005\0002\000.\0003\000.\0002\0005\000\040\000C\000r\000e\000a\000t\000e\000T\000a\000b\000l\000e\000C\000o\000p\000y\000F\000o\000r\000E\000f\000f\000e\000c\000t\000\050\000\051}{subsection.14.152.3}% 2958
\BOOKMARK [3][-]{subsubsection.14.152.3.26}{\376\377\0001\0004\000.\0001\0005\0002\000.\0003\000.\0002\0006\000\040\000C\000r\000e\000a\000t\000e\000T\000a\000b\000l\000e\000C\000o\000p\000y\000F\000o\000r\000L\000a\000y\000o\000u\000t\000\050\000\051}{subsection.14.152.3}% 2959
\BOOKMARK [3][-]{subsubsection.14.152.3.27}{\376\377\0001\0004\000.\0001\0005\0002\000.\0003\000.\0002\0007\000\040\000C\000r\000e\000a\000t\000e\000T\000a\000b\000l\000e\000C\000o\000p\000y\000F\000o\000r\000E\000f\000f\000e\000c\000t\000F\000r\000o\000m\000F\000i\000l\000e\000\050\000\051}{subsection.14.152.3}% 2960
\BOOKMARK [3][-]{subsubsection.14.152.3.28}{\376\377\0001\0004\000.\0001\0005\0002\000.\0003\000.\0002\0008\000\040\000C\000r\000e\000a\000t\000e\000T\000a\000b\000l\000e\000C\000o\000p\000y\000F\000o\000r\000L\000a\000y\000o\000u\000t\000F\000r\000o\000m\000F\000i\000l\000e\000\050\000\051}{subsection.14.152.3}% 2961
\BOOKMARK [1][-]{section.14.153}{\376\377\0001\0004\000.\0001\0005\0003\000\040\000A\000A\000X\000\137\000V\000D\000a\000t\000a\000B\000u\000f\000f\000e\000r\000W\000r\000a\000p\000p\000e\000r\000\040\000C\000l\000a\000s\000s\000\040\000R\000e\000f\000e\000r\000e\000n\000c\000e}{chapter.14}% 2962
\BOOKMARK [2][-]{subsection.14.153.1}{\376\377\0001\0004\000.\0001\0005\0003\000.\0001\000\040\000D\000e\000s\000c\000r\000i\000p\000t\000i\000o\000n}{section.14.153}% 2963
\BOOKMARK [2][-]{subsection.14.153.2}{\376\377\0001\0004\000.\0001\0005\0003\000.\0002\000\040\000C\000o\000n\000s\000t\000r\000u\000c\000t\000o\000r\000\040\000\046\000\040\000D\000e\000s\000t\000r\000u\000c\000t\000o\000r\000\040\000D\000o\000c\000u\000m\000e\000n\000t\000a\000t\000i\000o\000n}{section.14.153}% 2964
\BOOKMARK [3][-]{subsubsection.14.153.2.1}{\376\377\0001\0004\000.\0001\0005\0003\000.\0002\000.\0001\000\040\000A\000A\000X\000\137\000V\000D\000a\000t\000a\000B\000u\000f\000f\000e\000r\000W\000r\000a\000p\000p\000e\000r\000\050\000\051}{subsection.14.153.2}% 2965
\BOOKMARK [3][-]{subsubsection.14.153.2.2}{\376\377\0001\0004\000.\0001\0005\0003\000.\0002\000.\0002\000\040\000\040\000A\000A\000X\000\137\000V\000D\000a\000t\000a\000B\000u\000f\000f\000e\000r\000W\000r\000a\000p\000p\000e\000r\000\050\000\051}{subsection.14.153.2}% 2966
\BOOKMARK [2][-]{subsection.14.153.3}{\376\377\0001\0004\000.\0001\0005\0003\000.\0003\000\040\000M\000e\000m\000b\000e\000r\000\040\000F\000u\000n\000c\000t\000i\000o\000n\000\040\000D\000o\000c\000u\000m\000e\000n\000t\000a\000t\000i\000o\000n}{section.14.153}% 2967
\BOOKMARK [3][-]{subsubsection.14.153.3.1}{\376\377\0001\0004\000.\0001\0005\0003\000.\0003\000.\0001\000\040\000T\000y\000p\000e\000\050\000\051}{subsection.14.153.3}% 2968
\BOOKMARK [3][-]{subsubsection.14.153.3.2}{\376\377\0001\0004\000.\0001\0005\0003\000.\0003\000.\0002\000\040\000S\000i\000z\000e\000\050\000\051}{subsection.14.153.3}% 2969
\BOOKMARK [3][-]{subsubsection.14.153.3.3}{\376\377\0001\0004\000.\0001\0005\0003\000.\0003\000.\0003\000\040\000D\000a\000t\000a\000\050\000\051}{subsection.14.153.3}% 2970
\BOOKMARK [1][-]{section.14.154}{\376\377\0001\0004\000.\0001\0005\0004\000\040\000A\000A\000X\000\137\000V\000D\000e\000s\000c\000r\000i\000p\000t\000i\000o\000n\000H\000o\000s\000t\000\040\000C\000l\000a\000s\000s\000\040\000R\000e\000f\000e\000r\000e\000n\000c\000e}{chapter.14}% 2971
\BOOKMARK [2][-]{subsection.14.154.1}{\376\377\0001\0004\000.\0001\0005\0004\000.\0001\000\040\000D\000e\000s\000c\000r\000i\000p\000t\000i\000o\000n}{section.14.154}% 2972
\BOOKMARK [2][-]{subsection.14.154.2}{\376\377\0001\0004\000.\0001\0005\0004\000.\0002\000\040\000C\000o\000n\000s\000t\000r\000u\000c\000t\000o\000r\000\040\000\046\000\040\000D\000e\000s\000t\000r\000u\000c\000t\000o\000r\000\040\000D\000o\000c\000u\000m\000e\000n\000t\000a\000t\000i\000o\000n}{section.14.154}% 2973
\BOOKMARK [3][-]{subsubsection.14.154.2.1}{\376\377\0001\0004\000.\0001\0005\0004\000.\0002\000.\0001\000\040\000A\000A\000X\000\137\000V\000D\000e\000s\000c\000r\000i\000p\000t\000i\000o\000n\000H\000o\000s\000t\000\050\000\051}{subsection.14.154.2}% 2974
\BOOKMARK [3][-]{subsubsection.14.154.2.2}{\376\377\0001\0004\000.\0001\0005\0004\000.\0002\000.\0002\000\040\000\040\000A\000A\000X\000\137\000V\000D\000e\000s\000c\000r\000i\000p\000t\000i\000o\000n\000H\000o\000s\000t\000\050\000\051}{subsection.14.154.2}% 2975
\BOOKMARK [2][-]{subsection.14.154.3}{\376\377\0001\0004\000.\0001\0005\0004\000.\0003\000\040\000M\000e\000m\000b\000e\000r\000\040\000F\000u\000n\000c\000t\000i\000o\000n\000\040\000D\000o\000c\000u\000m\000e\000n\000t\000a\000t\000i\000o\000n}{section.14.154}% 2976
\BOOKMARK [3][-]{subsubsection.14.154.3.1}{\376\377\0001\0004\000.\0001\0005\0004\000.\0003\000.\0001\000\040\000A\000c\000q\000u\000i\000r\000e\000F\000e\000a\000t\000u\000r\000e\000P\000r\000o\000p\000e\000r\000t\000i\000e\000s\000\050\000\051}{subsection.14.154.3}% 2977
\BOOKMARK [3][-]{subsubsection.14.154.3.2}{\376\377\0001\0004\000.\0001\0005\0004\000.\0003\000.\0002\000\040\000S\000u\000p\000p\000o\000r\000t\000e\000d\000\050\000\051}{subsection.14.154.3}% 2978
\BOOKMARK [3][-]{subsubsection.14.154.3.3}{\376\377\0001\0004\000.\0001\0005\0004\000.\0003\000.\0003\000\040\000D\000e\000s\000c\000r\000i\000p\000t\000i\000o\000n\000H\000o\000s\000t\000\050\000\051\000\040\000[\0001\000/\0002\000]}{subsection.14.154.3}% 2979
\BOOKMARK [3][-]{subsubsection.14.154.3.4}{\376\377\0001\0004\000.\0001\0005\0004\000.\0003\000.\0004\000\040\000D\000e\000s\000c\000r\000i\000p\000t\000i\000o\000n\000H\000o\000s\000t\000\050\000\051\000\040\000[\0002\000/\0002\000]}{subsection.14.154.3}% 2980
\BOOKMARK [3][-]{subsubsection.14.154.3.5}{\376\377\0001\0004\000.\0001\0005\0004\000.\0003\000.\0005\000\040\000H\000o\000s\000t\000D\000e\000f\000i\000n\000i\000t\000i\000o\000n\000\050\000\051}{subsection.14.154.3}% 2981
\BOOKMARK [1][-]{section.14.155}{\376\377\0001\0004\000.\0001\0005\0005\000\040\000A\000A\000X\000\137\000V\000E\000f\000f\000e\000c\000t\000D\000e\000s\000c\000r\000i\000p\000t\000o\000r\000\040\000C\000l\000a\000s\000s\000\040\000R\000e\000f\000e\000r\000e\000n\000c\000e}{chapter.14}% 2982
\BOOKMARK [2][-]{subsection.14.155.1}{\376\377\0001\0004\000.\0001\0005\0005\000.\0001\000\040\000D\000e\000s\000c\000r\000i\000p\000t\000i\000o\000n}{section.14.155}% 2983
\BOOKMARK [2][-]{subsection.14.155.2}{\376\377\0001\0004\000.\0001\0005\0005\000.\0002\000\040\000C\000o\000n\000s\000t\000r\000u\000c\000t\000o\000r\000\040\000\046\000\040\000D\000e\000s\000t\000r\000u\000c\000t\000o\000r\000\040\000D\000o\000c\000u\000m\000e\000n\000t\000a\000t\000i\000o\000n}{section.14.155}% 2984
\BOOKMARK [3][-]{subsubsection.14.155.2.1}{\376\377\0001\0004\000.\0001\0005\0005\000.\0002\000.\0001\000\040\000A\000A\000X\000\137\000V\000E\000f\000f\000e\000c\000t\000D\000e\000s\000c\000r\000i\000p\000t\000o\000r\000\050\000\051}{subsection.14.155.2}% 2985
\BOOKMARK [3][-]{subsubsection.14.155.2.2}{\376\377\0001\0004\000.\0001\0005\0005\000.\0002\000.\0002\000\040\000\040\000A\000A\000X\000\137\000V\000E\000f\000f\000e\000c\000t\000D\000e\000s\000c\000r\000i\000p\000t\000o\000r\000\050\000\051}{subsection.14.155.2}% 2986
\BOOKMARK [2][-]{subsection.14.155.3}{\376\377\0001\0004\000.\0001\0005\0005\000.\0003\000\040\000M\000e\000m\000b\000e\000r\000\040\000F\000u\000n\000c\000t\000i\000o\000n\000\040\000D\000o\000c\000u\000m\000e\000n\000t\000a\000t\000i\000o\000n}{section.14.155}% 2987
\BOOKMARK [3][-]{subsubsection.14.155.3.1}{\376\377\0001\0004\000.\0001\0005\0005\000.\0003\000.\0001\000\040\000N\000e\000w\000C\000o\000m\000p\000o\000n\000e\000n\000t\000D\000e\000s\000c\000r\000i\000p\000t\000o\000r\000\050\000\051}{subsection.14.155.3}% 2988
\BOOKMARK [3][-]{subsubsection.14.155.3.2}{\376\377\0001\0004\000.\0001\0005\0005\000.\0003\000.\0002\000\040\000A\000d\000d\000C\000o\000m\000p\000o\000n\000e\000n\000t\000\050\000\051}{subsection.14.155.3}% 2989
\BOOKMARK [3][-]{subsubsection.14.155.3.3}{\376\377\0001\0004\000.\0001\0005\0005\000.\0003\000.\0003\000\040\000A\000d\000d\000N\000a\000m\000e\000\050\000\051}{subsection.14.155.3}% 2990
\BOOKMARK [3][-]{subsubsection.14.155.3.4}{\376\377\0001\0004\000.\0001\0005\0005\000.\0003\000.\0004\000\040\000A\000d\000d\000C\000a\000t\000e\000g\000o\000r\000y\000\050\000\051}{subsection.14.155.3}% 2991
\BOOKMARK [3][-]{subsubsection.14.155.3.5}{\376\377\0001\0004\000.\0001\0005\0005\000.\0003\000.\0005\000\040\000A\000d\000d\000C\000a\000t\000e\000g\000o\000r\000y\000B\000y\000p\000a\000s\000s\000P\000a\000r\000a\000m\000e\000t\000e\000r\000\050\000\051}{subsection.14.155.3}% 2992
\BOOKMARK [3][-]{subsubsection.14.155.3.6}{\376\377\0001\0004\000.\0001\0005\0005\000.\0003\000.\0006\000\040\000A\000d\000d\000P\000r\000o\000c\000P\000t\000r\000\050\000\051}{subsection.14.155.3}% 2993
\BOOKMARK [3][-]{subsubsection.14.155.3.7}{\376\377\0001\0004\000.\0001\0005\0005\000.\0003\000.\0007\000\040\000N\000e\000w\000P\000r\000o\000p\000e\000r\000t\000y\000M\000a\000p\000\050\000\051}{subsection.14.155.3}% 2994
\BOOKMARK [3][-]{subsubsection.14.155.3.8}{\376\377\0001\0004\000.\0001\0005\0005\000.\0003\000.\0008\000\040\000S\000e\000t\000P\000r\000o\000p\000e\000r\000t\000i\000e\000s\000\050\000\051}{subsection.14.155.3}% 2995
\BOOKMARK [3][-]{subsubsection.14.155.3.9}{\376\377\0001\0004\000.\0001\0005\0005\000.\0003\000.\0009\000\040\000A\000d\000d\000R\000e\000s\000o\000u\000r\000c\000e\000I\000n\000f\000o\000\050\000\051}{subsection.14.155.3}% 2996
\BOOKMARK [3][-]{subsubsection.14.155.3.10}{\376\377\0001\0004\000.\0001\0005\0005\000.\0003\000.\0001\0000\000\040\000A\000d\000d\000M\000e\000t\000e\000r\000D\000e\000s\000c\000r\000i\000p\000t\000i\000o\000n\000\050\000\051}{subsection.14.155.3}% 2997
\BOOKMARK [3][-]{subsubsection.14.155.3.11}{\376\377\0001\0004\000.\0001\0005\0005\000.\0003\000.\0001\0001\000\040\000A\000d\000d\000C\000o\000n\000t\000r\000o\000l\000M\000I\000D\000I\000N\000o\000d\000e\000\050\000\051}{subsection.14.155.3}% 2998
\BOOKMARK [3][-]{subsubsection.14.155.3.12}{\376\377\0001\0004\000.\0001\0005\0005\000.\0003\000.\0001\0002\000\040\000G\000e\000t\000I\000U\000n\000k\000n\000o\000w\000n\000\050\000\051}{subsection.14.155.3}% 2999
\BOOKMARK [1][-]{section.14.156}{\376\377\0001\0004\000.\0001\0005\0006\000\040\000A\000A\000X\000\137\000V\000F\000e\000a\000t\000u\000r\000e\000I\000n\000f\000o\000\040\000C\000l\000a\000s\000s\000\040\000R\000e\000f\000e\000r\000e\000n\000c\000e}{chapter.14}% 3000
\BOOKMARK [2][-]{subsection.14.156.1}{\376\377\0001\0004\000.\0001\0005\0006\000.\0001\000\040\000D\000e\000s\000c\000r\000i\000p\000t\000i\000o\000n}{section.14.156}% 3001
\BOOKMARK [2][-]{subsection.14.156.2}{\376\377\0001\0004\000.\0001\0005\0006\000.\0002\000\040\000C\000o\000n\000s\000t\000r\000u\000c\000t\000o\000r\000\040\000\046\000\040\000D\000e\000s\000t\000r\000u\000c\000t\000o\000r\000\040\000D\000o\000c\000u\000m\000e\000n\000t\000a\000t\000i\000o\000n}{section.14.156}% 3002
\BOOKMARK [3][-]{subsubsection.14.156.2.1}{\376\377\0001\0004\000.\0001\0005\0006\000.\0002\000.\0001\000\040\000A\000A\000X\000\137\000V\000F\000e\000a\000t\000u\000r\000e\000I\000n\000f\000o\000\050\000\051}{subsection.14.156.2}% 3003
\BOOKMARK [3][-]{subsubsection.14.156.2.2}{\376\377\0001\0004\000.\0001\0005\0006\000.\0002\000.\0002\000\040\000\040\000A\000A\000X\000\137\000V\000F\000e\000a\000t\000u\000r\000e\000I\000n\000f\000o\000\050\000\051}{subsection.14.156.2}% 3004
\BOOKMARK [2][-]{subsection.14.156.3}{\376\377\0001\0004\000.\0001\0005\0006\000.\0003\000\040\000M\000e\000m\000b\000e\000r\000\040\000F\000u\000n\000c\000t\000i\000o\000n\000\040\000D\000o\000c\000u\000m\000e\000n\000t\000a\000t\000i\000o\000n}{section.14.156}% 3005
\BOOKMARK [3][-]{subsubsection.14.156.3.1}{\376\377\0001\0004\000.\0001\0005\0006\000.\0003\000.\0001\000\040\000S\000u\000p\000p\000o\000r\000t\000L\000e\000v\000e\000l\000\050\000\051}{subsection.14.156.3}% 3006
\BOOKMARK [3][-]{subsubsection.14.156.3.2}{\376\377\0001\0004\000.\0001\0005\0006\000.\0003\000.\0002\000\040\000A\000c\000q\000u\000i\000r\000e\000P\000r\000o\000p\000e\000r\000t\000i\000e\000s\000\050\000\051}{subsection.14.156.3}% 3007
\BOOKMARK [3][-]{subsubsection.14.156.3.3}{\376\377\0001\0004\000.\0001\0005\0006\000.\0003\000.\0003\000\040\000I\000D\000\050\000\051}{subsection.14.156.3}% 3008
\BOOKMARK [1][-]{section.14.157}{\376\377\0001\0004\000.\0001\0005\0007\000\040\000A\000A\000X\000\137\000V\000H\000o\000s\000t\000P\000r\000o\000c\000e\000s\000s\000o\000r\000D\000e\000l\000e\000g\000a\000t\000e\000\040\000C\000l\000a\000s\000s\000\040\000R\000e\000f\000e\000r\000e\000n\000c\000e}{chapter.14}% 3009
\BOOKMARK [2][-]{subsection.14.157.1}{\376\377\0001\0004\000.\0001\0005\0007\000.\0001\000\040\000D\000e\000s\000c\000r\000i\000p\000t\000i\000o\000n}{section.14.157}% 3010
\BOOKMARK [2][-]{subsection.14.157.2}{\376\377\0001\0004\000.\0001\0005\0007\000.\0002\000\040\000C\000o\000n\000s\000t\000r\000u\000c\000t\000o\000r\000\040\000\046\000\040\000D\000e\000s\000t\000r\000u\000c\000t\000o\000r\000\040\000D\000o\000c\000u\000m\000e\000n\000t\000a\000t\000i\000o\000n}{section.14.157}% 3011
\BOOKMARK [3][-]{subsubsection.14.157.2.1}{\376\377\0001\0004\000.\0001\0005\0007\000.\0002\000.\0001\000\040\000A\000A\000X\000\137\000V\000H\000o\000s\000t\000P\000r\000o\000c\000e\000s\000s\000o\000r\000D\000e\000l\000e\000g\000a\000t\000e\000\050\000\051}{subsection.14.157.2}% 3012
\BOOKMARK [2][-]{subsection.14.157.3}{\376\377\0001\0004\000.\0001\0005\0007\000.\0003\000\040\000M\000e\000m\000b\000e\000r\000\040\000F\000u\000n\000c\000t\000i\000o\000n\000\040\000D\000o\000c\000u\000m\000e\000n\000t\000a\000t\000i\000o\000n}{section.14.157}% 3013
\BOOKMARK [3][-]{subsubsection.14.157.3.1}{\376\377\0001\0004\000.\0001\0005\0007\000.\0003\000.\0001\000\040\000G\000e\000t\000A\000u\000d\000i\000o\000\050\000\051}{subsection.14.157.3}% 3014
\BOOKMARK [3][-]{subsubsection.14.157.3.2}{\376\377\0001\0004\000.\0001\0005\0007\000.\0003\000.\0002\000\040\000G\000e\000t\000S\000i\000d\000e\000C\000h\000a\000i\000n\000I\000n\000p\000u\000t\000N\000u\000m\000\050\000\051}{subsection.14.157.3}% 3015
\BOOKMARK [3][-]{subsubsection.14.157.3.3}{\376\377\0001\0004\000.\0001\0005\0007\000.\0003\000.\0003\000\040\000F\000o\000r\000c\000e\000A\000n\000a\000l\000y\000z\000e\000\050\000\051}{subsection.14.157.3}% 3016
\BOOKMARK [3][-]{subsubsection.14.157.3.4}{\376\377\0001\0004\000.\0001\0005\0007\000.\0003\000.\0004\000\040\000F\000o\000r\000c\000e\000P\000r\000o\000c\000e\000s\000s\000\050\000\051}{subsection.14.157.3}% 3017
\BOOKMARK [1][-]{section.14.158}{\376\377\0001\0004\000.\0001\0005\0008\000\040\000A\000A\000X\000\137\000V\000H\000o\000s\000t\000S\000e\000r\000v\000i\000c\000e\000s\000\040\000C\000l\000a\000s\000s\000\040\000R\000e\000f\000e\000r\000e\000n\000c\000e}{chapter.14}% 3018
\BOOKMARK [2][-]{subsection.14.158.1}{\376\377\0001\0004\000.\0001\0005\0008\000.\0001\000\040\000D\000e\000s\000c\000r\000i\000p\000t\000i\000o\000n}{section.14.158}% 3019
\BOOKMARK [2][-]{subsection.14.158.2}{\376\377\0001\0004\000.\0001\0005\0008\000.\0002\000\040\000C\000o\000n\000s\000t\000r\000u\000c\000t\000o\000r\000\040\000\046\000\040\000D\000e\000s\000t\000r\000u\000c\000t\000o\000r\000\040\000D\000o\000c\000u\000m\000e\000n\000t\000a\000t\000i\000o\000n}{section.14.158}% 3020
\BOOKMARK [3][-]{subsubsection.14.158.2.1}{\376\377\0001\0004\000.\0001\0005\0008\000.\0002\000.\0001\000\040\000A\000A\000X\000\137\000V\000H\000o\000s\000t\000S\000e\000r\000v\000i\000c\000e\000s\000\050\000\051}{subsection.14.158.2}% 3021
\BOOKMARK [3][-]{subsubsection.14.158.2.2}{\376\377\0001\0004\000.\0001\0005\0008\000.\0002\000.\0002\000\040\000\040\000A\000A\000X\000\137\000V\000H\000o\000s\000t\000S\000e\000r\000v\000i\000c\000e\000s\000\050\000\051}{subsection.14.158.2}% 3022
\BOOKMARK [2][-]{subsection.14.158.3}{\376\377\0001\0004\000.\0001\0005\0008\000.\0003\000\040\000M\000e\000m\000b\000e\000r\000\040\000F\000u\000n\000c\000t\000i\000o\000n\000\040\000D\000o\000c\000u\000m\000e\000n\000t\000a\000t\000i\000o\000n}{section.14.158}% 3023
\BOOKMARK [3][-]{subsubsection.14.158.3.1}{\376\377\0001\0004\000.\0001\0005\0008\000.\0003\000.\0001\000\040\000H\000a\000n\000d\000l\000e\000A\000s\000s\000e\000r\000t\000F\000a\000i\000l\000u\000r\000e\000\050\000\051}{subsection.14.158.3}% 3024
\BOOKMARK [3][-]{subsubsection.14.158.3.2}{\376\377\0001\0004\000.\0001\0005\0008\000.\0003\000.\0002\000\040\000T\000r\000a\000c\000e\000\050\000\051}{subsection.14.158.3}% 3025
\BOOKMARK [3][-]{subsubsection.14.158.3.3}{\376\377\0001\0004\000.\0001\0005\0008\000.\0003\000.\0003\000\040\000S\000t\000a\000c\000k\000T\000r\000a\000c\000e\000\050\000\051}{subsection.14.158.3}% 3026
\BOOKMARK [1][-]{section.14.159}{\376\377\0001\0004\000.\0001\0005\0009\000\040\000A\000A\000X\000\137\000V\000H\000o\000s\000t\000T\000a\000s\000k\000A\000g\000e\000n\000t\000\040\000C\000l\000a\000s\000s\000\040\000R\000e\000f\000e\000r\000e\000n\000c\000e}{chapter.14}% 3027
\BOOKMARK [2][-]{subsection.14.159.1}{\376\377\0001\0004\000.\0001\0005\0009\000.\0001\000\040\000C\000o\000n\000s\000t\000r\000u\000c\000t\000o\000r\000\040\000\046\000\040\000D\000e\000s\000t\000r\000u\000c\000t\000o\000r\000\040\000D\000o\000c\000u\000m\000e\000n\000t\000a\000t\000i\000o\000n}{section.14.159}% 3028
\BOOKMARK [3][-]{subsubsection.14.159.1.1}{\376\377\0001\0004\000.\0001\0005\0009\000.\0001\000.\0001\000\040\000A\000A\000X\000\137\000V\000H\000o\000s\000t\000T\000a\000s\000k\000A\000g\000e\000n\000t\000\050\000\051}{subsection.14.159.1}% 3029
\BOOKMARK [3][-]{subsubsection.14.159.1.2}{\376\377\0001\0004\000.\0001\0005\0009\000.\0001\000.\0002\000\040\000\040\000A\000A\000X\000\137\000V\000H\000o\000s\000t\000T\000a\000s\000k\000A\000g\000e\000n\000t\000\050\000\051}{subsection.14.159.1}% 3030
\BOOKMARK [2][-]{subsection.14.159.2}{\376\377\0001\0004\000.\0001\0005\0009\000.\0002\000\040\000M\000e\000m\000b\000e\000r\000\040\000F\000u\000n\000c\000t\000i\000o\000n\000\040\000D\000o\000c\000u\000m\000e\000n\000t\000a\000t\000i\000o\000n}{section.14.159}% 3031
\BOOKMARK [3][-]{subsubsection.14.159.2.1}{\376\377\0001\0004\000.\0001\0005\0009\000.\0002\000.\0001\000\040\000I\000n\000i\000t\000i\000a\000l\000i\000z\000e\000\050\000\051}{subsection.14.159.2}% 3032
\BOOKMARK [3][-]{subsubsection.14.159.2.2}{\376\377\0001\0004\000.\0001\0005\0009\000.\0002\000.\0002\000\040\000U\000n\000i\000n\000i\000t\000i\000a\000l\000i\000z\000e\000\050\000\051}{subsection.14.159.2}% 3033
\BOOKMARK [3][-]{subsubsection.14.159.2.3}{\376\377\0001\0004\000.\0001\0005\0009\000.\0002\000.\0003\000\040\000A\000d\000d\000T\000a\000s\000k\000\050\000\051}{subsection.14.159.2}% 3034
\BOOKMARK [3][-]{subsubsection.14.159.2.4}{\376\377\0001\0004\000.\0001\0005\0009\000.\0002\000.\0004\000\040\000C\000a\000n\000c\000e\000l\000A\000l\000l\000T\000a\000s\000k\000s\000\050\000\051}{subsection.14.159.2}% 3035
\BOOKMARK [1][-]{section.14.160}{\376\377\0001\0004\000.\0001\0006\0000\000\040\000A\000A\000X\000\137\000V\000P\000a\000g\000e\000T\000a\000b\000l\000e\000\040\000C\000l\000a\000s\000s\000\040\000R\000e\000f\000e\000r\000e\000n\000c\000e}{chapter.14}% 3036
\BOOKMARK [2][-]{subsection.14.160.1}{\376\377\0001\0004\000.\0001\0006\0000\000.\0001\000\040\000D\000e\000s\000c\000r\000i\000p\000t\000i\000o\000n}{section.14.160}% 3037
\BOOKMARK [2][-]{subsection.14.160.2}{\376\377\0001\0004\000.\0001\0006\0000\000.\0002\000\040\000C\000o\000n\000s\000t\000r\000u\000c\000t\000o\000r\000\040\000\046\000\040\000D\000e\000s\000t\000r\000u\000c\000t\000o\000r\000\040\000D\000o\000c\000u\000m\000e\000n\000t\000a\000t\000i\000o\000n}{section.14.160}% 3038
\BOOKMARK [3][-]{subsubsection.14.160.2.1}{\376\377\0001\0004\000.\0001\0006\0000\000.\0002\000.\0001\000\040\000A\000A\000X\000\137\000V\000P\000a\000g\000e\000T\000a\000b\000l\000e\000\050\000\051}{subsection.14.160.2}% 3039
\BOOKMARK [3][-]{subsubsection.14.160.2.2}{\376\377\0001\0004\000.\0001\0006\0000\000.\0002\000.\0002\000\040\000\040\000A\000A\000X\000\137\000V\000P\000a\000g\000e\000T\000a\000b\000l\000e\000\050\000\051}{subsection.14.160.2}% 3040
\BOOKMARK [2][-]{subsection.14.160.3}{\376\377\0001\0004\000.\0001\0006\0000\000.\0003\000\040\000M\000e\000m\000b\000e\000r\000\040\000F\000u\000n\000c\000t\000i\000o\000n\000\040\000D\000o\000c\000u\000m\000e\000n\000t\000a\000t\000i\000o\000n}{section.14.160}% 3041
\BOOKMARK [3][-]{subsubsection.14.160.3.1}{\376\377\0001\0004\000.\0001\0006\0000\000.\0003\000.\0001\000\040\000C\000l\000e\000a\000r\000\050\000\051}{subsection.14.160.3}% 3042
\BOOKMARK [3][-]{subsubsection.14.160.3.2}{\376\377\0001\0004\000.\0001\0006\0000\000.\0003\000.\0002\000\040\000E\000m\000p\000t\000y\000\050\000\051}{subsection.14.160.3}% 3043
\BOOKMARK [3][-]{subsubsection.14.160.3.3}{\376\377\0001\0004\000.\0001\0006\0000\000.\0003\000.\0003\000\040\000G\000e\000t\000N\000u\000m\000P\000a\000g\000e\000s\000\050\000\051}{subsection.14.160.3}% 3044
\BOOKMARK [3][-]{subsubsection.14.160.3.4}{\376\377\0001\0004\000.\0001\0006\0000\000.\0003\000.\0004\000\040\000I\000n\000s\000e\000r\000t\000P\000a\000g\000e\000\050\000\051}{subsection.14.160.3}% 3045
\BOOKMARK [3][-]{subsubsection.14.160.3.5}{\376\377\0001\0004\000.\0001\0006\0000\000.\0003\000.\0005\000\040\000R\000e\000m\000o\000v\000e\000P\000a\000g\000e\000\050\000\051}{subsection.14.160.3}% 3046
\BOOKMARK [3][-]{subsubsection.14.160.3.6}{\376\377\0001\0004\000.\0001\0006\0000\000.\0003\000.\0006\000\040\000G\000e\000t\000N\000u\000m\000M\000a\000p\000p\000e\000d\000P\000a\000r\000a\000m\000e\000t\000e\000r\000I\000D\000s\000\050\000\051}{subsection.14.160.3}% 3047
\BOOKMARK [3][-]{subsubsection.14.160.3.7}{\376\377\0001\0004\000.\0001\0006\0000\000.\0003\000.\0007\000\040\000C\000l\000e\000a\000r\000M\000a\000p\000p\000e\000d\000P\000a\000r\000a\000m\000e\000t\000e\000r\000\050\000\051}{subsection.14.160.3}% 3048
\BOOKMARK [3][-]{subsubsection.14.160.3.8}{\376\377\0001\0004\000.\0001\0006\0000\000.\0003\000.\0008\000\040\000G\000e\000t\000M\000a\000p\000p\000e\000d\000P\000a\000r\000a\000m\000e\000t\000e\000r\000I\000D\000\050\000\051}{subsection.14.160.3}% 3049
\BOOKMARK [3][-]{subsubsection.14.160.3.9}{\376\377\0001\0004\000.\0001\0006\0000\000.\0003\000.\0009\000\040\000M\000a\000p\000P\000a\000r\000a\000m\000e\000t\000e\000r\000I\000D\000\050\000\051}{subsection.14.160.3}% 3050
\BOOKMARK [3][-]{subsubsection.14.160.3.10}{\376\377\0001\0004\000.\0001\0006\0000\000.\0003\000.\0001\0000\000\040\000G\000e\000t\000N\000u\000m\000P\000a\000r\000a\000m\000e\000t\000e\000r\000s\000W\000i\000t\000h\000N\000a\000m\000e\000V\000a\000r\000i\000a\000t\000i\000o\000n\000s\000\050\000\051}{subsection.14.160.3}% 3051
\BOOKMARK [3][-]{subsubsection.14.160.3.11}{\376\377\0001\0004\000.\0001\0006\0000\000.\0003\000.\0001\0001\000\040\000G\000e\000t\000N\000a\000m\000e\000V\000a\000r\000i\000a\000t\000i\000o\000n\000P\000a\000r\000a\000m\000e\000t\000e\000r\000I\000D\000A\000t\000I\000n\000d\000e\000x\000\050\000\051}{subsection.14.160.3}% 3052
\BOOKMARK [3][-]{subsubsection.14.160.3.12}{\376\377\0001\0004\000.\0001\0006\0000\000.\0003\000.\0001\0002\000\040\000G\000e\000t\000N\000u\000m\000N\000a\000m\000e\000V\000a\000r\000i\000a\000t\000i\000o\000n\000s\000F\000o\000r\000P\000a\000r\000a\000m\000e\000t\000e\000r\000\050\000\051}{subsection.14.160.3}% 3053
\BOOKMARK [3][-]{subsubsection.14.160.3.13}{\376\377\0001\0004\000.\0001\0006\0000\000.\0003\000.\0001\0003\000\040\000G\000e\000t\000P\000a\000r\000a\000m\000e\000t\000e\000r\000N\000a\000m\000e\000V\000a\000r\000i\000a\000t\000i\000o\000n\000A\000t\000I\000n\000d\000e\000x\000\050\000\051}{subsection.14.160.3}% 3054
\BOOKMARK [3][-]{subsubsection.14.160.3.14}{\376\377\0001\0004\000.\0001\0006\0000\000.\0003\000.\0001\0004\000\040\000G\000e\000t\000P\000a\000r\000a\000m\000e\000t\000e\000r\000N\000a\000m\000e\000V\000a\000r\000i\000a\000t\000i\000o\000n\000O\000f\000L\000e\000n\000g\000t\000h\000\050\000\051}{subsection.14.160.3}% 3055
\BOOKMARK [3][-]{subsubsection.14.160.3.15}{\376\377\0001\0004\000.\0001\0006\0000\000.\0003\000.\0001\0005\000\040\000C\000l\000e\000a\000r\000P\000a\000r\000a\000m\000e\000t\000e\000r\000N\000a\000m\000e\000V\000a\000r\000i\000a\000t\000i\000o\000n\000s\000\050\000\051}{subsection.14.160.3}% 3056
\BOOKMARK [3][-]{subsubsection.14.160.3.16}{\376\377\0001\0004\000.\0001\0006\0000\000.\0003\000.\0001\0006\000\040\000C\000l\000e\000a\000r\000N\000a\000m\000e\000V\000a\000r\000i\000a\000t\000i\000o\000n\000s\000F\000o\000r\000P\000a\000r\000a\000m\000e\000t\000e\000r\000\050\000\051}{subsection.14.160.3}% 3057
\BOOKMARK [3][-]{subsubsection.14.160.3.17}{\376\377\0001\0004\000.\0001\0006\0000\000.\0003\000.\0001\0007\000\040\000S\000e\000t\000P\000a\000r\000a\000m\000e\000t\000e\000r\000N\000a\000m\000e\000V\000a\000r\000i\000a\000t\000i\000o\000n\000\050\000\051}{subsection.14.160.3}% 3058
\BOOKMARK [3][-]{subsubsection.14.160.3.18}{\376\377\0001\0004\000.\0001\0006\0000\000.\0003\000.\0001\0008\000\040\000A\000s\000U\000n\000k\000n\000o\000w\000n\000\050\000\051\000\040\000[\0001\000/\0002\000]}{subsection.14.160.3}% 3059
\BOOKMARK [3][-]{subsubsection.14.160.3.19}{\376\377\0001\0004\000.\0001\0006\0000\000.\0003\000.\0001\0009\000\040\000A\000s\000U\000n\000k\000n\000o\000w\000n\000\050\000\051\000\040\000[\0002\000/\0002\000]}{subsection.14.160.3}% 3060
\BOOKMARK [3][-]{subsubsection.14.160.3.20}{\376\377\0001\0004\000.\0001\0006\0000\000.\0003\000.\0002\0000\000\040\000I\000s\000S\000u\000p\000p\000o\000r\000t\000e\000d\000\050\000\051}{subsection.14.160.3}% 3061
\BOOKMARK [1][-]{section.14.161}{\376\377\0001\0004\000.\0001\0006\0001\000\040\000A\000A\000X\000\137\000V\000P\000r\000i\000v\000a\000t\000e\000D\000a\000t\000a\000A\000c\000c\000e\000s\000s\000\040\000C\000l\000a\000s\000s\000\040\000R\000e\000f\000e\000r\000e\000n\000c\000e}{chapter.14}% 3062
\BOOKMARK [2][-]{subsection.14.161.1}{\376\377\0001\0004\000.\0001\0006\0001\000.\0001\000\040\000D\000e\000s\000c\000r\000i\000p\000t\000i\000o\000n}{section.14.161}% 3063
\BOOKMARK [2][-]{subsection.14.161.2}{\376\377\0001\0004\000.\0001\0006\0001\000.\0002\000\040\000C\000o\000n\000s\000t\000r\000u\000c\000t\000o\000r\000\040\000\046\000\040\000D\000e\000s\000t\000r\000u\000c\000t\000o\000r\000\040\000D\000o\000c\000u\000m\000e\000n\000t\000a\000t\000i\000o\000n}{section.14.161}% 3064
\BOOKMARK [3][-]{subsubsection.14.161.2.1}{\376\377\0001\0004\000.\0001\0006\0001\000.\0002\000.\0001\000\040\000A\000A\000X\000\137\000V\000P\000r\000i\000v\000a\000t\000e\000D\000a\000t\000a\000A\000c\000c\000e\000s\000s\000\050\000\051}{subsection.14.161.2}% 3065
\BOOKMARK [3][-]{subsubsection.14.161.2.2}{\376\377\0001\0004\000.\0001\0006\0001\000.\0002\000.\0002\000\040\000\040\000A\000A\000X\000\137\000V\000P\000r\000i\000v\000a\000t\000e\000D\000a\000t\000a\000A\000c\000c\000e\000s\000s\000\050\000\051}{subsection.14.161.2}% 3066
\BOOKMARK [2][-]{subsection.14.161.3}{\376\377\0001\0004\000.\0001\0006\0001\000.\0003\000\040\000M\000e\000m\000b\000e\000r\000\040\000F\000u\000n\000c\000t\000i\000o\000n\000\040\000D\000o\000c\000u\000m\000e\000n\000t\000a\000t\000i\000o\000n}{section.14.161}% 3067
\BOOKMARK [3][-]{subsubsection.14.161.3.1}{\376\377\0001\0004\000.\0001\0006\0001\000.\0003\000.\0001\000\040\000R\000e\000a\000d\000P\000o\000r\000t\000D\000i\000r\000e\000c\000t\000\050\000\051}{subsection.14.161.3}% 3068
\BOOKMARK [3][-]{subsubsection.14.161.3.2}{\376\377\0001\0004\000.\0001\0006\0001\000.\0003\000.\0002\000\040\000W\000r\000i\000t\000e\000P\000o\000r\000t\000D\000i\000r\000e\000c\000t\000\050\000\051}{subsection.14.161.3}% 3069
\BOOKMARK [1][-]{section.14.162}{\376\377\0001\0004\000.\0001\0006\0002\000\040\000A\000A\000X\000\137\000V\000P\000r\000o\000p\000e\000r\000t\000y\000M\000a\000p\000\040\000C\000l\000a\000s\000s\000\040\000R\000e\000f\000e\000r\000e\000n\000c\000e}{chapter.14}% 3070
\BOOKMARK [2][-]{subsection.14.162.1}{\376\377\0001\0004\000.\0001\0006\0002\000.\0001\000\040\000D\000e\000s\000c\000r\000i\000p\000t\000i\000o\000n}{section.14.162}% 3071
\BOOKMARK [2][-]{subsection.14.162.2}{\376\377\0001\0004\000.\0001\0006\0002\000.\0002\000\040\000C\000o\000n\000s\000t\000r\000u\000c\000t\000o\000r\000\040\000\046\000\040\000D\000e\000s\000t\000r\000u\000c\000t\000o\000r\000\040\000D\000o\000c\000u\000m\000e\000n\000t\000a\000t\000i\000o\000n}{section.14.162}% 3072
\BOOKMARK [3][-]{subsubsection.14.162.2.1}{\376\377\0001\0004\000.\0001\0006\0002\000.\0002\000.\0001\000\040\000\040\000A\000A\000X\000\137\000V\000P\000r\000o\000p\000e\000r\000t\000y\000M\000a\000p\000\050\000\051}{subsection.14.162.2}% 3073
\BOOKMARK [2][-]{subsection.14.162.3}{\376\377\0001\0004\000.\0001\0006\0002\000.\0003\000\040\000M\000e\000m\000b\000e\000r\000\040\000F\000u\000n\000c\000t\000i\000o\000n\000\040\000D\000o\000c\000u\000m\000e\000n\000t\000a\000t\000i\000o\000n}{section.14.162}% 3074
\BOOKMARK [3][-]{subsubsection.14.162.3.1}{\376\377\0001\0004\000.\0001\0006\0002\000.\0003\000.\0001\000\040\000C\000r\000e\000a\000t\000e\000\050\000\051}{subsection.14.162.3}% 3075
\BOOKMARK [3][-]{subsubsection.14.162.3.2}{\376\377\0001\0004\000.\0001\0006\0002\000.\0003\000.\0002\000\040\000A\000c\000q\000u\000i\000r\000e\000\050\000\051}{subsection.14.162.3}% 3076
\BOOKMARK [3][-]{subsubsection.14.162.3.3}{\376\377\0001\0004\000.\0001\0006\0002\000.\0003\000.\0003\000\040\000G\000e\000t\000P\000r\000o\000p\000e\000r\000t\000y\000\050\000\051}{subsection.14.162.3}% 3077
\BOOKMARK [3][-]{subsubsection.14.162.3.4}{\376\377\0001\0004\000.\0001\0006\0002\000.\0003\000.\0004\000\040\000G\000e\000t\000P\000o\000i\000n\000t\000e\000r\000P\000r\000o\000p\000e\000r\000t\000y\000\050\000\051}{subsection.14.162.3}% 3078
\BOOKMARK [3][-]{subsubsection.14.162.3.5}{\376\377\0001\0004\000.\0001\0006\0002\000.\0003\000.\0005\000\040\000A\000d\000d\000P\000r\000o\000p\000e\000r\000t\000y\000\050\000\051}{subsection.14.162.3}% 3079
\BOOKMARK [3][-]{subsubsection.14.162.3.6}{\376\377\0001\0004\000.\0001\0006\0002\000.\0003\000.\0006\000\040\000A\000d\000d\000P\000o\000i\000n\000t\000e\000r\000P\000r\000o\000p\000e\000r\000t\000y\000\050\000\051\000\040\000[\0001\000/\0002\000]}{subsection.14.162.3}% 3080
\BOOKMARK [3][-]{subsubsection.14.162.3.7}{\376\377\0001\0004\000.\0001\0006\0002\000.\0003\000.\0007\000\040\000A\000d\000d\000P\000o\000i\000n\000t\000e\000r\000P\000r\000o\000p\000e\000r\000t\000y\000\050\000\051\000\040\000[\0002\000/\0002\000]}{subsection.14.162.3}% 3081
\BOOKMARK [3][-]{subsubsection.14.162.3.8}{\376\377\0001\0004\000.\0001\0006\0002\000.\0003\000.\0008\000\040\000R\000e\000m\000o\000v\000e\000P\000r\000o\000p\000e\000r\000t\000y\000\050\000\051}{subsection.14.162.3}% 3082
\BOOKMARK [3][-]{subsubsection.14.162.3.9}{\376\377\0001\0004\000.\0001\0006\0002\000.\0003\000.\0009\000\040\000A\000d\000d\000P\000r\000o\000p\000e\000r\000t\000y\000W\000i\000t\000h\000I\000D\000A\000r\000r\000a\000y\000\050\000\051}{subsection.14.162.3}% 3083
\BOOKMARK [3][-]{subsubsection.14.162.3.10}{\376\377\0001\0004\000.\0001\0006\0002\000.\0003\000.\0001\0000\000\040\000G\000e\000t\000P\000r\000o\000p\000e\000r\000t\000y\000W\000i\000t\000h\000I\000D\000A\000r\000r\000a\000y\000\050\000\051}{subsection.14.162.3}% 3084
\BOOKMARK [3][-]{subsubsection.14.162.3.11}{\376\377\0001\0004\000.\0001\0006\0002\000.\0003\000.\0001\0001\000\040\000G\000e\000t\000I\000U\000n\000k\000n\000o\000w\000n\000\050\000\051}{subsection.14.162.3}% 3085
\BOOKMARK [1][-]{section.14.163}{\376\377\0001\0004\000.\0001\0006\0003\000\040\000A\000A\000X\000\137\000V\000S\000e\000s\000s\000i\000o\000n\000D\000o\000c\000u\000m\000e\000n\000t\000\040\000C\000l\000a\000s\000s\000\040\000R\000e\000f\000e\000r\000e\000n\000c\000e}{chapter.14}% 3086
\BOOKMARK [2][-]{subsection.14.163.1}{\376\377\0001\0004\000.\0001\0006\0003\000.\0001\000\040\000C\000o\000n\000s\000t\000r\000u\000c\000t\000o\000r\000\040\000\046\000\040\000D\000e\000s\000t\000r\000u\000c\000t\000o\000r\000\040\000D\000o\000c\000u\000m\000e\000n\000t\000a\000t\000i\000o\000n}{section.14.163}% 3087
\BOOKMARK [3][-]{subsubsection.14.163.1.1}{\376\377\0001\0004\000.\0001\0006\0003\000.\0001\000.\0001\000\040\000A\000A\000X\000\137\000V\000S\000e\000s\000s\000i\000o\000n\000D\000o\000c\000u\000m\000e\000n\000t\000\050\000\051}{subsection.14.163.1}% 3088
\BOOKMARK [3][-]{subsubsection.14.163.1.2}{\376\377\0001\0004\000.\0001\0006\0003\000.\0001\000.\0002\000\040\000\040\000A\000A\000X\000\137\000V\000S\000e\000s\000s\000i\000o\000n\000D\000o\000c\000u\000m\000e\000n\000t\000\050\000\051}{subsection.14.163.1}% 3089
\BOOKMARK [2][-]{subsection.14.163.2}{\376\377\0001\0004\000.\0001\0006\0003\000.\0002\000\040\000M\000e\000m\000b\000e\000r\000\040\000F\000u\000n\000c\000t\000i\000o\000n\000\040\000D\000o\000c\000u\000m\000e\000n\000t\000a\000t\000i\000o\000n}{section.14.163}% 3090
\BOOKMARK [3][-]{subsubsection.14.163.2.1}{\376\377\0001\0004\000.\0001\0006\0003\000.\0002\000.\0001\000\040\000C\000l\000e\000a\000r\000\050\000\051}{subsection.14.163.2}% 3091
\BOOKMARK [3][-]{subsubsection.14.163.2.2}{\376\377\0001\0004\000.\0001\0006\0003\000.\0002\000.\0002\000\040\000V\000a\000l\000i\000d\000\050\000\051}{subsection.14.163.2}% 3092
\BOOKMARK [3][-]{subsubsection.14.163.2.3}{\376\377\0001\0004\000.\0001\0006\0003\000.\0002\000.\0003\000\040\000G\000e\000t\000T\000e\000m\000p\000o\000M\000a\000p\000\050\000\051}{subsection.14.163.2}% 3093
\BOOKMARK [3][-]{subsubsection.14.163.2.4}{\376\377\0001\0004\000.\0001\0006\0003\000.\0002\000.\0004\000\040\000G\000e\000t\000D\000o\000c\000u\000m\000e\000n\000t\000D\000a\000t\000a\000\050\000\051}{subsection.14.163.2}% 3094
\BOOKMARK [1][-]{section.14.164}{\376\377\0001\0004\000.\0001\0006\0004\000\040\000A\000A\000X\000\137\000V\000T\000a\000s\000k\000\040\000C\000l\000a\000s\000s\000\040\000R\000e\000f\000e\000r\000e\000n\000c\000e}{chapter.14}% 3095
\BOOKMARK [2][-]{subsection.14.164.1}{\376\377\0001\0004\000.\0001\0006\0004\000.\0001\000\040\000D\000e\000s\000c\000r\000i\000p\000t\000i\000o\000n}{section.14.164}% 3096
\BOOKMARK [2][-]{subsection.14.164.2}{\376\377\0001\0004\000.\0001\0006\0004\000.\0002\000\040\000C\000o\000n\000s\000t\000r\000u\000c\000t\000o\000r\000\040\000\046\000\040\000D\000e\000s\000t\000r\000u\000c\000t\000o\000r\000\040\000D\000o\000c\000u\000m\000e\000n\000t\000a\000t\000i\000o\000n}{section.14.164}% 3097
\BOOKMARK [3][-]{subsubsection.14.164.2.1}{\376\377\0001\0004\000.\0001\0006\0004\000.\0002\000.\0001\000\040\000A\000A\000X\000\137\000V\000T\000a\000s\000k\000\050\000\051}{subsection.14.164.2}% 3098
\BOOKMARK [3][-]{subsubsection.14.164.2.2}{\376\377\0001\0004\000.\0001\0006\0004\000.\0002\000.\0002\000\040\000\040\000A\000A\000X\000\137\000V\000T\000a\000s\000k\000\050\000\051}{subsection.14.164.2}% 3099
\BOOKMARK [2][-]{subsection.14.164.3}{\376\377\0001\0004\000.\0001\0006\0004\000.\0003\000\040\000M\000e\000m\000b\000e\000r\000\040\000F\000u\000n\000c\000t\000i\000o\000n\000\040\000D\000o\000c\000u\000m\000e\000n\000t\000a\000t\000i\000o\000n}{section.14.164}% 3100
\BOOKMARK [3][-]{subsubsection.14.164.3.1}{\376\377\0001\0004\000.\0001\0006\0004\000.\0003\000.\0001\000\040\000G\000e\000t\000T\000y\000p\000e\000\050\000\051}{subsection.14.164.3}% 3101
\BOOKMARK [3][-]{subsubsection.14.164.3.2}{\376\377\0001\0004\000.\0001\0006\0004\000.\0003\000.\0002\000\040\000G\000e\000t\000A\000r\000g\000u\000m\000e\000n\000t\000O\000f\000T\000y\000p\000e\000\050\000\051}{subsection.14.164.3}% 3102
\BOOKMARK [3][-]{subsubsection.14.164.3.3}{\376\377\0001\0004\000.\0001\0006\0004\000.\0003\000.\0003\000\040\000S\000e\000t\000P\000r\000o\000g\000r\000e\000s\000s\000\050\000\051}{subsection.14.164.3}% 3103
\BOOKMARK [3][-]{subsubsection.14.164.3.4}{\376\377\0001\0004\000.\0001\0006\0004\000.\0003\000.\0004\000\040\000G\000e\000t\000P\000r\000o\000g\000r\000e\000s\000s\000\050\000\051}{subsection.14.164.3}% 3104
\BOOKMARK [3][-]{subsubsection.14.164.3.5}{\376\377\0001\0004\000.\0001\0006\0004\000.\0003\000.\0005\000\040\000A\000d\000d\000R\000e\000s\000u\000l\000t\000\050\000\051}{subsection.14.164.3}% 3105
\BOOKMARK [3][-]{subsubsection.14.164.3.6}{\376\377\0001\0004\000.\0001\0006\0004\000.\0003\000.\0006\000\040\000S\000e\000t\000D\000o\000n\000e\000\050\000\051}{subsection.14.164.3}% 3106
\BOOKMARK [1][-]{section.14.165}{\376\377\0001\0004\000.\0001\0006\0005\000\040\000A\000A\000X\000\137\000V\000T\000r\000a\000n\000s\000p\000o\000r\000t\000\040\000C\000l\000a\000s\000s\000\040\000R\000e\000f\000e\000r\000e\000n\000c\000e}{chapter.14}% 3107
\BOOKMARK [2][-]{subsection.14.165.1}{\376\377\0001\0004\000.\0001\0006\0005\000.\0001\000\040\000D\000e\000s\000c\000r\000i\000p\000t\000i\000o\000n}{section.14.165}% 3108
\BOOKMARK [2][-]{subsection.14.165.2}{\376\377\0001\0004\000.\0001\0006\0005\000.\0002\000\040\000C\000o\000n\000s\000t\000r\000u\000c\000t\000o\000r\000\040\000\046\000\040\000D\000e\000s\000t\000r\000u\000c\000t\000o\000r\000\040\000D\000o\000c\000u\000m\000e\000n\000t\000a\000t\000i\000o\000n}{section.14.165}% 3109
\BOOKMARK [3][-]{subsubsection.14.165.2.1}{\376\377\0001\0004\000.\0001\0006\0005\000.\0002\000.\0001\000\040\000A\000A\000X\000\137\000V\000T\000r\000a\000n\000s\000p\000o\000r\000t\000\050\000\051}{subsection.14.165.2}% 3110
\BOOKMARK [3][-]{subsubsection.14.165.2.2}{\376\377\0001\0004\000.\0001\0006\0005\000.\0002\000.\0002\000\040\000\040\000A\000A\000X\000\137\000V\000T\000r\000a\000n\000s\000p\000o\000r\000t\000\050\000\051}{subsection.14.165.2}% 3111
\BOOKMARK [2][-]{subsection.14.165.3}{\376\377\0001\0004\000.\0001\0006\0005\000.\0003\000\040\000M\000e\000m\000b\000e\000r\000\040\000F\000u\000n\000c\000t\000i\000o\000n\000\040\000D\000o\000c\000u\000m\000e\000n\000t\000a\000t\000i\000o\000n}{section.14.165}% 3112
\BOOKMARK [3][-]{subsubsection.14.165.3.1}{\376\377\0001\0004\000.\0001\0006\0005\000.\0003\000.\0001\000\040\000G\000e\000t\000C\000u\000r\000r\000e\000n\000t\000T\000e\000m\000p\000o\000\050\000\051}{subsection.14.165.3}% 3113
\BOOKMARK [3][-]{subsubsection.14.165.3.2}{\376\377\0001\0004\000.\0001\0006\0005\000.\0003\000.\0002\000\040\000G\000e\000t\000C\000u\000r\000r\000e\000n\000t\000M\000e\000t\000e\000r\000\050\000\051}{subsection.14.165.3}% 3114
\BOOKMARK [3][-]{subsubsection.14.165.3.3}{\376\377\0001\0004\000.\0001\0006\0005\000.\0003\000.\0003\000\040\000I\000s\000T\000r\000a\000n\000s\000p\000o\000r\000t\000P\000l\000a\000y\000i\000n\000g\000\050\000\051}{subsection.14.165.3}% 3115
\BOOKMARK [3][-]{subsubsection.14.165.3.4}{\376\377\0001\0004\000.\0001\0006\0005\000.\0003\000.\0004\000\040\000G\000e\000t\000C\000u\000r\000r\000e\000n\000t\000T\000i\000c\000k\000P\000o\000s\000i\000t\000i\000o\000n\000\050\000\051}{subsection.14.165.3}% 3116
\BOOKMARK [3][-]{subsubsection.14.165.3.5}{\376\377\0001\0004\000.\0001\0006\0005\000.\0003\000.\0005\000\040\000G\000e\000t\000C\000u\000r\000r\000e\000n\000t\000L\000o\000o\000p\000P\000o\000s\000i\000t\000i\000o\000n\000\050\000\051}{subsection.14.165.3}% 3117
\BOOKMARK [3][-]{subsubsection.14.165.3.6}{\376\377\0001\0004\000.\0001\0006\0005\000.\0003\000.\0006\000\040\000G\000e\000t\000C\000u\000r\000r\000e\000n\000t\000N\000a\000t\000i\000v\000e\000S\000a\000m\000p\000l\000e\000L\000o\000c\000a\000t\000i\000o\000n\000\050\000\051}{subsection.14.165.3}% 3118
\BOOKMARK [3][-]{subsubsection.14.165.3.7}{\376\377\0001\0004\000.\0001\0006\0005\000.\0003\000.\0007\000\040\000G\000e\000t\000C\000u\000s\000t\000o\000m\000T\000i\000c\000k\000P\000o\000s\000i\000t\000i\000o\000n\000\050\000\051}{subsection.14.165.3}% 3119
\BOOKMARK [3][-]{subsubsection.14.165.3.8}{\376\377\0001\0004\000.\0001\0006\0005\000.\0003\000.\0008\000\040\000G\000e\000t\000B\000a\000r\000B\000e\000a\000t\000P\000o\000s\000i\000t\000i\000o\000n\000\050\000\051}{subsection.14.165.3}% 3120
\BOOKMARK [3][-]{subsubsection.14.165.3.9}{\376\377\0001\0004\000.\0001\0006\0005\000.\0003\000.\0009\000\040\000G\000e\000t\000T\000i\000c\000k\000s\000P\000e\000r\000Q\000u\000a\000r\000t\000e\000r\000\050\000\051}{subsection.14.165.3}% 3121
\BOOKMARK [3][-]{subsubsection.14.165.3.10}{\376\377\0001\0004\000.\0001\0006\0005\000.\0003\000.\0001\0000\000\040\000G\000e\000t\000C\000u\000r\000r\000e\000n\000t\000T\000i\000c\000k\000s\000P\000e\000r\000B\000e\000a\000t\000\050\000\051}{subsection.14.165.3}% 3122
\BOOKMARK [3][-]{subsubsection.14.165.3.11}{\376\377\0001\0004\000.\0001\0006\0005\000.\0003\000.\0001\0001\000\040\000G\000e\000t\000T\000i\000m\000e\000l\000i\000n\000e\000S\000e\000l\000e\000c\000t\000i\000o\000n\000S\000t\000a\000r\000t\000P\000o\000s\000i\000t\000i\000o\000n\000\050\000\051}{subsection.14.165.3}% 3123
\BOOKMARK [3][-]{subsubsection.14.165.3.12}{\376\377\0001\0004\000.\0001\0006\0005\000.\0003\000.\0001\0002\000\040\000G\000e\000t\000T\000i\000m\000e\000C\000o\000d\000e\000I\000n\000f\000o\000\050\000\051}{subsection.14.165.3}% 3124
\BOOKMARK [3][-]{subsubsection.14.165.3.13}{\376\377\0001\0004\000.\0001\0006\0005\000.\0003\000.\0001\0003\000\040\000G\000e\000t\000F\000e\000e\000t\000F\000r\000a\000m\000e\000s\000I\000n\000f\000o\000\050\000\051}{subsection.14.165.3}% 3125
\BOOKMARK [3][-]{subsubsection.14.165.3.14}{\376\377\0001\0004\000.\0001\0006\0005\000.\0003\000.\0001\0004\000\040\000I\000s\000M\000e\000t\000r\000o\000n\000o\000m\000e\000E\000n\000a\000b\000l\000e\000d\000\050\000\051}{subsection.14.165.3}% 3126
\BOOKMARK [3][-]{subsubsection.14.165.3.15}{\376\377\0001\0004\000.\0001\0006\0005\000.\0003\000.\0001\0005\000\040\000G\000e\000t\000H\000D\000T\000i\000m\000e\000C\000o\000d\000e\000I\000n\000f\000o\000\050\000\051}{subsection.14.165.3}% 3127
\BOOKMARK [3][-]{subsubsection.14.165.3.16}{\376\377\0001\0004\000.\0001\0006\0005\000.\0003\000.\0001\0006\000\040\000G\000e\000t\000T\000i\000m\000e\000l\000i\000n\000e\000S\000e\000l\000e\000c\000t\000i\000o\000n\000E\000n\000d\000P\000o\000s\000i\000t\000i\000o\000n\000\050\000\051}{subsection.14.165.3}% 3128
\BOOKMARK [3][-]{subsubsection.14.165.3.17}{\376\377\0001\0004\000.\0001\0006\0005\000.\0003\000.\0001\0007\000\040\000G\000e\000t\000K\000e\000y\000S\000i\000g\000n\000a\000t\000u\000r\000e\000\050\000\051}{subsection.14.165.3}% 3129
\BOOKMARK [3][-]{subsubsection.14.165.3.18}{\376\377\0001\0004\000.\0001\0006\0005\000.\0003\000.\0001\0008\000\040\000R\000e\000q\000u\000e\000s\000t\000T\000r\000a\000n\000s\000p\000o\000r\000t\000S\000t\000a\000r\000t\000\050\000\051}{subsection.14.165.3}% 3130
\BOOKMARK [3][-]{subsubsection.14.165.3.19}{\376\377\0001\0004\000.\0001\0006\0005\000.\0003\000.\0001\0009\000\040\000R\000e\000q\000u\000e\000s\000t\000T\000r\000a\000n\000s\000p\000o\000r\000t\000S\000t\000o\000p\000\050\000\051}{subsection.14.165.3}% 3131
\BOOKMARK [1][-]{section.14.166}{\376\377\0001\0004\000.\0001\0006\0006\000\040\000A\000A\000X\000\137\000V\000V\000i\000e\000w\000C\000o\000n\000t\000a\000i\000n\000e\000r\000\040\000C\000l\000a\000s\000s\000\040\000R\000e\000f\000e\000r\000e\000n\000c\000e}{chapter.14}% 3132
\BOOKMARK [2][-]{subsection.14.166.1}{\376\377\0001\0004\000.\0001\0006\0006\000.\0001\000\040\000D\000e\000s\000c\000r\000i\000p\000t\000i\000o\000n}{section.14.166}% 3133
\BOOKMARK [2][-]{subsection.14.166.2}{\376\377\0001\0004\000.\0001\0006\0006\000.\0002\000\040\000C\000o\000n\000s\000t\000r\000u\000c\000t\000o\000r\000\040\000\046\000\040\000D\000e\000s\000t\000r\000u\000c\000t\000o\000r\000\040\000D\000o\000c\000u\000m\000e\000n\000t\000a\000t\000i\000o\000n}{section.14.166}% 3134
\BOOKMARK [3][-]{subsubsection.14.166.2.1}{\376\377\0001\0004\000.\0001\0006\0006\000.\0002\000.\0001\000\040\000A\000A\000X\000\137\000V\000V\000i\000e\000w\000C\000o\000n\000t\000a\000i\000n\000e\000r\000\050\000\051}{subsection.14.166.2}% 3135
\BOOKMARK [3][-]{subsubsection.14.166.2.2}{\376\377\0001\0004\000.\0001\0006\0006\000.\0002\000.\0002\000\040\000\040\000A\000A\000X\000\137\000V\000V\000i\000e\000w\000C\000o\000n\000t\000a\000i\000n\000e\000r\000\050\000\051}{subsection.14.166.2}% 3136
\BOOKMARK [2][-]{subsection.14.166.3}{\376\377\0001\0004\000.\0001\0006\0006\000.\0003\000\040\000M\000e\000m\000b\000e\000r\000\040\000F\000u\000n\000c\000t\000i\000o\000n\000\040\000D\000o\000c\000u\000m\000e\000n\000t\000a\000t\000i\000o\000n}{section.14.166}% 3137
\BOOKMARK [3][-]{subsubsection.14.166.3.1}{\376\377\0001\0004\000.\0001\0006\0006\000.\0003\000.\0001\000\040\000G\000e\000t\000T\000y\000p\000e\000\050\000\051}{subsection.14.166.3}% 3138
\BOOKMARK [3][-]{subsubsection.14.166.3.2}{\376\377\0001\0004\000.\0001\0006\0006\000.\0003\000.\0002\000\040\000G\000e\000t\000P\000t\000r\000\050\000\051}{subsection.14.166.3}% 3139
\BOOKMARK [3][-]{subsubsection.14.166.3.3}{\376\377\0001\0004\000.\0001\0006\0006\000.\0003\000.\0003\000\040\000G\000e\000t\000M\000o\000d\000i\000f\000i\000e\000r\000s\000\050\000\051}{subsection.14.166.3}% 3140
\BOOKMARK [3][-]{subsubsection.14.166.3.4}{\376\377\0001\0004\000.\0001\0006\0006\000.\0003\000.\0004\000\040\000S\000e\000t\000V\000i\000e\000w\000S\000i\000z\000e\000\050\000\051}{subsection.14.166.3}% 3141
\BOOKMARK [3][-]{subsubsection.14.166.3.5}{\376\377\0001\0004\000.\0001\0006\0006\000.\0003\000.\0005\000\040\000H\000a\000n\000d\000l\000e\000P\000a\000r\000a\000m\000e\000t\000e\000r\000M\000o\000u\000s\000e\000D\000o\000w\000n\000\050\000\051}{subsection.14.166.3}% 3142
\BOOKMARK [3][-]{subsubsection.14.166.3.6}{\376\377\0001\0004\000.\0001\0006\0006\000.\0003\000.\0006\000\040\000H\000a\000n\000d\000l\000e\000P\000a\000r\000a\000m\000e\000t\000e\000r\000M\000o\000u\000s\000e\000D\000r\000a\000g\000\050\000\051}{subsection.14.166.3}% 3143
\BOOKMARK [3][-]{subsubsection.14.166.3.7}{\376\377\0001\0004\000.\0001\0006\0006\000.\0003\000.\0007\000\040\000H\000a\000n\000d\000l\000e\000P\000a\000r\000a\000m\000e\000t\000e\000r\000M\000o\000u\000s\000e\000U\000p\000\050\000\051}{subsection.14.166.3}% 3144
\BOOKMARK [3][-]{subsubsection.14.166.3.8}{\376\377\0001\0004\000.\0001\0006\0006\000.\0003\000.\0008\000\040\000H\000a\000n\000d\000l\000e\000P\000a\000r\000a\000m\000e\000t\000e\000r\000M\000o\000u\000s\000e\000E\000n\000t\000e\000r\000\050\000\051}{subsection.14.166.3}% 3145
\BOOKMARK [3][-]{subsubsection.14.166.3.9}{\376\377\0001\0004\000.\0001\0006\0006\000.\0003\000.\0009\000\040\000H\000a\000n\000d\000l\000e\000P\000a\000r\000a\000m\000e\000t\000e\000r\000M\000o\000u\000s\000e\000E\000x\000i\000t\000\050\000\051}{subsection.14.166.3}% 3146
\BOOKMARK [3][-]{subsubsection.14.166.3.10}{\376\377\0001\0004\000.\0001\0006\0006\000.\0003\000.\0001\0000\000\040\000H\000a\000n\000d\000l\000e\000M\000u\000l\000t\000i\000p\000l\000e\000P\000a\000r\000a\000m\000e\000t\000e\000r\000s\000M\000o\000u\000s\000e\000D\000o\000w\000n\000\050\000\051}{subsection.14.166.3}% 3147
\BOOKMARK [3][-]{subsubsection.14.166.3.11}{\376\377\0001\0004\000.\0001\0006\0006\000.\0003\000.\0001\0001\000\040\000H\000a\000n\000d\000l\000e\000M\000u\000l\000t\000i\000p\000l\000e\000P\000a\000r\000a\000m\000e\000t\000e\000r\000s\000M\000o\000u\000s\000e\000D\000r\000a\000g\000\050\000\051}{subsection.14.166.3}% 3148
\BOOKMARK [3][-]{subsubsection.14.166.3.12}{\376\377\0001\0004\000.\0001\0006\0006\000.\0003\000.\0001\0002\000\040\000H\000a\000n\000d\000l\000e\000M\000u\000l\000t\000i\000p\000l\000e\000P\000a\000r\000a\000m\000e\000t\000e\000r\000s\000M\000o\000u\000s\000e\000U\000p\000\050\000\051}{subsection.14.166.3}% 3149
\BOOKMARK [1][-]{section.14.167}{\376\377\0001\0004\000.\0001\0006\0007\000\040\000A\000A\000X\000:\000:\000E\000x\000c\000e\000p\000t\000i\000o\000n\000:\000:\000A\000n\000y\000\040\000C\000l\000a\000s\000s\000\040\000R\000e\000f\000e\000r\000e\000n\000c\000e}{chapter.14}% 3150
\BOOKMARK [2][-]{subsection.14.167.1}{\376\377\0001\0004\000.\0001\0006\0007\000.\0001\000\040\000D\000e\000s\000c\000r\000i\000p\000t\000i\000o\000n}{section.14.167}% 3151
\BOOKMARK [2][-]{subsection.14.167.2}{\376\377\0001\0004\000.\0001\0006\0007\000.\0002\000\040\000C\000o\000n\000s\000t\000r\000u\000c\000t\000o\000r\000\040\000\046\000\040\000D\000e\000s\000t\000r\000u\000c\000t\000o\000r\000\040\000D\000o\000c\000u\000m\000e\000n\000t\000a\000t\000i\000o\000n}{section.14.167}% 3152
\BOOKMARK [3][-]{subsubsection.14.167.2.1}{\376\377\0001\0004\000.\0001\0006\0007\000.\0002\000.\0001\000\040\000\040\000A\000n\000y\000\050\000\051}{subsection.14.167.2}% 3153
\BOOKMARK [3][-]{subsubsection.14.167.2.2}{\376\377\0001\0004\000.\0001\0006\0007\000.\0002\000.\0002\000\040\000A\000n\000y\000\050\000\051\000\040\000[\0001\000/\0003\000]}{subsection.14.167.2}% 3154
\BOOKMARK [3][-]{subsubsection.14.167.2.3}{\376\377\0001\0004\000.\0001\0006\0007\000.\0002\000.\0003\000\040\000A\000n\000y\000\050\000\051\000\040\000[\0002\000/\0003\000]}{subsection.14.167.2}% 3155
\BOOKMARK [3][-]{subsubsection.14.167.2.4}{\376\377\0001\0004\000.\0001\0006\0007\000.\0002\000.\0004\000\040\000A\000n\000y\000\050\000\051\000\040\000[\0003\000/\0003\000]}{subsection.14.167.2}% 3156
\BOOKMARK [2][-]{subsection.14.167.3}{\376\377\0001\0004\000.\0001\0006\0007\000.\0003\000\040\000M\000e\000m\000b\000e\000r\000\040\000F\000u\000n\000c\000t\000i\000o\000n\000\040\000D\000o\000c\000u\000m\000e\000n\000t\000a\000t\000i\000o\000n}{section.14.167}% 3157
\BOOKMARK [3][-]{subsubsection.14.167.3.1}{\376\377\0001\0004\000.\0001\0006\0007\000.\0003\000.\0001\000\040\000o\000p\000e\000r\000a\000t\000o\000r\000=\000\050\000\051}{subsection.14.167.3}% 3158
\BOOKMARK [3][-]{subsubsection.14.167.3.2}{\376\377\0001\0004\000.\0001\0006\0007\000.\0003\000.\0002\000\040\000A\000A\000X\000\137\000D\000E\000F\000A\000U\000L\000T\000\137\000M\000O\000V\000E\000\137\000C\000T\000O\000R\000\050\000\051}{subsection.14.167.3}% 3159
\BOOKMARK [3][-]{subsubsection.14.167.3.3}{\376\377\0001\0004\000.\0001\0006\0007\000.\0003\000.\0003\000\040\000A\000A\000X\000\137\000D\000E\000F\000A\000U\000L\000T\000\137\000M\000O\000V\000E\000\137\000O\000P\000E\000R\000\050\000\051}{subsection.14.167.3}% 3160
\BOOKMARK [3][-]{subsubsection.14.167.3.4}{\376\377\0001\0004\000.\0001\0006\0007\000.\0003\000.\0004\000\040\000W\000h\000a\000t\000\050\000\051}{subsection.14.167.3}% 3161
\BOOKMARK [3][-]{subsubsection.14.167.3.5}{\376\377\0001\0004\000.\0001\0006\0007\000.\0003\000.\0005\000\040\000D\000e\000s\000c\000\050\000\051}{subsection.14.167.3}% 3162
\BOOKMARK [3][-]{subsubsection.14.167.3.6}{\376\377\0001\0004\000.\0001\0006\0007\000.\0003\000.\0006\000\040\000F\000u\000n\000c\000t\000i\000o\000n\000\050\000\051}{subsection.14.167.3}% 3163
\BOOKMARK [3][-]{subsubsection.14.167.3.7}{\376\377\0001\0004\000.\0001\0006\0007\000.\0003\000.\0007\000\040\000L\000i\000n\000e\000\050\000\051}{subsection.14.167.3}% 3164
\BOOKMARK [1][-]{section.14.168}{\376\377\0001\0004\000.\0001\0006\0008\000\040\000A\000A\000X\000\137\000C\000C\000h\000u\000n\000k\000D\000a\000t\000a\000P\000a\000r\000s\000e\000r\000:\000:\000D\000a\000t\000a\000V\000a\000l\000u\000e\000\040\000S\000t\000r\000u\000c\000t\000\040\000R\000e\000f\000e\000r\000e\000n\000c\000e}{chapter.14}% 3165
\BOOKMARK [2][-]{subsection.14.168.1}{\376\377\0001\0004\000.\0001\0006\0008\000.\0001\000\040\000C\000o\000n\000s\000t\000r\000u\000c\000t\000o\000r\000\040\000\046\000\040\000D\000e\000s\000t\000r\000u\000c\000t\000o\000r\000\040\000D\000o\000c\000u\000m\000e\000n\000t\000a\000t\000i\000o\000n}{section.14.168}% 3166
\BOOKMARK [3][-]{subsubsection.14.168.1.1}{\376\377\0001\0004\000.\0001\0006\0008\000.\0001\000.\0001\000\040\000D\000a\000t\000a\000V\000a\000l\000u\000e\000\050\000\051}{subsection.14.168.1}% 3167
\BOOKMARK [2][-]{subsection.14.168.2}{\376\377\0001\0004\000.\0001\0006\0008\000.\0002\000\040\000M\000e\000m\000b\000e\000r\000\040\000D\000a\000t\000a\000\040\000D\000o\000c\000u\000m\000e\000n\000t\000a\000t\000i\000o\000n}{section.14.168}% 3168
\BOOKMARK [3][-]{subsubsection.14.168.2.1}{\376\377\0001\0004\000.\0001\0006\0008\000.\0002\000.\0001\000\040\000m\000D\000a\000t\000a\000T\000y\000p\000e}{subsection.14.168.2}% 3169
\BOOKMARK [3][-]{subsubsection.14.168.2.2}{\376\377\0001\0004\000.\0001\0006\0008\000.\0002\000.\0002\000\040\000m\000D\000a\000t\000a\000N\000a\000m\000e}{subsection.14.168.2}% 3170
\BOOKMARK [3][-]{subsubsection.14.168.2.3}{\376\377\0001\0004\000.\0001\0006\0008\000.\0002\000.\0003\000\040\000m\000I\000n\000t\000V\000a\000l\000u\000e}{subsection.14.168.2}% 3171
\BOOKMARK [3][-]{subsubsection.14.168.2.4}{\376\377\0001\0004\000.\0001\0006\0008\000.\0002\000.\0004\000\040\000m\000S\000t\000r\000i\000n\000g\000V\000a\000l\000u\000e}{subsection.14.168.2}% 3172
\BOOKMARK [1][-]{section.14.169}{\376\377\0001\0004\000.\0001\0006\0009\000\040\000I\000A\000C\000F\000D\000e\000f\000i\000n\000i\000t\000i\000o\000n\000\040\000I\000n\000t\000e\000r\000f\000a\000c\000e\000\040\000R\000e\000f\000e\000r\000e\000n\000c\000e}{chapter.14}% 3173
\BOOKMARK [2][-]{subsection.14.169.1}{\376\377\0001\0004\000.\0001\0006\0009\000.\0001\000\040\000D\000e\000s\000c\000r\000i\000p\000t\000i\000o\000n}{section.14.169}% 3174
\BOOKMARK [2][-]{subsection.14.169.2}{\376\377\0001\0004\000.\0001\0006\0009\000.\0002\000\040\000M\000e\000m\000b\000e\000r\000\040\000F\000u\000n\000c\000t\000i\000o\000n\000\040\000D\000o\000c\000u\000m\000e\000n\000t\000a\000t\000i\000o\000n}{section.14.169}% 3175
\BOOKMARK [3][-]{subsubsection.14.169.2.1}{\376\377\0001\0004\000.\0001\0006\0009\000.\0002\000.\0001\000\040\000D\000e\000f\000i\000n\000e\000A\000t\000t\000r\000i\000b\000u\000t\000e\000\050\000\051}{subsection.14.169.2}% 3176
\BOOKMARK [3][-]{subsubsection.14.169.2.2}{\376\377\0001\0004\000.\0001\0006\0009\000.\0002\000.\0002\000\040\000G\000e\000t\000A\000t\000t\000r\000i\000b\000u\000t\000e\000I\000n\000f\000o\000\050\000\051}{subsection.14.169.2}% 3177
\BOOKMARK [3][-]{subsubsection.14.169.2.3}{\376\377\0001\0004\000.\0001\0006\0009\000.\0002\000.\0003\000\040\000C\000o\000p\000y\000A\000t\000t\000r\000i\000b\000u\000t\000e\000\050\000\051}{subsection.14.169.2}% 3178
\BOOKMARK [1][-]{section.14.170}{\376\377\0001\0004\000.\0001\0007\0000\000\040\000I\000A\000C\000F\000U\000n\000k\000n\000o\000w\000n\000\040\000I\000n\000t\000e\000r\000f\000a\000c\000e\000\040\000R\000e\000f\000e\000r\000e\000n\000c\000e}{chapter.14}% 3179
\BOOKMARK [2][-]{subsection.14.170.1}{\376\377\0001\0004\000.\0001\0007\0000\000.\0001\000\040\000D\000e\000s\000c\000r\000i\000p\000t\000i\000o\000n}{section.14.170}% 3180
\BOOKMARK [2][-]{subsection.14.170.2}{\376\377\0001\0004\000.\0001\0007\0000\000.\0002\000\040\000M\000e\000m\000b\000e\000r\000\040\000F\000u\000n\000c\000t\000i\000o\000n\000\040\000D\000o\000c\000u\000m\000e\000n\000t\000a\000t\000i\000o\000n}{section.14.170}% 3181
\BOOKMARK [3][-]{subsubsection.14.170.2.1}{\376\377\0001\0004\000.\0001\0007\0000\000.\0002\000.\0001\000\040\000Q\000u\000e\000r\000y\000I\000n\000t\000e\000r\000f\000a\000c\000e\000\050\000\051}{subsection.14.170.2}% 3182
\BOOKMARK [3][-]{subsubsection.14.170.2.2}{\376\377\0001\0004\000.\0001\0007\0000\000.\0002\000.\0002\000\040\000A\000d\000d\000R\000e\000f\000\050\000\051}{subsection.14.170.2}% 3183
\BOOKMARK [3][-]{subsubsection.14.170.2.3}{\376\377\0001\0004\000.\0001\0007\0000\000.\0002\000.\0003\000\040\000R\000e\000l\000e\000a\000s\000e\000\050\000\051}{subsection.14.170.2}% 3184
\BOOKMARK [1][-]{section.14.171}{\376\377\0001\0004\000.\0001\0007\0001\000\040\000A\000A\000X\000:\000:\000E\000x\000c\000e\000p\000t\000i\000o\000n\000:\000:\000R\000e\000s\000u\000l\000t\000E\000r\000r\000o\000r\000\040\000C\000l\000a\000s\000s\000\040\000R\000e\000f\000e\000r\000e\000n\000c\000e}{chapter.14}% 3185
\BOOKMARK [2][-]{subsection.14.171.1}{\376\377\0001\0004\000.\0001\0007\0001\000.\0001\000\040\000D\000e\000s\000c\000r\000i\000p\000t\000i\000o\000n}{section.14.171}% 3186
\BOOKMARK [2][-]{subsection.14.171.2}{\376\377\0001\0004\000.\0001\0007\0001\000.\0002\000\040\000C\000o\000n\000s\000t\000r\000u\000c\000t\000o\000r\000\040\000\046\000\040\000D\000e\000s\000t\000r\000u\000c\000t\000o\000r\000\040\000D\000o\000c\000u\000m\000e\000n\000t\000a\000t\000i\000o\000n}{section.14.171}% 3187
\BOOKMARK [3][-]{subsubsection.14.171.2.1}{\376\377\0001\0004\000.\0001\0007\0001\000.\0002\000.\0001\000\040\000R\000e\000s\000u\000l\000t\000E\000r\000r\000o\000r\000\050\000\051\000\040\000[\0001\000/\0004\000]}{subsection.14.171.2}% 3188
\BOOKMARK [3][-]{subsubsection.14.171.2.2}{\376\377\0001\0004\000.\0001\0007\0001\000.\0002\000.\0002\000\040\000R\000e\000s\000u\000l\000t\000E\000r\000r\000o\000r\000\050\000\051\000\040\000[\0002\000/\0004\000]}{subsection.14.171.2}% 3189
\BOOKMARK [3][-]{subsubsection.14.171.2.3}{\376\377\0001\0004\000.\0001\0007\0001\000.\0002\000.\0003\000\040\000R\000e\000s\000u\000l\000t\000E\000r\000r\000o\000r\000\050\000\051\000\040\000[\0003\000/\0004\000]}{subsection.14.171.2}% 3190
\BOOKMARK [3][-]{subsubsection.14.171.2.4}{\376\377\0001\0004\000.\0001\0007\0001\000.\0002\000.\0004\000\040\000R\000e\000s\000u\000l\000t\000E\000r\000r\000o\000r\000\050\000\051\000\040\000[\0004\000/\0004\000]}{subsection.14.171.2}% 3191
\BOOKMARK [2][-]{subsection.14.171.3}{\376\377\0001\0004\000.\0001\0007\0001\000.\0003\000\040\000M\000e\000m\000b\000e\000r\000\040\000F\000u\000n\000c\000t\000i\000o\000n\000\040\000D\000o\000c\000u\000m\000e\000n\000t\000a\000t\000i\000o\000n}{section.14.171}% 3192
\BOOKMARK [3][-]{subsubsection.14.171.3.1}{\376\377\0001\0004\000.\0001\0007\0001\000.\0003\000.\0001\000\040\000F\000o\000r\000m\000a\000t\000R\000e\000s\000u\000l\000t\000\050\000\051}{subsection.14.171.3}% 3193
\BOOKMARK [3][-]{subsubsection.14.171.3.2}{\376\377\0001\0004\000.\0001\0007\0001\000.\0003\000.\0002\000\040\000R\000e\000s\000u\000l\000t\000\050\000\051}{subsection.14.171.3}% 3194
\BOOKMARK [1][-]{section.14.172}{\376\377\0001\0004\000.\0001\0007\0002\000\040\000S\000A\000u\000t\000o\000A\000r\000r\000a\000y\000<\000\040\000T\000\040\000>\000\040\000S\000t\000r\000u\000c\000t\000\040\000T\000e\000m\000p\000l\000a\000t\000e\000\040\000R\000e\000f\000e\000r\000e\000n\000c\000e}{chapter.14}% 3195
\BOOKMARK [2][-]{subsection.14.172.1}{\376\377\0001\0004\000.\0001\0007\0002\000.\0001\000\040\000C\000o\000n\000s\000t\000r\000u\000c\000t\000o\000r\000\040\000\046\000\040\000D\000e\000s\000t\000r\000u\000c\000t\000o\000r\000\040\000D\000o\000c\000u\000m\000e\000n\000t\000a\000t\000i\000o\000n}{section.14.172}% 3196
\BOOKMARK [3][-]{subsubsection.14.172.1.1}{\376\377\0001\0004\000.\0001\0007\0002\000.\0001\000.\0001\000\040\000S\000A\000u\000t\000o\000A\000r\000r\000a\000y\000\050\000\051}{subsection.14.172.1}% 3197
\BOOKMARK [3][-]{subsubsection.14.172.1.2}{\376\377\0001\0004\000.\0001\0007\0002\000.\0001\000.\0002\000\040\000\040\000S\000A\000u\000t\000o\000A\000r\000r\000a\000y\000\050\000\051}{subsection.14.172.1}% 3198
\BOOKMARK [2][-]{subsection.14.172.2}{\376\377\0001\0004\000.\0001\0007\0002\000.\0002\000\040\000M\000e\000m\000b\000e\000r\000\040\000F\000u\000n\000c\000t\000i\000o\000n\000\040\000D\000o\000c\000u\000m\000e\000n\000t\000a\000t\000i\000o\000n}{section.14.172}% 3199
\BOOKMARK [3][-]{subsubsection.14.172.2.1}{\376\377\0001\0004\000.\0001\0007\0002\000.\0002\000.\0001\000\040\000R\000e\000s\000e\000t\000\050\000\051}{subsection.14.172.2}% 3200
\BOOKMARK [3][-]{subsubsection.14.172.2.2}{\376\377\0001\0004\000.\0001\0007\0002\000.\0002\000.\0002\000\040\000G\000e\000t\000\050\000\051}{subsection.14.172.2}% 3201
\BOOKMARK [1][-]{section.14.173}{\376\377\0001\0004\000.\0001\0007\0003\000\040\000A\000A\000X\000\137\000I\000S\000e\000s\000s\000i\000o\000n\000D\000o\000c\000u\000m\000e\000n\000t\000:\000:\000T\000e\000m\000p\000o\000M\000a\000p\000\040\000C\000l\000a\000s\000s\000\040\000R\000e\000f\000e\000r\000e\000n\000c\000e}{chapter.14}% 3202
\BOOKMARK [2][-]{subsection.14.173.1}{\376\377\0001\0004\000.\0001\0007\0003\000.\0001\000\040\000C\000o\000n\000s\000t\000r\000u\000c\000t\000o\000r\000\040\000\046\000\040\000D\000e\000s\000t\000r\000u\000c\000t\000o\000r\000\040\000D\000o\000c\000u\000m\000e\000n\000t\000a\000t\000i\000o\000n}{section.14.173}% 3203
\BOOKMARK [3][-]{subsubsection.14.173.1.1}{\376\377\0001\0004\000.\0001\0007\0003\000.\0001\000.\0001\000\040\000\040\000T\000e\000m\000p\000o\000M\000a\000p\000\050\000\051}{subsection.14.173.1}% 3204
\BOOKMARK [2][-]{subsection.14.173.2}{\376\377\0001\0004\000.\0001\0007\0003\000.\0002\000\040\000M\000e\000m\000b\000e\000r\000\040\000F\000u\000n\000c\000t\000i\000o\000n\000\040\000D\000o\000c\000u\000m\000e\000n\000t\000a\000t\000i\000o\000n}{section.14.173}% 3205
\BOOKMARK [3][-]{subsubsection.14.173.2.1}{\376\377\0001\0004\000.\0001\0007\0003\000.\0002\000.\0001\000\040\000S\000i\000z\000e\000\050\000\051}{subsection.14.173.2}% 3206
\BOOKMARK [3][-]{subsubsection.14.173.2.2}{\376\377\0001\0004\000.\0001\0007\0003\000.\0002\000.\0002\000\040\000D\000a\000t\000a\000\050\000\051}{subsection.14.173.2}% 3207
\BOOKMARK [1][-]{section.14.174}{\376\377\0001\0004\000.\0001\0007\0004\000\040\000A\000A\000X\000\137\000V\000S\000e\000s\000s\000i\000o\000n\000D\000o\000c\000u\000m\000e\000n\000t\000:\000:\000V\000T\000e\000m\000p\000o\000M\000a\000p\000\040\000C\000l\000a\000s\000s\000\040\000R\000e\000f\000e\000r\000e\000n\000c\000e}{chapter.14}% 3208
\BOOKMARK [2][-]{subsection.14.174.1}{\376\377\0001\0004\000.\0001\0007\0004\000.\0001\000\040\000C\000o\000n\000s\000t\000r\000u\000c\000t\000o\000r\000\040\000\046\000\040\000D\000e\000s\000t\000r\000u\000c\000t\000o\000r\000\040\000D\000o\000c\000u\000m\000e\000n\000t\000a\000t\000i\000o\000n}{section.14.174}% 3209
\BOOKMARK [3][-]{subsubsection.14.174.1.1}{\376\377\0001\0004\000.\0001\0007\0004\000.\0001\000.\0001\000\040\000\040\000V\000T\000e\000m\000p\000o\000M\000a\000p\000\050\000\051}{subsection.14.174.1}% 3210
\BOOKMARK [3][-]{subsubsection.14.174.1.2}{\376\377\0001\0004\000.\0001\0007\0004\000.\0001\000.\0002\000\040\000V\000T\000e\000m\000p\000o\000M\000a\000p\000\050\000\051}{subsection.14.174.1}% 3211
\BOOKMARK [2][-]{subsection.14.174.2}{\376\377\0001\0004\000.\0001\0007\0004\000.\0002\000\040\000M\000e\000m\000b\000e\000r\000\040\000F\000u\000n\000c\000t\000i\000o\000n\000\040\000D\000o\000c\000u\000m\000e\000n\000t\000a\000t\000i\000o\000n}{section.14.174}% 3212
\BOOKMARK [3][-]{subsubsection.14.174.2.1}{\376\377\0001\0004\000.\0001\0007\0004\000.\0002\000.\0001\000\040\000S\000i\000z\000e\000\050\000\051}{subsection.14.174.2}% 3213
\BOOKMARK [3][-]{subsubsection.14.174.2.2}{\376\377\0001\0004\000.\0001\0007\0004\000.\0002\000.\0002\000\040\000D\000a\000t\000a\000\050\000\051}{subsection.14.174.2}% 3214
\BOOKMARK [0][-]{chapter.15}{\376\377\0001\0005\000\040\000F\000i\000l\000e\000\040\000D\000o\000c\000u\000m\000e\000n\000t\000a\000t\000i\000o\000n}{}% 3215
\BOOKMARK [1][-]{section.15.1}{\376\377\0001\0005\000.\0001\000\040\000A\000A\000X\000.\000h\000\040\000F\000i\000l\000e\000\040\000R\000e\000f\000e\000r\000e\000n\000c\000e}{chapter.15}% 3216
\BOOKMARK [2][-]{subsection.15.1.1}{\376\377\0001\0005\000.\0001\000.\0001\000\040\000D\000e\000s\000c\000r\000i\000p\000t\000i\000o\000n}{section.15.1}% 3217
\BOOKMARK [2][-]{subsection.15.1.2}{\376\377\0001\0005\000.\0001\000.\0002\000\040\000M\000a\000c\000r\000o\000\040\000D\000e\000f\000i\000n\000i\000t\000i\000o\000n\000\040\000D\000o\000c\000u\000m\000e\000n\000t\000a\000t\000i\000o\000n}{section.15.1}% 3218
\BOOKMARK [3][-]{subsubsection.15.1.2.1}{\376\377\0001\0005\000.\0001\000.\0002\000.\0001\000\040\000T\000I\000\137\000V\000E\000R\000S\000I\000O\000N}{subsection.15.1.2}% 3219
\BOOKMARK [3][-]{subsubsection.15.1.2.2}{\376\377\0001\0005\000.\0001\000.\0002\000.\0002\000\040\000A\000A\000X\000\137\000C\000P\000P\0001\0001\000\137\000S\000U\000P\000P\000O\000R\000T}{subsection.15.1.2}% 3220
\BOOKMARK [3][-]{subsubsection.15.1.2.3}{\376\377\0001\0005\000.\0001\000.\0002\000.\0003\000\040\000A\000A\000X\000\137\000O\000V\000E\000R\000R\000I\000D\000E}{subsection.15.1.2}% 3221
\BOOKMARK [3][-]{subsubsection.15.1.2.4}{\376\377\0001\0005\000.\0001\000.\0002\000.\0004\000\040\000A\000A\000X\000\137\000F\000I\000N\000A\000L}{subsection.15.1.2}% 3222
\BOOKMARK [3][-]{subsubsection.15.1.2.5}{\376\377\0001\0005\000.\0001\000.\0002\000.\0005\000\040\000A\000A\000X\000\137\000D\000E\000F\000A\000U\000L\000T\000\137\000D\000T\000O\000R}{subsection.15.1.2}% 3223
\BOOKMARK [3][-]{subsubsection.15.1.2.6}{\376\377\0001\0005\000.\0001\000.\0002\000.\0006\000\040\000A\000A\000X\000\137\000D\000E\000F\000A\000U\000L\000T\000\137\000D\000T\000O\000R\000\137\000O\000V\000E\000R\000R\000I\000D\000E}{subsection.15.1.2}% 3224
\BOOKMARK [3][-]{subsubsection.15.1.2.7}{\376\377\0001\0005\000.\0001\000.\0002\000.\0007\000\040\000A\000A\000X\000\137\000D\000E\000F\000A\000U\000L\000T\000\137\000C\000T\000O\000R}{subsection.15.1.2}% 3225
\BOOKMARK [3][-]{subsubsection.15.1.2.8}{\376\377\0001\0005\000.\0001\000.\0002\000.\0008\000\040\000A\000A\000X\000\137\000D\000E\000F\000A\000U\000L\000T\000\137\000C\000O\000P\000Y\000\137\000C\000T\000O\000R}{subsection.15.1.2}% 3226
\BOOKMARK [3][-]{subsubsection.15.1.2.9}{\376\377\0001\0005\000.\0001\000.\0002\000.\0009\000\040\000A\000A\000X\000\137\000D\000E\000F\000A\000U\000L\000T\000\137\000A\000S\000G\000N\000\137\000O\000P\000E\000R}{subsection.15.1.2}% 3227
\BOOKMARK [3][-]{subsubsection.15.1.2.10}{\376\377\0001\0005\000.\0001\000.\0002\000.\0001\0000\000\040\000A\000A\000X\000\137\000D\000E\000L\000E\000T\000E}{subsection.15.1.2}% 3228
\BOOKMARK [3][-]{subsubsection.15.1.2.11}{\376\377\0001\0005\000.\0001\000.\0002\000.\0001\0001\000\040\000A\000A\000X\000\137\000D\000E\000F\000A\000U\000L\000T\000\137\000M\000O\000V\000E\000\137\000C\000T\000O\000R}{subsection.15.1.2}% 3229
\BOOKMARK [3][-]{subsubsection.15.1.2.12}{\376\377\0001\0005\000.\0001\000.\0002\000.\0001\0002\000\040\000A\000A\000X\000\137\000D\000E\000F\000A\000U\000L\000T\000\137\000M\000O\000V\000E\000\137\000O\000P\000E\000R}{subsection.15.1.2}% 3230
\BOOKMARK [3][-]{subsubsection.15.1.2.13}{\376\377\0001\0005\000.\0001\000.\0002\000.\0001\0003\000\040\000A\000A\000X\000\137\000C\000O\000N\000S\000T\000E\000X\000P\000R}{subsection.15.1.2}% 3231
\BOOKMARK [3][-]{subsubsection.15.1.2.14}{\376\377\0001\0005\000.\0001\000.\0002\000.\0001\0004\000\040\000A\000A\000X\000\137\000U\000N\000I\000Q\000U\000E\000\137\000P\000T\000R}{subsection.15.1.2}% 3232
\BOOKMARK [3][-]{subsubsection.15.1.2.15}{\376\377\0001\0005\000.\0001\000.\0002\000.\0001\0005\000\040\000A\000A\000X\000P\000o\000i\000n\000t\000e\000r\000\137\0003\0002\000b\000i\000t}{subsection.15.1.2}% 3233
\BOOKMARK [3][-]{subsubsection.15.1.2.16}{\376\377\0001\0005\000.\0001\000.\0002\000.\0001\0006\000\040\000A\000A\000X\000P\000o\000i\000n\000t\000e\000r\000\137\0006\0004\000b\000i\000t}{subsection.15.1.2}% 3234
\BOOKMARK [3][-]{subsubsection.15.1.2.17}{\376\377\0001\0005\000.\0001\000.\0002\000.\0001\0007\000\040\000A\000A\000X\000\137\000P\000o\000i\000n\000t\000e\000r\000S\000i\000z\000e}{subsection.15.1.2}% 3235
\BOOKMARK [3][-]{subsubsection.15.1.2.18}{\376\377\0001\0005\000.\0001\000.\0002\000.\0001\0008\000\040\000A\000A\000X\000\137\000A\000L\000I\000G\000N\000\137\000F\000I\000L\000E\000\137\000H\000O\000S\000T}{subsection.15.1.2}% 3236
\BOOKMARK [3][-]{subsubsection.15.1.2.19}{\376\377\0001\0005\000.\0001\000.\0002\000.\0001\0009\000\040\000A\000A\000X\000\137\000A\000L\000I\000G\000N\000\137\000F\000I\000L\000E\000\137\000A\000L\000G}{subsection.15.1.2}% 3237
\BOOKMARK [3][-]{subsubsection.15.1.2.20}{\376\377\0001\0005\000.\0001\000.\0002\000.\0002\0000\000\040\000A\000A\000X\000\137\000A\000L\000I\000G\000N\000\137\000F\000I\000L\000E\000\137\000R\000E\000S\000E\000T}{subsection.15.1.2}% 3238
\BOOKMARK [3][-]{subsubsection.15.1.2.21}{\376\377\0001\0005\000.\0001\000.\0002\000.\0002\0001\000\040\000A\000A\000X\000\137\000A\000L\000I\000G\000N\000\137\000F\000I\000L\000E\000\137\000B\000E\000G\000I\000N}{subsection.15.1.2}% 3239
\BOOKMARK [3][-]{subsubsection.15.1.2.22}{\376\377\0001\0005\000.\0001\000.\0002\000.\0002\0002\000\040\000A\000A\000X\000\137\000A\000L\000I\000G\000N\000\137\000F\000I\000L\000E\000\137\000E\000N\000D}{subsection.15.1.2}% 3240
\BOOKMARK [3][-]{subsubsection.15.1.2.23}{\376\377\0001\0005\000.\0001\000.\0002\000.\0002\0003\000\040\000A\000A\000X\000\137\000C\000A\000L\000L\000B\000A\000C\000K}{subsection.15.1.2}% 3241
\BOOKMARK [3][-]{subsubsection.15.1.2.24}{\376\377\0001\0005\000.\0001\000.\0002\000.\0002\0004\000\040\000A\000A\000X\000\137\000P\000R\000E\000P\000R\000O\000C\000E\000S\000S\000O\000R\000\137\000C\000O\000N\000C\000A\000T\000\137\000H\000E\000L\000P\000E\000R}{subsection.15.1.2}% 3242
\BOOKMARK [3][-]{subsubsection.15.1.2.25}{\376\377\0001\0005\000.\0001\000.\0002\000.\0002\0005\000\040\000A\000A\000X\000\137\000P\000R\000E\000P\000R\000O\000C\000E\000S\000S\000O\000R\000\137\000C\000O\000N\000C\000A\000T}{subsection.15.1.2}% 3243
\BOOKMARK [3][-]{subsubsection.15.1.2.26}{\376\377\0001\0005\000.\0001\000.\0002\000.\0002\0006\000\040\000A\000A\000X\000\137\000F\000I\000E\000L\000D\000\137\000I\000N\000D\000E\000X}{subsection.15.1.2}% 3244
\BOOKMARK [2][-]{subsection.15.1.3}{\376\377\0001\0005\000.\0001\000.\0003\000\040\000T\000y\000p\000e\000d\000e\000f\000\040\000D\000o\000c\000u\000m\000e\000n\000t\000a\000t\000i\000o\000n}{section.15.1}% 3245
\BOOKMARK [3][-]{subsubsection.15.1.3.1}{\376\377\0001\0005\000.\0001\000.\0003\000.\0001\000\040\000A\000A\000X\000\137\000C\000I\000n\000d\000e\000x}{subsection.15.1.3}% 3246
\BOOKMARK [3][-]{subsubsection.15.1.3.2}{\376\377\0001\0005\000.\0001\000.\0003\000.\0002\000\040\000A\000A\000X\000\137\000C\000C\000o\000u\000n\000t}{subsection.15.1.3}% 3247
\BOOKMARK [3][-]{subsubsection.15.1.3.3}{\376\377\0001\0005\000.\0001\000.\0003\000.\0003\000\040\000A\000A\000X\000\137\000C\000B\000o\000o\000l\000e\000a\000n}{subsection.15.1.3}% 3248
\BOOKMARK [3][-]{subsubsection.15.1.3.4}{\376\377\0001\0005\000.\0001\000.\0003\000.\0004\000\040\000A\000A\000X\000\137\000C\000S\000e\000l\000e\000c\000t\000o\000r}{subsection.15.1.3}% 3249
\BOOKMARK [3][-]{subsubsection.15.1.3.5}{\376\377\0001\0005\000.\0001\000.\0003\000.\0005\000\040\000A\000A\000X\000\137\000C\000T\000i\000m\000e\000s\000t\000a\000m\000p}{subsection.15.1.3}% 3250
\BOOKMARK [3][-]{subsubsection.15.1.3.6}{\376\377\0001\0005\000.\0001\000.\0003\000.\0006\000\040\000A\000A\000X\000\137\000C\000T\000i\000m\000e\000O\000f\000D\000a\000y}{subsection.15.1.3}% 3251
\BOOKMARK [3][-]{subsubsection.15.1.3.7}{\376\377\0001\0005\000.\0001\000.\0003\000.\0007\000\040\000A\000A\000X\000\137\000C\000T\000r\000a\000n\000s\000p\000o\000r\000t\000C\000o\000u\000n\000t\000e\000r}{subsection.15.1.3}% 3252
\BOOKMARK [3][-]{subsubsection.15.1.3.8}{\376\377\0001\0005\000.\0001\000.\0003\000.\0008\000\040\000A\000A\000X\000\137\000C\000S\000a\000m\000p\000l\000e\000R\000a\000t\000e}{subsection.15.1.3}% 3253
\BOOKMARK [3][-]{subsubsection.15.1.3.9}{\376\377\0001\0005\000.\0001\000.\0003\000.\0009\000\040\000A\000A\000X\000\137\000C\000T\000y\000p\000e\000I\000D}{subsection.15.1.3}% 3254
\BOOKMARK [3][-]{subsubsection.15.1.3.10}{\376\377\0001\0005\000.\0001\000.\0003\000.\0001\0000\000\040\000A\000A\000X\000\137\000R\000e\000s\000u\000l\000t}{subsection.15.1.3}% 3255
\BOOKMARK [3][-]{subsubsection.15.1.3.11}{\376\377\0001\0005\000.\0001\000.\0003\000.\0001\0001\000\040\000A\000A\000X\000\137\000C\000P\000r\000o\000p\000e\000r\000t\000y\000V\000a\000l\000u\000e}{subsection.15.1.3}% 3256
\BOOKMARK [3][-]{subsubsection.15.1.3.12}{\376\377\0001\0005\000.\0001\000.\0003\000.\0001\0002\000\040\000A\000A\000X\000\137\000C\000P\000r\000o\000p\000e\000r\000t\000y\000V\000a\000l\000u\000e\0006\0004}{subsection.15.1.3}% 3257
\BOOKMARK [3][-]{subsubsection.15.1.3.13}{\376\377\0001\0005\000.\0001\000.\0003\000.\0001\0003\000\040\000A\000A\000X\000\137\000C\000P\000o\000i\000n\000t\000e\000r\000P\000r\000o\000p\000e\000r\000t\000y\000V\000a\000l\000u\000e}{subsection.15.1.3}% 3258
\BOOKMARK [3][-]{subsubsection.15.1.3.14}{\376\377\0001\0005\000.\0001\000.\0003\000.\0001\0004\000\040\000A\000A\000X\000\137\000C\000T\000a\000r\000g\000e\000t\000P\000l\000a\000t\000f\000o\000r\000m}{subsection.15.1.3}% 3259
\BOOKMARK [3][-]{subsubsection.15.1.3.15}{\376\377\0001\0005\000.\0001\000.\0003\000.\0001\0005\000\040\000A\000A\000X\000\137\000C\000F\000i\000e\000l\000d\000I\000n\000d\000e\000x}{subsection.15.1.3}% 3260
\BOOKMARK [3][-]{subsubsection.15.1.3.16}{\376\377\0001\0005\000.\0001\000.\0003\000.\0001\0006\000\040\000A\000A\000X\000\137\000C\000C\000o\000m\000p\000o\000n\000e\000n\000t\000I\000D}{subsection.15.1.3}% 3261
\BOOKMARK [3][-]{subsubsection.15.1.3.17}{\376\377\0001\0005\000.\0001\000.\0003\000.\0001\0007\000\040\000A\000A\000X\000\137\000C\000M\000e\000t\000e\000r\000I\000D}{subsection.15.1.3}% 3262
\BOOKMARK [3][-]{subsubsection.15.1.3.18}{\376\377\0001\0005\000.\0001\000.\0003\000.\0001\0008\000\040\000A\000A\000X\000\137\000C\000P\000a\000r\000a\000m\000I\000D}{subsection.15.1.3}% 3263
\BOOKMARK [3][-]{subsubsection.15.1.3.19}{\376\377\0001\0005\000.\0001\000.\0003\000.\0001\0009\000\040\000A\000A\000X\000\137\000C\000P\000a\000g\000e\000T\000a\000b\000l\000e\000P\000a\000r\000a\000m\000I\000D}{subsection.15.1.3}% 3264
\BOOKMARK [3][-]{subsubsection.15.1.3.20}{\376\377\0001\0005\000.\0001\000.\0003\000.\0002\0000\000\040\000A\000A\000X\000\137\000C\000E\000f\000f\000e\000c\000t\000I\000D}{subsection.15.1.3}% 3265
\BOOKMARK [3][-]{subsubsection.15.1.3.21}{\376\377\0001\0005\000.\0001\000.\0003\000.\0002\0001\000\040\000a\000c\000f\000U\000I\000D}{subsection.15.1.3}% 3266
\BOOKMARK [3][-]{subsubsection.15.1.3.22}{\376\377\0001\0005\000.\0001\000.\0003\000.\0002\0002\000\040\000A\000A\000X\000\137\000F\000e\000a\000t\000u\000r\000e\000\137\000U\000I\000D}{subsection.15.1.3}% 3267
\BOOKMARK [3][-]{subsubsection.15.1.3.23}{\376\377\0001\0005\000.\0001\000.\0003\000.\0002\0003\000\040\000A\000A\000X\000\137\000C\000A\000u\000d\000i\000o\000I\000n\000P\000o\000r\000t}{subsection.15.1.3}% 3268
\BOOKMARK [3][-]{subsubsection.15.1.3.24}{\376\377\0001\0005\000.\0001\000.\0003\000.\0002\0004\000\040\000A\000A\000X\000\137\000C\000A\000u\000d\000i\000o\000O\000u\000t\000P\000o\000r\000t}{subsection.15.1.3}% 3269
\BOOKMARK [3][-]{subsubsection.15.1.3.25}{\376\377\0001\0005\000.\0001\000.\0003\000.\0002\0005\000\040\000A\000A\000X\000\137\000C\000M\000e\000t\000e\000r\000P\000o\000r\000t}{subsection.15.1.3}% 3270
\BOOKMARK [3][-]{subsubsection.15.1.3.26}{\376\377\0001\0005\000.\0001\000.\0003\000.\0002\0006\000\040\000A\000A\000X\000\137\000S\000P\000l\000u\000g\000I\000n\000C\000h\000u\000n\000k\000H\000e\000a\000d\000e\000r}{subsection.15.1.3}% 3271
\BOOKMARK [3][-]{subsubsection.15.1.3.27}{\376\377\0001\0005\000.\0001\000.\0003\000.\0002\0007\000\040\000A\000A\000X\000\137\000S\000P\000l\000u\000g\000I\000n\000C\000h\000u\000n\000k}{subsection.15.1.3}% 3272
\BOOKMARK [3][-]{subsubsection.15.1.3.28}{\376\377\0001\0005\000.\0001\000.\0003\000.\0002\0008\000\040\000A\000A\000X\000\137\000S\000P\000l\000u\000g\000I\000n\000C\000h\000u\000n\000k\000P\000t\000r}{subsection.15.1.3}% 3273
\BOOKMARK [3][-]{subsubsection.15.1.3.29}{\376\377\0001\0005\000.\0001\000.\0003\000.\0002\0009\000\040\000A\000A\000X\000\137\000S\000P\000l\000u\000g\000I\000n\000I\000d\000e\000n\000t\000i\000f\000i\000e\000r\000T\000r\000i\000a\000d}{subsection.15.1.3}% 3274
\BOOKMARK [3][-]{subsubsection.15.1.3.30}{\376\377\0001\0005\000.\0001\000.\0003\000.\0003\0000\000\040\000A\000A\000X\000\137\000S\000P\000l\000u\000g\000I\000n\000I\000d\000e\000n\000t\000i\000f\000i\000e\000r\000T\000r\000i\000a\000d\000P\000t\000r}{subsection.15.1.3}% 3275
\BOOKMARK [2][-]{subsection.15.1.4}{\376\377\0001\0005\000.\0001\000.\0004\000\040\000V\000a\000r\000i\000a\000b\000l\000e\000\040\000D\000o\000c\000u\000m\000e\000n\000t\000a\000t\000i\000o\000n}{section.15.1}% 3276
\BOOKMARK [3][-]{subsubsection.15.1.4.1}{\376\377\0001\0005\000.\0001\000.\0004\000.\0001\000\040\000k\000A\000A\000X\000\137\000P\000a\000r\000a\000m\000e\000t\000e\000r\000I\000d\000e\000n\000t\000i\000f\000i\000e\000r\000M\000a\000x\000S\000i\000z\000e}{subsection.15.1.4}% 3277
\BOOKMARK [1][-]{section.15.2}{\376\377\0001\0005\000.\0002\000\040\000A\000A\000X\000\137\000A\000C\000F\000I\000n\000t\000e\000r\000f\000a\000c\000e\000.\000d\000o\000x\000y\000g\000e\000n\000\040\000F\000i\000l\000e\000\040\000R\000e\000f\000e\000r\000e\000n\000c\000e}{chapter.15}% 3278
\BOOKMARK [2][-]{subsection.15.2.1}{\376\377\0001\0005\000.\0002\000.\0001\000\040\000T\000y\000p\000e\000d\000e\000f\000\040\000D\000o\000c\000u\000m\000e\000n\000t\000a\000t\000i\000o\000n}{section.15.2}% 3279
\BOOKMARK [3][-]{subsubsection.15.2.1.1}{\376\377\0001\0005\000.\0002\000.\0001\000.\0001\000\040\000a\000c\000f\000U\000I\000D}{subsection.15.2.1}% 3280
\BOOKMARK [3][-]{subsubsection.15.2.1.2}{\376\377\0001\0005\000.\0002\000.\0001\000.\0002\000\040\000a\000c\000f\000I\000I\000D}{subsection.15.2.1}% 3281
\BOOKMARK [1][-]{section.15.3}{\376\377\0001\0005\000.\0003\000\040\000A\000A\000X\000\137\000A\000d\000d\000i\000t\000i\000o\000n\000a\000l\000F\000e\000a\000t\000u\000r\000e\000s\000\137\000A\000l\000g\000o\000r\000i\000t\000h\000m\000.\000d\000o\000x\000y\000g\000e\000n\000\040\000F\000i\000l\000e\000\040\000R\000e\000f\000e\000r\000e\000n\000c\000e}{chapter.15}% 3282
\BOOKMARK [1][-]{section.15.4}{\376\377\0001\0005\000.\0004\000\040\000A\000A\000X\000\137\000A\000d\000d\000i\000t\000i\000o\000n\000a\000l\000F\000e\000a\000t\000u\000r\000e\000s\000\137\000A\000O\000S\000a\000n\000d\000S\000i\000d\000e\000c\000h\000a\000i\000n\000.\000d\000o\000x\000y\000g\000e\000n\000\040\000F\000i\000l\000e\000\040\000R\000e\000f\000e\000r\000e\000n\000c\000e}{chapter.15}% 3283
\BOOKMARK [1][-]{section.15.5}{\376\377\0001\0005\000.\0005\000\040\000A\000A\000X\000\137\000A\000d\000d\000i\000t\000i\000o\000n\000a\000l\000F\000e\000a\000t\000u\000r\000e\000s\000\137\000C\000u\000r\000v\000e\000D\000i\000s\000p\000l\000a\000y\000s\000.\000d\000o\000x\000y\000g\000e\000n\000\040\000F\000i\000l\000e\000\040\000R\000e\000f\000e\000r\000e\000n\000c\000e}{chapter.15}% 3284
\BOOKMARK [1][-]{section.15.6}{\376\377\0001\0005\000.\0006\000\040\000A\000A\000X\000\137\000A\000d\000d\000i\000t\000i\000o\000n\000a\000l\000F\000e\000a\000t\000u\000r\000e\000s\000\137\000H\000y\000b\000r\000i\000d\000.\000d\000o\000x\000y\000g\000e\000n\000\040\000F\000i\000l\000e\000\040\000R\000e\000f\000e\000r\000e\000n\000c\000e}{chapter.15}% 3285
\BOOKMARK [1][-]{section.15.7}{\376\377\0001\0005\000.\0007\000\040\000A\000A\000X\000\137\000A\000d\000d\000i\000t\000i\000o\000n\000a\000l\000F\000e\000a\000t\000u\000r\000e\000s\000\137\000M\000e\000t\000e\000r\000s\000.\000d\000o\000x\000y\000g\000e\000n\000\040\000F\000i\000l\000e\000\040\000R\000e\000f\000e\000r\000e\000n\000c\000e}{chapter.15}% 3286
\BOOKMARK [1][-]{section.15.8}{\376\377\0001\0005\000.\0008\000\040\000A\000A\000X\000\137\000A\000d\000d\000i\000t\000i\000o\000n\000a\000l\000F\000e\000a\000t\000u\000r\000e\000s\000\137\000M\000I\000D\000I\000.\000d\000o\000x\000y\000g\000e\000n\000\040\000F\000i\000l\000e\000\040\000R\000e\000f\000e\000r\000e\000n\000c\000e}{chapter.15}% 3287
\BOOKMARK [1][-]{section.15.9}{\376\377\0001\0005\000.\0009\000\040\000A\000A\000X\000\137\000A\000d\000d\000i\000t\000i\000o\000n\000a\000l\000F\000e\000a\000t\000u\000r\000e\000s\000\137\000P\000r\000o\000p\000e\000r\000t\000i\000e\000s\000F\000i\000l\000e\000.\000d\000o\000x\000y\000g\000e\000n\000\040\000F\000i\000l\000e\000\040\000R\000e\000f\000e\000r\000e\000n\000c\000e}{chapter.15}% 3288
\BOOKMARK [1][-]{section.15.10}{\376\377\0001\0005\000.\0001\0000\000\040\000A\000A\000X\000\137\000A\000l\000i\000g\000n\000m\000e\000n\000t\000.\000h\000\040\000F\000i\000l\000e\000\040\000R\000e\000f\000e\000r\000e\000n\000c\000e}{chapter.15}% 3289
\BOOKMARK [2][-]{subsection.15.10.1}{\376\377\0001\0005\000.\0001\0000\000.\0001\000\040\000D\000e\000s\000c\000r\000i\000p\000t\000i\000o\000n}{section.15.10}% 3290
\BOOKMARK [1][-]{section.15.11}{\376\377\0001\0005\000.\0001\0001\000\040\000A\000A\000X\000\137\000A\000s\000s\000e\000r\000t\000.\000h\000\040\000F\000i\000l\000e\000\040\000R\000e\000f\000e\000r\000e\000n\000c\000e}{chapter.15}% 3291
\BOOKMARK [2][-]{subsection.15.11.1}{\376\377\0001\0005\000.\0001\0001\000.\0001\000\040\000D\000e\000s\000c\000r\000i\000p\000t\000i\000o\000n}{section.15.11}% 3292
\BOOKMARK [2][-]{subsection.15.11.2}{\376\377\0001\0005\000.\0001\0001\000.\0002\000\040\000M\000a\000c\000r\000o\000\040\000D\000e\000f\000i\000n\000i\000t\000i\000o\000n\000\040\000D\000o\000c\000u\000m\000e\000n\000t\000a\000t\000i\000o\000n}{section.15.11}% 3293
\BOOKMARK [3][-]{subsubsection.15.11.2.1}{\376\377\0001\0005\000.\0001\0001\000.\0002\000.\0001\000\040\000k\000A\000A\000X\000\137\000T\000r\000a\000c\000e\000\137\000P\000r\000i\000o\000r\000i\000t\000y\000\137\000N\000o\000n\000e}{subsection.15.11.2}% 3294
\BOOKMARK [3][-]{subsubsection.15.11.2.2}{\376\377\0001\0005\000.\0001\0001\000.\0002\000.\0002\000\040\000k\000A\000A\000X\000\137\000T\000r\000a\000c\000e\000\137\000P\000r\000i\000o\000r\000i\000t\000y\000\137\000C\000r\000i\000t\000i\000c\000a\000l}{subsection.15.11.2}% 3295
\BOOKMARK [3][-]{subsubsection.15.11.2.3}{\376\377\0001\0005\000.\0001\0001\000.\0002\000.\0003\000\040\000k\000A\000A\000X\000\137\000T\000r\000a\000c\000e\000\137\000P\000r\000i\000o\000r\000i\000t\000y\000\137\000H\000i\000g\000h}{subsection.15.11.2}% 3296
\BOOKMARK [3][-]{subsubsection.15.11.2.4}{\376\377\0001\0005\000.\0001\0001\000.\0002\000.\0004\000\040\000k\000A\000A\000X\000\137\000T\000r\000a\000c\000e\000\137\000P\000r\000i\000o\000r\000i\000t\000y\000\137\000N\000o\000r\000m\000a\000l}{subsection.15.11.2}% 3297
\BOOKMARK [3][-]{subsubsection.15.11.2.5}{\376\377\0001\0005\000.\0001\0001\000.\0002\000.\0005\000\040\000k\000A\000A\000X\000\137\000T\000r\000a\000c\000e\000\137\000P\000r\000i\000o\000r\000i\000t\000y\000\137\000L\000o\000w}{subsection.15.11.2}% 3298
\BOOKMARK [3][-]{subsubsection.15.11.2.6}{\376\377\0001\0005\000.\0001\0001\000.\0002\000.\0006\000\040\000k\000A\000A\000X\000\137\000T\000r\000a\000c\000e\000\137\000P\000r\000i\000o\000r\000i\000t\000y\000\137\000L\000o\000w\000e\000s\000t}{subsection.15.11.2}% 3299
\BOOKMARK [3][-]{subsubsection.15.11.2.7}{\376\377\0001\0005\000.\0001\0001\000.\0002\000.\0007\000\040\000A\000A\000X\000\137\000T\000R\000A\000C\000E\000\137\000R\000E\000L\000E\000A\000S\000E}{subsection.15.11.2}% 3300
\BOOKMARK [3][-]{subsubsection.15.11.2.8}{\376\377\0001\0005\000.\0001\0001\000.\0002\000.\0008\000\040\000A\000A\000X\000\137\000S\000T\000A\000C\000K\000T\000R\000A\000C\000E\000\137\000R\000E\000L\000E\000A\000S\000E}{subsection.15.11.2}% 3301
\BOOKMARK [3][-]{subsubsection.15.11.2.9}{\376\377\0001\0005\000.\0001\0001\000.\0002\000.\0009\000\040\000A\000A\000X\000\137\000T\000R\000A\000C\000E\000O\000R\000S\000T\000A\000C\000K\000T\000R\000A\000C\000E\000\137\000R\000E\000L\000E\000A\000S\000E}{subsection.15.11.2}% 3302
\BOOKMARK [3][-]{subsubsection.15.11.2.10}{\376\377\0001\0005\000.\0001\0001\000.\0002\000.\0001\0000\000\040\000A\000A\000X\000\137\000A\000S\000S\000E\000R\000T}{subsection.15.11.2}% 3303
\BOOKMARK [3][-]{subsubsection.15.11.2.11}{\376\377\0001\0005\000.\0001\0001\000.\0002\000.\0001\0001\000\040\000A\000A\000X\000\137\000D\000E\000B\000U\000G\000A\000S\000S\000E\000R\000T}{subsection.15.11.2}% 3304
\BOOKMARK [3][-]{subsubsection.15.11.2.12}{\376\377\0001\0005\000.\0001\0001\000.\0002\000.\0001\0002\000\040\000A\000A\000X\000\137\000T\000R\000A\000C\000E}{subsection.15.11.2}% 3305
\BOOKMARK [3][-]{subsubsection.15.11.2.13}{\376\377\0001\0005\000.\0001\0001\000.\0002\000.\0001\0003\000\040\000A\000A\000X\000\137\000S\000T\000A\000C\000K\000T\000R\000A\000C\000E}{subsection.15.11.2}% 3306
\BOOKMARK [3][-]{subsubsection.15.11.2.14}{\376\377\0001\0005\000.\0001\0001\000.\0002\000.\0001\0004\000\040\000A\000A\000X\000\137\000T\000R\000A\000C\000E\000O\000R\000S\000T\000A\000C\000K\000T\000R\000A\000C\000E}{subsection.15.11.2}% 3307
\BOOKMARK [2][-]{subsection.15.11.3}{\376\377\0001\0005\000.\0001\0001\000.\0003\000\040\000T\000y\000p\000e\000d\000e\000f\000\040\000D\000o\000c\000u\000m\000e\000n\000t\000a\000t\000i\000o\000n}{section.15.11}% 3308
\BOOKMARK [3][-]{subsubsection.15.11.3.1}{\376\377\0001\0005\000.\0001\0001\000.\0003\000.\0001\000\040\000A\000A\000X\000\137\000E\000T\000r\000a\000c\000e\000P\000r\000i\000o\000r\000i\000t\000y}{subsection.15.11.3}% 3309
\BOOKMARK [1][-]{section.15.12}{\376\377\0001\0005\000.\0001\0002\000\040\000A\000A\000X\000\137\000A\000t\000o\000m\000i\000c\000.\000h\000\040\000F\000i\000l\000e\000\040\000R\000e\000f\000e\000r\000e\000n\000c\000e}{chapter.15}% 3310
\BOOKMARK [2][-]{subsection.15.12.1}{\376\377\0001\0005\000.\0001\0002\000.\0001\000\040\000D\000e\000s\000c\000r\000i\000p\000t\000i\000o\000n}{section.15.12}% 3311
\BOOKMARK [2][-]{subsection.15.12.2}{\376\377\0001\0005\000.\0001\0002\000.\0002\000\040\000M\000a\000c\000r\000o\000\040\000D\000e\000f\000i\000n\000i\000t\000i\000o\000n\000\040\000D\000o\000c\000u\000m\000e\000n\000t\000a\000t\000i\000o\000n}{section.15.12}% 3312
\BOOKMARK [3][-]{subsubsection.15.12.2.1}{\376\377\0001\0005\000.\0001\0002\000.\0002\000.\0001\000\040\000A\000A\000X\000\137\000A\000T\000O\000M\000I\000C\000\137\000H\000\137}{subsection.15.12.2}% 3313
\BOOKMARK [2][-]{subsection.15.12.3}{\376\377\0001\0005\000.\0001\0002\000.\0003\000\040\000F\000u\000n\000c\000t\000i\000o\000n\000\040\000D\000o\000c\000u\000m\000e\000n\000t\000a\000t\000i\000o\000n}{section.15.12}% 3314
\BOOKMARK [3][-]{subsubsection.15.12.3.1}{\376\377\0001\0005\000.\0001\0002\000.\0003\000.\0001\000\040\000A\000A\000X\000\137\000A\000t\000o\000m\000i\000c\000\137\000I\000n\000c\000T\000h\000e\000n\000G\000e\000t\000\137\0003\0002\000\050\000\051}{subsection.15.12.3}% 3315
\BOOKMARK [3][-]{subsubsection.15.12.3.2}{\376\377\0001\0005\000.\0001\0002\000.\0003\000.\0002\000\040\000A\000A\000X\000\137\000A\000t\000o\000m\000i\000c\000\137\000D\000e\000c\000T\000h\000e\000n\000G\000e\000t\000\137\0003\0002\000\050\000\051}{subsection.15.12.3}% 3316
\BOOKMARK [3][-]{subsubsection.15.12.3.3}{\376\377\0001\0005\000.\0001\0002\000.\0003\000.\0003\000\040\000A\000A\000X\000\137\000A\000t\000o\000m\000i\000c\000\137\000E\000x\000c\000h\000a\000n\000g\000e\000\137\0003\0002\000\050\000\051}{subsection.15.12.3}% 3317
\BOOKMARK [1][-]{section.15.13}{\376\377\0001\0005\000.\0001\0003\000\040\000A\000A\000X\000\137\000A\000u\000x\000I\000n\000t\000e\000r\000f\000a\000c\000e\000\137\000D\000i\000r\000e\000c\000t\000D\000a\000t\000a\000.\000d\000o\000x\000y\000g\000e\000n\000\040\000F\000i\000l\000e\000\040\000R\000e\000f\000e\000r\000e\000n\000c\000e}{chapter.15}% 3318
\BOOKMARK [1][-]{section.15.14}{\376\377\0001\0005\000.\0001\0004\000\040\000A\000A\000X\000\137\000A\000u\000x\000I\000n\000t\000e\000r\000f\000a\000c\000e\000\137\000H\000o\000s\000t\000P\000r\000o\000c\000e\000s\000s\000o\000r\000.\000d\000o\000x\000y\000g\000e\000n\000\040\000F\000i\000l\000e\000\040\000R\000e\000f\000e\000r\000e\000n\000c\000e}{chapter.15}% 3319
\BOOKMARK [1][-]{section.15.15}{\376\377\0001\0005\000.\0001\0005\000\040\000A\000A\000X\000\137\000A\000u\000x\000I\000n\000t\000e\000r\000f\000a\000c\000e\000\137\000T\000a\000s\000k\000A\000g\000e\000n\000t\000.\000d\000o\000x\000y\000g\000e\000n\000\040\000F\000i\000l\000e\000\040\000R\000e\000f\000e\000r\000e\000n\000c\000e}{chapter.15}% 3320
\BOOKMARK [1][-]{section.15.16}{\376\377\0001\0005\000.\0001\0006\000\040\000A\000A\000X\000\137\000B\000u\000g\000L\000i\000s\000t\000.\000d\000o\000x\000y\000g\000e\000n\000\040\000F\000i\000l\000e\000\040\000R\000e\000f\000e\000r\000e\000n\000c\000e}{chapter.15}% 3321
\BOOKMARK [1][-]{section.15.17}{\376\377\0001\0005\000.\0001\0007\000\040\000A\000A\000X\000\137\000C\000a\000l\000l\000b\000a\000c\000k\000s\000.\000h\000\040\000F\000i\000l\000e\000\040\000R\000e\000f\000e\000r\000e\000n\000c\000e}{chapter.15}% 3322
\BOOKMARK [2][-]{subsection.15.17.1}{\376\377\0001\0005\000.\0001\0007\000.\0001\000\040\000D\000e\000s\000c\000r\000i\000p\000t\000i\000o\000n}{section.15.17}% 3323
\BOOKMARK [2][-]{subsection.15.17.2}{\376\377\0001\0005\000.\0001\0007\000.\0002\000\040\000T\000y\000p\000e\000d\000e\000f\000\040\000D\000o\000c\000u\000m\000e\000n\000t\000a\000t\000i\000o\000n}{section.15.17}% 3324
\BOOKMARK [3][-]{subsubsection.15.17.2.1}{\376\377\0001\0005\000.\0001\0007\000.\0002\000.\0001\000\040\000A\000A\000X\000C\000r\000e\000a\000t\000e\000O\000b\000j\000e\000c\000t\000P\000r\000o\000c}{subsection.15.17.2}% 3325
\BOOKMARK [3][-]{subsubsection.15.17.2.2}{\376\377\0001\0005\000.\0001\0007\000.\0002\000.\0002\000\040\000A\000A\000X\000\137\000C\000P\000r\000o\000c\000e\000s\000s\000P\000r\000o\000c}{subsection.15.17.2}% 3326
\BOOKMARK [3][-]{subsubsection.15.17.2.3}{\376\377\0001\0005\000.\0001\0007\000.\0002\000.\0003\000\040\000A\000A\000X\000\137\000C\000P\000a\000c\000k\000e\000t\000A\000l\000l\000o\000c\000a\000t\000o\000r}{subsection.15.17.2}% 3327
\BOOKMARK [3][-]{subsubsection.15.17.2.4}{\376\377\0001\0005\000.\0001\0007\000.\0002\000.\0004\000\040\000A\000A\000X\000\137\000C\000I\000n\000s\000t\000a\000n\000c\000e\000I\000n\000i\000t\000P\000r\000o\000c}{subsection.15.17.2}% 3328
\BOOKMARK [3][-]{subsubsection.15.17.2.5}{\376\377\0001\0005\000.\0001\0007\000.\0002\000.\0005\000\040\000A\000A\000X\000\137\000C\000B\000a\000c\000k\000g\000r\000o\000u\000n\000d\000P\000r\000o\000c}{subsection.15.17.2}% 3329
\BOOKMARK [3][-]{subsubsection.15.17.2.6}{\376\377\0001\0005\000.\0001\0007\000.\0002\000.\0006\000\040\000A\000A\000X\000\137\000C\000I\000n\000i\000t\000P\000r\000i\000v\000a\000t\000e\000D\000a\000t\000a\000P\000r\000o\000c}{subsection.15.17.2}% 3330
\BOOKMARK [2][-]{subsection.15.17.3}{\376\377\0001\0005\000.\0001\0007\000.\0003\000\040\000E\000n\000u\000m\000e\000r\000a\000t\000i\000o\000n\000\040\000T\000y\000p\000e\000\040\000D\000o\000c\000u\000m\000e\000n\000t\000a\000t\000i\000o\000n}{section.15.17}% 3331
\BOOKMARK [3][-]{subsubsection.15.17.3.1}{\376\377\0001\0005\000.\0001\0007\000.\0003\000.\0001\000\040\000A\000A\000X\000\137\000C\000P\000r\000o\000c\000P\000t\000r\000I\000D}{subsection.15.17.3}% 3332
\BOOKMARK [1][-]{section.15.18}{\376\377\0001\0005\000.\0001\0008\000\040\000A\000A\000X\000\137\000C\000A\000r\000r\000a\000y\000D\000a\000t\000a\000B\000u\000f\000f\000e\000r\000.\000h\000\040\000F\000i\000l\000e\000\040\000R\000e\000f\000e\000r\000e\000n\000c\000e}{chapter.15}% 3333
\BOOKMARK [2][-]{subsection.15.18.1}{\376\377\0001\0005\000.\0001\0008\000.\0001\000\040\000M\000a\000c\000r\000o\000\040\000D\000e\000f\000i\000n\000i\000t\000i\000o\000n\000\040\000D\000o\000c\000u\000m\000e\000n\000t\000a\000t\000i\000o\000n}{section.15.18}% 3334
\BOOKMARK [3][-]{subsubsection.15.18.1.1}{\376\377\0001\0005\000.\0001\0008\000.\0001\000.\0001\000\040\000A\000A\000X\000\137\000C\000A\000r\000r\000a\000y\000D\000a\000t\000a\000B\000u\000f\000f\000e\000r\000\137\000H}{subsection.15.18.1}% 3335
\BOOKMARK [1][-]{section.15.19}{\376\377\0001\0005\000.\0001\0009\000\040\000A\000A\000X\000\137\000C\000A\000t\000o\000m\000i\000c\000Q\000u\000e\000u\000e\000.\000h\000\040\000F\000i\000l\000e\000\040\000R\000e\000f\000e\000r\000e\000n\000c\000e}{chapter.15}% 3336
\BOOKMARK [2][-]{subsection.15.19.1}{\376\377\0001\0005\000.\0001\0009\000.\0001\000\040\000D\000e\000s\000c\000r\000i\000p\000t\000i\000o\000n}{section.15.19}% 3337
\BOOKMARK [1][-]{section.15.20}{\376\377\0001\0005\000.\0002\0000\000\040\000A\000A\000X\000\137\000C\000A\000u\000t\000o\000r\000e\000l\000e\000a\000s\000e\000P\000o\000o\000l\000.\000h\000\040\000F\000i\000l\000e\000\040\000R\000e\000f\000e\000r\000e\000n\000c\000e}{chapter.15}% 3338
\BOOKMARK [2][-]{subsection.15.20.1}{\376\377\0001\0005\000.\0002\0000\000.\0001\000\040\000D\000e\000s\000c\000r\000i\000p\000t\000i\000o\000n}{section.15.20}% 3339
\BOOKMARK [2][-]{subsection.15.20.2}{\376\377\0001\0005\000.\0002\0000\000.\0002\000\040\000M\000a\000c\000r\000o\000\040\000D\000e\000f\000i\000n\000i\000t\000i\000o\000n\000\040\000D\000o\000c\000u\000m\000e\000n\000t\000a\000t\000i\000o\000n}{section.15.20}% 3340
\BOOKMARK [3][-]{subsubsection.15.20.2.1}{\376\377\0001\0005\000.\0002\0000\000.\0002\000.\0001\000\040\000\137\000A\000A\000X\000\137\000C\000A\000U\000T\000O\000R\000E\000L\000E\000A\000S\000E\000P\000O\000O\000L\000\137\000H\000\137}{subsection.15.20.2}% 3341
\BOOKMARK [1][-]{section.15.21}{\376\377\0001\0005\000.\0002\0001\000\040\000A\000A\000X\000\137\000C\000B\000i\000n\000a\000r\000y\000D\000i\000s\000p\000l\000a\000y\000D\000e\000l\000e\000g\000a\000t\000e\000.\000h\000\040\000F\000i\000l\000e\000\040\000R\000e\000f\000e\000r\000e\000n\000c\000e}{chapter.15}% 3342
\BOOKMARK [2][-]{subsection.15.21.1}{\376\377\0001\0005\000.\0002\0001\000.\0001\000\040\000D\000e\000s\000c\000r\000i\000p\000t\000i\000o\000n}{section.15.21}% 3343
\BOOKMARK [1][-]{section.15.22}{\376\377\0001\0005\000.\0002\0002\000\040\000A\000A\000X\000\137\000C\000B\000i\000n\000a\000r\000y\000T\000a\000p\000e\000r\000D\000e\000l\000e\000g\000a\000t\000e\000.\000h\000\040\000F\000i\000l\000e\000\040\000R\000e\000f\000e\000r\000e\000n\000c\000e}{chapter.15}% 3344
\BOOKMARK [2][-]{subsection.15.22.1}{\376\377\0001\0005\000.\0002\0002\000.\0001\000\040\000D\000e\000s\000c\000r\000i\000p\000t\000i\000o\000n}{section.15.22}% 3345
\BOOKMARK [1][-]{section.15.23}{\376\377\0001\0005\000.\0002\0003\000\040\000A\000A\000X\000\137\000C\000C\000h\000u\000n\000k\000D\000a\000t\000a\000P\000a\000r\000s\000e\000r\000.\000h\000\040\000F\000i\000l\000e\000\040\000R\000e\000f\000e\000r\000e\000n\000c\000e}{chapter.15}% 3346
\BOOKMARK [2][-]{subsection.15.23.1}{\376\377\0001\0005\000.\0002\0003\000.\0001\000\040\000D\000e\000s\000c\000r\000i\000p\000t\000i\000o\000n}{section.15.23}% 3347
\BOOKMARK [2][-]{subsection.15.23.2}{\376\377\0001\0005\000.\0002\0003\000.\0002\000\040\000M\000a\000c\000r\000o\000\040\000D\000e\000f\000i\000n\000i\000t\000i\000o\000n\000\040\000D\000o\000c\000u\000m\000e\000n\000t\000a\000t\000i\000o\000n}{section.15.23}% 3348
\BOOKMARK [3][-]{subsubsection.15.23.2.1}{\376\377\0001\0005\000.\0002\0003\000.\0002\000.\0001\000\040\000A\000A\000X\000\137\000C\000H\000U\000N\000K\000D\000A\000T\000A\000P\000A\000R\000S\000E\000R\000\137\000H}{subsection.15.23.2}% 3349
\BOOKMARK [1][-]{section.15.24}{\376\377\0001\0005\000.\0002\0004\000\040\000A\000A\000X\000\137\000C\000D\000e\000c\000i\000b\000e\000l\000D\000i\000s\000p\000l\000a\000y\000D\000e\000l\000e\000g\000a\000t\000e\000D\000e\000c\000o\000r\000a\000t\000o\000r\000.\000h\000\040\000F\000i\000l\000e\000\040\000R\000e\000f\000e\000r\000e\000n\000c\000e}{chapter.15}% 3350
\BOOKMARK [2][-]{subsection.15.24.1}{\376\377\0001\0005\000.\0002\0004\000.\0001\000\040\000D\000e\000s\000c\000r\000i\000p\000t\000i\000o\000n}{section.15.24}% 3351
\BOOKMARK [1][-]{section.15.25}{\376\377\0001\0005\000.\0002\0005\000\040\000A\000A\000X\000\137\000C\000E\000f\000f\000e\000c\000t\000D\000i\000r\000e\000c\000t\000D\000a\000t\000a\000.\000h\000\040\000F\000i\000l\000e\000\040\000R\000e\000f\000e\000r\000e\000n\000c\000e}{chapter.15}% 3352
\BOOKMARK [2][-]{subsection.15.25.1}{\376\377\0001\0005\000.\0002\0005\000.\0001\000\040\000D\000e\000s\000c\000r\000i\000p\000t\000i\000o\000n}{section.15.25}% 3353
\BOOKMARK [2][-]{subsection.15.25.2}{\376\377\0001\0005\000.\0002\0005\000.\0002\000\040\000M\000a\000c\000r\000o\000\040\000D\000e\000f\000i\000n\000i\000t\000i\000o\000n\000\040\000D\000o\000c\000u\000m\000e\000n\000t\000a\000t\000i\000o\000n}{section.15.25}% 3354
\BOOKMARK [3][-]{subsubsection.15.25.2.1}{\376\377\0001\0005\000.\0002\0005\000.\0002\000.\0001\000\040\000A\000A\000X\000\137\000C\000E\000F\000F\000E\000C\000T\000D\000I\000R\000E\000C\000T\000D\000A\000T\000A\000\137\000H}{subsection.15.25.2}% 3355
\BOOKMARK [1][-]{section.15.26}{\376\377\0001\0005\000.\0002\0006\000\040\000A\000A\000X\000\137\000C\000E\000f\000f\000e\000c\000t\000G\000U\000I\000.\000h\000\040\000F\000i\000l\000e\000\040\000R\000e\000f\000e\000r\000e\000n\000c\000e}{chapter.15}% 3356
\BOOKMARK [2][-]{subsection.15.26.1}{\376\377\0001\0005\000.\0002\0006\000.\0001\000\040\000D\000e\000s\000c\000r\000i\000p\000t\000i\000o\000n}{section.15.26}% 3357
\BOOKMARK [1][-]{section.15.27}{\376\377\0001\0005\000.\0002\0007\000\040\000A\000A\000X\000\137\000C\000E\000f\000f\000e\000c\000t\000P\000a\000r\000a\000m\000e\000t\000e\000r\000s\000.\000h\000\040\000F\000i\000l\000e\000\040\000R\000e\000f\000e\000r\000e\000n\000c\000e}{chapter.15}% 3358
\BOOKMARK [2][-]{subsection.15.27.1}{\376\377\0001\0005\000.\0002\0007\000.\0001\000\040\000D\000e\000s\000c\000r\000i\000p\000t\000i\000o\000n}{section.15.27}% 3359
\BOOKMARK [2][-]{subsection.15.27.2}{\376\377\0001\0005\000.\0002\0007\000.\0002\000\040\000F\000u\000n\000c\000t\000i\000o\000n\000\040\000D\000o\000c\000u\000m\000e\000n\000t\000a\000t\000i\000o\000n}{section.15.27}% 3360
\BOOKMARK [3][-]{subsubsection.15.27.2.1}{\376\377\0001\0005\000.\0002\0007\000.\0002\000.\0001\000\040\000N\000o\000r\000m\000a\000l\000i\000z\000e\000d\000T\000o\000I\000n\000t\0003\0002\000\050\000\051}{subsection.15.27.2}% 3361
\BOOKMARK [3][-]{subsubsection.15.27.2.2}{\376\377\0001\0005\000.\0002\0007\000.\0002\000.\0002\000\040\000I\000n\000t\0003\0002\000T\000o\000N\000o\000r\000m\000a\000l\000i\000z\000e\000d\000\050\000\051}{subsection.15.27.2}% 3362
\BOOKMARK [3][-]{subsubsection.15.27.2.3}{\376\377\0001\0005\000.\0002\0007\000.\0002\000.\0003\000\040\000B\000o\000o\000l\000T\000o\000N\000o\000r\000m\000a\000l\000i\000z\000e\000d\000\050\000\051}{subsection.15.27.2}% 3363
\BOOKMARK [2][-]{subsection.15.27.3}{\376\377\0001\0005\000.\0002\0007\000.\0003\000\040\000V\000a\000r\000i\000a\000b\000l\000e\000\040\000D\000o\000c\000u\000m\000e\000n\000t\000a\000t\000i\000o\000n}{section.15.27}% 3364
\BOOKMARK [3][-]{subsubsection.15.27.3.1}{\376\377\0001\0005\000.\0002\0007\000.\0003\000.\0001\000\040\000c\000P\000r\000e\000v\000i\000e\000w\000I\000D}{subsection.15.27.3}% 3365
\BOOKMARK [3][-]{subsubsection.15.27.3.2}{\376\377\0001\0005\000.\0002\0007\000.\0003\000.\0002\000\040\000c\000D\000e\000f\000a\000u\000l\000t\000M\000a\000s\000t\000e\000r\000B\000y\000p\000a\000s\000s\000I\000D}{subsection.15.27.3}% 3366
\BOOKMARK [1][-]{section.15.28}{\376\377\0001\0005\000.\0002\0008\000\040\000A\000A\000X\000\137\000C\000H\000o\000s\000t\000P\000r\000o\000c\000e\000s\000s\000o\000r\000.\000h\000\040\000F\000i\000l\000e\000\040\000R\000e\000f\000e\000r\000e\000n\000c\000e}{chapter.15}% 3367
\BOOKMARK [2][-]{subsection.15.28.1}{\376\377\0001\0005\000.\0002\0008\000.\0001\000\040\000D\000e\000s\000c\000r\000i\000p\000t\000i\000o\000n}{section.15.28}% 3368
\BOOKMARK [1][-]{section.15.29}{\376\377\0001\0005\000.\0002\0009\000\040\000A\000A\000X\000\137\000C\000H\000o\000s\000t\000S\000e\000r\000v\000i\000c\000e\000s\000.\000h\000\040\000F\000i\000l\000e\000\040\000R\000e\000f\000e\000r\000e\000n\000c\000e}{chapter.15}% 3369
\BOOKMARK [2][-]{subsection.15.29.1}{\376\377\0001\0005\000.\0002\0009\000.\0001\000\040\000D\000e\000s\000c\000r\000i\000p\000t\000i\000o\000n}{section.15.29}% 3370
\BOOKMARK [1][-]{section.15.30}{\376\377\0001\0005\000.\0003\0000\000\040\000A\000A\000X\000\137\000C\000L\000i\000n\000e\000a\000r\000T\000a\000p\000e\000r\000D\000e\000l\000e\000g\000a\000t\000e\000.\000h\000\040\000F\000i\000l\000e\000\040\000R\000e\000f\000e\000r\000e\000n\000c\000e}{chapter.15}% 3371
\BOOKMARK [2][-]{subsection.15.30.1}{\376\377\0001\0005\000.\0003\0000\000.\0001\000\040\000D\000e\000s\000c\000r\000i\000p\000t\000i\000o\000n}{section.15.30}% 3372
\BOOKMARK [1][-]{section.15.31}{\376\377\0001\0005\000.\0003\0001\000\040\000A\000A\000X\000\137\000C\000L\000o\000g\000T\000a\000p\000e\000r\000D\000e\000l\000e\000g\000a\000t\000e\000.\000h\000\040\000F\000i\000l\000e\000\040\000R\000e\000f\000e\000r\000e\000n\000c\000e}{chapter.15}% 3373
\BOOKMARK [2][-]{subsection.15.31.1}{\376\377\0001\0005\000.\0003\0001\000.\0001\000\040\000D\000e\000s\000c\000r\000i\000p\000t\000i\000o\000n}{section.15.31}% 3374
\BOOKMARK [1][-]{section.15.32}{\376\377\0001\0005\000.\0003\0002\000\040\000A\000A\000X\000\137\000C\000M\000o\000n\000o\000l\000i\000t\000h\000i\000c\000P\000a\000r\000a\000m\000e\000t\000e\000r\000s\000.\000c\000p\000p\000\040\000F\000i\000l\000e\000\040\000R\000e\000f\000e\000r\000e\000n\000c\000e}{chapter.15}% 3375
\BOOKMARK [1][-]{section.15.33}{\376\377\0001\0005\000.\0003\0003\000\040\000A\000A\000X\000\137\000C\000M\000o\000n\000o\000l\000i\000t\000h\000i\000c\000P\000a\000r\000a\000m\000e\000t\000e\000r\000s\000.\000h\000\040\000F\000i\000l\000e\000\040\000R\000e\000f\000e\000r\000e\000n\000c\000e}{chapter.15}% 3376
\BOOKMARK [2][-]{subsection.15.33.1}{\376\377\0001\0005\000.\0003\0003\000.\0001\000\040\000D\000e\000s\000c\000r\000i\000p\000t\000i\000o\000n}{section.15.33}% 3377
\BOOKMARK [2][-]{subsection.15.33.2}{\376\377\0001\0005\000.\0003\0003\000.\0002\000\040\000M\000a\000c\000r\000o\000\040\000D\000e\000f\000i\000n\000i\000t\000i\000o\000n\000\040\000D\000o\000c\000u\000m\000e\000n\000t\000a\000t\000i\000o\000n}{section.15.33}% 3378
\BOOKMARK [3][-]{subsubsection.15.33.2.1}{\376\377\0001\0005\000.\0003\0003\000.\0002\000.\0001\000\040\000k\000M\000a\000x\000A\000d\000d\000i\000t\000i\000o\000n\000a\000l\000M\000I\000D\000I\000N\000o\000d\000e\000s}{subsection.15.33.2}% 3379
\BOOKMARK [3][-]{subsubsection.15.33.2.2}{\376\377\0001\0005\000.\0003\0003\000.\0002\000.\0002\000\040\000k\000M\000a\000x\000A\000u\000x\000O\000u\000t\000p\000u\000t\000S\000t\000e\000m\000s}{subsection.15.33.2}% 3380
\BOOKMARK [3][-]{subsubsection.15.33.2.3}{\376\377\0001\0005\000.\0003\0003\000.\0002\000.\0003\000\040\000k\000S\000y\000n\000c\000h\000r\000o\000n\000i\000z\000e\000d\000P\000a\000r\000a\000m\000e\000t\000e\000r\000Q\000u\000e\000u\000e\000S\000i\000z\000e}{subsection.15.33.2}% 3381
\BOOKMARK [1][-]{section.15.34}{\376\377\0001\0005\000.\0003\0004\000\040\000A\000A\000X\000\137\000C\000M\000u\000t\000e\000x\000.\000h\000\040\000F\000i\000l\000e\000\040\000R\000e\000f\000e\000r\000e\000n\000c\000e}{chapter.15}% 3382
\BOOKMARK [2][-]{subsection.15.34.1}{\376\377\0001\0005\000.\0003\0004\000.\0001\000\040\000D\000e\000s\000c\000r\000i\000p\000t\000i\000o\000n}{section.15.34}% 3383
\BOOKMARK [1][-]{section.15.35}{\376\377\0001\0005\000.\0003\0005\000\040\000A\000A\000X\000\137\000C\000N\000u\000m\000b\000e\000r\000D\000i\000s\000p\000l\000a\000y\000D\000e\000l\000e\000g\000a\000t\000e\000.\000h\000\040\000F\000i\000l\000e\000\040\000R\000e\000f\000e\000r\000e\000n\000c\000e}{chapter.15}% 3384
\BOOKMARK [2][-]{subsection.15.35.1}{\376\377\0001\0005\000.\0003\0005\000.\0001\000\040\000D\000e\000s\000c\000r\000i\000p\000t\000i\000o\000n}{section.15.35}% 3385
\BOOKMARK [1][-]{section.15.36}{\376\377\0001\0005\000.\0003\0006\000\040\000A\000A\000X\000\137\000C\000o\000m\000m\000o\000n\000C\000o\000n\000v\000e\000r\000s\000i\000o\000n\000s\000.\000h\000\040\000F\000i\000l\000e\000\040\000R\000e\000f\000e\000r\000e\000n\000c\000e}{chapter.15}% 3386
\BOOKMARK [2][-]{subsection.15.36.1}{\376\377\0001\0005\000.\0003\0006\000.\0001\000\040\000F\000u\000n\000c\000t\000i\000o\000n\000\040\000D\000o\000c\000u\000m\000e\000n\000t\000a\000t\000i\000o\000n}{section.15.36}% 3387
\BOOKMARK [3][-]{subsubsection.15.36.1.1}{\376\377\0001\0005\000.\0003\0006\000.\0001\000.\0001\000\040\000G\000a\000i\000n\000T\000o\000D\000B\000\050\000\051}{subsection.15.36.1}% 3388
\BOOKMARK [3][-]{subsubsection.15.36.1.2}{\376\377\0001\0005\000.\0003\0006\000.\0001\000.\0002\000\040\000D\000B\000T\000o\000G\000a\000i\000n\000\050\000\051}{subsection.15.36.1}% 3389
\BOOKMARK [3][-]{subsubsection.15.36.1.3}{\376\377\0001\0005\000.\0003\0006\000.\0001\000.\0003\000\040\000L\000o\000n\000g\000T\000o\000D\000o\000u\000b\000l\000e\000\050\000\051}{subsection.15.36.1}% 3390
\BOOKMARK [3][-]{subsubsection.15.36.1.4}{\376\377\0001\0005\000.\0003\0006\000.\0001\000.\0004\000\040\000D\000o\000u\000b\000l\000e\000T\000o\000L\000o\000n\000g\000\050\000\051}{subsection.15.36.1}% 3391
\BOOKMARK [3][-]{subsubsection.15.36.1.5}{\376\377\0001\0005\000.\0003\0006\000.\0001\000.\0005\000\040\000D\000o\000u\000b\000l\000e\000T\000o\000D\000S\000P\000C\000o\000e\000f\000\050\000\051}{subsection.15.36.1}% 3392
\BOOKMARK [3][-]{subsubsection.15.36.1.6}{\376\377\0001\0005\000.\0003\0006\000.\0001\000.\0006\000\040\000D\000S\000P\000C\000o\000e\000f\000T\000o\000D\000o\000u\000b\000l\000e\000\050\000\051}{subsection.15.36.1}% 3393
\BOOKMARK [3][-]{subsubsection.15.36.1.7}{\376\377\0001\0005\000.\0003\0006\000.\0001\000.\0007\000\040\000T\000h\000i\000r\000t\000y\000T\000w\000o\000B\000i\000t\000D\000S\000P\000C\000o\000e\000f\000T\000o\000D\000o\000u\000b\000l\000e\000\050\000\051}{subsection.15.36.1}% 3394
\BOOKMARK [3][-]{subsubsection.15.36.1.8}{\376\377\0001\0005\000.\0003\0006\000.\0001\000.\0008\000\040\000D\000o\000u\000b\000l\000e\000T\000o\0003\0002\000B\000i\000t\000D\000S\000P\000C\000o\000e\000f\000R\000n\000d\000\050\000\051}{subsection.15.36.1}% 3395
\BOOKMARK [3][-]{subsubsection.15.36.1.9}{\376\377\0001\0005\000.\0003\0006\000.\0001\000.\0009\000\040\000D\000o\000u\000b\000l\000e\000T\000o\0003\0002\000B\000i\000t\000D\000S\000P\000C\000o\000e\000f\000\050\000\051}{subsection.15.36.1}% 3396
\BOOKMARK [3][-]{subsubsection.15.36.1.10}{\376\377\0001\0005\000.\0003\0006\000.\0001\000.\0001\0000\000\040\000D\000o\000u\000b\000l\000e\000T\000o\000D\000S\000P\000C\000o\000e\000f\000R\000n\000d\000\050\000\051}{subsection.15.36.1}% 3397
\BOOKMARK [2][-]{subsection.15.36.2}{\376\377\0001\0005\000.\0003\0006\000.\0002\000\040\000V\000a\000r\000i\000a\000b\000l\000e\000\040\000D\000o\000c\000u\000m\000e\000n\000t\000a\000t\000i\000o\000n}{section.15.36}% 3398
\BOOKMARK [3][-]{subsubsection.15.36.2.1}{\376\377\0001\0005\000.\0003\0006\000.\0002\000.\0001\000\040\000k\0003\0002\000B\000i\000t\000P\000o\000s\000M\000a\000x}{subsection.15.36.2}% 3399
\BOOKMARK [3][-]{subsubsection.15.36.2.2}{\376\377\0001\0005\000.\0003\0006\000.\0002\000.\0002\000\040\000k\0003\0002\000B\000i\000t\000A\000b\000s\000M\000a\000x}{subsection.15.36.2}% 3400
\BOOKMARK [3][-]{subsubsection.15.36.2.3}{\376\377\0001\0005\000.\0003\0006\000.\0002\000.\0003\000\040\000k\0003\0002\000B\000i\000t\000N\000e\000g\000M\000a\000x}{subsection.15.36.2}% 3401
\BOOKMARK [3][-]{subsubsection.15.36.2.4}{\376\377\0001\0005\000.\0003\0006\000.\0002\000.\0004\000\040\000k\0005\0006\000k\000F\000r\000a\000c\000P\000o\000s\000M\000a\000x}{subsection.15.36.2}% 3402
\BOOKMARK [3][-]{subsubsection.15.36.2.5}{\376\377\0001\0005\000.\0003\0006\000.\0002\000.\0005\000\040\000k\0005\0006\000k\000F\000r\000a\000c\000A\000b\000s\000M\000a\000x}{subsection.15.36.2}% 3403
\BOOKMARK [3][-]{subsubsection.15.36.2.6}{\376\377\0001\0005\000.\0003\0006\000.\0002\000.\0006\000\040\000k\0005\0006\000k\000F\000r\000a\000c\000H\000a\000l\000f}{subsection.15.36.2}% 3404
\BOOKMARK [3][-]{subsubsection.15.36.2.7}{\376\377\0001\0005\000.\0003\0006\000.\0002\000.\0007\000\040\000k\0005\0006\000k\000F\000r\000a\000c\000N\000e\000g\000O\000n\000e}{subsection.15.36.2}% 3405
\BOOKMARK [3][-]{subsubsection.15.36.2.8}{\376\377\0001\0005\000.\0003\0006\000.\0002\000.\0008\000\040\000k\0005\0006\000k\000F\000r\000a\000c\000N\000e\000g\000M\000a\000x}{subsection.15.36.2}% 3406
\BOOKMARK [3][-]{subsubsection.15.36.2.9}{\376\377\0001\0005\000.\0003\0006\000.\0002\000.\0009\000\040\000k\0005\0006\000k\000F\000r\000a\000c\000Z\000e\000r\000o}{subsection.15.36.2}% 3407
\BOOKMARK [3][-]{subsubsection.15.36.2.10}{\376\377\0001\0005\000.\0003\0006\000.\0002\000.\0001\0000\000\040\000k\000O\000n\000e\000O\000v\000e\000r\0005\0006\000k\000F\000r\000a\000c\000A\000b\000s\000M\000a\000x}{subsection.15.36.2}% 3408
\BOOKMARK [3][-]{subsubsection.15.36.2.11}{\376\377\0001\0005\000.\0003\0006\000.\0002\000.\0001\0001\000\040\000k\0005\0006\000k\000F\000l\000o\000a\000t\000P\000o\000s\000M\000a\000x}{subsection.15.36.2}% 3409
\BOOKMARK [3][-]{subsubsection.15.36.2.12}{\376\377\0001\0005\000.\0003\0006\000.\0002\000.\0001\0002\000\040\000k\0005\0006\000k\000F\000l\000o\000a\000t\000N\000e\000g\000M\000a\000x}{subsection.15.36.2}% 3410
\BOOKMARK [3][-]{subsubsection.15.36.2.13}{\376\377\0001\0005\000.\0003\0006\000.\0002\000.\0001\0003\000\040\000k\000N\000e\000g\0001\0004\0004\000D\000B}{subsection.15.36.2}% 3411
\BOOKMARK [3][-]{subsubsection.15.36.2.14}{\376\377\0001\0005\000.\0003\0006\000.\0002\000.\0001\0004\000\040\000k\000N\000e\000g\0001\0004\0004\000G\000a\000i\000n}{subsection.15.36.2}% 3412
\BOOKMARK [1][-]{section.15.37}{\376\377\0001\0005\000.\0003\0007\000\040\000A\000A\000X\000\137\000C\000o\000m\000m\000o\000n\000I\000n\000t\000e\000r\000f\000a\000c\000e\000\137\000A\000l\000g\000o\000r\000i\000t\000h\000m\000.\000d\000o\000x\000y\000g\000e\000n\000\040\000F\000i\000l\000e\000\040\000R\000e\000f\000e\000r\000e\000n\000c\000e}{chapter.15}% 3413
\BOOKMARK [1][-]{section.15.38}{\376\377\0001\0005\000.\0003\0008\000\040\000A\000A\000X\000\137\000C\000o\000m\000m\000o\000n\000I\000n\000t\000e\000r\000f\000a\000c\000e\000\137\000C\000o\000m\000m\000u\000n\000i\000c\000a\000t\000i\000o\000n\000.\000d\000o\000x\000y\000g\000e\000n\000\040\000F\000i\000l\000e\000\040\000R\000e\000f\000e\000r\000e\000n\000c\000e}{chapter.15}% 3414
\BOOKMARK [1][-]{section.15.39}{\376\377\0001\0005\000.\0003\0009\000\040\000A\000A\000X\000\137\000C\000o\000m\000m\000o\000n\000I\000n\000t\000e\000r\000f\000a\000c\000e\000\137\000D\000a\000t\000a\000M\000o\000d\000e\000l\000.\000d\000o\000x\000y\000g\000e\000n\000\040\000F\000i\000l\000e\000\040\000R\000e\000f\000e\000r\000e\000n\000c\000e}{chapter.15}% 3415
\BOOKMARK [1][-]{section.15.40}{\376\377\0001\0005\000.\0004\0000\000\040\000A\000A\000X\000\137\000C\000o\000m\000m\000o\000n\000I\000n\000t\000e\000r\000f\000a\000c\000e\000\137\000D\000e\000s\000c\000r\000i\000b\000e\000.\000d\000o\000x\000y\000g\000e\000n\000\040\000F\000i\000l\000e\000\040\000R\000e\000f\000e\000r\000e\000n\000c\000e}{chapter.15}% 3416
\BOOKMARK [1][-]{section.15.41}{\376\377\0001\0005\000.\0004\0001\000\040\000A\000A\000X\000\137\000C\000o\000m\000m\000o\000n\000I\000n\000t\000e\000r\000f\000a\000c\000e\000\137\000F\000o\000r\000m\000a\000t\000S\000p\000e\000c\000i\000f\000i\000c\000a\000t\000i\000o\000n\000.\000d\000o\000x\000y\000g\000e\000n\000\040\000F\000i\000l\000e\000\040\000R\000e\000f\000e\000r\000e\000n\000c\000e}{chapter.15}% 3417
\BOOKMARK [1][-]{section.15.42}{\376\377\0001\0005\000.\0004\0002\000\040\000A\000A\000X\000\137\000C\000o\000m\000m\000o\000n\000I\000n\000t\000e\000r\000f\000a\000c\000e\000\137\000G\000U\000I\000.\000d\000o\000x\000y\000g\000e\000n\000\040\000F\000i\000l\000e\000\040\000R\000e\000f\000e\000r\000e\000n\000c\000e}{chapter.15}% 3418
\BOOKMARK [1][-]{section.15.43}{\376\377\0001\0005\000.\0004\0003\000\040\000A\000A\000X\000\137\000C\000o\000n\000s\000t\000a\000n\000t\000s\000.\000h\000\040\000F\000i\000l\000e\000\040\000R\000e\000f\000e\000r\000e\000n\000c\000e}{chapter.15}% 3419
\BOOKMARK [2][-]{subsection.15.43.1}{\376\377\0001\0005\000.\0004\0003\000.\0001\000\040\000D\000e\000s\000c\000r\000i\000p\000t\000i\000o\000n}{section.15.43}% 3420
\BOOKMARK [2][-]{subsection.15.43.2}{\376\377\0001\0005\000.\0004\0003\000.\0002\000\040\000M\000a\000c\000r\000o\000\040\000D\000e\000f\000i\000n\000i\000t\000i\000o\000n\000\040\000D\000o\000c\000u\000m\000e\000n\000t\000a\000t\000i\000o\000n}{section.15.43}% 3421
\BOOKMARK [3][-]{subsubsection.15.43.2.1}{\376\377\0001\0005\000.\0004\0003\000.\0002\000.\0001\000\040\000A\000A\000X\000\137\000C\000O\000N\000S\000T\000A\000N\000T\000S\000\137\000H}{subsection.15.43.2}% 3422
\BOOKMARK [1][-]{section.15.44}{\376\377\0001\0005\000.\0004\0004\000\040\000A\000A\000X\000\137\000C\000P\000a\000c\000k\000e\000t\000D\000i\000s\000p\000a\000t\000c\000h\000e\000r\000.\000h\000\040\000F\000i\000l\000e\000\040\000R\000e\000f\000e\000r\000e\000n\000c\000e}{chapter.15}% 3423
\BOOKMARK [2][-]{subsection.15.44.1}{\376\377\0001\0005\000.\0004\0004\000.\0001\000\040\000D\000e\000s\000c\000r\000i\000p\000t\000i\000o\000n}{section.15.44}% 3424
\BOOKMARK [1][-]{section.15.45}{\376\377\0001\0005\000.\0004\0005\000\040\000A\000A\000X\000\137\000C\000P\000a\000r\000a\000m\000e\000t\000e\000r\000.\000h\000\040\000F\000i\000l\000e\000\040\000R\000e\000f\000e\000r\000e\000n\000c\000e}{chapter.15}% 3425
\BOOKMARK [2][-]{subsection.15.45.1}{\376\377\0001\0005\000.\0004\0005\000.\0001\000\040\000D\000e\000s\000c\000r\000i\000p\000t\000i\000o\000n}{section.15.45}% 3426
\BOOKMARK [1][-]{section.15.46}{\376\377\0001\0005\000.\0004\0006\000\040\000A\000A\000X\000\137\000C\000P\000a\000r\000a\000m\000e\000t\000e\000r\000M\000a\000n\000a\000g\000e\000r\000.\000h\000\040\000F\000i\000l\000e\000\040\000R\000e\000f\000e\000r\000e\000n\000c\000e}{chapter.15}% 3427
\BOOKMARK [2][-]{subsection.15.46.1}{\376\377\0001\0005\000.\0004\0006\000.\0001\000\040\000D\000e\000s\000c\000r\000i\000p\000t\000i\000o\000n}{section.15.46}% 3428
\BOOKMARK [1][-]{section.15.47}{\376\377\0001\0005\000.\0004\0007\000\040\000A\000A\000X\000\137\000C\000P\000e\000r\000c\000e\000n\000t\000D\000i\000s\000p\000l\000a\000y\000D\000e\000l\000e\000g\000a\000t\000e\000D\000e\000c\000o\000r\000a\000t\000o\000r\000.\000h\000\040\000F\000i\000l\000e\000\040\000R\000e\000f\000e\000r\000e\000n\000c\000e}{chapter.15}% 3429
\BOOKMARK [2][-]{subsection.15.47.1}{\376\377\0001\0005\000.\0004\0007\000.\0001\000\040\000D\000e\000s\000c\000r\000i\000p\000t\000i\000o\000n}{section.15.47}% 3430
\BOOKMARK [2][-]{subsection.15.47.2}{\376\377\0001\0005\000.\0004\0007\000.\0002\000\040\000M\000a\000c\000r\000o\000\040\000D\000e\000f\000i\000n\000i\000t\000i\000o\000n\000\040\000D\000o\000c\000u\000m\000e\000n\000t\000a\000t\000i\000o\000n}{section.15.47}% 3431
\BOOKMARK [3][-]{subsubsection.15.47.2.1}{\376\377\0001\0005\000.\0004\0007\000.\0002\000.\0001\000\040\000A\000A\000X\000\137\000C\000P\000E\000R\000C\000E\000N\000T\000D\000I\000S\000P\000L\000A\000Y\000D\000E\000L\000E\000G\000A\000T\000E\000D\000E\000C\000O\000R\000A\000T\000O\000R\000\137\000H}{subsection.15.47.2}% 3432
\BOOKMARK [1][-]{section.15.48}{\376\377\0001\0005\000.\0004\0008\000\040\000A\000A\000X\000\137\000C\000P\000i\000e\000c\000e\000W\000i\000s\000e\000L\000i\000n\000e\000a\000r\000T\000a\000p\000e\000r\000D\000e\000l\000e\000g\000a\000t\000e\000.\000h\000\040\000F\000i\000l\000e\000\040\000R\000e\000f\000e\000r\000e\000n\000c\000e}{chapter.15}% 3433
\BOOKMARK [2][-]{subsection.15.48.1}{\376\377\0001\0005\000.\0004\0008\000.\0001\000\040\000D\000e\000s\000c\000r\000i\000p\000t\000i\000o\000n}{section.15.48}% 3434
\BOOKMARK [1][-]{section.15.49}{\376\377\0001\0005\000.\0004\0009\000\040\000A\000A\000X\000\137\000C\000R\000a\000n\000g\000e\000T\000a\000p\000e\000r\000D\000e\000l\000e\000g\000a\000t\000e\000.\000h\000\040\000F\000i\000l\000e\000\040\000R\000e\000f\000e\000r\000e\000n\000c\000e}{chapter.15}% 3435
\BOOKMARK [2][-]{subsection.15.49.1}{\376\377\0001\0005\000.\0004\0009\000.\0001\000\040\000D\000e\000s\000c\000r\000i\000p\000t\000i\000o\000n}{section.15.49}% 3436
\BOOKMARK [1][-]{section.15.50}{\376\377\0001\0005\000.\0005\0000\000\040\000A\000A\000X\000\137\000C\000S\000e\000s\000s\000i\000o\000n\000D\000o\000c\000u\000m\000e\000n\000t\000C\000l\000i\000e\000n\000t\000.\000h\000\040\000F\000i\000l\000e\000\040\000R\000e\000f\000e\000r\000e\000n\000c\000e}{chapter.15}% 3437
\BOOKMARK [2][-]{subsection.15.50.1}{\376\377\0001\0005\000.\0005\0000\000.\0001\000\040\000M\000a\000c\000r\000o\000\040\000D\000e\000f\000i\000n\000i\000t\000i\000o\000n\000\040\000D\000o\000c\000u\000m\000e\000n\000t\000a\000t\000i\000o\000n}{section.15.50}% 3438
\BOOKMARK [3][-]{subsubsection.15.50.1.1}{\376\377\0001\0005\000.\0005\0000\000.\0001\000.\0001\000\040\000A\000A\000X\000\137\000C\000S\000e\000s\000s\000i\000o\000n\000D\000o\000c\000u\000m\000e\000n\000t\000C\000l\000i\000e\000n\000t\000\137\000H}{subsection.15.50.1}% 3439
\BOOKMARK [1][-]{section.15.51}{\376\377\0001\0005\000.\0005\0001\000\040\000A\000A\000X\000\137\000C\000S\000t\000a\000t\000e\000D\000i\000s\000p\000l\000a\000y\000D\000e\000l\000e\000g\000a\000t\000e\000.\000h\000\040\000F\000i\000l\000e\000\040\000R\000e\000f\000e\000r\000e\000n\000c\000e}{chapter.15}% 3440
\BOOKMARK [2][-]{subsection.15.51.1}{\376\377\0001\0005\000.\0005\0001\000.\0001\000\040\000D\000e\000s\000c\000r\000i\000p\000t\000i\000o\000n}{section.15.51}% 3441
\BOOKMARK [1][-]{section.15.52}{\376\377\0001\0005\000.\0005\0002\000\040\000A\000A\000X\000\137\000C\000S\000t\000a\000t\000e\000T\000a\000p\000e\000r\000D\000e\000l\000e\000g\000a\000t\000e\000.\000h\000\040\000F\000i\000l\000e\000\040\000R\000e\000f\000e\000r\000e\000n\000c\000e}{chapter.15}% 3442
\BOOKMARK [2][-]{subsection.15.52.1}{\376\377\0001\0005\000.\0005\0002\000.\0001\000\040\000D\000e\000s\000c\000r\000i\000p\000t\000i\000o\000n}{section.15.52}% 3443
\BOOKMARK [1][-]{section.15.53}{\376\377\0001\0005\000.\0005\0003\000\040\000A\000A\000X\000\137\000C\000S\000t\000r\000i\000n\000g\000.\000h\000\040\000F\000i\000l\000e\000\040\000R\000e\000f\000e\000r\000e\000n\000c\000e}{chapter.15}% 3444
\BOOKMARK [2][-]{subsection.15.53.1}{\376\377\0001\0005\000.\0005\0003\000.\0001\000\040\000D\000e\000s\000c\000r\000i\000p\000t\000i\000o\000n}{section.15.53}% 3445
\BOOKMARK [2][-]{subsection.15.53.2}{\376\377\0001\0005\000.\0005\0003\000.\0002\000\040\000M\000a\000c\000r\000o\000\040\000D\000e\000f\000i\000n\000i\000t\000i\000o\000n\000\040\000D\000o\000c\000u\000m\000e\000n\000t\000a\000t\000i\000o\000n}{section.15.53}% 3446
\BOOKMARK [3][-]{subsubsection.15.53.2.1}{\376\377\0001\0005\000.\0005\0003\000.\0002\000.\0001\000\040\000A\000A\000X\000\137\000C\000S\000T\000R\000I\000N\000G\000\137\000H}{subsection.15.53.2}% 3447
\BOOKMARK [2][-]{subsection.15.53.3}{\376\377\0001\0005\000.\0005\0003\000.\0003\000\040\000F\000u\000n\000c\000t\000i\000o\000n\000\040\000D\000o\000c\000u\000m\000e\000n\000t\000a\000t\000i\000o\000n}{section.15.53}% 3448
\BOOKMARK [3][-]{subsubsection.15.53.3.1}{\376\377\0001\0005\000.\0005\0003\000.\0003\000.\0001\000\040\000o\000p\000e\000r\000a\000t\000o\000r\000+\000\050\000\051\000\040\000[\0001\000/\0003\000]}{subsection.15.53.3}% 3449
\BOOKMARK [3][-]{subsubsection.15.53.3.2}{\376\377\0001\0005\000.\0005\0003\000.\0003\000.\0002\000\040\000o\000p\000e\000r\000a\000t\000o\000r\000+\000\050\000\051\000\040\000[\0002\000/\0003\000]}{subsection.15.53.3}% 3450
\BOOKMARK [3][-]{subsubsection.15.53.3.3}{\376\377\0001\0005\000.\0005\0003\000.\0003\000.\0003\000\040\000o\000p\000e\000r\000a\000t\000o\000r\000+\000\050\000\051\000\040\000[\0003\000/\0003\000]}{subsection.15.53.3}% 3451
\BOOKMARK [1][-]{section.15.54}{\376\377\0001\0005\000.\0005\0004\000\040\000A\000A\000X\000\137\000C\000S\000t\000r\000i\000n\000g\000D\000a\000t\000a\000B\000u\000f\000f\000e\000r\000.\000h\000\040\000F\000i\000l\000e\000\040\000R\000e\000f\000e\000r\000e\000n\000c\000e}{chapter.15}% 3452
\BOOKMARK [2][-]{subsection.15.54.1}{\376\377\0001\0005\000.\0005\0004\000.\0001\000\040\000M\000a\000c\000r\000o\000\040\000D\000e\000f\000i\000n\000i\000t\000i\000o\000n\000\040\000D\000o\000c\000u\000m\000e\000n\000t\000a\000t\000i\000o\000n}{section.15.54}% 3453
\BOOKMARK [3][-]{subsubsection.15.54.1.1}{\376\377\0001\0005\000.\0005\0004\000.\0001\000.\0001\000\040\000A\000A\000X\000\137\000C\000S\000t\000r\000i\000n\000g\000D\000a\000t\000a\000B\000u\000f\000f\000e\000r\000\137\000H}{subsection.15.54.1}% 3454
\BOOKMARK [1][-]{section.15.55}{\376\377\0001\0005\000.\0005\0005\000\040\000A\000A\000X\000\137\000C\000S\000t\000r\000i\000n\000g\000D\000i\000s\000p\000l\000a\000y\000D\000e\000l\000e\000g\000a\000t\000e\000.\000h\000\040\000F\000i\000l\000e\000\040\000R\000e\000f\000e\000r\000e\000n\000c\000e}{chapter.15}% 3455
\BOOKMARK [2][-]{subsection.15.55.1}{\376\377\0001\0005\000.\0005\0005\000.\0001\000\040\000D\000e\000s\000c\000r\000i\000p\000t\000i\000o\000n}{section.15.55}% 3456
\BOOKMARK [1][-]{section.15.56}{\376\377\0001\0005\000.\0005\0006\000\040\000A\000A\000X\000\137\000C\000T\000a\000s\000k\000.\000h\000\040\000F\000i\000l\000e\000\040\000R\000e\000f\000e\000r\000e\000n\000c\000e}{chapter.15}% 3457
\BOOKMARK [2][-]{subsection.15.56.1}{\376\377\0001\0005\000.\0005\0006\000.\0001\000\040\000D\000e\000s\000c\000r\000i\000p\000t\000i\000o\000n}{section.15.56}% 3458
\BOOKMARK [2][-]{subsection.15.56.2}{\376\377\0001\0005\000.\0005\0006\000.\0002\000\040\000M\000a\000c\000r\000o\000\040\000D\000e\000f\000i\000n\000i\000t\000i\000o\000n\000\040\000D\000o\000c\000u\000m\000e\000n\000t\000a\000t\000i\000o\000n}{section.15.56}% 3459
\BOOKMARK [3][-]{subsubsection.15.56.2.1}{\376\377\0001\0005\000.\0005\0006\000.\0002\000.\0001\000\040\000A\000A\000X\000\137\000C\000T\000a\000s\000k\000\137\000H}{subsection.15.56.2}% 3460
\BOOKMARK [1][-]{section.15.57}{\376\377\0001\0005\000.\0005\0007\000\040\000A\000A\000X\000\137\000C\000T\000a\000s\000k\000A\000g\000e\000n\000t\000.\000h\000\040\000F\000i\000l\000e\000\040\000R\000e\000f\000e\000r\000e\000n\000c\000e}{chapter.15}% 3461
\BOOKMARK [2][-]{subsection.15.57.1}{\376\377\0001\0005\000.\0005\0007\000.\0001\000\040\000D\000e\000s\000c\000r\000i\000p\000t\000i\000o\000n}{section.15.57}% 3462
\BOOKMARK [1][-]{section.15.58}{\376\377\0001\0005\000.\0005\0008\000\040\000A\000A\000X\000\137\000C\000U\000n\000i\000t\000D\000i\000s\000p\000l\000a\000y\000D\000e\000l\000e\000g\000a\000t\000e\000D\000e\000c\000o\000r\000a\000t\000o\000r\000.\000h\000\040\000F\000i\000l\000e\000\040\000R\000e\000f\000e\000r\000e\000n\000c\000e}{chapter.15}% 3463
\BOOKMARK [2][-]{subsection.15.58.1}{\376\377\0001\0005\000.\0005\0008\000.\0001\000\040\000D\000e\000s\000c\000r\000i\000p\000t\000i\000o\000n}{section.15.58}% 3464
\BOOKMARK [1][-]{section.15.59}{\376\377\0001\0005\000.\0005\0009\000\040\000A\000A\000X\000\137\000C\000U\000n\000i\000t\000P\000r\000e\000f\000i\000x\000D\000i\000s\000p\000l\000a\000y\000D\000e\000l\000e\000g\000a\000t\000e\000D\000e\000c\000o\000r\000a\000t\000o\000r\000.\000h\000\040\000F\000i\000l\000e\000\040\000R\000e\000f\000e\000r\000e\000n\000c\000e}{chapter.15}% 3465
\BOOKMARK [2][-]{subsection.15.59.1}{\376\377\0001\0005\000.\0005\0009\000.\0001\000\040\000D\000e\000s\000c\000r\000i\000p\000t\000i\000o\000n}{section.15.59}% 3466
\BOOKMARK [1][-]{section.15.60}{\376\377\0001\0005\000.\0006\0000\000\040\000A\000A\000X\000\137\000D\000e\000n\000o\000r\000m\000a\000l\000.\000h\000\040\000F\000i\000l\000e\000\040\000R\000e\000f\000e\000r\000e\000n\000c\000e}{chapter.15}% 3467
\BOOKMARK [2][-]{subsection.15.60.1}{\376\377\0001\0005\000.\0006\0000\000.\0001\000\040\000D\000e\000s\000c\000r\000i\000p\000t\000i\000o\000n}{section.15.60}% 3468
\BOOKMARK [2][-]{subsection.15.60.2}{\376\377\0001\0005\000.\0006\0000\000.\0002\000\040\000M\000a\000c\000r\000o\000\040\000D\000e\000f\000i\000n\000i\000t\000i\000o\000n\000\040\000D\000o\000c\000u\000m\000e\000n\000t\000a\000t\000i\000o\000n}{section.15.60}% 3469
\BOOKMARK [3][-]{subsubsection.15.60.2.1}{\376\377\0001\0005\000.\0006\0000\000.\0002\000.\0001\000\040\000A\000A\000X\000\137\000D\000E\000N\000O\000R\000M\000A\000L\000\137\000H}{subsection.15.60.2}% 3470
\BOOKMARK [3][-]{subsubsection.15.60.2.2}{\376\377\0001\0005\000.\0006\0000\000.\0002\000.\0002\000\040\000A\000A\000X\000\137\000S\000C\000O\000P\000E\000\137\000C\000O\000M\000P\000U\000T\000E\000\137\000D\000E\000N\000O\000R\000M\000A\000L\000S}{subsection.15.60.2}% 3471
\BOOKMARK [3][-]{subsubsection.15.60.2.3}{\376\377\0001\0005\000.\0006\0000\000.\0002\000.\0003\000\040\000A\000A\000X\000\137\000S\000C\000O\000P\000E\000\137\000D\000E\000N\000O\000R\000M\000A\000L\000S\000\137\000A\000S\000\137\000Z\000E\000R\000O}{subsection.15.60.2}% 3472
\BOOKMARK [1][-]{section.15.61}{\376\377\0001\0005\000.\0006\0001\000\040\000A\000A\000X\000\137\000D\000i\000g\000i\000T\000r\000a\000c\000e\000\137\000G\000u\000i\000d\000e\000.\000d\000o\000x\000y\000g\000e\000n\000\040\000F\000i\000l\000e\000\040\000R\000e\000f\000e\000r\000e\000n\000c\000e}{chapter.15}% 3473
\BOOKMARK [1][-]{section.15.62}{\376\377\0001\0005\000.\0006\0002\000\040\000A\000A\000X\000\137\000D\000i\000s\000t\000r\000i\000b\000u\000t\000i\000n\000g\000Y\000o\000u\000r\000P\000l\000u\000g\000I\000n\000.\000d\000o\000x\000y\000g\000e\000n\000\040\000F\000i\000l\000e\000\040\000R\000e\000f\000e\000r\000e\000n\000c\000e}{chapter.15}% 3474
\BOOKMARK [1][-]{section.15.63}{\376\377\0001\0005\000.\0006\0003\000\040\000A\000A\000X\000\137\000D\000o\000c\000s\000D\000i\000r\000e\000c\000t\000o\000r\000y\000.\000d\000o\000x\000y\000g\000e\000n\000\040\000F\000i\000l\000e\000\040\000R\000e\000f\000e\000r\000e\000n\000c\000e}{chapter.15}% 3475
\BOOKMARK [1][-]{section.15.64}{\376\377\0001\0005\000.\0006\0004\000\040\000A\000A\000X\000\137\000E\000n\000d\000i\000a\000n\000S\000w\000a\000p\000.\000h\000\040\000F\000i\000l\000e\000\040\000R\000e\000f\000e\000r\000e\000n\000c\000e}{chapter.15}% 3476
\BOOKMARK [2][-]{subsection.15.64.1}{\376\377\0001\0005\000.\0006\0004\000.\0001\000\040\000D\000e\000s\000c\000r\000i\000p\000t\000i\000o\000n}{section.15.64}% 3477
\BOOKMARK [2][-]{subsection.15.64.2}{\376\377\0001\0005\000.\0006\0004\000.\0002\000\040\000M\000a\000c\000r\000o\000\040\000D\000e\000f\000i\000n\000i\000t\000i\000o\000n\000\040\000D\000o\000c\000u\000m\000e\000n\000t\000a\000t\000i\000o\000n}{section.15.64}% 3478
\BOOKMARK [3][-]{subsubsection.15.64.2.1}{\376\377\0001\0005\000.\0006\0004\000.\0002\000.\0001\000\040\000E\000N\000D\000I\000A\000N\000S\000W\000A\000P\000\137\000H}{subsection.15.64.2}% 3479
\BOOKMARK [2][-]{subsection.15.64.3}{\376\377\0001\0005\000.\0006\0004\000.\0003\000\040\000F\000u\000n\000c\000t\000i\000o\000n\000\040\000D\000o\000c\000u\000m\000e\000n\000t\000a\000t\000i\000o\000n}{section.15.64}% 3480
\BOOKMARK [3][-]{subsubsection.15.64.3.1}{\376\377\0001\0005\000.\0006\0004\000.\0003\000.\0001\000\040\000A\000A\000X\000\137\000E\000n\000d\000i\000a\000n\000S\000w\000a\000p\000I\000n\000P\000l\000a\000c\000e\000\050\000\051}{subsection.15.64.3}% 3481
\BOOKMARK [3][-]{subsubsection.15.64.3.2}{\376\377\0001\0005\000.\0006\0004\000.\0003\000.\0002\000\040\000A\000A\000X\000\137\000E\000n\000d\000i\000a\000n\000S\000w\000a\000p\000\050\000\051}{subsection.15.64.3}% 3482
\BOOKMARK [3][-]{subsubsection.15.64.3.3}{\376\377\0001\0005\000.\0006\0004\000.\0003\000.\0003\000\040\000A\000A\000X\000\137\000B\000i\000g\000E\000n\000d\000i\000a\000n\000N\000a\000t\000i\000v\000e\000S\000w\000a\000p\000I\000n\000P\000l\000a\000c\000e\000\050\000\051}{subsection.15.64.3}% 3483
\BOOKMARK [3][-]{subsubsection.15.64.3.4}{\376\377\0001\0005\000.\0006\0004\000.\0003\000.\0004\000\040\000A\000A\000X\000\137\000B\000i\000g\000E\000n\000d\000i\000a\000n\000N\000a\000t\000i\000v\000e\000S\000w\000a\000p\000\050\000\051}{subsection.15.64.3}% 3484
\BOOKMARK [3][-]{subsubsection.15.64.3.5}{\376\377\0001\0005\000.\0006\0004\000.\0003\000.\0005\000\040\000A\000A\000X\000\137\000L\000i\000t\000t\000l\000e\000E\000n\000d\000i\000a\000n\000N\000a\000t\000i\000v\000e\000S\000w\000a\000p\000I\000n\000P\000l\000a\000c\000e\000\050\000\051}{subsection.15.64.3}% 3485
\BOOKMARK [3][-]{subsubsection.15.64.3.6}{\376\377\0001\0005\000.\0006\0004\000.\0003\000.\0006\000\040\000A\000A\000X\000\137\000L\000i\000t\000t\000l\000e\000E\000n\000d\000i\000a\000n\000N\000a\000t\000i\000v\000e\000S\000w\000a\000p\000\050\000\051}{subsection.15.64.3}% 3486
\BOOKMARK [3][-]{subsubsection.15.64.3.7}{\376\377\0001\0005\000.\0006\0004\000.\0003\000.\0007\000\040\000A\000A\000X\000\137\000E\000n\000d\000i\000a\000n\000S\000w\000a\000p\000S\000e\000q\000u\000e\000n\000c\000e\000I\000n\000P\000l\000a\000c\000e\000\050\000\051}{subsection.15.64.3}% 3487
\BOOKMARK [3][-]{subsubsection.15.64.3.8}{\376\377\0001\0005\000.\0006\0004\000.\0003\000.\0008\000\040\000A\000A\000X\000\137\000B\000i\000g\000E\000n\000d\000i\000a\000n\000N\000a\000t\000i\000v\000e\000S\000w\000a\000p\000S\000e\000q\000u\000e\000n\000c\000e\000I\000n\000P\000l\000a\000c\000e\000\050\000\051}{subsection.15.64.3}% 3488
\BOOKMARK [3][-]{subsubsection.15.64.3.9}{\376\377\0001\0005\000.\0006\0004\000.\0003\000.\0009\000\040\000A\000A\000X\000\137\000L\000i\000t\000t\000l\000e\000E\000n\000d\000i\000a\000n\000N\000a\000t\000i\000v\000e\000S\000w\000a\000p\000S\000e\000q\000u\000e\000n\000c\000e\000I\000n\000P\000l\000a\000c\000e\000\050\000\051}{subsection.15.64.3}% 3489
\BOOKMARK [1][-]{section.15.65}{\376\377\0001\0005\000.\0006\0005\000\040\000A\000A\000X\000\137\000E\000n\000u\000m\000s\000.\000h\000\040\000F\000i\000l\000e\000\040\000R\000e\000f\000e\000r\000e\000n\000c\000e}{chapter.15}% 3490
\BOOKMARK [2][-]{subsection.15.65.1}{\376\377\0001\0005\000.\0006\0005\000.\0001\000\040\000D\000e\000s\000c\000r\000i\000p\000t\000i\000o\000n}{section.15.65}% 3491
\BOOKMARK [2][-]{subsection.15.65.2}{\376\377\0001\0005\000.\0006\0005\000.\0002\000\040\000M\000a\000c\000r\000o\000\040\000D\000e\000f\000i\000n\000i\000t\000i\000o\000n\000\040\000D\000o\000c\000u\000m\000e\000n\000t\000a\000t\000i\000o\000n}{section.15.65}% 3492
\BOOKMARK [3][-]{subsubsection.15.65.2.1}{\376\377\0001\0005\000.\0006\0005\000.\0002\000.\0001\000\040\000A\000A\000X\000\137\000I\000N\000T\0003\0002\000\137\000M\000I\000N}{subsection.15.65.2}% 3493
\BOOKMARK [3][-]{subsubsection.15.65.2.2}{\376\377\0001\0005\000.\0006\0005\000.\0002\000.\0002\000\040\000A\000A\000X\000\137\000I\000N\000T\0003\0002\000\137\000M\000A\000X}{subsection.15.65.2}% 3494
\BOOKMARK [3][-]{subsubsection.15.65.2.3}{\376\377\0001\0005\000.\0006\0005\000.\0002\000.\0003\000\040\000A\000A\000X\000\137\000U\000I\000N\000T\0003\0002\000\137\000M\000I\000N}{subsection.15.65.2}% 3495
\BOOKMARK [3][-]{subsubsection.15.65.2.4}{\376\377\0001\0005\000.\0006\0005\000.\0002\000.\0004\000\040\000A\000A\000X\000\137\000U\000I\000N\000T\0003\0002\000\137\000M\000A\000X}{subsection.15.65.2}% 3496
\BOOKMARK [3][-]{subsubsection.15.65.2.5}{\376\377\0001\0005\000.\0006\0005\000.\0002\000.\0005\000\040\000A\000A\000X\000\137\000I\000N\000T\0001\0006\000\137\000M\000I\000N}{subsection.15.65.2}% 3497
\BOOKMARK [3][-]{subsubsection.15.65.2.6}{\376\377\0001\0005\000.\0006\0005\000.\0002\000.\0006\000\040\000A\000A\000X\000\137\000I\000N\000T\0001\0006\000\137\000M\000A\000X}{subsection.15.65.2}% 3498
\BOOKMARK [3][-]{subsubsection.15.65.2.7}{\376\377\0001\0005\000.\0006\0005\000.\0002\000.\0007\000\040\000A\000A\000X\000\137\000U\000I\000N\000T\0001\0006\000\137\000M\000I\000N}{subsection.15.65.2}% 3499
\BOOKMARK [3][-]{subsubsection.15.65.2.8}{\376\377\0001\0005\000.\0006\0005\000.\0002\000.\0008\000\040\000A\000A\000X\000\137\000U\000I\000N\000T\0001\0006\000\137\000M\000A\000X}{subsection.15.65.2}% 3500
\BOOKMARK [3][-]{subsubsection.15.65.2.9}{\376\377\0001\0005\000.\0006\0005\000.\0002\000.\0009\000\040\000A\000A\000X\000\137\000E\000N\000U\000M\000\137\000S\000I\000Z\000E\000\137\000C\000H\000E\000C\000K}{subsection.15.65.2}% 3501
\BOOKMARK [3][-]{subsubsection.15.65.2.10}{\376\377\0001\0005\000.\0006\0005\000.\0002\000.\0001\0000\000\040\000A\000A\000X\000\137\000S\000T\000E\000M\000\137\000F\000O\000R\000M\000A\000T}{subsection.15.65.2}% 3502
\BOOKMARK [3][-]{subsubsection.15.65.2.11}{\376\377\0001\0005\000.\0006\0005\000.\0002\000.\0001\0001\000\040\000A\000A\000X\000\137\000S\000T\000E\000M\000\137\000F\000O\000R\000M\000A\000T\000\137\000C\000H\000A\000N\000N\000E\000L\000\137\000C\000O\000U\000N\000T}{subsection.15.65.2}% 3503
\BOOKMARK [3][-]{subsubsection.15.65.2.12}{\376\377\0001\0005\000.\0006\0005\000.\0002\000.\0001\0002\000\040\000A\000A\000X\000\137\000S\000T\000E\000M\000\137\000F\000O\000R\000M\000A\000T\000\137\000I\000N\000D\000E\000X}{subsection.15.65.2}% 3504
\BOOKMARK [2][-]{subsection.15.65.3}{\376\377\0001\0005\000.\0006\0005\000.\0003\000\040\000T\000y\000p\000e\000d\000e\000f\000\040\000D\000o\000c\000u\000m\000e\000n\000t\000a\000t\000i\000o\000n}{section.15.65}% 3505
\BOOKMARK [3][-]{subsubsection.15.65.3.1}{\376\377\0001\0005\000.\0006\0005\000.\0003\000.\0001\000\040\000A\000A\000X\000\137\000E\000P\000a\000r\000a\000m\000e\000t\000e\000r\000T\000y\000p\000e}{subsection.15.65.3}% 3506
\BOOKMARK [3][-]{subsubsection.15.65.3.2}{\376\377\0001\0005\000.\0006\0005\000.\0003\000.\0002\000\040\000A\000A\000X\000\137\000E\000P\000a\000r\000a\000m\000e\000t\000e\000r\000O\000r\000i\000e\000n\000t\000a\000t\000i\000o\000n}{subsection.15.65.3}% 3507
\BOOKMARK [2][-]{subsection.15.65.4}{\376\377\0001\0005\000.\0006\0005\000.\0004\000\040\000E\000n\000u\000m\000e\000r\000a\000t\000i\000o\000n\000\040\000T\000y\000p\000e\000\040\000D\000o\000c\000u\000m\000e\000n\000t\000a\000t\000i\000o\000n}{section.15.65}% 3508
\BOOKMARK [3][-]{subsubsection.15.65.4.1}{\376\377\0001\0005\000.\0006\0005\000.\0004\000.\0001\000\040\000A\000A\000X\000\137\000E\000H\000i\000g\000h\000l\000i\000g\000h\000t\000C\000o\000l\000o\000r}{subsection.15.65.4}% 3509
\BOOKMARK [3][-]{subsubsection.15.65.4.2}{\376\377\0001\0005\000.\0006\0005\000.\0004\000.\0002\000\040\000A\000A\000X\000\137\000E\000T\000r\000a\000c\000e\000P\000r\000i\000o\000r\000i\000t\000y\000H\000o\000s\000t}{subsection.15.65.4}% 3510
\BOOKMARK [3][-]{subsubsection.15.65.4.3}{\376\377\0001\0005\000.\0006\0005\000.\0004\000.\0003\000\040\000A\000A\000X\000\137\000E\000T\000r\000a\000c\000e\000P\000r\000i\000o\000r\000i\000t\000y\000D\000S\000P}{subsection.15.65.4}% 3511
\BOOKMARK [3][-]{subsubsection.15.65.4.4}{\376\377\0001\0005\000.\0006\0005\000.\0004\000.\0004\000\040\000A\000A\000X\000\137\000E\000M\000o\000d\000i\000f\000i\000e\000r\000s}{subsection.15.65.4}% 3512
\BOOKMARK [3][-]{subsubsection.15.65.4.5}{\376\377\0001\0005\000.\0006\0005\000.\0004\000.\0005\000\040\000A\000A\000X\000\137\000E\000A\000u\000d\000i\000o\000B\000u\000f\000f\000e\000r\000L\000e\000n\000g\000t\000h}{subsection.15.65.4}% 3513
\BOOKMARK [3][-]{subsubsection.15.65.4.6}{\376\377\0001\0005\000.\0006\0005\000.\0004\000.\0006\000\040\000A\000A\000X\000\137\000E\000A\000u\000d\000i\000o\000B\000u\000f\000f\000e\000r\000L\000e\000n\000g\000t\000h\000D\000S\000P}{subsection.15.65.4}% 3514
\BOOKMARK [3][-]{subsubsection.15.65.4.7}{\376\377\0001\0005\000.\0006\0005\000.\0004\000.\0007\000\040\000A\000A\000E\000\137\000E\000A\000u\000d\000i\000o\000B\000u\000f\000f\000e\000r\000L\000e\000n\000g\000t\000h\000N\000a\000t\000i\000v\000e}{subsection.15.65.4}% 3515
\BOOKMARK [3][-]{subsubsection.15.65.4.8}{\376\377\0001\0005\000.\0006\0005\000.\0004\000.\0008\000\040\000A\000A\000X\000\137\000E\000M\000a\000x\000A\000u\000d\000i\000o\000S\000u\000i\000t\000e\000T\000r\000a\000c\000k\000s}{subsection.15.65.4}% 3516
\BOOKMARK [3][-]{subsubsection.15.65.4.9}{\376\377\0001\0005\000.\0006\0005\000.\0004\000.\0009\000\040\000A\000A\000X\000\137\000E\000S\000t\000e\000m\000F\000o\000r\000m\000a\000t}{subsection.15.65.4}% 3517
\BOOKMARK [3][-]{subsubsection.15.65.4.10}{\376\377\0001\0005\000.\0006\0005\000.\0004\000.\0001\0000\000\040\000A\000A\000X\000\137\000E\000P\000l\000u\000g\000I\000n\000C\000a\000t\000e\000g\000o\000r\000y}{subsection.15.65.4}% 3518
\BOOKMARK [3][-]{subsubsection.15.65.4.11}{\376\377\0001\0005\000.\0006\0005\000.\0004\000.\0001\0001\000\040\000A\000A\000X\000\137\000E\000P\000l\000u\000g\000I\000n\000S\000t\000r\000i\000n\000g\000s}{subsection.15.65.4}% 3519
\BOOKMARK [3][-]{subsubsection.15.65.4.12}{\376\377\0001\0005\000.\0006\0005\000.\0004\000.\0001\0002\000\040\000A\000A\000X\000\137\000E\000M\000e\000t\000e\000r\000O\000r\000i\000e\000n\000t\000a\000t\000i\000o\000n}{subsection.15.65.4}% 3520
\BOOKMARK [3][-]{subsubsection.15.65.4.13}{\376\377\0001\0005\000.\0006\0005\000.\0004\000.\0001\0003\000\040\000A\000A\000X\000\137\000E\000M\000e\000t\000e\000r\000B\000a\000l\000l\000i\000s\000t\000i\000c\000T\000y\000p\000e}{subsection.15.65.4}% 3521
\BOOKMARK [3][-]{subsubsection.15.65.4.14}{\376\377\0001\0005\000.\0006\0005\000.\0004\000.\0001\0004\000\040\000A\000A\000X\000\137\000E\000M\000e\000t\000e\000r\000T\000y\000p\000e}{subsection.15.65.4}% 3522
\BOOKMARK [3][-]{subsubsection.15.65.4.15}{\376\377\0001\0005\000.\0006\0005\000.\0004\000.\0001\0005\000\040\000A\000A\000X\000\137\000E\000R\000e\000s\000o\000u\000r\000c\000e\000T\000y\000p\000e}{subsection.15.65.4}% 3523
\BOOKMARK [3][-]{subsubsection.15.65.4.16}{\376\377\0001\0005\000.\0006\0005\000.\0004\000.\0001\0006\000\040\000A\000A\000X\000\137\000E\000N\000o\000t\000i\000f\000i\000c\000a\000t\000i\000o\000n\000E\000v\000e\000n\000t}{subsection.15.65.4}% 3524
\BOOKMARK [3][-]{subsubsection.15.65.4.17}{\376\377\0001\0005\000.\0006\0005\000.\0004\000.\0001\0007\000\040\000A\000A\000X\000\137\000E\000H\000o\000s\000t\000M\000o\000d\000e\000B\000i\000t\000s}{subsection.15.65.4}% 3525
\BOOKMARK [3][-]{subsubsection.15.65.4.18}{\376\377\0001\0005\000.\0006\0005\000.\0004\000.\0001\0008\000\040\000A\000A\000X\000\137\000E\000H\000o\000s\000t\000M\000o\000d\000e}{subsection.15.65.4}% 3526
\BOOKMARK [3][-]{subsubsection.15.65.4.19}{\376\377\0001\0005\000.\0006\0005\000.\0004\000.\0001\0009\000\040\000A\000A\000X\000\137\000E\000P\000r\000i\000v\000a\000t\000e\000D\000a\000t\000a\000O\000p\000t\000i\000o\000n\000s}{subsection.15.65.4}% 3527
\BOOKMARK [3][-]{subsubsection.15.65.4.20}{\376\377\0001\0005\000.\0006\0005\000.\0004\000.\0002\0000\000\040\000A\000A\000X\000\137\000E\000C\000o\000n\000s\000t\000r\000a\000i\000n\000t\000L\000o\000c\000a\000t\000i\000o\000n\000M\000a\000s\000k}{subsection.15.65.4}% 3528
\BOOKMARK [3][-]{subsubsection.15.65.4.21}{\376\377\0001\0005\000.\0006\0005\000.\0004\000.\0002\0001\000\040\000A\000A\000X\000\137\000E\000C\000o\000n\000s\000t\000r\000a\000i\000n\000t\000T\000o\000p\000o\000l\000o\000g\000y}{subsection.15.65.4}% 3529
\BOOKMARK [3][-]{subsubsection.15.65.4.22}{\376\377\0001\0005\000.\0006\0005\000.\0004\000.\0002\0002\000\040\000A\000A\000X\000\137\000E\000C\000o\000m\000p\000o\000n\000e\000n\000t\000I\000n\000s\000t\000a\000n\000c\000e\000I\000n\000i\000t\000A\000c\000t\000i\000o\000n}{subsection.15.65.4}% 3530
\BOOKMARK [3][-]{subsubsection.15.65.4.23}{\376\377\0001\0005\000.\0006\0005\000.\0004\000.\0002\0003\000\040\000A\000A\000X\000\137\000E\000S\000a\000m\000p\000l\000e\000R\000a\000t\000e\000M\000a\000s\000k}{subsection.15.65.4}% 3531
\BOOKMARK [3][-]{subsubsection.15.65.4.24}{\376\377\0001\0005\000.\0006\0005\000.\0004\000.\0002\0004\000\040\000A\000A\000X\000\137\000E\000P\000a\000r\000a\000m\000e\000t\000e\000r\000T\000y\000p\000e}{subsection.15.65.4}% 3532
\BOOKMARK [3][-]{subsubsection.15.65.4.25}{\376\377\0001\0005\000.\0006\0005\000.\0004\000.\0002\0005\000\040\000A\000A\000X\000\137\000E\000P\000a\000r\000a\000m\000e\000t\000e\000r\000O\000r\000i\000e\000n\000t\000a\000t\000i\000o\000n\000B\000i\000t\000s}{subsection.15.65.4}% 3533
\BOOKMARK [3][-]{subsubsection.15.65.4.26}{\376\377\0001\0005\000.\0006\0005\000.\0004\000.\0002\0006\000\040\000A\000A\000X\000\137\000E\000P\000a\000r\000a\000m\000e\000t\000e\000r\000V\000a\000l\000u\000e\000I\000n\000f\000o\000S\000e\000l\000e\000c\000t\000o\000r}{subsection.15.65.4}% 3534
\BOOKMARK [3][-]{subsubsection.15.65.4.27}{\376\377\0001\0005\000.\0006\0005\000.\0004\000.\0002\0007\000\040\000A\000A\000X\000\137\000E\000E\000Q\000B\000a\000n\000d\000T\000y\000p\000e\000s}{subsection.15.65.4}% 3535
\BOOKMARK [3][-]{subsubsection.15.65.4.28}{\376\377\0001\0005\000.\0006\0005\000.\0004\000.\0002\0008\000\040\000A\000A\000X\000\137\000E\000E\000Q\000I\000n\000C\000i\000r\000c\000u\000i\000t\000P\000o\000l\000a\000r\000i\000t\000y}{subsection.15.65.4}% 3536
\BOOKMARK [3][-]{subsubsection.15.65.4.29}{\376\377\0001\0005\000.\0006\0005\000.\0004\000.\0002\0009\000\040\000A\000A\000X\000\137\000E\000U\000s\000e\000A\000l\000t\000e\000r\000n\000a\000t\000e\000C\000o\000n\000t\000r\000o\000l}{subsection.15.65.4}% 3537
\BOOKMARK [3][-]{subsubsection.15.65.4.30}{\376\377\0001\0005\000.\0006\0005\000.\0004\000.\0003\0000\000\040\000A\000A\000X\000\137\000E\000M\000I\000D\000I\000N\000o\000d\000e\000T\000y\000p\000e}{subsection.15.65.4}% 3538
\BOOKMARK [3][-]{subsubsection.15.65.4.31}{\376\377\0001\0005\000.\0006\0005\000.\0004\000.\0003\0001\000\040\000A\000A\000X\000\137\000E\000U\000p\000d\000a\000t\000e\000S\000o\000u\000r\000c\000e}{subsection.15.65.4}% 3539
\BOOKMARK [3][-]{subsubsection.15.65.4.32}{\376\377\0001\0005\000.\0006\0005\000.\0004\000.\0003\0002\000\040\000A\000A\000X\000\137\000E\000D\000a\000t\000a\000I\000n\000P\000o\000r\000t\000T\000y\000p\000e}{subsection.15.65.4}% 3540
\BOOKMARK [3][-]{subsubsection.15.65.4.33}{\376\377\0001\0005\000.\0006\0005\000.\0004\000.\0003\0003\000\040\000A\000A\000X\000\137\000E\000F\000r\000a\000m\000e\000R\000a\000t\000e}{subsection.15.65.4}% 3541
\BOOKMARK [3][-]{subsubsection.15.65.4.34}{\376\377\0001\0005\000.\0006\0005\000.\0004\000.\0003\0004\000\040\000A\000A\000X\000\137\000E\000F\000e\000e\000t\000F\000r\000a\000m\000e\000s\000R\000a\000t\000e}{subsection.15.65.4}% 3542
\BOOKMARK [3][-]{subsubsection.15.65.4.35}{\376\377\0001\0005\000.\0006\0005\000.\0004\000.\0003\0005\000\040\000A\000A\000X\000\137\000E\000M\000i\000d\000i\000G\000l\000o\000b\000a\000l\000N\000o\000d\000e\000S\000e\000l\000e\000c\000t\000o\000r\000s}{subsection.15.65.4}% 3543
\BOOKMARK [3][-]{subsubsection.15.65.4.36}{\376\377\0001\0005\000.\0006\0005\000.\0004\000.\0003\0006\000\040\000A\000A\000X\000\137\000E\000P\000r\000e\000v\000i\000e\000w\000S\000t\000a\000t\000e}{subsection.15.65.4}% 3544
\BOOKMARK [3][-]{subsubsection.15.65.4.37}{\376\377\0001\0005\000.\0006\0005\000.\0004\000.\0003\0007\000\040\000A\000A\000X\000\137\000E\000P\000r\000o\000c\000e\000s\000s\000i\000n\000g\000S\000t\000a\000t\000e}{subsection.15.65.4}% 3545
\BOOKMARK [3][-]{subsubsection.15.65.4.38}{\376\377\0001\0005\000.\0006\0005\000.\0004\000.\0003\0008\000\040\000A\000A\000X\000\137\000E\000T\000a\000r\000g\000e\000t\000P\000l\000a\000t\000f\000o\000r\000m}{subsection.15.65.4}% 3546
\BOOKMARK [3][-]{subsubsection.15.65.4.39}{\376\377\0001\0005\000.\0006\0005\000.\0004\000.\0003\0009\000\040\000A\000A\000X\000\137\000E\000S\000u\000p\000p\000o\000r\000t\000L\000e\000v\000e\000l}{subsection.15.65.4}% 3547
\BOOKMARK [3][-]{subsubsection.15.65.4.40}{\376\377\0001\0005\000.\0006\0005\000.\0004\000.\0004\0000\000\040\000A\000A\000X\000\137\000E\000H\000o\000s\000t\000L\000e\000v\000e\000l}{subsection.15.65.4}% 3548
\BOOKMARK [3][-]{subsubsection.15.65.4.41}{\376\377\0001\0005\000.\0006\0005\000.\0004\000.\0004\0001\000\040\000A\000A\000X\000\137\000E\000T\000e\000x\000t\000E\000n\000c\000o\000d\000i\000n\000g}{subsection.15.65.4}% 3549
\BOOKMARK [3][-]{subsubsection.15.65.4.42}{\376\377\0001\0005\000.\0006\0005\000.\0004\000.\0004\0002\000\040\000A\000A\000X\000\137\000E\000A\000s\000s\000e\000r\000t\000F\000l\000a\000g\000s}{subsection.15.65.4}% 3550
\BOOKMARK [3][-]{subsubsection.15.65.4.43}{\376\377\0001\0005\000.\0006\0005\000.\0004\000.\0004\0003\000\040\000A\000A\000X\000\137\000E\000T\000r\000a\000n\000s\000p\000o\000r\000t\000S\000t\000a\000t\000e}{subsection.15.65.4}% 3551
\BOOKMARK [3][-]{subsubsection.15.65.4.44}{\376\377\0001\0005\000.\0006\0005\000.\0004\000.\0004\0004\000\040\000A\000A\000X\000\137\000E\000R\000e\000c\000o\000r\000d\000M\000o\000d\000e}{subsection.15.65.4}% 3552
\BOOKMARK [2][-]{subsection.15.65.5}{\376\377\0001\0005\000.\0006\0005\000.\0005\000\040\000F\000u\000n\000c\000t\000i\000o\000n\000\040\000D\000o\000c\000u\000m\000e\000n\000t\000a\000t\000i\000o\000n}{section.15.65}% 3553
\BOOKMARK [3][-]{subsubsection.15.65.5.1}{\376\377\0001\0005\000.\0006\0005\000.\0005\000.\0001\000\040\000A\000A\000X\000\137\000E\000N\000U\000M\000\137\000S\000I\000Z\000E\000\137\000C\000H\000E\000C\000K\000\050\000\051\000\040\000[\0001\000/\0004\0005\000]}{subsection.15.65.5}% 3554
\BOOKMARK [3][-]{subsubsection.15.65.5.2}{\376\377\0001\0005\000.\0006\0005\000.\0005\000.\0002\000\040\000A\000A\000X\000\137\000E\000N\000U\000M\000\137\000S\000I\000Z\000E\000\137\000C\000H\000E\000C\000K\000\050\000\051\000\040\000[\0002\000/\0004\0005\000]}{subsection.15.65.5}% 3555
\BOOKMARK [3][-]{subsubsection.15.65.5.3}{\376\377\0001\0005\000.\0006\0005\000.\0005\000.\0003\000\040\000A\000A\000X\000\137\000E\000N\000U\000M\000\137\000S\000I\000Z\000E\000\137\000C\000H\000E\000C\000K\000\050\000\051\000\040\000[\0003\000/\0004\0005\000]}{subsection.15.65.5}% 3556
\BOOKMARK [3][-]{subsubsection.15.65.5.4}{\376\377\0001\0005\000.\0006\0005\000.\0005\000.\0004\000\040\000A\000A\000X\000\137\000E\000N\000U\000M\000\137\000S\000I\000Z\000E\000\137\000C\000H\000E\000C\000K\000\050\000\051\000\040\000[\0004\000/\0004\0005\000]}{subsection.15.65.5}% 3557
\BOOKMARK [3][-]{subsubsection.15.65.5.5}{\376\377\0001\0005\000.\0006\0005\000.\0005\000.\0005\000\040\000A\000A\000X\000\137\000E\000N\000U\000M\000\137\000S\000I\000Z\000E\000\137\000C\000H\000E\000C\000K\000\050\000\051\000\040\000[\0005\000/\0004\0005\000]}{subsection.15.65.5}% 3558
\BOOKMARK [3][-]{subsubsection.15.65.5.6}{\376\377\0001\0005\000.\0006\0005\000.\0005\000.\0006\000\040\000A\000A\000X\000\137\000E\000N\000U\000M\000\137\000S\000I\000Z\000E\000\137\000C\000H\000E\000C\000K\000\050\000\051\000\040\000[\0006\000/\0004\0005\000]}{subsection.15.65.5}% 3559
\BOOKMARK [3][-]{subsubsection.15.65.5.7}{\376\377\0001\0005\000.\0006\0005\000.\0005\000.\0007\000\040\000A\000A\000X\000\137\000E\000N\000U\000M\000\137\000S\000I\000Z\000E\000\137\000C\000H\000E\000C\000K\000\050\000\051\000\040\000[\0007\000/\0004\0005\000]}{subsection.15.65.5}% 3560
\BOOKMARK [3][-]{subsubsection.15.65.5.8}{\376\377\0001\0005\000.\0006\0005\000.\0005\000.\0008\000\040\000A\000A\000X\000\137\000E\000N\000U\000M\000\137\000S\000I\000Z\000E\000\137\000C\000H\000E\000C\000K\000\050\000\051\000\040\000[\0008\000/\0004\0005\000]}{subsection.15.65.5}% 3561
\BOOKMARK [3][-]{subsubsection.15.65.5.9}{\376\377\0001\0005\000.\0006\0005\000.\0005\000.\0009\000\040\000A\000A\000X\000\137\000E\000N\000U\000M\000\137\000S\000I\000Z\000E\000\137\000C\000H\000E\000C\000K\000\050\000\051\000\040\000[\0009\000/\0004\0005\000]}{subsection.15.65.5}% 3562
\BOOKMARK [3][-]{subsubsection.15.65.5.10}{\376\377\0001\0005\000.\0006\0005\000.\0005\000.\0001\0000\000\040\000A\000A\000X\000\137\000E\000N\000U\000M\000\137\000S\000I\000Z\000E\000\137\000C\000H\000E\000C\000K\000\050\000\051\000\040\000[\0001\0000\000/\0004\0005\000]}{subsection.15.65.5}% 3563
\BOOKMARK [3][-]{subsubsection.15.65.5.11}{\376\377\0001\0005\000.\0006\0005\000.\0005\000.\0001\0001\000\040\000A\000A\000X\000\137\000E\000N\000U\000M\000\137\000S\000I\000Z\000E\000\137\000C\000H\000E\000C\000K\000\050\000\051\000\040\000[\0001\0001\000/\0004\0005\000]}{subsection.15.65.5}% 3564
\BOOKMARK [3][-]{subsubsection.15.65.5.12}{\376\377\0001\0005\000.\0006\0005\000.\0005\000.\0001\0002\000\040\000A\000A\000X\000\137\000E\000N\000U\000M\000\137\000S\000I\000Z\000E\000\137\000C\000H\000E\000C\000K\000\050\000\051\000\040\000[\0001\0002\000/\0004\0005\000]}{subsection.15.65.5}% 3565
\BOOKMARK [3][-]{subsubsection.15.65.5.13}{\376\377\0001\0005\000.\0006\0005\000.\0005\000.\0001\0003\000\040\000A\000A\000X\000\137\000E\000N\000U\000M\000\137\000S\000I\000Z\000E\000\137\000C\000H\000E\000C\000K\000\050\000\051\000\040\000[\0001\0003\000/\0004\0005\000]}{subsection.15.65.5}% 3566
\BOOKMARK [3][-]{subsubsection.15.65.5.14}{\376\377\0001\0005\000.\0006\0005\000.\0005\000.\0001\0004\000\040\000A\000A\000X\000\137\000E\000N\000U\000M\000\137\000S\000I\000Z\000E\000\137\000C\000H\000E\000C\000K\000\050\000\051\000\040\000[\0001\0004\000/\0004\0005\000]}{subsection.15.65.5}% 3567
\BOOKMARK [3][-]{subsubsection.15.65.5.15}{\376\377\0001\0005\000.\0006\0005\000.\0005\000.\0001\0005\000\040\000A\000A\000X\000\137\000E\000N\000U\000M\000\137\000S\000I\000Z\000E\000\137\000C\000H\000E\000C\000K\000\050\000\051\000\040\000[\0001\0005\000/\0004\0005\000]}{subsection.15.65.5}% 3568
\BOOKMARK [3][-]{subsubsection.15.65.5.16}{\376\377\0001\0005\000.\0006\0005\000.\0005\000.\0001\0006\000\040\000A\000A\000X\000\137\000E\000N\000U\000M\000\137\000S\000I\000Z\000E\000\137\000C\000H\000E\000C\000K\000\050\000\051\000\040\000[\0001\0006\000/\0004\0005\000]}{subsection.15.65.5}% 3569
\BOOKMARK [3][-]{subsubsection.15.65.5.17}{\376\377\0001\0005\000.\0006\0005\000.\0005\000.\0001\0007\000\040\000A\000A\000X\000\137\000E\000N\000U\000M\000\137\000S\000I\000Z\000E\000\137\000C\000H\000E\000C\000K\000\050\000\051\000\040\000[\0001\0007\000/\0004\0005\000]}{subsection.15.65.5}% 3570
\BOOKMARK [3][-]{subsubsection.15.65.5.18}{\376\377\0001\0005\000.\0006\0005\000.\0005\000.\0001\0008\000\040\000A\000A\000X\000\137\000E\000N\000U\000M\000\137\000S\000I\000Z\000E\000\137\000C\000H\000E\000C\000K\000\050\000\051\000\040\000[\0001\0008\000/\0004\0005\000]}{subsection.15.65.5}% 3571
\BOOKMARK [3][-]{subsubsection.15.65.5.19}{\376\377\0001\0005\000.\0006\0005\000.\0005\000.\0001\0009\000\040\000A\000A\000X\000\137\000E\000N\000U\000M\000\137\000S\000I\000Z\000E\000\137\000C\000H\000E\000C\000K\000\050\000\051\000\040\000[\0001\0009\000/\0004\0005\000]}{subsection.15.65.5}% 3572
\BOOKMARK [3][-]{subsubsection.15.65.5.20}{\376\377\0001\0005\000.\0006\0005\000.\0005\000.\0002\0000\000\040\000A\000A\000X\000\137\000E\000N\000U\000M\000\137\000S\000I\000Z\000E\000\137\000C\000H\000E\000C\000K\000\050\000\051\000\040\000[\0002\0000\000/\0004\0005\000]}{subsection.15.65.5}% 3573
\BOOKMARK [3][-]{subsubsection.15.65.5.21}{\376\377\0001\0005\000.\0006\0005\000.\0005\000.\0002\0001\000\040\000A\000A\000X\000\137\000E\000N\000U\000M\000\137\000S\000I\000Z\000E\000\137\000C\000H\000E\000C\000K\000\050\000\051\000\040\000[\0002\0001\000/\0004\0005\000]}{subsection.15.65.5}% 3574
\BOOKMARK [3][-]{subsubsection.15.65.5.22}{\376\377\0001\0005\000.\0006\0005\000.\0005\000.\0002\0002\000\040\000A\000A\000X\000\137\000E\000N\000U\000M\000\137\000S\000I\000Z\000E\000\137\000C\000H\000E\000C\000K\000\050\000\051\000\040\000[\0002\0002\000/\0004\0005\000]}{subsection.15.65.5}% 3575
\BOOKMARK [3][-]{subsubsection.15.65.5.23}{\376\377\0001\0005\000.\0006\0005\000.\0005\000.\0002\0003\000\040\000A\000A\000X\000\137\000E\000N\000U\000M\000\137\000S\000I\000Z\000E\000\137\000C\000H\000E\000C\000K\000\050\000\051\000\040\000[\0002\0003\000/\0004\0005\000]}{subsection.15.65.5}% 3576
\BOOKMARK [3][-]{subsubsection.15.65.5.24}{\376\377\0001\0005\000.\0006\0005\000.\0005\000.\0002\0004\000\040\000A\000A\000X\000\137\000E\000N\000U\000M\000\137\000S\000I\000Z\000E\000\137\000C\000H\000E\000C\000K\000\050\000\051\000\040\000[\0002\0004\000/\0004\0005\000]}{subsection.15.65.5}% 3577
\BOOKMARK [3][-]{subsubsection.15.65.5.25}{\376\377\0001\0005\000.\0006\0005\000.\0005\000.\0002\0005\000\040\000s\000a\000m\000p\000l\000e\000R\000a\000t\000e\000I\000n\000M\000a\000s\000k\000\050\000\051}{subsection.15.65.5}% 3578
\BOOKMARK [3][-]{subsubsection.15.65.5.26}{\376\377\0001\0005\000.\0006\0005\000.\0005\000.\0002\0006\000\040\000g\000e\000t\000L\000o\000w\000e\000s\000t\000S\000a\000m\000p\000l\000e\000R\000a\000t\000e\000I\000n\000M\000a\000s\000k\000\050\000\051}{subsection.15.65.5}% 3579
\BOOKMARK [3][-]{subsubsection.15.65.5.27}{\376\377\0001\0005\000.\0006\0005\000.\0005\000.\0002\0007\000\040\000g\000e\000t\000M\000a\000s\000k\000F\000o\000r\000S\000a\000m\000p\000l\000e\000R\000a\000t\000e\000\050\000\051}{subsection.15.65.5}% 3580
\BOOKMARK [3][-]{subsubsection.15.65.5.28}{\376\377\0001\0005\000.\0006\0005\000.\0005\000.\0002\0008\000\040\000A\000A\000X\000\137\000E\000N\000U\000M\000\137\000S\000I\000Z\000E\000\137\000C\000H\000E\000C\000K\000\050\000\051\000\040\000[\0002\0005\000/\0004\0005\000]}{subsection.15.65.5}% 3581
\BOOKMARK [3][-]{subsubsection.15.65.5.29}{\376\377\0001\0005\000.\0006\0005\000.\0005\000.\0002\0009\000\040\000A\000A\000X\000\137\000E\000N\000U\000M\000\137\000S\000I\000Z\000E\000\137\000C\000H\000E\000C\000K\000\050\000\051\000\040\000[\0002\0006\000/\0004\0005\000]}{subsection.15.65.5}% 3582
\BOOKMARK [3][-]{subsubsection.15.65.5.30}{\376\377\0001\0005\000.\0006\0005\000.\0005\000.\0003\0000\000\040\000A\000A\000X\000\137\000E\000N\000U\000M\000\137\000S\000I\000Z\000E\000\137\000C\000H\000E\000C\000K\000\050\000\051\000\040\000[\0002\0007\000/\0004\0005\000]}{subsection.15.65.5}% 3583
\BOOKMARK [3][-]{subsubsection.15.65.5.31}{\376\377\0001\0005\000.\0006\0005\000.\0005\000.\0003\0001\000\040\000A\000A\000X\000\137\000E\000N\000U\000M\000\137\000S\000I\000Z\000E\000\137\000C\000H\000E\000C\000K\000\050\000\051\000\040\000[\0002\0008\000/\0004\0005\000]}{subsection.15.65.5}% 3584
\BOOKMARK [3][-]{subsubsection.15.65.5.32}{\376\377\0001\0005\000.\0006\0005\000.\0005\000.\0003\0002\000\040\000A\000A\000X\000\137\000E\000N\000U\000M\000\137\000S\000I\000Z\000E\000\137\000C\000H\000E\000C\000K\000\050\000\051\000\040\000[\0002\0009\000/\0004\0005\000]}{subsection.15.65.5}% 3585
\BOOKMARK [3][-]{subsubsection.15.65.5.33}{\376\377\0001\0005\000.\0006\0005\000.\0005\000.\0003\0003\000\040\000A\000A\000X\000\137\000E\000N\000U\000M\000\137\000S\000I\000Z\000E\000\137\000C\000H\000E\000C\000K\000\050\000\051\000\040\000[\0003\0000\000/\0004\0005\000]}{subsection.15.65.5}% 3586
\BOOKMARK [3][-]{subsubsection.15.65.5.34}{\376\377\0001\0005\000.\0006\0005\000.\0005\000.\0003\0004\000\040\000A\000A\000X\000\137\000E\000N\000U\000M\000\137\000S\000I\000Z\000E\000\137\000C\000H\000E\000C\000K\000\050\000\051\000\040\000[\0003\0001\000/\0004\0005\000]}{subsection.15.65.5}% 3587
\BOOKMARK [3][-]{subsubsection.15.65.5.35}{\376\377\0001\0005\000.\0006\0005\000.\0005\000.\0003\0005\000\040\000A\000A\000X\000\137\000E\000N\000U\000M\000\137\000S\000I\000Z\000E\000\137\000C\000H\000E\000C\000K\000\050\000\051\000\040\000[\0003\0002\000/\0004\0005\000]}{subsection.15.65.5}% 3588
\BOOKMARK [3][-]{subsubsection.15.65.5.36}{\376\377\0001\0005\000.\0006\0005\000.\0005\000.\0003\0006\000\040\000A\000A\000X\000\137\000E\000N\000U\000M\000\137\000S\000I\000Z\000E\000\137\000C\000H\000E\000C\000K\000\050\000\051\000\040\000[\0003\0003\000/\0004\0005\000]}{subsection.15.65.5}% 3589
\BOOKMARK [3][-]{subsubsection.15.65.5.37}{\376\377\0001\0005\000.\0006\0005\000.\0005\000.\0003\0007\000\040\000A\000A\000X\000\137\000E\000N\000U\000M\000\137\000S\000I\000Z\000E\000\137\000C\000H\000E\000C\000K\000\050\000\051\000\040\000[\0003\0004\000/\0004\0005\000]}{subsection.15.65.5}% 3590
\BOOKMARK [3][-]{subsubsection.15.65.5.38}{\376\377\0001\0005\000.\0006\0005\000.\0005\000.\0003\0008\000\040\000A\000A\000X\000\137\000E\000N\000U\000M\000\137\000S\000I\000Z\000E\000\137\000C\000H\000E\000C\000K\000\050\000\051\000\040\000[\0003\0005\000/\0004\0005\000]}{subsection.15.65.5}% 3591
\BOOKMARK [3][-]{subsubsection.15.65.5.39}{\376\377\0001\0005\000.\0006\0005\000.\0005\000.\0003\0009\000\040\000A\000A\000X\000\137\000E\000N\000U\000M\000\137\000S\000I\000Z\000E\000\137\000C\000H\000E\000C\000K\000\050\000\051\000\040\000[\0003\0006\000/\0004\0005\000]}{subsection.15.65.5}% 3592
\BOOKMARK [3][-]{subsubsection.15.65.5.40}{\376\377\0001\0005\000.\0006\0005\000.\0005\000.\0004\0000\000\040\000A\000A\000X\000\137\000E\000N\000U\000M\000\137\000S\000I\000Z\000E\000\137\000C\000H\000E\000C\000K\000\050\000\051\000\040\000[\0003\0007\000/\0004\0005\000]}{subsection.15.65.5}% 3593
\BOOKMARK [3][-]{subsubsection.15.65.5.41}{\376\377\0001\0005\000.\0006\0005\000.\0005\000.\0004\0001\000\040\000A\000A\000X\000\137\000E\000N\000U\000M\000\137\000S\000I\000Z\000E\000\137\000C\000H\000E\000C\000K\000\050\000\051\000\040\000[\0003\0008\000/\0004\0005\000]}{subsection.15.65.5}% 3594
\BOOKMARK [3][-]{subsubsection.15.65.5.42}{\376\377\0001\0005\000.\0006\0005\000.\0005\000.\0004\0002\000\040\000A\000A\000X\000\137\000E\000N\000U\000M\000\137\000S\000I\000Z\000E\000\137\000C\000H\000E\000C\000K\000\050\000\051\000\040\000[\0003\0009\000/\0004\0005\000]}{subsection.15.65.5}% 3595
\BOOKMARK [3][-]{subsubsection.15.65.5.43}{\376\377\0001\0005\000.\0006\0005\000.\0005\000.\0004\0003\000\040\000A\000A\000X\000\137\000E\000N\000U\000M\000\137\000S\000I\000Z\000E\000\137\000C\000H\000E\000C\000K\000\050\000\051\000\040\000[\0004\0000\000/\0004\0005\000]}{subsection.15.65.5}% 3596
\BOOKMARK [3][-]{subsubsection.15.65.5.44}{\376\377\0001\0005\000.\0006\0005\000.\0005\000.\0004\0004\000\040\000A\000A\000X\000\137\000E\000N\000U\000M\000\137\000S\000I\000Z\000E\000\137\000C\000H\000E\000C\000K\000\050\000\051\000\040\000[\0004\0001\000/\0004\0005\000]}{subsection.15.65.5}% 3597
\BOOKMARK [3][-]{subsubsection.15.65.5.45}{\376\377\0001\0005\000.\0006\0005\000.\0005\000.\0004\0005\000\040\000A\000A\000X\000\137\000E\000N\000U\000M\000\137\000S\000I\000Z\000E\000\137\000C\000H\000E\000C\000K\000\050\000\051\000\040\000[\0004\0002\000/\0004\0005\000]}{subsection.15.65.5}% 3598
\BOOKMARK [3][-]{subsubsection.15.65.5.46}{\376\377\0001\0005\000.\0006\0005\000.\0005\000.\0004\0006\000\040\000A\000A\000X\000\137\000E\000N\000U\000M\000\137\000S\000I\000Z\000E\000\137\000C\000H\000E\000C\000K\000\050\000\051\000\040\000[\0004\0003\000/\0004\0005\000]}{subsection.15.65.5}% 3599
\BOOKMARK [3][-]{subsubsection.15.65.5.47}{\376\377\0001\0005\000.\0006\0005\000.\0005\000.\0004\0007\000\040\000A\000A\000X\000\137\000E\000N\000U\000M\000\137\000S\000I\000Z\000E\000\137\000C\000H\000E\000C\000K\000\050\000\051\000\040\000[\0004\0004\000/\0004\0005\000]}{subsection.15.65.5}% 3600
\BOOKMARK [3][-]{subsubsection.15.65.5.48}{\376\377\0001\0005\000.\0006\0005\000.\0005\000.\0004\0008\000\040\000A\000A\000X\000\137\000E\000N\000U\000M\000\137\000S\000I\000Z\000E\000\137\000C\000H\000E\000C\000K\000\050\000\051\000\040\000[\0004\0005\000/\0004\0005\000]}{subsection.15.65.5}% 3601
\BOOKMARK [1][-]{section.15.66}{\376\377\0001\0005\000.\0006\0006\000\040\000A\000A\000X\000\137\000E\000n\000v\000i\000r\000o\000n\000m\000e\000n\000t\000U\000t\000i\000l\000i\000t\000i\000e\000s\000.\000h\000\040\000F\000i\000l\000e\000\040\000R\000e\000f\000e\000r\000e\000n\000c\000e}{chapter.15}% 3602
\BOOKMARK [2][-]{subsection.15.66.1}{\376\377\0001\0005\000.\0006\0006\000.\0001\000\040\000D\000e\000s\000c\000r\000i\000p\000t\000i\000o\000n}{section.15.66}% 3603
\BOOKMARK [1][-]{section.15.67}{\376\377\0001\0005\000.\0006\0007\000\040\000A\000A\000X\000\137\000E\000r\000r\000o\000r\000s\000.\000h\000\040\000F\000i\000l\000e\000\040\000R\000e\000f\000e\000r\000e\000n\000c\000e}{chapter.15}% 3604
\BOOKMARK [2][-]{subsection.15.67.1}{\376\377\0001\0005\000.\0006\0007\000.\0001\000\040\000D\000e\000s\000c\000r\000i\000p\000t\000i\000o\000n}{section.15.67}% 3605
\BOOKMARK [2][-]{subsection.15.67.2}{\376\377\0001\0005\000.\0006\0007\000.\0002\000\040\000E\000n\000u\000m\000e\000r\000a\000t\000i\000o\000n\000\040\000T\000y\000p\000e\000\040\000D\000o\000c\000u\000m\000e\000n\000t\000a\000t\000i\000o\000n}{section.15.67}% 3606
\BOOKMARK [3][-]{subsubsection.15.67.2.1}{\376\377\0001\0005\000.\0006\0007\000.\0002\000.\0001\000\040\000A\000A\000X\000\137\000E\000E\000r\000r\000o\000r}{subsection.15.67.2}% 3607
\BOOKMARK [2][-]{subsection.15.67.3}{\376\377\0001\0005\000.\0006\0007\000.\0003\000\040\000F\000u\000n\000c\000t\000i\000o\000n\000\040\000D\000o\000c\000u\000m\000e\000n\000t\000a\000t\000i\000o\000n}{section.15.67}% 3608
\BOOKMARK [3][-]{subsubsection.15.67.3.1}{\376\377\0001\0005\000.\0006\0007\000.\0003\000.\0001\000\040\000A\000A\000X\000\137\000E\000N\000U\000M\000\137\000S\000I\000Z\000E\000\137\000C\000H\000E\000C\000K\000\050\000\051}{subsection.15.67.3}% 3609
\BOOKMARK [1][-]{section.15.68}{\376\377\0001\0005\000.\0006\0008\000\040\000A\000A\000X\000\137\000E\000x\000c\000e\000p\000t\000i\000o\000n\000.\000h\000\040\000F\000i\000l\000e\000\040\000R\000e\000f\000e\000r\000e\000n\000c\000e}{chapter.15}% 3610
\BOOKMARK [2][-]{subsection.15.68.1}{\376\377\0001\0005\000.\0006\0008\000.\0001\000\040\000D\000e\000s\000c\000r\000i\000p\000t\000i\000o\000n}{section.15.68}% 3611
\BOOKMARK [2][-]{subsection.15.68.2}{\376\377\0001\0005\000.\0006\0008\000.\0002\000\040\000M\000a\000c\000r\000o\000\040\000D\000e\000f\000i\000n\000i\000t\000i\000o\000n\000\040\000D\000o\000c\000u\000m\000e\000n\000t\000a\000t\000i\000o\000n}{section.15.68}% 3612
\BOOKMARK [3][-]{subsubsection.15.68.2.1}{\376\377\0001\0005\000.\0006\0008\000.\0002\000.\0001\000\040\000A\000A\000X\000\137\000S\000W\000A\000L\000L\000O\000W}{subsection.15.68.2}% 3613
\BOOKMARK [3][-]{subsubsection.15.68.2.2}{\376\377\0001\0005\000.\0006\0008\000.\0002\000.\0002\000\040\000A\000A\000X\000\137\000S\000W\000A\000L\000L\000O\000W\000\137\000M\000U\000L\000T}{subsection.15.68.2}% 3614
\BOOKMARK [3][-]{subsubsection.15.68.2.3}{\376\377\0001\0005\000.\0006\0008\000.\0002\000.\0003\000\040\000A\000A\000X\000\137\000C\000A\000P\000T\000U\000R\000E}{subsection.15.68.2}% 3615
\BOOKMARK [3][-]{subsubsection.15.68.2.4}{\376\377\0001\0005\000.\0006\0008\000.\0002\000.\0004\000\040\000A\000A\000X\000\137\000C\000A\000P\000T\000U\000R\000E\000\137\000M\000U\000L\000T}{subsection.15.68.2}% 3616
\BOOKMARK [1][-]{section.15.69}{\376\377\0001\0005\000.\0006\0009\000\040\000A\000A\000X\000\137\000E\000x\000p\000o\000r\000t\000s\000.\000c\000p\000p\000\040\000F\000i\000l\000e\000\040\000R\000e\000f\000e\000r\000e\000n\000c\000e}{chapter.15}% 3617
\BOOKMARK [2][-]{subsection.15.69.1}{\376\377\0001\0005\000.\0006\0009\000.\0001\000\040\000M\000a\000c\000r\000o\000\040\000D\000e\000f\000i\000n\000i\000t\000i\000o\000n\000\040\000D\000o\000c\000u\000m\000e\000n\000t\000a\000t\000i\000o\000n}{section.15.69}% 3618
\BOOKMARK [3][-]{subsubsection.15.69.1.1}{\376\377\0001\0005\000.\0006\0009\000.\0001\000.\0001\000\040\000A\000A\000X\000\137\000E\000X\000P\000O\000R\000T}{subsection.15.69.1}% 3619
\BOOKMARK [2][-]{subsection.15.69.2}{\376\377\0001\0005\000.\0006\0009\000.\0002\000\040\000F\000u\000n\000c\000t\000i\000o\000n\000\040\000D\000o\000c\000u\000m\000e\000n\000t\000a\000t\000i\000o\000n}{section.15.69}% 3620
\BOOKMARK [3][-]{subsubsection.15.69.2.1}{\376\377\0001\0005\000.\0006\0009\000.\0002\000.\0001\000\040\000A\000C\000F\000R\000e\000g\000i\000s\000t\000e\000r\000P\000l\000u\000g\000i\000n\000\050\000\051}{subsection.15.69.2}% 3621
\BOOKMARK [3][-]{subsubsection.15.69.2.2}{\376\377\0001\0005\000.\0006\0009\000.\0002\000.\0002\000\040\000A\000C\000F\000R\000e\000g\000i\000s\000t\000e\000r\000C\000o\000m\000p\000o\000n\000e\000n\000t\000\050\000\051}{subsection.15.69.2}% 3622
\BOOKMARK [3][-]{subsubsection.15.69.2.3}{\376\377\0001\0005\000.\0006\0009\000.\0002\000.\0003\000\040\000A\000C\000F\000G\000e\000t\000C\000l\000a\000s\000s\000F\000a\000c\000t\000o\000r\000y\000\050\000\051}{subsection.15.69.2}% 3623
\BOOKMARK [3][-]{subsubsection.15.69.2.4}{\376\377\0001\0005\000.\0006\0009\000.\0002\000.\0004\000\040\000A\000C\000F\000C\000a\000n\000U\000n\000l\000o\000a\000d\000N\000o\000w\000\050\000\051}{subsection.15.69.2}% 3624
\BOOKMARK [3][-]{subsubsection.15.69.2.5}{\376\377\0001\0005\000.\0006\0009\000.\0002\000.\0005\000\040\000A\000C\000F\000S\000t\000a\000r\000t\000u\000p\000\050\000\051}{subsection.15.69.2}% 3625
\BOOKMARK [3][-]{subsubsection.15.69.2.6}{\376\377\0001\0005\000.\0006\0009\000.\0002\000.\0006\000\040\000A\000C\000F\000S\000h\000u\000t\000d\000o\000w\000n\000\050\000\051}{subsection.15.69.2}% 3626
\BOOKMARK [3][-]{subsubsection.15.69.2.7}{\376\377\0001\0005\000.\0006\0009\000.\0002\000.\0007\000\040\000A\000C\000F\000G\000e\000t\000S\000D\000K\000V\000e\000r\000s\000i\000o\000n\000\050\000\051}{subsection.15.69.2}% 3627
\BOOKMARK [1][-]{section.15.70}{\376\377\0001\0005\000.\0007\0000\000\040\000A\000A\000X\000\137\000F\000a\000s\000t\000I\000n\000t\000e\000r\000p\000o\000l\000a\000t\000e\000d\000T\000a\000b\000l\000e\000L\000o\000o\000k\000u\000p\000.\000h\000\040\000F\000i\000l\000e\000\040\000R\000e\000f\000e\000r\000e\000n\000c\000e}{chapter.15}% 3628
\BOOKMARK [2][-]{subsection.15.70.1}{\376\377\0001\0005\000.\0007\0000\000.\0001\000\040\000D\000e\000s\000c\000r\000i\000p\000t\000i\000o\000n}{section.15.70}% 3629
\BOOKMARK [2][-]{subsection.15.70.2}{\376\377\0001\0005\000.\0007\0000\000.\0002\000\040\000M\000a\000c\000r\000o\000\040\000D\000e\000f\000i\000n\000i\000t\000i\000o\000n\000\040\000D\000o\000c\000u\000m\000e\000n\000t\000a\000t\000i\000o\000n}{section.15.70}% 3630
\BOOKMARK [3][-]{subsubsection.15.70.2.1}{\376\377\0001\0005\000.\0007\0000\000.\0002\000.\0001\000\040\000A\000A\000X\000\137\000F\000A\000S\000T\000I\000N\000T\000E\000R\000P\000O\000L\000A\000T\000E\000D\000T\000A\000B\000L\000E\000L\000O\000O\000K\000U\000P\000\137\000H}{subsection.15.70.2}% 3631
\BOOKMARK [1][-]{section.15.71}{\376\377\0001\0005\000.\0007\0001\000\040\000A\000A\000X\000\137\000F\000a\000s\000t\000I\000n\000t\000e\000r\000p\000o\000l\000a\000t\000e\000d\000T\000a\000b\000l\000e\000L\000o\000o\000k\000u\000p\000.\000h\000p\000p\000\040\000F\000i\000l\000e\000\040\000R\000e\000f\000e\000r\000e\000n\000c\000e}{chapter.15}% 3632
\BOOKMARK [1][-]{section.15.72}{\376\377\0001\0005\000.\0007\0002\000\040\000A\000A\000X\000\137\000F\000a\000s\000t\000P\000o\000w\000.\000h\000\040\000F\000i\000l\000e\000\040\000R\000e\000f\000e\000r\000e\000n\000c\000e}{chapter.15}% 3633
\BOOKMARK [2][-]{subsection.15.72.1}{\376\377\0001\0005\000.\0007\0002\000.\0001\000\040\000D\000e\000s\000c\000r\000i\000p\000t\000i\000o\000n}{section.15.72}% 3634
\BOOKMARK [2][-]{subsection.15.72.2}{\376\377\0001\0005\000.\0007\0002\000.\0002\000\040\000M\000a\000c\000r\000o\000\040\000D\000e\000f\000i\000n\000i\000t\000i\000o\000n\000\040\000D\000o\000c\000u\000m\000e\000n\000t\000a\000t\000i\000o\000n}{section.15.72}% 3635
\BOOKMARK [3][-]{subsubsection.15.72.2.1}{\376\377\0001\0005\000.\0007\0002\000.\0002\000.\0001\000\040\000\137\000A\000A\000X\000\137\000F\000A\000S\000T\000P\000O\000W\000\137\000H\000\137}{subsection.15.72.2}% 3636
\BOOKMARK [1][-]{section.15.73}{\376\377\0001\0005\000.\0007\0003\000\040\000A\000A\000X\000\137\000G\000e\000t\000t\000i\000n\000g\000\137\000S\000t\000a\000r\000t\000e\000d\000\137\000G\000u\000i\000d\000e\000.\000d\000o\000x\000y\000g\000e\000n\000\040\000F\000i\000l\000e\000\040\000R\000e\000f\000e\000r\000e\000n\000c\000e}{chapter.15}% 3637
\BOOKMARK [1][-]{section.15.74}{\376\377\0001\0005\000.\0007\0004\000\040\000A\000A\000X\000\137\000G\000U\000I\000T\000y\000p\000e\000s\000.\000h\000\040\000F\000i\000l\000e\000\040\000R\000e\000f\000e\000r\000e\000n\000c\000e}{chapter.15}% 3638
\BOOKMARK [2][-]{subsection.15.74.1}{\376\377\0001\0005\000.\0007\0004\000.\0001\000\040\000D\000e\000s\000c\000r\000i\000p\000t\000i\000o\000n}{section.15.74}% 3639
\BOOKMARK [2][-]{subsection.15.74.2}{\376\377\0001\0005\000.\0007\0004\000.\0002\000\040\000T\000y\000p\000e\000d\000e\000f\000\040\000D\000o\000c\000u\000m\000e\000n\000t\000a\000t\000i\000o\000n}{section.15.74}% 3640
\BOOKMARK [3][-]{subsubsection.15.74.2.1}{\376\377\0001\0005\000.\0007\0004\000.\0002\000.\0001\000\040\000A\000A\000X\000\137\000P\000o\000i\000n\000t}{subsection.15.74.2}% 3641
\BOOKMARK [3][-]{subsubsection.15.74.2.2}{\376\377\0001\0005\000.\0007\0004\000.\0002\000.\0002\000\040\000A\000A\000X\000\137\000R\000e\000c\000t}{subsection.15.74.2}% 3642
\BOOKMARK [3][-]{subsubsection.15.74.2.3}{\376\377\0001\0005\000.\0007\0004\000.\0002\000.\0003\000\040\000A\000A\000X\000\137\000E\000V\000i\000e\000w\000C\000o\000n\000t\000a\000i\000n\000e\000r\000\137\000T\000y\000p\000e}{subsection.15.74.2}% 3643
\BOOKMARK [2][-]{subsection.15.74.3}{\376\377\0001\0005\000.\0007\0004\000.\0003\000\040\000E\000n\000u\000m\000e\000r\000a\000t\000i\000o\000n\000\040\000T\000y\000p\000e\000\040\000D\000o\000c\000u\000m\000e\000n\000t\000a\000t\000i\000o\000n}{section.15.74}% 3644
\BOOKMARK [3][-]{subsubsection.15.74.3.1}{\376\377\0001\0005\000.\0007\0004\000.\0003\000.\0001\000\040\000A\000A\000X\000\137\000E\000V\000i\000e\000w\000C\000o\000n\000t\000a\000i\000n\000e\000r\000\137\000T\000y\000p\000e}{subsection.15.74.3}% 3645
\BOOKMARK [2][-]{subsection.15.74.4}{\376\377\0001\0005\000.\0007\0004\000.\0004\000\040\000F\000u\000n\000c\000t\000i\000o\000n\000\040\000D\000o\000c\000u\000m\000e\000n\000t\000a\000t\000i\000o\000n}{section.15.74}% 3646
\BOOKMARK [3][-]{subsubsection.15.74.4.1}{\376\377\0001\0005\000.\0007\0004\000.\0004\000.\0001\000\040\000o\000p\000e\000r\000a\000t\000o\000r\000=\000=\000\050\000\051\000\040\000[\0001\000/\0002\000]}{subsection.15.74.4}% 3647
\BOOKMARK [3][-]{subsubsection.15.74.4.2}{\376\377\0001\0005\000.\0007\0004\000.\0004\000.\0002\000\040\000o\000p\000e\000r\000a\000t\000o\000r\000!\000=\000\050\000\051\000\040\000[\0001\000/\0002\000]}{subsection.15.74.4}% 3648
\BOOKMARK [3][-]{subsubsection.15.74.4.3}{\376\377\0001\0005\000.\0007\0004\000.\0004\000.\0003\000\040\000o\000p\000e\000r\000a\000t\000o\000r\000<\000\050\000\051}{subsection.15.74.4}% 3649
\BOOKMARK [3][-]{subsubsection.15.74.4.4}{\376\377\0001\0005\000.\0007\0004\000.\0004\000.\0004\000\040\000o\000p\000e\000r\000a\000t\000o\000r\000<\000=\000\050\000\051}{subsection.15.74.4}% 3650
\BOOKMARK [3][-]{subsubsection.15.74.4.5}{\376\377\0001\0005\000.\0007\0004\000.\0004\000.\0005\000\040\000o\000p\000e\000r\000a\000t\000o\000r\000>\000\050\000\051}{subsection.15.74.4}% 3651
\BOOKMARK [3][-]{subsubsection.15.74.4.6}{\376\377\0001\0005\000.\0007\0004\000.\0004\000.\0006\000\040\000o\000p\000e\000r\000a\000t\000o\000r\000>\000=\000\050\000\051}{subsection.15.74.4}% 3652
\BOOKMARK [3][-]{subsubsection.15.74.4.7}{\376\377\0001\0005\000.\0007\0004\000.\0004\000.\0007\000\040\000o\000p\000e\000r\000a\000t\000o\000r\000=\000=\000\050\000\051\000\040\000[\0002\000/\0002\000]}{subsection.15.74.4}% 3653
\BOOKMARK [3][-]{subsubsection.15.74.4.8}{\376\377\0001\0005\000.\0007\0004\000.\0004\000.\0008\000\040\000o\000p\000e\000r\000a\000t\000o\000r\000!\000=\000\050\000\051\000\040\000[\0002\000/\0002\000]}{subsection.15.74.4}% 3654
\BOOKMARK [3][-]{subsubsection.15.74.4.9}{\376\377\0001\0005\000.\0007\0004\000.\0004\000.\0009\000\040\000A\000A\000X\000\137\000E\000N\000U\000M\000\137\000S\000I\000Z\000E\000\137\000C\000H\000E\000C\000K\000\050\000\051}{subsection.15.74.4}% 3655
\BOOKMARK [1][-]{section.15.75}{\376\377\0001\0005\000.\0007\0005\000\040\000A\000A\000X\000\137\000H\000o\000s\000t\000S\000u\000p\000p\000o\000r\000t\000.\000d\000o\000x\000y\000g\000e\000n\000\040\000F\000i\000l\000e\000\040\000R\000e\000f\000e\000r\000e\000n\000c\000e}{chapter.15}% 3656
\BOOKMARK [1][-]{section.15.76}{\376\377\0001\0005\000.\0007\0006\000\040\000A\000A\000X\000\137\000I\000A\000C\000F\000A\000u\000t\000o\000m\000a\000t\000i\000o\000n\000D\000e\000l\000e\000g\000a\000t\000e\000.\000h\000\040\000F\000i\000l\000e\000\040\000R\000e\000f\000e\000r\000e\000n\000c\000e}{chapter.15}% 3657
\BOOKMARK [2][-]{subsection.15.76.1}{\376\377\0001\0005\000.\0007\0006\000.\0001\000\040\000D\000e\000s\000c\000r\000i\000p\000t\000i\000o\000n}{section.15.76}% 3658
\BOOKMARK [1][-]{section.15.77}{\376\377\0001\0005\000.\0007\0007\000\040\000A\000A\000X\000\137\000I\000A\000C\000F\000C\000o\000l\000l\000e\000c\000t\000i\000o\000n\000.\000h\000\040\000F\000i\000l\000e\000\040\000R\000e\000f\000e\000r\000e\000n\000c\000e}{chapter.15}% 3659
\BOOKMARK [2][-]{subsection.15.77.1}{\376\377\0001\0005\000.\0007\0007\000.\0001\000\040\000D\000e\000s\000c\000r\000i\000p\000t\000i\000o\000n}{section.15.77}% 3660
\BOOKMARK [1][-]{section.15.78}{\376\377\0001\0005\000.\0007\0008\000\040\000A\000A\000X\000\137\000I\000A\000C\000F\000C\000o\000m\000p\000o\000n\000e\000n\000t\000D\000e\000s\000c\000r\000i\000p\000t\000o\000r\000.\000h\000\040\000F\000i\000l\000e\000\040\000R\000e\000f\000e\000r\000e\000n\000c\000e}{chapter.15}% 3661
\BOOKMARK [2][-]{subsection.15.78.1}{\376\377\0001\0005\000.\0007\0008\000.\0001\000\040\000D\000e\000s\000c\000r\000i\000p\000t\000i\000o\000n}{section.15.78}% 3662
\BOOKMARK [1][-]{section.15.79}{\376\377\0001\0005\000.\0007\0009\000\040\000A\000A\000X\000\137\000I\000A\000C\000F\000C\000o\000n\000t\000r\000o\000l\000l\000e\000r\000.\000h\000\040\000F\000i\000l\000e\000\040\000R\000e\000f\000e\000r\000e\000n\000c\000e}{chapter.15}% 3663
\BOOKMARK [2][-]{subsection.15.79.1}{\376\377\0001\0005\000.\0007\0009\000.\0001\000\040\000D\000e\000s\000c\000r\000i\000p\000t\000i\000o\000n}{section.15.79}% 3664
\BOOKMARK [1][-]{section.15.80}{\376\377\0001\0005\000.\0008\0000\000\040\000A\000A\000X\000\137\000I\000A\000C\000F\000D\000a\000t\000a\000B\000u\000f\000f\000e\000r\000.\000h\000\040\000F\000i\000l\000e\000\040\000R\000e\000f\000e\000r\000e\000n\000c\000e}{chapter.15}% 3665
\BOOKMARK [2][-]{subsection.15.80.1}{\376\377\0001\0005\000.\0008\0000\000.\0001\000\040\000M\000a\000c\000r\000o\000\040\000D\000e\000f\000i\000n\000i\000t\000i\000o\000n\000\040\000D\000o\000c\000u\000m\000e\000n\000t\000a\000t\000i\000o\000n}{section.15.80}% 3666
\BOOKMARK [3][-]{subsubsection.15.80.1.1}{\376\377\0001\0005\000.\0008\0000\000.\0001\000.\0001\000\040\000A\000A\000X\000\137\000I\000A\000C\000F\000D\000a\000t\000a\000B\000u\000f\000f\000e\000r\000\137\000H}{subsection.15.80.1}% 3667
\BOOKMARK [1][-]{section.15.81}{\376\377\0001\0005\000.\0008\0001\000\040\000A\000A\000X\000\137\000I\000A\000C\000F\000D\000e\000s\000c\000r\000i\000p\000t\000i\000o\000n\000H\000o\000s\000t\000.\000h\000\040\000F\000i\000l\000e\000\040\000R\000e\000f\000e\000r\000e\000n\000c\000e}{chapter.15}% 3668
\BOOKMARK [1][-]{section.15.82}{\376\377\0001\0005\000.\0008\0002\000\040\000A\000A\000X\000\137\000I\000A\000C\000F\000E\000f\000f\000e\000c\000t\000D\000e\000s\000c\000r\000i\000p\000t\000o\000r\000.\000h\000\040\000F\000i\000l\000e\000\040\000R\000e\000f\000e\000r\000e\000n\000c\000e}{chapter.15}% 3669
\BOOKMARK [2][-]{subsection.15.82.1}{\376\377\0001\0005\000.\0008\0002\000.\0001\000\040\000D\000e\000s\000c\000r\000i\000p\000t\000i\000o\000n}{section.15.82}% 3670
\BOOKMARK [1][-]{section.15.83}{\376\377\0001\0005\000.\0008\0003\000\040\000A\000A\000X\000\137\000I\000A\000C\000F\000E\000f\000f\000e\000c\000t\000D\000i\000r\000e\000c\000t\000D\000a\000t\000a\000.\000h\000\040\000F\000i\000l\000e\000\040\000R\000e\000f\000e\000r\000e\000n\000c\000e}{chapter.15}% 3671
\BOOKMARK [2][-]{subsection.15.83.1}{\376\377\0001\0005\000.\0008\0003\000.\0001\000\040\000D\000e\000s\000c\000r\000i\000p\000t\000i\000o\000n}{section.15.83}% 3672
\BOOKMARK [1][-]{section.15.84}{\376\377\0001\0005\000.\0008\0004\000\040\000A\000A\000X\000\137\000I\000A\000C\000F\000E\000f\000f\000e\000c\000t\000G\000U\000I\000.\000h\000\040\000F\000i\000l\000e\000\040\000R\000e\000f\000e\000r\000e\000n\000c\000e}{chapter.15}% 3673
\BOOKMARK [2][-]{subsection.15.84.1}{\376\377\0001\0005\000.\0008\0004\000.\0001\000\040\000D\000e\000s\000c\000r\000i\000p\000t\000i\000o\000n}{section.15.84}% 3674
\BOOKMARK [1][-]{section.15.85}{\376\377\0001\0005\000.\0008\0005\000\040\000A\000A\000X\000\137\000I\000A\000C\000F\000E\000f\000f\000e\000c\000t\000P\000a\000r\000a\000m\000e\000t\000e\000r\000s\000.\000h\000\040\000F\000i\000l\000e\000\040\000R\000e\000f\000e\000r\000e\000n\000c\000e}{chapter.15}% 3675
\BOOKMARK [2][-]{subsection.15.85.1}{\376\377\0001\0005\000.\0008\0005\000.\0001\000\040\000D\000e\000s\000c\000r\000i\000p\000t\000i\000o\000n}{section.15.85}% 3676
\BOOKMARK [1][-]{section.15.86}{\376\377\0001\0005\000.\0008\0006\000\040\000A\000A\000X\000\137\000I\000A\000C\000F\000F\000e\000a\000t\000u\000r\000e\000I\000n\000f\000o\000.\000h\000\040\000F\000i\000l\000e\000\040\000R\000e\000f\000e\000r\000e\000n\000c\000e}{chapter.15}% 3677
\BOOKMARK [1][-]{section.15.87}{\376\377\0001\0005\000.\0008\0007\000\040\000A\000A\000X\000\137\000I\000A\000C\000F\000H\000o\000s\000t\000P\000r\000o\000c\000e\000s\000s\000o\000r\000.\000h\000\040\000F\000i\000l\000e\000\040\000R\000e\000f\000e\000r\000e\000n\000c\000e}{chapter.15}% 3678
\BOOKMARK [2][-]{subsection.15.87.1}{\376\377\0001\0005\000.\0008\0007\000.\0001\000\040\000D\000e\000s\000c\000r\000i\000p\000t\000i\000o\000n}{section.15.87}% 3679
\BOOKMARK [1][-]{section.15.88}{\376\377\0001\0005\000.\0008\0008\000\040\000A\000A\000X\000\137\000I\000A\000C\000F\000H\000o\000s\000t\000P\000r\000o\000c\000e\000s\000s\000o\000r\000D\000e\000l\000e\000g\000a\000t\000e\000.\000h\000\040\000F\000i\000l\000e\000\040\000R\000e\000f\000e\000r\000e\000n\000c\000e}{chapter.15}% 3680
\BOOKMARK [1][-]{section.15.89}{\376\377\0001\0005\000.\0008\0009\000\040\000A\000A\000X\000\137\000I\000A\000C\000F\000H\000o\000s\000t\000S\000e\000r\000v\000i\000c\000e\000s\000.\000h\000\040\000F\000i\000l\000e\000\040\000R\000e\000f\000e\000r\000e\000n\000c\000e}{chapter.15}% 3681
\BOOKMARK [1][-]{section.15.90}{\376\377\0001\0005\000.\0009\0000\000\040\000A\000A\000X\000\137\000I\000A\000C\000F\000P\000a\000g\000e\000T\000a\000b\000l\000e\000.\000h\000\040\000F\000i\000l\000e\000\040\000R\000e\000f\000e\000r\000e\000n\000c\000e}{chapter.15}% 3682
\BOOKMARK [1][-]{section.15.91}{\376\377\0001\0005\000.\0009\0001\000\040\000A\000A\000X\000\137\000I\000A\000C\000F\000P\000a\000g\000e\000T\000a\000b\000l\000e\000C\000o\000n\000t\000r\000o\000l\000l\000e\000r\000.\000h\000\040\000F\000i\000l\000e\000\040\000R\000e\000f\000e\000r\000e\000n\000c\000e}{chapter.15}% 3683
\BOOKMARK [1][-]{section.15.92}{\376\377\0001\0005\000.\0009\0002\000\040\000A\000A\000X\000\137\000I\000A\000C\000F\000P\000r\000i\000v\000a\000t\000e\000D\000a\000t\000a\000A\000c\000c\000e\000s\000s\000.\000h\000\040\000F\000i\000l\000e\000\040\000R\000e\000f\000e\000r\000e\000n\000c\000e}{chapter.15}% 3684
\BOOKMARK [2][-]{subsection.15.92.1}{\376\377\0001\0005\000.\0009\0002\000.\0001\000\040\000D\000e\000s\000c\000r\000i\000p\000t\000i\000o\000n}{section.15.92}% 3685
\BOOKMARK [1][-]{section.15.93}{\376\377\0001\0005\000.\0009\0003\000\040\000A\000A\000X\000\137\000I\000A\000C\000F\000P\000r\000o\000p\000e\000r\000t\000y\000M\000a\000p\000.\000h\000\040\000F\000i\000l\000e\000\040\000R\000e\000f\000e\000r\000e\000n\000c\000e}{chapter.15}% 3686
\BOOKMARK [2][-]{subsection.15.93.1}{\376\377\0001\0005\000.\0009\0003\000.\0001\000\040\000D\000e\000s\000c\000r\000i\000p\000t\000i\000o\000n}{section.15.93}% 3687
\BOOKMARK [1][-]{section.15.94}{\376\377\0001\0005\000.\0009\0004\000\040\000A\000A\000X\000\137\000I\000A\000C\000F\000S\000e\000s\000s\000i\000o\000n\000D\000o\000c\000u\000m\000e\000n\000t\000.\000h\000\040\000F\000i\000l\000e\000\040\000R\000e\000f\000e\000r\000e\000n\000c\000e}{chapter.15}% 3688
\BOOKMARK [2][-]{subsection.15.94.1}{\376\377\0001\0005\000.\0009\0004\000.\0001\000\040\000M\000a\000c\000r\000o\000\040\000D\000e\000f\000i\000n\000i\000t\000i\000o\000n\000\040\000D\000o\000c\000u\000m\000e\000n\000t\000a\000t\000i\000o\000n}{section.15.94}% 3689
\BOOKMARK [3][-]{subsubsection.15.94.1.1}{\376\377\0001\0005\000.\0009\0004\000.\0001\000.\0001\000\040\000A\000A\000X\000\137\000I\000A\000C\000F\000S\000e\000s\000s\000i\000o\000n\000D\000o\000c\000u\000m\000e\000n\000t\000\137\000H}{subsection.15.94.1}% 3690
\BOOKMARK [1][-]{section.15.95}{\376\377\0001\0005\000.\0009\0005\000\040\000A\000A\000X\000\137\000I\000A\000C\000F\000S\000e\000s\000s\000i\000o\000n\000D\000o\000c\000u\000m\000e\000n\000t\000C\000l\000i\000e\000n\000t\000.\000h\000\040\000F\000i\000l\000e\000\040\000R\000e\000f\000e\000r\000e\000n\000c\000e}{chapter.15}% 3691
\BOOKMARK [2][-]{subsection.15.95.1}{\376\377\0001\0005\000.\0009\0005\000.\0001\000\040\000M\000a\000c\000r\000o\000\040\000D\000e\000f\000i\000n\000i\000t\000i\000o\000n\000\040\000D\000o\000c\000u\000m\000e\000n\000t\000a\000t\000i\000o\000n}{section.15.95}% 3692
\BOOKMARK [3][-]{subsubsection.15.95.1.1}{\376\377\0001\0005\000.\0009\0005\000.\0001\000.\0001\000\040\000A\000A\000X\000\137\000I\000A\000C\000F\000S\000e\000s\000s\000i\000o\000n\000D\000o\000c\000u\000m\000e\000n\000t\000C\000l\000i\000e\000n\000t\000\137\000H}{subsection.15.95.1}% 3693
\BOOKMARK [1][-]{section.15.96}{\376\377\0001\0005\000.\0009\0006\000\040\000A\000A\000X\000\137\000I\000A\000C\000F\000T\000a\000s\000k\000.\000h\000\040\000F\000i\000l\000e\000\040\000R\000e\000f\000e\000r\000e\000n\000c\000e}{chapter.15}% 3694
\BOOKMARK [2][-]{subsection.15.96.1}{\376\377\0001\0005\000.\0009\0006\000.\0001\000\040\000D\000e\000s\000c\000r\000i\000p\000t\000i\000o\000n}{section.15.96}% 3695
\BOOKMARK [2][-]{subsection.15.96.2}{\376\377\0001\0005\000.\0009\0006\000.\0002\000\040\000M\000a\000c\000r\000o\000\040\000D\000e\000f\000i\000n\000i\000t\000i\000o\000n\000\040\000D\000o\000c\000u\000m\000e\000n\000t\000a\000t\000i\000o\000n}{section.15.96}% 3696
\BOOKMARK [3][-]{subsubsection.15.96.2.1}{\376\377\0001\0005\000.\0009\0006\000.\0002\000.\0001\000\040\000A\000A\000X\000\137\000I\000A\000C\000F\000T\000a\000s\000k\000\137\000H}{subsection.15.96.2}% 3697
\BOOKMARK [1][-]{section.15.97}{\376\377\0001\0005\000.\0009\0007\000\040\000A\000A\000X\000\137\000I\000A\000C\000F\000T\000a\000s\000k\000A\000g\000e\000n\000t\000.\000h\000\040\000F\000i\000l\000e\000\040\000R\000e\000f\000e\000r\000e\000n\000c\000e}{chapter.15}% 3698
\BOOKMARK [2][-]{subsection.15.97.1}{\376\377\0001\0005\000.\0009\0007\000.\0001\000\040\000M\000a\000c\000r\000o\000\040\000D\000e\000f\000i\000n\000i\000t\000i\000o\000n\000\040\000D\000o\000c\000u\000m\000e\000n\000t\000a\000t\000i\000o\000n}{section.15.97}% 3699
\BOOKMARK [3][-]{subsubsection.15.97.1.1}{\376\377\0001\0005\000.\0009\0007\000.\0001\000.\0001\000\040\000A\000A\000X\000\137\000I\000A\000C\000F\000T\000a\000s\000k\000A\000g\000e\000n\000t\000\137\000H}{subsection.15.97.1}% 3700
\BOOKMARK [1][-]{section.15.98}{\376\377\0001\0005\000.\0009\0008\000\040\000A\000A\000X\000\137\000I\000A\000C\000F\000T\000r\000a\000n\000s\000p\000o\000r\000t\000.\000h\000\040\000F\000i\000l\000e\000\040\000R\000e\000f\000e\000r\000e\000n\000c\000e}{chapter.15}% 3701
\BOOKMARK [2][-]{subsection.15.98.1}{\376\377\0001\0005\000.\0009\0008\000.\0001\000\040\000D\000e\000s\000c\000r\000i\000p\000t\000i\000o\000n}{section.15.98}% 3702
\BOOKMARK [1][-]{section.15.99}{\376\377\0001\0005\000.\0009\0009\000\040\000A\000A\000X\000\137\000I\000A\000C\000F\000T\000r\000a\000n\000s\000p\000o\000r\000t\000C\000o\000n\000t\000r\000o\000l\000.\000h\000\040\000F\000i\000l\000e\000\040\000R\000e\000f\000e\000r\000e\000n\000c\000e}{chapter.15}% 3703
\BOOKMARK [2][-]{subsection.15.99.1}{\376\377\0001\0005\000.\0009\0009\000.\0001\000\040\000D\000e\000s\000c\000r\000i\000p\000t\000i\000o\000n}{section.15.99}% 3704
\BOOKMARK [1][-]{section.15.100}{\376\377\0001\0005\000.\0001\0000\0000\000\040\000A\000A\000X\000\137\000I\000A\000C\000F\000V\000i\000e\000w\000C\000o\000n\000t\000a\000i\000n\000e\000r\000.\000h\000\040\000F\000i\000l\000e\000\040\000R\000e\000f\000e\000r\000e\000n\000c\000e}{chapter.15}% 3705
\BOOKMARK [2][-]{subsection.15.100.1}{\376\377\0001\0005\000.\0001\0000\0000\000.\0001\000\040\000D\000e\000s\000c\000r\000i\000p\000t\000i\000o\000n}{section.15.100}% 3706
\BOOKMARK [1][-]{section.15.101}{\376\377\0001\0005\000.\0001\0000\0001\000\040\000A\000A\000X\000\137\000I\000A\000u\000t\000o\000m\000a\000t\000i\000o\000n\000D\000e\000l\000e\000g\000a\000t\000e\000.\000h\000\040\000F\000i\000l\000e\000\040\000R\000e\000f\000e\000r\000e\000n\000c\000e}{chapter.15}% 3707
\BOOKMARK [2][-]{subsection.15.101.1}{\376\377\0001\0005\000.\0001\0000\0001\000.\0001\000\040\000D\000e\000s\000c\000r\000i\000p\000t\000i\000o\000n}{section.15.101}% 3708
\BOOKMARK [1][-]{section.15.102}{\376\377\0001\0005\000.\0001\0000\0002\000\040\000A\000A\000X\000\137\000I\000C\000o\000l\000l\000e\000c\000t\000i\000o\000n\000.\000h\000\040\000F\000i\000l\000e\000\040\000R\000e\000f\000e\000r\000e\000n\000c\000e}{chapter.15}% 3709
\BOOKMARK [2][-]{subsection.15.102.1}{\376\377\0001\0005\000.\0001\0000\0002\000.\0001\000\040\000D\000e\000s\000c\000r\000i\000p\000t\000i\000o\000n}{section.15.102}% 3710
\BOOKMARK [1][-]{section.15.103}{\376\377\0001\0005\000.\0001\0000\0003\000\040\000A\000A\000X\000\137\000I\000C\000o\000m\000p\000o\000n\000e\000n\000t\000D\000e\000s\000c\000r\000i\000p\000t\000o\000r\000.\000h\000\040\000F\000i\000l\000e\000\040\000R\000e\000f\000e\000r\000e\000n\000c\000e}{chapter.15}% 3711
\BOOKMARK [2][-]{subsection.15.103.1}{\376\377\0001\0005\000.\0001\0000\0003\000.\0001\000\040\000D\000e\000s\000c\000r\000i\000p\000t\000i\000o\000n}{section.15.103}% 3712
\BOOKMARK [1][-]{section.15.104}{\376\377\0001\0005\000.\0001\0000\0004\000\040\000A\000A\000X\000\137\000I\000C\000o\000n\000t\000a\000i\000n\000e\000r\000.\000h\000\040\000F\000i\000l\000e\000\040\000R\000e\000f\000e\000r\000e\000n\000c\000e}{chapter.15}% 3713
\BOOKMARK [2][-]{subsection.15.104.1}{\376\377\0001\0005\000.\0001\0000\0004\000.\0001\000\040\000D\000e\000s\000c\000r\000i\000p\000t\000i\000o\000n}{section.15.104}% 3714
\BOOKMARK [1][-]{section.15.105}{\376\377\0001\0005\000.\0001\0000\0005\000\040\000A\000A\000X\000\137\000I\000C\000o\000n\000t\000r\000o\000l\000l\000e\000r\000.\000h\000\040\000F\000i\000l\000e\000\040\000R\000e\000f\000e\000r\000e\000n\000c\000e}{chapter.15}% 3715
\BOOKMARK [2][-]{subsection.15.105.1}{\376\377\0001\0005\000.\0001\0000\0005\000.\0001\000\040\000D\000e\000s\000c\000r\000i\000p\000t\000i\000o\000n}{section.15.105}% 3716
\BOOKMARK [1][-]{section.15.106}{\376\377\0001\0005\000.\0001\0000\0006\000\040\000A\000A\000X\000\137\000I\000D\000a\000t\000a\000B\000u\000f\000f\000e\000r\000.\000h\000\040\000F\000i\000l\000e\000\040\000R\000e\000f\000e\000r\000e\000n\000c\000e}{chapter.15}% 3717
\BOOKMARK [2][-]{subsection.15.106.1}{\376\377\0001\0005\000.\0001\0000\0006\000.\0001\000\040\000M\000a\000c\000r\000o\000\040\000D\000e\000f\000i\000n\000i\000t\000i\000o\000n\000\040\000D\000o\000c\000u\000m\000e\000n\000t\000a\000t\000i\000o\000n}{section.15.106}% 3718
\BOOKMARK [3][-]{subsubsection.15.106.1.1}{\376\377\0001\0005\000.\0001\0000\0006\000.\0001\000.\0001\000\040\000A\000A\000X\000\137\000I\000D\000a\000t\000a\000B\000u\000f\000f\000e\000r\000\137\000H}{subsection.15.106.1}% 3719
\BOOKMARK [1][-]{section.15.107}{\376\377\0001\0005\000.\0001\0000\0007\000\040\000A\000A\000X\000\137\000I\000D\000a\000t\000a\000B\000u\000f\000f\000e\000r\000W\000r\000a\000p\000p\000e\000r\000.\000h\000\040\000F\000i\000l\000e\000\040\000R\000e\000f\000e\000r\000e\000n\000c\000e}{chapter.15}% 3720
\BOOKMARK [2][-]{subsection.15.107.1}{\376\377\0001\0005\000.\0001\0000\0007\000.\0001\000\040\000M\000a\000c\000r\000o\000\040\000D\000e\000f\000i\000n\000i\000t\000i\000o\000n\000\040\000D\000o\000c\000u\000m\000e\000n\000t\000a\000t\000i\000o\000n}{section.15.107}% 3721
\BOOKMARK [3][-]{subsubsection.15.107.1.1}{\376\377\0001\0005\000.\0001\0000\0007\000.\0001\000.\0001\000\040\000A\000A\000X\000\137\000I\000D\000A\000T\000A\000B\000U\000F\000F\000E\000R\000W\000R\000A\000P\000P\000E\000R\000\137\000H}{subsection.15.107.1}% 3722
\BOOKMARK [1][-]{section.15.108}{\376\377\0001\0005\000.\0001\0000\0008\000\040\000A\000A\000X\000\137\000I\000D\000e\000s\000c\000r\000i\000p\000t\000i\000o\000n\000H\000o\000s\000t\000.\000h\000\040\000F\000i\000l\000e\000\040\000R\000e\000f\000e\000r\000e\000n\000c\000e}{chapter.15}% 3723
\BOOKMARK [1][-]{section.15.109}{\376\377\0001\0005\000.\0001\0000\0009\000\040\000A\000A\000X\000\137\000I\000D\000i\000s\000p\000l\000a\000y\000D\000e\000l\000e\000g\000a\000t\000e\000.\000h\000\040\000F\000i\000l\000e\000\040\000R\000e\000f\000e\000r\000e\000n\000c\000e}{chapter.15}% 3724
\BOOKMARK [2][-]{subsection.15.109.1}{\376\377\0001\0005\000.\0001\0000\0009\000.\0001\000\040\000D\000e\000s\000c\000r\000i\000p\000t\000i\000o\000n}{section.15.109}% 3725
\BOOKMARK [1][-]{section.15.110}{\376\377\0001\0005\000.\0001\0001\0000\000\040\000A\000A\000X\000\137\000I\000D\000i\000s\000p\000l\000a\000y\000D\000e\000l\000e\000g\000a\000t\000e\000D\000e\000c\000o\000r\000a\000t\000o\000r\000.\000h\000\040\000F\000i\000l\000e\000\040\000R\000e\000f\000e\000r\000e\000n\000c\000e}{chapter.15}% 3726
\BOOKMARK [2][-]{subsection.15.110.1}{\376\377\0001\0005\000.\0001\0001\0000\000.\0001\000\040\000D\000e\000s\000c\000r\000i\000p\000t\000i\000o\000n}{section.15.110}% 3727
\BOOKMARK [1][-]{section.15.111}{\376\377\0001\0005\000.\0001\0001\0001\000\040\000A\000A\000X\000\137\000I\000D\000m\000a\000.\000h\000\040\000F\000i\000l\000e\000\040\000R\000e\000f\000e\000r\000e\000n\000c\000e}{chapter.15}% 3728
\BOOKMARK [2][-]{subsection.15.111.1}{\376\377\0001\0005\000.\0001\0001\0001\000.\0001\000\040\000D\000e\000s\000c\000r\000i\000p\000t\000i\000o\000n}{section.15.111}% 3729
\BOOKMARK [2][-]{subsection.15.111.2}{\376\377\0001\0005\000.\0001\0001\0001\000.\0002\000\040\000M\000a\000c\000r\000o\000\040\000D\000e\000f\000i\000n\000i\000t\000i\000o\000n\000\040\000D\000o\000c\000u\000m\000e\000n\000t\000a\000t\000i\000o\000n}{section.15.111}% 3730
\BOOKMARK [3][-]{subsubsection.15.111.2.1}{\376\377\0001\0005\000.\0001\0001\0001\000.\0002\000.\0001\000\040\000A\000A\000X\000\137\000I\000D\000M\000A\000\137\000H}{subsection.15.111.2}% 3731
\BOOKMARK [3][-]{subsubsection.15.111.2.2}{\376\377\0001\0005\000.\0001\0001\0001\000.\0002\000.\0002\000\040\000A\000A\000X\000\137\000D\000M\000A\000\137\000A\000P\000I}{subsection.15.111.2}% 3732
\BOOKMARK [1][-]{section.15.112}{\376\377\0001\0005\000.\0001\0001\0002\000\040\000A\000A\000X\000\137\000I\000E\000f\000f\000e\000c\000t\000D\000e\000s\000c\000r\000i\000p\000t\000o\000r\000.\000h\000\040\000F\000i\000l\000e\000\040\000R\000e\000f\000e\000r\000e\000n\000c\000e}{chapter.15}% 3733
\BOOKMARK [2][-]{subsection.15.112.1}{\376\377\0001\0005\000.\0001\0001\0002\000.\0001\000\040\000D\000e\000s\000c\000r\000i\000p\000t\000i\000o\000n}{section.15.112}% 3734
\BOOKMARK [1][-]{section.15.113}{\376\377\0001\0005\000.\0001\0001\0003\000\040\000A\000A\000X\000\137\000I\000E\000f\000f\000e\000c\000t\000D\000i\000r\000e\000c\000t\000D\000a\000t\000a\000.\000h\000\040\000F\000i\000l\000e\000\040\000R\000e\000f\000e\000r\000e\000n\000c\000e}{chapter.15}% 3735
\BOOKMARK [2][-]{subsection.15.113.1}{\376\377\0001\0005\000.\0001\0001\0003\000.\0001\000\040\000D\000e\000s\000c\000r\000i\000p\000t\000i\000o\000n}{section.15.113}% 3736
\BOOKMARK [1][-]{section.15.114}{\376\377\0001\0005\000.\0001\0001\0004\000\040\000A\000A\000X\000\137\000I\000E\000f\000f\000e\000c\000t\000G\000U\000I\000.\000h\000\040\000F\000i\000l\000e\000\040\000R\000e\000f\000e\000r\000e\000n\000c\000e}{chapter.15}% 3737
\BOOKMARK [2][-]{subsection.15.114.1}{\376\377\0001\0005\000.\0001\0001\0004\000.\0001\000\040\000D\000e\000s\000c\000r\000i\000p\000t\000i\000o\000n}{section.15.114}% 3738
\BOOKMARK [1][-]{section.15.115}{\376\377\0001\0005\000.\0001\0001\0005\000\040\000A\000A\000X\000\137\000I\000E\000f\000f\000e\000c\000t\000P\000a\000r\000a\000m\000e\000t\000e\000r\000s\000.\000h\000\040\000F\000i\000l\000e\000\040\000R\000e\000f\000e\000r\000e\000n\000c\000e}{chapter.15}% 3739
\BOOKMARK [2][-]{subsection.15.115.1}{\376\377\0001\0005\000.\0001\0001\0005\000.\0001\000\040\000D\000e\000s\000c\000r\000i\000p\000t\000i\000o\000n}{section.15.115}% 3740
\BOOKMARK [1][-]{section.15.116}{\376\377\0001\0005\000.\0001\0001\0006\000\040\000A\000A\000X\000\137\000I\000F\000e\000a\000t\000u\000r\000e\000I\000n\000f\000o\000.\000h\000\040\000F\000i\000l\000e\000\040\000R\000e\000f\000e\000r\000e\000n\000c\000e}{chapter.15}% 3741
\BOOKMARK [1][-]{section.15.117}{\376\377\0001\0005\000.\0001\0001\0007\000\040\000A\000A\000X\000\137\000I\000H\000o\000s\000t\000P\000r\000o\000c\000e\000s\000s\000o\000r\000.\000h\000\040\000F\000i\000l\000e\000\040\000R\000e\000f\000e\000r\000e\000n\000c\000e}{chapter.15}% 3742
\BOOKMARK [2][-]{subsection.15.117.1}{\376\377\0001\0005\000.\0001\0001\0007\000.\0001\000\040\000D\000e\000s\000c\000r\000i\000p\000t\000i\000o\000n}{section.15.117}% 3743
\BOOKMARK [1][-]{section.15.118}{\376\377\0001\0005\000.\0001\0001\0008\000\040\000A\000A\000X\000\137\000I\000H\000o\000s\000t\000P\000r\000o\000c\000e\000s\000s\000o\000r\000D\000e\000l\000e\000g\000a\000t\000e\000.\000h\000\040\000F\000i\000l\000e\000\040\000R\000e\000f\000e\000r\000e\000n\000c\000e}{chapter.15}% 3744
\BOOKMARK [2][-]{subsection.15.118.1}{\376\377\0001\0005\000.\0001\0001\0008\000.\0001\000\040\000D\000e\000s\000c\000r\000i\000p\000t\000i\000o\000n}{section.15.118}% 3745
\BOOKMARK [1][-]{section.15.119}{\376\377\0001\0005\000.\0001\0001\0009\000\040\000A\000A\000X\000\137\000I\000H\000o\000s\000t\000S\000e\000r\000v\000i\000c\000e\000s\000.\000h\000\040\000F\000i\000l\000e\000\040\000R\000e\000f\000e\000r\000e\000n\000c\000e}{chapter.15}% 3746
\BOOKMARK [2][-]{subsection.15.119.1}{\376\377\0001\0005\000.\0001\0001\0009\000.\0001\000\040\000D\000e\000s\000c\000r\000i\000p\000t\000i\000o\000n}{section.15.119}% 3747
\BOOKMARK [1][-]{section.15.120}{\376\377\0001\0005\000.\0001\0002\0000\000\040\000A\000A\000X\000\137\000I\000H\000o\000s\000t\000T\000a\000s\000k\000A\000g\000e\000n\000t\000.\000h\000\040\000F\000i\000l\000e\000\040\000R\000e\000f\000e\000r\000e\000n\000c\000e}{chapter.15}% 3748
\BOOKMARK [2][-]{subsection.15.120.1}{\376\377\0001\0005\000.\0001\0002\0000\000.\0001\000\040\000D\000e\000s\000c\000r\000i\000p\000t\000i\000o\000n}{section.15.120}% 3749
\BOOKMARK [2][-]{subsection.15.120.2}{\376\377\0001\0005\000.\0001\0002\0000\000.\0002\000\040\000M\000a\000c\000r\000o\000\040\000D\000e\000f\000i\000n\000i\000t\000i\000o\000n\000\040\000D\000o\000c\000u\000m\000e\000n\000t\000a\000t\000i\000o\000n}{section.15.120}% 3750
\BOOKMARK [3][-]{subsubsection.15.120.2.1}{\376\377\0001\0005\000.\0001\0002\0000\000.\0002\000.\0001\000\040\000A\000A\000X\000\137\000I\000H\000o\000s\000t\000T\000a\000s\000k\000A\000g\000e\000n\000t\000\137\000H}{subsection.15.120.2}% 3751
\BOOKMARK [1][-]{section.15.121}{\376\377\0001\0005\000.\0001\0002\0001\000\040\000A\000A\000X\000\137\000I\000M\000I\000D\000I\000N\000o\000d\000e\000.\000h\000\040\000F\000i\000l\000e\000\040\000R\000e\000f\000e\000r\000e\000n\000c\000e}{chapter.15}% 3752
\BOOKMARK [2][-]{subsection.15.121.1}{\376\377\0001\0005\000.\0001\0002\0001\000.\0001\000\040\000D\000e\000s\000c\000r\000i\000p\000t\000i\000o\000n}{section.15.121}% 3753
\BOOKMARK [1][-]{section.15.122}{\376\377\0001\0005\000.\0001\0002\0002\000\040\000A\000A\000X\000\137\000I\000n\000i\000t\000.\000h\000\040\000F\000i\000l\000e\000\040\000R\000e\000f\000e\000r\000e\000n\000c\000e}{chapter.15}% 3754
\BOOKMARK [2][-]{subsection.15.122.1}{\376\377\0001\0005\000.\0001\0002\0002\000.\0001\000\040\000D\000e\000s\000c\000r\000i\000p\000t\000i\000o\000n}{section.15.122}% 3755
\BOOKMARK [2][-]{subsection.15.122.2}{\376\377\0001\0005\000.\0001\0002\0002\000.\0002\000\040\000F\000u\000n\000c\000t\000i\000o\000n\000\040\000D\000o\000c\000u\000m\000e\000n\000t\000a\000t\000i\000o\000n}{section.15.122}% 3756
\BOOKMARK [3][-]{subsubsection.15.122.2.1}{\376\377\0001\0005\000.\0001\0002\0002\000.\0002\000.\0001\000\040\000A\000A\000X\000R\000e\000g\000i\000s\000t\000e\000r\000C\000o\000m\000p\000o\000n\000e\000n\000t\000\050\000\051}{subsection.15.122.2}% 3757
\BOOKMARK [3][-]{subsubsection.15.122.2.2}{\376\377\0001\0005\000.\0001\0002\0002\000.\0002\000.\0002\000\040\000A\000A\000X\000G\000e\000t\000C\000l\000a\000s\000s\000F\000a\000c\000t\000o\000r\000y\000\050\000\051}{subsection.15.122.2}% 3758
\BOOKMARK [3][-]{subsubsection.15.122.2.3}{\376\377\0001\0005\000.\0001\0002\0002\000.\0002\000.\0003\000\040\000A\000A\000X\000C\000a\000n\000U\000n\000l\000o\000a\000d\000N\000o\000w\000\050\000\051}{subsection.15.122.2}% 3759
\BOOKMARK [3][-]{subsubsection.15.122.2.4}{\376\377\0001\0005\000.\0001\0002\0002\000.\0002\000.\0004\000\040\000A\000A\000X\000S\000t\000a\000r\000t\000u\000p\000\050\000\051}{subsection.15.122.2}% 3760
\BOOKMARK [3][-]{subsubsection.15.122.2.5}{\376\377\0001\0005\000.\0001\0002\0002\000.\0002\000.\0005\000\040\000A\000A\000X\000S\000h\000u\000t\000d\000o\000w\000n\000\050\000\051}{subsection.15.122.2}% 3761
\BOOKMARK [3][-]{subsubsection.15.122.2.6}{\376\377\0001\0005\000.\0001\0002\0002\000.\0002\000.\0006\000\040\000A\000A\000X\000G\000e\000t\000S\000D\000K\000V\000e\000r\000s\000i\000o\000n\000\050\000\051}{subsection.15.122.2}% 3762
\BOOKMARK [1][-]{section.15.123}{\376\377\0001\0005\000.\0001\0002\0003\000\040\000A\000A\000X\000\137\000I\000n\000s\000t\000r\000u\000m\000e\000n\000t\000P\000a\000r\000a\000m\000e\000t\000e\000r\000s\000.\000d\000o\000x\000y\000g\000e\000n\000\040\000F\000i\000l\000e\000\040\000R\000e\000f\000e\000r\000e\000n\000c\000e}{chapter.15}% 3763
\BOOKMARK [1][-]{section.15.124}{\376\377\0001\0005\000.\0001\0002\0004\000\040\000A\000A\000X\000\137\000I\000n\000t\000e\000r\000f\000a\000c\000e\000L\000i\000s\000t\000.\000d\000o\000x\000y\000g\000e\000n\000\040\000F\000i\000l\000e\000\040\000R\000e\000f\000e\000r\000e\000n\000c\000e}{chapter.15}% 3764
\BOOKMARK [1][-]{section.15.125}{\376\377\0001\0005\000.\0001\0002\0005\000\040\000A\000A\000X\000\137\000I\000P\000a\000g\000e\000T\000a\000b\000l\000e\000.\000h\000\040\000F\000i\000l\000e\000\040\000R\000e\000f\000e\000r\000e\000n\000c\000e}{chapter.15}% 3765
\BOOKMARK [1][-]{section.15.126}{\376\377\0001\0005\000.\0001\0002\0006\000\040\000A\000A\000X\000\137\000I\000P\000a\000r\000a\000m\000e\000t\000e\000r\000.\000h\000\040\000F\000i\000l\000e\000\040\000R\000e\000f\000e\000r\000e\000n\000c\000e}{chapter.15}% 3766
\BOOKMARK [2][-]{subsection.15.126.1}{\376\377\0001\0005\000.\0001\0002\0006\000.\0001\000\040\000D\000e\000s\000c\000r\000i\000p\000t\000i\000o\000n}{section.15.126}% 3767
\BOOKMARK [1][-]{section.15.127}{\376\377\0001\0005\000.\0001\0002\0007\000\040\000A\000A\000X\000\137\000I\000P\000o\000i\000n\000t\000e\000r\000Q\000u\000e\000u\000e\000.\000h\000\040\000F\000i\000l\000e\000\040\000R\000e\000f\000e\000r\000e\000n\000c\000e}{chapter.15}% 3768
\BOOKMARK [2][-]{subsection.15.127.1}{\376\377\0001\0005\000.\0001\0002\0007\000.\0001\000\040\000D\000e\000s\000c\000r\000i\000p\000t\000i\000o\000n}{section.15.127}% 3769
\BOOKMARK [1][-]{section.15.128}{\376\377\0001\0005\000.\0001\0002\0008\000\040\000A\000A\000X\000\137\000I\000P\000r\000i\000v\000a\000t\000e\000D\000a\000t\000a\000A\000c\000c\000e\000s\000s\000.\000h\000\040\000F\000i\000l\000e\000\040\000R\000e\000f\000e\000r\000e\000n\000c\000e}{chapter.15}% 3770
\BOOKMARK [2][-]{subsection.15.128.1}{\376\377\0001\0005\000.\0001\0002\0008\000.\0001\000\040\000D\000e\000s\000c\000r\000i\000p\000t\000i\000o\000n}{section.15.128}% 3771
\BOOKMARK [1][-]{section.15.129}{\376\377\0001\0005\000.\0001\0002\0009\000\040\000A\000A\000X\000\137\000I\000P\000r\000o\000p\000e\000r\000t\000y\000M\000a\000p\000.\000h\000\040\000F\000i\000l\000e\000\040\000R\000e\000f\000e\000r\000e\000n\000c\000e}{chapter.15}% 3772
\BOOKMARK [2][-]{subsection.15.129.1}{\376\377\0001\0005\000.\0001\0002\0009\000.\0001\000\040\000D\000e\000s\000c\000r\000i\000p\000t\000i\000o\000n}{section.15.129}% 3773
\BOOKMARK [1][-]{section.15.130}{\376\377\0001\0005\000.\0001\0003\0000\000\040\000A\000A\000X\000\137\000I\000S\000e\000s\000s\000i\000o\000n\000D\000o\000c\000u\000m\000e\000n\000t\000.\000h\000\040\000F\000i\000l\000e\000\040\000R\000e\000f\000e\000r\000e\000n\000c\000e}{chapter.15}% 3774
\BOOKMARK [2][-]{subsection.15.130.1}{\376\377\0001\0005\000.\0001\0003\0000\000.\0001\000\040\000M\000a\000c\000r\000o\000\040\000D\000e\000f\000i\000n\000i\000t\000i\000o\000n\000\040\000D\000o\000c\000u\000m\000e\000n\000t\000a\000t\000i\000o\000n}{section.15.130}% 3775
\BOOKMARK [3][-]{subsubsection.15.130.1.1}{\376\377\0001\0005\000.\0001\0003\0000\000.\0001\000.\0001\000\040\000A\000A\000X\000\137\000I\000S\000e\000s\000s\000i\000o\000n\000D\000o\000c\000u\000m\000e\000n\000t\000\137\000H}{subsection.15.130.1}% 3776
\BOOKMARK [1][-]{section.15.131}{\376\377\0001\0005\000.\0001\0003\0001\000\040\000A\000A\000X\000\137\000I\000S\000e\000s\000s\000i\000o\000n\000D\000o\000c\000u\000m\000e\000n\000t\000C\000l\000i\000e\000n\000t\000.\000h\000\040\000F\000i\000l\000e\000\040\000R\000e\000f\000e\000r\000e\000n\000c\000e}{chapter.15}% 3777
\BOOKMARK [2][-]{subsection.15.131.1}{\376\377\0001\0005\000.\0001\0003\0001\000.\0001\000\040\000M\000a\000c\000r\000o\000\040\000D\000e\000f\000i\000n\000i\000t\000i\000o\000n\000\040\000D\000o\000c\000u\000m\000e\000n\000t\000a\000t\000i\000o\000n}{section.15.131}% 3778
\BOOKMARK [3][-]{subsubsection.15.131.1.1}{\376\377\0001\0005\000.\0001\0003\0001\000.\0001\000.\0001\000\040\000A\000A\000X\000\137\000I\000S\000e\000s\000s\000i\000o\000n\000D\000o\000c\000u\000m\000e\000n\000t\000C\000l\000i\000e\000n\000t\000\137\000H}{subsection.15.131.1}% 3779
\BOOKMARK [1][-]{section.15.132}{\376\377\0001\0005\000.\0001\0003\0002\000\040\000A\000A\000X\000\137\000I\000S\000t\000r\000i\000n\000g\000.\000h\000\040\000F\000i\000l\000e\000\040\000R\000e\000f\000e\000r\000e\000n\000c\000e}{chapter.15}% 3780
\BOOKMARK [2][-]{subsection.15.132.1}{\376\377\0001\0005\000.\0001\0003\0002\000.\0001\000\040\000D\000e\000s\000c\000r\000i\000p\000t\000i\000o\000n}{section.15.132}% 3781
\BOOKMARK [1][-]{section.15.133}{\376\377\0001\0005\000.\0001\0003\0003\000\040\000A\000A\000X\000\137\000I\000T\000a\000p\000e\000r\000D\000e\000l\000e\000g\000a\000t\000e\000.\000h\000\040\000F\000i\000l\000e\000\040\000R\000e\000f\000e\000r\000e\000n\000c\000e}{chapter.15}% 3782
\BOOKMARK [2][-]{subsection.15.133.1}{\376\377\0001\0005\000.\0001\0003\0003\000.\0001\000\040\000D\000e\000s\000c\000r\000i\000p\000t\000i\000o\000n}{section.15.133}% 3783
\BOOKMARK [1][-]{section.15.134}{\376\377\0001\0005\000.\0001\0003\0004\000\040\000A\000A\000X\000\137\000I\000T\000a\000s\000k\000.\000h\000\040\000F\000i\000l\000e\000\040\000R\000e\000f\000e\000r\000e\000n\000c\000e}{chapter.15}% 3784
\BOOKMARK [2][-]{subsection.15.134.1}{\376\377\0001\0005\000.\0001\0003\0004\000.\0001\000\040\000M\000a\000c\000r\000o\000\040\000D\000e\000f\000i\000n\000i\000t\000i\000o\000n\000\040\000D\000o\000c\000u\000m\000e\000n\000t\000a\000t\000i\000o\000n}{section.15.134}% 3785
\BOOKMARK [3][-]{subsubsection.15.134.1.1}{\376\377\0001\0005\000.\0001\0003\0004\000.\0001\000.\0001\000\040\000A\000A\000X\000\137\000I\000T\000a\000s\000k\000\137\000H}{subsection.15.134.1}% 3786
\BOOKMARK [1][-]{section.15.135}{\376\377\0001\0005\000.\0001\0003\0005\000\040\000A\000A\000X\000\137\000I\000T\000a\000s\000k\000A\000g\000e\000n\000t\000.\000h\000\040\000F\000i\000l\000e\000\040\000R\000e\000f\000e\000r\000e\000n\000c\000e}{chapter.15}% 3787
\BOOKMARK [1][-]{section.15.136}{\376\377\0001\0005\000.\0001\0003\0006\000\040\000A\000A\000X\000\137\000I\000T\000r\000a\000n\000s\000p\000o\000r\000t\000.\000h\000\040\000F\000i\000l\000e\000\040\000R\000e\000f\000e\000r\000e\000n\000c\000e}{chapter.15}% 3788
\BOOKMARK [2][-]{subsection.15.136.1}{\376\377\0001\0005\000.\0001\0003\0006\000.\0001\000\040\000D\000e\000s\000c\000r\000i\000p\000t\000i\000o\000n}{section.15.136}% 3789
\BOOKMARK [1][-]{section.15.137}{\376\377\0001\0005\000.\0001\0003\0007\000\040\000A\000A\000X\000\137\000I\000V\000i\000e\000w\000C\000o\000n\000t\000a\000i\000n\000e\000r\000.\000h\000\040\000F\000i\000l\000e\000\040\000R\000e\000f\000e\000r\000e\000n\000c\000e}{chapter.15}% 3790
\BOOKMARK [2][-]{subsection.15.137.1}{\376\377\0001\0005\000.\0001\0003\0007\000.\0001\000\040\000D\000e\000s\000c\000r\000i\000p\000t\000i\000o\000n}{section.15.137}% 3791
\BOOKMARK [1][-]{section.15.138}{\376\377\0001\0005\000.\0001\0003\0008\000\040\000A\000A\000X\000\137\000L\000i\000n\000k\000e\000d\000P\000a\000r\000a\000m\000e\000t\000e\000r\000s\000.\000d\000o\000x\000y\000g\000e\000n\000\040\000F\000i\000l\000e\000\040\000R\000e\000f\000e\000r\000e\000n\000c\000e}{chapter.15}% 3792
\BOOKMARK [1][-]{section.15.139}{\376\377\0001\0005\000.\0001\0003\0009\000\040\000A\000A\000X\000\137\000M\000a\000p\000.\000h\000\040\000F\000i\000l\000e\000\040\000R\000e\000f\000e\000r\000e\000n\000c\000e}{chapter.15}% 3793
\BOOKMARK [2][-]{subsection.15.139.1}{\376\377\0001\0005\000.\0001\0003\0009\000.\0001\000\040\000D\000e\000s\000c\000r\000i\000p\000t\000i\000o\000n}{section.15.139}% 3794
\BOOKMARK [2][-]{subsection.15.139.2}{\376\377\0001\0005\000.\0001\0003\0009\000.\0002\000\040\000M\000a\000c\000r\000o\000\040\000D\000e\000f\000i\000n\000i\000t\000i\000o\000n\000\040\000D\000o\000c\000u\000m\000e\000n\000t\000a\000t\000i\000o\000n}{section.15.139}% 3795
\BOOKMARK [3][-]{subsubsection.15.139.2.1}{\376\377\0001\0005\000.\0001\0003\0009\000.\0002\000.\0001\000\040\000A\000A\000X\000\137\000M\000A\000P\000\137\000H}{subsection.15.139.2}% 3796
\BOOKMARK [1][-]{section.15.140}{\376\377\0001\0005\000.\0001\0004\0000\000\040\000A\000A\000X\000\137\000M\000e\000d\000i\000a\000\137\000C\000o\000m\000p\000o\000s\000e\000r\000\137\000G\000u\000i\000d\000e\000.\000d\000o\000x\000y\000g\000e\000n\000\040\000F\000i\000l\000e\000\040\000R\000e\000f\000e\000r\000e\000n\000c\000e}{chapter.15}% 3797
\BOOKMARK [1][-]{section.15.141}{\376\377\0001\0005\000.\0001\0004\0001\000\040\000A\000A\000X\000\137\000M\000I\000D\000I\000L\000o\000g\000g\000i\000n\000g\000.\000c\000p\000p\000\040\000F\000i\000l\000e\000\040\000R\000e\000f\000e\000r\000e\000n\000c\000e}{chapter.15}% 3798
\BOOKMARK [1][-]{section.15.142}{\376\377\0001\0005\000.\0001\0004\0002\000\040\000A\000A\000X\000\137\000M\000I\000D\000I\000L\000o\000g\000g\000i\000n\000g\000.\000h\000\040\000F\000i\000l\000e\000\040\000R\000e\000f\000e\000r\000e\000n\000c\000e}{chapter.15}% 3799
\BOOKMARK [2][-]{subsection.15.142.1}{\376\377\0001\0005\000.\0001\0004\0002\000.\0001\000\040\000D\000e\000s\000c\000r\000i\000p\000t\000i\000o\000n}{section.15.142}% 3800
\BOOKMARK [1][-]{section.15.143}{\376\377\0001\0005\000.\0001\0004\0003\000\040\000A\000A\000X\000\137\000M\000I\000D\000I\000U\000t\000i\000l\000i\000t\000i\000e\000s\000.\000h\000\040\000F\000i\000l\000e\000\040\000R\000e\000f\000e\000r\000e\000n\000c\000e}{chapter.15}% 3801
\BOOKMARK [2][-]{subsection.15.143.1}{\376\377\0001\0005\000.\0001\0004\0003\000.\0001\000\040\000D\000e\000s\000c\000r\000i\000p\000t\000i\000o\000n}{section.15.143}% 3802
\BOOKMARK [1][-]{section.15.144}{\376\377\0001\0005\000.\0001\0004\0004\000\040\000A\000A\000X\000\137\000M\000i\000s\000c\000U\000t\000i\000l\000s\000.\000h\000\040\000F\000i\000l\000e\000\040\000R\000e\000f\000e\000r\000e\000n\000c\000e}{chapter.15}% 3803
\BOOKMARK [2][-]{subsection.15.144.1}{\376\377\0001\0005\000.\0001\0004\0004\000.\0001\000\040\000D\000e\000s\000c\000r\000i\000p\000t\000i\000o\000n}{section.15.144}% 3804
\BOOKMARK [2][-]{subsection.15.144.2}{\376\377\0001\0005\000.\0001\0004\0004\000.\0002\000\040\000M\000a\000c\000r\000o\000\040\000D\000e\000f\000i\000n\000i\000t\000i\000o\000n\000\040\000D\000o\000c\000u\000m\000e\000n\000t\000a\000t\000i\000o\000n}{section.15.144}% 3805
\BOOKMARK [3][-]{subsubsection.15.144.2.1}{\376\377\0001\0005\000.\0001\0004\0004\000.\0002\000.\0001\000\040\000A\000A\000X\000\137\000M\000I\000S\000C\000U\000T\000I\000L\000S\000\137\000H}{subsection.15.144.2}% 3806
\BOOKMARK [3][-]{subsubsection.15.144.2.2}{\376\377\0001\0005\000.\0001\0004\0004\000.\0002\000.\0002\000\040\000A\000A\000X\000\137\000A\000L\000I\000G\000N\000M\000E\000N\000T\000\137\000H\000I\000N\000T}{subsection.15.144.2}% 3807
\BOOKMARK [3][-]{subsubsection.15.144.2.3}{\376\377\0001\0005\000.\0001\0004\0004\000.\0002\000.\0003\000\040\000A\000A\000X\000\137\000W\000O\000R\000D\000\137\000A\000L\000I\000G\000N\000E\000D\000\137\000H\000I\000N\000T}{subsection.15.144.2}% 3808
\BOOKMARK [3][-]{subsubsection.15.144.2.4}{\376\377\0001\0005\000.\0001\0004\0004\000.\0002\000.\0004\000\040\000A\000A\000X\000\137\000D\000W\000O\000R\000D\000\137\000A\000L\000I\000G\000N\000E\000D\000\137\000H\000I\000N\000T}{subsection.15.144.2}% 3809
\BOOKMARK [3][-]{subsubsection.15.144.2.5}{\376\377\0001\0005\000.\0001\0004\0004\000.\0002\000.\0005\000\040\000A\000A\000X\000\137\000L\000O}{subsection.15.144.2}% 3810
\BOOKMARK [3][-]{subsubsection.15.144.2.6}{\376\377\0001\0005\000.\0001\0004\0004\000.\0002\000.\0006\000\040\000A\000A\000X\000\137\000H\000I}{subsection.15.144.2}% 3811
\BOOKMARK [3][-]{subsubsection.15.144.2.7}{\376\377\0001\0005\000.\0001\0004\0004\000.\0002\000.\0007\000\040\000A\000A\000X\000\137\000I\000N\000T\000\137\000L\000O}{subsection.15.144.2}% 3812
\BOOKMARK [3][-]{subsubsection.15.144.2.8}{\376\377\0001\0005\000.\0001\0004\0004\000.\0002\000.\0008\000\040\000A\000A\000X\000\137\000I\000N\000T\000\137\000H\000I}{subsection.15.144.2}% 3813
\BOOKMARK [1][-]{section.15.145}{\376\377\0001\0005\000.\0001\0004\0005\000\040\000A\000A\000X\000\137\000O\000t\000h\000e\000r\000E\000x\000t\000e\000n\000s\000i\000o\000n\000s\000.\000d\000o\000x\000y\000g\000e\000n\000\040\000F\000i\000l\000e\000\040\000R\000e\000f\000e\000r\000e\000n\000c\000e}{chapter.15}% 3814
\BOOKMARK [1][-]{section.15.146}{\376\377\0001\0005\000.\0001\0004\0006\000\040\000A\000A\000X\000\137\000P\000a\000g\000e\000\137\000T\000a\000b\000l\000e\000\137\000G\000u\000i\000d\000e\000.\000d\000o\000x\000y\000g\000e\000n\000\040\000F\000i\000l\000e\000\040\000R\000e\000f\000e\000r\000e\000n\000c\000e}{chapter.15}% 3815
\BOOKMARK [1][-]{section.15.147}{\376\377\0001\0005\000.\0001\0004\0007\000\040\000A\000A\000X\000\137\000P\000a\000g\000e\000T\000a\000b\000l\000e\000U\000t\000i\000l\000i\000t\000i\000e\000s\000.\000h\000\040\000F\000i\000l\000e\000\040\000R\000e\000f\000e\000r\000e\000n\000c\000e}{chapter.15}% 3816
\BOOKMARK [1][-]{section.15.148}{\376\377\0001\0005\000.\0001\0004\0008\000\040\000A\000A\000X\000\137\000P\000a\000r\000a\000m\000e\000t\000e\000r\000A\000u\000t\000o\000m\000a\000t\000i\000o\000n\000.\000d\000o\000x\000y\000g\000e\000n\000\040\000F\000i\000l\000e\000\040\000R\000e\000f\000e\000r\000e\000n\000c\000e}{chapter.15}% 3817
\BOOKMARK [1][-]{section.15.149}{\376\377\0001\0005\000.\0001\0004\0009\000\040\000A\000A\000X\000\137\000P\000a\000r\000a\000m\000e\000t\000e\000r\000M\000a\000n\000a\000g\000e\000r\000.\000d\000o\000x\000y\000g\000e\000n\000\040\000F\000i\000l\000e\000\040\000R\000e\000f\000e\000r\000e\000n\000c\000e}{chapter.15}% 3818
\BOOKMARK [1][-]{section.15.150}{\376\377\0001\0005\000.\0001\0005\0000\000\040\000A\000A\000X\000\137\000P\000a\000r\000a\000m\000e\000t\000e\000r\000U\000p\000d\000a\000t\000e\000P\000r\000o\000t\000o\000c\000o\000l\000.\000d\000o\000x\000y\000g\000e\000n\000\040\000F\000i\000l\000e\000\040\000R\000e\000f\000e\000r\000e\000n\000c\000e}{chapter.15}% 3819
\BOOKMARK [1][-]{section.15.151}{\376\377\0001\0005\000.\0001\0005\0001\000\040\000A\000A\000X\000\137\000P\000a\000r\000a\000m\000e\000t\000e\000r\000U\000p\000d\000a\000t\000e\000T\000i\000m\000i\000n\000g\000.\000d\000o\000x\000y\000g\000e\000n\000\040\000F\000i\000l\000e\000\040\000R\000e\000f\000e\000r\000e\000n\000c\000e}{chapter.15}% 3820
\BOOKMARK [1][-]{section.15.152}{\376\377\0001\0005\000.\0001\0005\0002\000\040\000A\000A\000X\000\137\000P\000l\000a\000t\000f\000o\000r\000m\000O\000p\000t\000i\000m\000i\000z\000a\000t\000i\000o\000n\000C\000o\000n\000s\000t\000a\000n\000t\000s\000.\000h\000\040\000F\000i\000l\000e\000\040\000R\000e\000f\000e\000r\000e\000n\000c\000e}{chapter.15}% 3821
\BOOKMARK [2][-]{subsection.15.152.1}{\376\377\0001\0005\000.\0001\0005\0002\000.\0001\000\040\000D\000e\000s\000c\000r\000i\000p\000t\000i\000o\000n}{section.15.152}% 3822
\BOOKMARK [2][-]{subsection.15.152.2}{\376\377\0001\0005\000.\0001\0005\0002\000.\0002\000\040\000M\000a\000c\000r\000o\000\040\000D\000e\000f\000i\000n\000i\000t\000i\000o\000n\000\040\000D\000o\000c\000u\000m\000e\000n\000t\000a\000t\000i\000o\000n}{section.15.152}% 3823
\BOOKMARK [3][-]{subsubsection.15.152.2.1}{\376\377\0001\0005\000.\0001\0005\0002\000.\0002\000.\0001\000\040\000A\000A\000X\000\137\000P\000L\000A\000T\000F\000O\000R\000M\000O\000P\000T\000I\000M\000I\000Z\000A\000T\000I\000O\000N\000C\000O\000N\000S\000T\000A\000N\000T\000S\000\137\000H}{subsection.15.152.2}% 3824
\BOOKMARK [1][-]{section.15.153}{\376\377\0001\0005\000.\0001\0005\0003\000\040\000A\000A\000X\000\137\000P\000l\000u\000g\000I\000n\000B\000u\000n\000d\000l\000e\000L\000o\000c\000a\000t\000i\000o\000n\000.\000h\000\040\000F\000i\000l\000e\000\040\000R\000e\000f\000e\000r\000e\000n\000c\000e}{chapter.15}% 3825
\BOOKMARK [2][-]{subsection.15.153.1}{\376\377\0001\0005\000.\0001\0005\0003\000.\0001\000\040\000D\000e\000s\000c\000r\000i\000p\000t\000i\000o\000n}{section.15.153}% 3826
\BOOKMARK [1][-]{section.15.154}{\376\377\0001\0005\000.\0001\0005\0004\000\040\000A\000A\000X\000\137\000P\000o\000p\000S\000t\000r\000u\000c\000t\000A\000l\000i\000g\000n\000m\000e\000n\000t\000.\000h\000\040\000F\000i\000l\000e\000\040\000R\000e\000f\000e\000r\000e\000n\000c\000e}{chapter.15}% 3827
\BOOKMARK [2][-]{subsection.15.154.1}{\376\377\0001\0005\000.\0001\0005\0004\000.\0001\000\040\000D\000e\000s\000c\000r\000i\000p\000t\000i\000o\000n}{section.15.154}% 3828
\BOOKMARK [1][-]{section.15.155}{\376\377\0001\0005\000.\0001\0005\0005\000\040\000A\000A\000X\000\137\000P\000o\000s\000t\000S\000t\000r\000u\000c\000t\000A\000l\000i\000g\000n\000m\000e\000n\000t\000H\000e\000l\000p\000e\000r\000.\000h\000\040\000F\000i\000l\000e\000\040\000R\000e\000f\000e\000r\000e\000n\000c\000e}{chapter.15}% 3829
\BOOKMARK [2][-]{subsection.15.155.1}{\376\377\0001\0005\000.\0001\0005\0005\000.\0001\000\040\000D\000e\000s\000c\000r\000i\000p\000t\000i\000o\000n}{section.15.155}% 3830
\BOOKMARK [1][-]{section.15.156}{\376\377\0001\0005\000.\0001\0005\0006\000\040\000A\000A\000X\000\137\000P\000r\000e\000S\000t\000r\000u\000c\000t\000A\000l\000i\000g\000n\000m\000e\000n\000t\000H\000e\000l\000p\000e\000r\000.\000h\000\040\000F\000i\000l\000e\000\040\000R\000e\000f\000e\000r\000e\000n\000c\000e}{chapter.15}% 3831
\BOOKMARK [2][-]{subsection.15.156.1}{\376\377\0001\0005\000.\0001\0005\0006\000.\0001\000\040\000D\000e\000s\000c\000r\000i\000p\000t\000i\000o\000n}{section.15.156}% 3832
\BOOKMARK [1][-]{section.15.157}{\376\377\0001\0005\000.\0001\0005\0007\000\040\000A\000A\000X\000\137\000P\000r\000o\000\137\000T\000o\000o\000l\000s\000\137\000G\000u\000i\000d\000e\000.\000d\000o\000x\000y\000g\000e\000n\000\040\000F\000i\000l\000e\000\040\000R\000e\000f\000e\000r\000e\000n\000c\000e}{chapter.15}% 3833
\BOOKMARK [1][-]{section.15.158}{\376\377\0001\0005\000.\0001\0005\0008\000\040\000A\000A\000X\000\137\000P\000r\000o\000p\000e\000r\000t\000i\000e\000s\000.\000h\000\040\000F\000i\000l\000e\000\040\000R\000e\000f\000e\000r\000e\000n\000c\000e}{chapter.15}% 3834
\BOOKMARK [2][-]{subsection.15.158.1}{\376\377\0001\0005\000.\0001\0005\0008\000.\0001\000\040\000D\000e\000s\000c\000r\000i\000p\000t\000i\000o\000n}{section.15.158}% 3835
\BOOKMARK [2][-]{subsection.15.158.2}{\376\377\0001\0005\000.\0001\0005\0008\000.\0002\000\040\000E\000n\000u\000m\000e\000r\000a\000t\000i\000o\000n\000\040\000T\000y\000p\000e\000\040\000D\000o\000c\000u\000m\000e\000n\000t\000a\000t\000i\000o\000n}{section.15.158}% 3836
\BOOKMARK [3][-]{subsubsection.15.158.2.1}{\376\377\0001\0005\000.\0001\0005\0008\000.\0002\000.\0001\000\040\000A\000A\000X\000\137\000E\000P\000r\000o\000p\000e\000r\000t\000y}{subsection.15.158.2}% 3837
\BOOKMARK [2][-]{subsection.15.158.3}{\376\377\0001\0005\000.\0001\0005\0008\000.\0003\000\040\000F\000u\000n\000c\000t\000i\000o\000n\000\040\000D\000o\000c\000u\000m\000e\000n\000t\000a\000t\000i\000o\000n}{section.15.158}% 3838
\BOOKMARK [3][-]{subsubsection.15.158.3.1}{\376\377\0001\0005\000.\0001\0005\0008\000.\0003\000.\0001\000\040\000A\000A\000X\000\137\000E\000N\000U\000M\000\137\000S\000I\000Z\000E\000\137\000C\000H\000E\000C\000K\000\050\000\051}{subsection.15.158.3}% 3839
\BOOKMARK [1][-]{section.15.159}{\376\377\0001\0005\000.\0001\0005\0009\000\040\000A\000A\000X\000\137\000P\000u\000s\000h\0002\000B\000y\000t\000e\000S\000t\000r\000u\000c\000t\000A\000l\000i\000g\000n\000m\000e\000n\000t\000.\000h\000\040\000F\000i\000l\000e\000\040\000R\000e\000f\000e\000r\000e\000n\000c\000e}{chapter.15}% 3840
\BOOKMARK [2][-]{subsection.15.159.1}{\376\377\0001\0005\000.\0001\0005\0009\000.\0001\000\040\000D\000e\000s\000c\000r\000i\000p\000t\000i\000o\000n}{section.15.159}% 3841
\BOOKMARK [2][-]{subsection.15.159.2}{\376\377\0001\0005\000.\0001\0005\0009\000.\0002\000\040\000U\000s\000a\000g\000e\000\040\000n\000o\000t\000e\000s}{section.15.159}% 3842
\BOOKMARK [1][-]{section.15.160}{\376\377\0001\0005\000.\0001\0006\0000\000\040\000A\000A\000X\000\137\000P\000u\000s\000h\0004\000B\000y\000t\000e\000S\000t\000r\000u\000c\000t\000A\000l\000i\000g\000n\000m\000e\000n\000t\000.\000h\000\040\000F\000i\000l\000e\000\040\000R\000e\000f\000e\000r\000e\000n\000c\000e}{chapter.15}% 3843
\BOOKMARK [2][-]{subsection.15.160.1}{\376\377\0001\0005\000.\0001\0006\0000\000.\0001\000\040\000D\000e\000s\000c\000r\000i\000p\000t\000i\000o\000n}{section.15.160}% 3844
\BOOKMARK [2][-]{subsection.15.160.2}{\376\377\0001\0005\000.\0001\0006\0000\000.\0002\000\040\000U\000s\000a\000g\000e\000\040\000n\000o\000t\000e\000s}{section.15.160}% 3845
\BOOKMARK [1][-]{section.15.161}{\376\377\0001\0005\000.\0001\0006\0001\000\040\000A\000A\000X\000\137\000P\000u\000s\000h\0008\000B\000y\000t\000e\000S\000t\000r\000u\000c\000t\000A\000l\000i\000g\000n\000m\000e\000n\000t\000.\000h\000\040\000F\000i\000l\000e\000\040\000R\000e\000f\000e\000r\000e\000n\000c\000e}{chapter.15}% 3846
\BOOKMARK [2][-]{subsection.15.161.1}{\376\377\0001\0005\000.\0001\0006\0001\000.\0001\000\040\000D\000e\000s\000c\000r\000i\000p\000t\000i\000o\000n}{section.15.161}% 3847
\BOOKMARK [2][-]{subsection.15.161.2}{\376\377\0001\0005\000.\0001\0006\0001\000.\0002\000\040\000U\000s\000a\000g\000e\000\040\000n\000o\000t\000e\000s}{section.15.161}% 3848
\BOOKMARK [1][-]{section.15.162}{\376\377\0001\0005\000.\0001\0006\0002\000\040\000A\000A\000X\000\137\000Q\000u\000a\000n\000t\000i\000z\000e\000.\000h\000\040\000F\000i\000l\000e\000\040\000R\000e\000f\000e\000r\000e\000n\000c\000e}{chapter.15}% 3849
\BOOKMARK [2][-]{subsection.15.162.1}{\376\377\0001\0005\000.\0001\0006\0002\000.\0001\000\040\000D\000e\000s\000c\000r\000i\000p\000t\000i\000o\000n}{section.15.162}% 3850
\BOOKMARK [2][-]{subsection.15.162.2}{\376\377\0001\0005\000.\0001\0006\0002\000.\0002\000\040\000M\000a\000c\000r\000o\000\040\000D\000e\000f\000i\000n\000i\000t\000i\000o\000n\000\040\000D\000o\000c\000u\000m\000e\000n\000t\000a\000t\000i\000o\000n}{section.15.162}% 3851
\BOOKMARK [3][-]{subsubsection.15.162.2.1}{\376\377\0001\0005\000.\0001\0006\0002\000.\0002\000.\0001\000\040\000A\000A\000X\000\137\000Q\000U\000A\000N\000T\000I\000Z\000E\000\137\000H}{subsection.15.162.2}% 3852
\BOOKMARK [1][-]{section.15.163}{\376\377\0001\0005\000.\0001\0006\0003\000\040\000A\000A\000X\000\137\000R\000a\000n\000d\000o\000m\000G\000e\000n\000.\000h\000\040\000F\000i\000l\000e\000\040\000R\000e\000f\000e\000r\000e\000n\000c\000e}{chapter.15}% 3853
\BOOKMARK [2][-]{subsection.15.163.1}{\376\377\0001\0005\000.\0001\0006\0003\000.\0001\000\040\000D\000e\000s\000c\000r\000i\000p\000t\000i\000o\000n}{section.15.163}% 3854
\BOOKMARK [2][-]{subsection.15.163.2}{\376\377\0001\0005\000.\0001\0006\0003\000.\0002\000\040\000M\000a\000c\000r\000o\000\040\000D\000e\000f\000i\000n\000i\000t\000i\000o\000n\000\040\000D\000o\000c\000u\000m\000e\000n\000t\000a\000t\000i\000o\000n}{section.15.163}% 3855
\BOOKMARK [3][-]{subsubsection.15.163.2.1}{\376\377\0001\0005\000.\0001\0006\0003\000.\0002\000.\0001\000\040\000A\000A\000X\000\137\000R\000A\000N\000D\000O\000M\000G\000E\000N\000\137\000H}{subsection.15.163.2}% 3856
\BOOKMARK [1][-]{section.15.164}{\376\377\0001\0005\000.\0001\0006\0004\000\040\000A\000A\000X\000\137\000R\000e\000a\000l\000T\000i\000m\000e\000P\000e\000r\000f\000o\000r\000m\000a\000n\000c\000e\000.\000d\000o\000x\000y\000g\000e\000n\000\040\000F\000i\000l\000e\000\040\000R\000e\000f\000e\000r\000e\000n\000c\000e}{chapter.15}% 3857
\BOOKMARK [1][-]{section.15.165}{\376\377\0001\0005\000.\0001\0006\0005\000\040\000A\000A\000X\000\137\000R\000e\000l\000a\000t\000e\000d\000T\000y\000p\000e\000s\000.\000d\000o\000x\000y\000g\000e\000n\000\040\000F\000i\000l\000e\000\040\000R\000e\000f\000e\000r\000e\000n\000c\000e}{chapter.15}% 3858
\BOOKMARK [1][-]{section.15.166}{\376\377\0001\0005\000.\0001\0006\0006\000\040\000A\000A\000X\000\137\000S\000a\000m\000p\000l\000e\000R\000a\000t\000e\000U\000t\000i\000l\000s\000.\000h\000\040\000F\000i\000l\000e\000\040\000R\000e\000f\000e\000r\000e\000n\000c\000e}{chapter.15}% 3859
\BOOKMARK [2][-]{subsection.15.166.1}{\376\377\0001\0005\000.\0001\0006\0006\000.\0001\000\040\000D\000e\000s\000c\000r\000i\000p\000t\000i\000o\000n}{section.15.166}% 3860
\BOOKMARK [2][-]{subsection.15.166.2}{\376\377\0001\0005\000.\0001\0006\0006\000.\0002\000\040\000E\000n\000u\000m\000e\000r\000a\000t\000i\000o\000n\000\040\000T\000y\000p\000e\000\040\000D\000o\000c\000u\000m\000e\000n\000t\000a\000t\000i\000o\000n}{section.15.166}% 3861
\BOOKMARK [3][-]{subsubsection.15.166.2.1}{\376\377\0001\0005\000.\0001\0006\0006\000.\0002\000.\0001\000\040\000E\000S\000R\000U\000t\000i\000l\000s}{subsection.15.166.2}% 3862
\BOOKMARK [2][-]{subsection.15.166.3}{\376\377\0001\0005\000.\0001\0006\0006\000.\0003\000\040\000F\000u\000n\000c\000t\000i\000o\000n\000\040\000D\000o\000c\000u\000m\000e\000n\000t\000a\000t\000i\000o\000n}{section.15.166}% 3863
\BOOKMARK [3][-]{subsubsection.15.166.3.1}{\376\377\0001\0005\000.\0001\0006\0006\000.\0003\000.\0001\000\040\000C\000o\000a\000r\000s\000e\000S\000a\000m\000p\000l\000e\000R\000a\000t\000e\000\050\000\051}{subsection.15.166.3}% 3864
\BOOKMARK [3][-]{subsubsection.15.166.3.2}{\376\377\0001\0005\000.\0001\0006\0006\000.\0003\000.\0002\000\040\000C\000o\000a\000r\000s\000e\000S\000a\000m\000p\000l\000e\000R\000a\000t\000e\000F\000a\000c\000t\000o\000r\000\050\000\051}{subsection.15.166.3}% 3865
\BOOKMARK [3][-]{subsubsection.15.166.3.3}{\376\377\0001\0005\000.\0001\0006\0006\000.\0003\000.\0003\000\040\000C\000o\000a\000r\000s\000e\000S\000a\000m\000p\000l\000e\000R\000a\000t\000e\000I\000n\000d\000e\000x\000\050\000\051}{subsection.15.166.3}% 3866
\BOOKMARK [1][-]{section.15.167}{\376\377\0001\0005\000.\0001\0006\0007\000\040\000A\000A\000X\000\137\000S\000D\000K\000\137\000C\000h\000a\000n\000g\000e\000L\000o\000g\000.\000d\000o\000x\000y\000g\000e\000n\000\040\000F\000i\000l\000e\000\040\000R\000e\000f\000e\000r\000e\000n\000c\000e}{chapter.15}% 3867
\BOOKMARK [1][-]{section.15.168}{\376\377\0001\0005\000.\0001\0006\0008\000\040\000A\000A\000X\000\137\000S\000D\000K\000\137\000E\000x\000a\000m\000p\000l\000e\000P\000l\000u\000g\000I\000n\000s\000.\000d\000o\000x\000y\000g\000e\000n\000\040\000F\000i\000l\000e\000\040\000R\000e\000f\000e\000r\000e\000n\000c\000e}{chapter.15}% 3868
\BOOKMARK [1][-]{section.15.169}{\376\377\0001\0005\000.\0001\0006\0009\000\040\000A\000A\000X\000\137\000S\000D\000K\000\137\000G\000U\000I\000E\000x\000t\000e\000n\000s\000i\000o\000n\000s\000.\000d\000o\000x\000y\000g\000e\000n\000\040\000F\000i\000l\000e\000\040\000R\000e\000f\000e\000r\000e\000n\000c\000e}{chapter.15}% 3869
\BOOKMARK [1][-]{section.15.170}{\376\377\0001\0005\000.\0001\0007\0000\000\040\000A\000A\000X\000\137\000S\000e\000s\000s\000i\000o\000n\000D\000o\000c\000u\000m\000e\000n\000t\000T\000y\000p\000e\000s\000.\000h\000\040\000F\000i\000l\000e\000\040\000R\000e\000f\000e\000r\000e\000n\000c\000e}{chapter.15}% 3870
\BOOKMARK [2][-]{subsection.15.170.1}{\376\377\0001\0005\000.\0001\0007\0000\000.\0001\000\040\000M\000a\000c\000r\000o\000\040\000D\000e\000f\000i\000n\000i\000t\000i\000o\000n\000\040\000D\000o\000c\000u\000m\000e\000n\000t\000a\000t\000i\000o\000n}{section.15.170}% 3871
\BOOKMARK [3][-]{subsubsection.15.170.1.1}{\376\377\0001\0005\000.\0001\0007\0000\000.\0001\000.\0001\000\040\000A\000A\000X\000\137\000S\000e\000s\000s\000i\000o\000n\000D\000o\000c\000u\000m\000e\000n\000t\000T\000y\000p\000e\000s\000\137\000H}{subsection.15.170.1}% 3872
\BOOKMARK [2][-]{subsection.15.170.2}{\376\377\0001\0005\000.\0001\0007\0000\000.\0002\000\040\000V\000a\000r\000i\000a\000b\000l\000e\000\040\000D\000o\000c\000u\000m\000e\000n\000t\000a\000t\000i\000o\000n}{section.15.170}% 3873
\BOOKMARK [3][-]{subsubsection.15.170.2.1}{\376\377\0001\0005\000.\0001\0007\0000\000.\0002\000.\0001\000\040\000k\000A\000A\000X\000\137\000D\000a\000t\000a\000B\000u\000f\000f\000e\000r\000T\000y\000p\000e\000\137\000T\000e\000m\000p\000o\000B\000r\000e\000a\000k\000p\000o\000i\000n\000t\000A\000r\000r\000a\000y}{subsection.15.170.2}% 3874
\BOOKMARK [1][-]{section.15.171}{\376\377\0001\0005\000.\0001\0007\0001\000\040\000A\000A\000X\000\137\000S\000l\000i\000d\000e\000r\000C\000o\000n\000v\000e\000r\000s\000i\000o\000n\000s\000.\000h\000\040\000F\000i\000l\000e\000\040\000R\000e\000f\000e\000r\000e\000n\000c\000e}{chapter.15}% 3875
\BOOKMARK [2][-]{subsection.15.171.1}{\376\377\0001\0005\000.\0001\0007\0001\000.\0001\000\040\000D\000e\000s\000c\000r\000i\000p\000t\000i\000o\000n}{section.15.171}% 3876
\BOOKMARK [2][-]{subsection.15.171.2}{\376\377\0001\0005\000.\0001\0007\0001\000.\0002\000\040\000M\000a\000c\000r\000o\000\040\000D\000e\000f\000i\000n\000i\000t\000i\000o\000n\000\040\000D\000o\000c\000u\000m\000e\000n\000t\000a\000t\000i\000o\000n}{section.15.171}% 3877
\BOOKMARK [3][-]{subsubsection.15.171.2.1}{\376\377\0001\0005\000.\0001\0007\0001\000.\0002\000.\0001\000\040\000A\000A\000X\000\137\000S\000L\000I\000D\000E\000R\000C\000O\000N\000V\000E\000R\000S\000I\000O\000N\000S\000\137\000H}{subsection.15.171.2}% 3878
\BOOKMARK [3][-]{subsubsection.15.171.2.2}{\376\377\0001\0005\000.\0001\0007\0001\000.\0002\000.\0002\000\040\000A\000A\000X\000\137\000L\000I\000M\000I\000T}{subsection.15.171.2}% 3879
\BOOKMARK [2][-]{subsection.15.171.3}{\376\377\0001\0005\000.\0001\0007\0001\000.\0003\000\040\000F\000u\000n\000c\000t\000i\000o\000n\000\040\000D\000o\000c\000u\000m\000e\000n\000t\000a\000t\000i\000o\000n}{section.15.171}% 3880
\BOOKMARK [3][-]{subsubsection.15.171.3.1}{\376\377\0001\0005\000.\0001\0007\0001\000.\0003\000.\0001\000\040\000L\000o\000n\000g\000C\000o\000n\000t\000r\000o\000l\000T\000o\000N\000e\000w\000R\000a\000n\000g\000e\000\050\000\051}{subsection.15.171.3}% 3881
\BOOKMARK [3][-]{subsubsection.15.171.3.2}{\376\377\0001\0005\000.\0001\0007\0001\000.\0003\000.\0002\000\040\000L\000o\000n\000g\000T\000o\000L\000o\000n\000g\000C\000o\000n\000t\000r\000o\000l\000\050\000\051}{subsection.15.171.3}% 3882
\BOOKMARK [3][-]{subsubsection.15.171.3.3}{\376\377\0001\0005\000.\0001\0007\0001\000.\0003\000.\0003\000\040\000L\000o\000n\000g\000C\000o\000n\000t\000r\000o\000l\000T\000o\000D\000o\000u\000b\000l\000e\000\050\000\051}{subsection.15.171.3}% 3883
\BOOKMARK [3][-]{subsubsection.15.171.3.4}{\376\377\0001\0005\000.\0001\0007\0001\000.\0003\000.\0004\000\040\000D\000o\000u\000b\000l\000e\000T\000o\000L\000o\000n\000g\000C\000o\000n\000t\000r\000o\000l\000\050\000\051}{subsection.15.171.3}% 3884
\BOOKMARK [3][-]{subsubsection.15.171.3.5}{\376\377\0001\0005\000.\0001\0007\0001\000.\0003\000.\0005\000\040\000D\000o\000u\000b\000l\000e\000T\000o\000L\000o\000n\000g\000C\000o\000n\000t\000r\000o\000l\000N\000o\000n\000l\000i\000n\000e\000a\000r\000\050\000\051}{subsection.15.171.3}% 3885
\BOOKMARK [3][-]{subsubsection.15.171.3.6}{\376\377\0001\0005\000.\0001\0007\0001\000.\0003\000.\0006\000\040\000L\000o\000n\000g\000C\000o\000n\000t\000r\000o\000l\000T\000o\000D\000o\000u\000b\000l\000e\000N\000o\000n\000l\000i\000n\000e\000a\000r\000\050\000\051}{subsection.15.171.3}% 3886
\BOOKMARK [3][-]{subsubsection.15.171.3.7}{\376\377\0001\0005\000.\0001\0007\0001\000.\0003\000.\0007\000\040\000L\000o\000n\000g\000C\000o\000n\000t\000r\000o\000l\000T\000o\000L\000o\000g\000D\000o\000u\000b\000l\000e\000\050\000\051}{subsection.15.171.3}% 3887
\BOOKMARK [3][-]{subsubsection.15.171.3.8}{\376\377\0001\0005\000.\0001\0007\0001\000.\0003\000.\0008\000\040\000L\000o\000g\000D\000o\000u\000b\000l\000e\000T\000o\000L\000o\000n\000g\000C\000o\000n\000t\000r\000o\000l\000\050\000\051}{subsection.15.171.3}% 3888
\BOOKMARK [1][-]{section.15.172}{\376\377\0001\0005\000.\0001\0007\0002\000\040\000A\000A\000X\000\137\000S\000t\000r\000i\000n\000g\000U\000t\000i\000l\000i\000t\000i\000e\000s\000.\000h\000\040\000F\000i\000l\000e\000\040\000R\000e\000f\000e\000r\000e\000n\000c\000e}{chapter.15}% 3889
\BOOKMARK [2][-]{subsection.15.172.1}{\376\377\0001\0005\000.\0001\0007\0002\000.\0001\000\040\000D\000e\000s\000c\000r\000i\000p\000t\000i\000o\000n}{section.15.172}% 3890
\BOOKMARK [2][-]{subsection.15.172.2}{\376\377\0001\0005\000.\0001\0007\0002\000.\0002\000\040\000M\000a\000c\000r\000o\000\040\000D\000e\000f\000i\000n\000i\000t\000i\000o\000n\000\040\000D\000o\000c\000u\000m\000e\000n\000t\000a\000t\000i\000o\000n}{section.15.172}% 3891
\BOOKMARK [3][-]{subsubsection.15.172.2.1}{\376\377\0001\0005\000.\0001\0007\0002\000.\0002\000.\0001\000\040\000A\000A\000X\000L\000i\000b\000r\000a\000r\000y\000\137\000A\000A\000X\000\137\000S\000t\000r\000i\000n\000g\000U\000t\000i\000l\000i\000t\000i\000e\000s\000\137\000h}{subsection.15.172.2}% 3892
\BOOKMARK [1][-]{section.15.173}{\376\377\0001\0005\000.\0001\0007\0003\000\040\000A\000A\000X\000\137\000S\000t\000r\000i\000n\000g\000U\000t\000i\000l\000i\000t\000i\000e\000s\000.\000h\000p\000p\000\040\000F\000i\000l\000e\000\040\000R\000e\000f\000e\000r\000e\000n\000c\000e}{chapter.15}% 3893
\BOOKMARK [2][-]{subsection.15.173.1}{\376\377\0001\0005\000.\0001\0007\0003\000.\0001\000\040\000M\000a\000c\000r\000o\000\040\000D\000e\000f\000i\000n\000i\000t\000i\000o\000n\000\040\000D\000o\000c\000u\000m\000e\000n\000t\000a\000t\000i\000o\000n}{section.15.173}% 3894
\BOOKMARK [3][-]{subsubsection.15.173.1.1}{\376\377\0001\0005\000.\0001\0007\0003\000.\0001\000.\0001\000\040\000D\000E\000F\000I\000N\000E\000\137\000A\000A\000X\000\137\000E\000R\000R\000O\000R\000\137\000S\000T\000R\000I\000N\000G}{subsection.15.173.1}% 3895
\BOOKMARK [1][-]{section.15.174}{\376\377\0001\0005\000.\0001\0007\0004\000\040\000A\000A\000X\000\137\000T\000I\000\137\000G\000u\000i\000d\000e\000.\000d\000o\000x\000y\000g\000e\000n\000\040\000F\000i\000l\000e\000\040\000R\000e\000f\000e\000r\000e\000n\000c\000e}{chapter.15}% 3896
\BOOKMARK [1][-]{section.15.175}{\376\377\0001\0005\000.\0001\0007\0005\000\040\000A\000A\000X\000\137\000T\000r\000a\000n\000s\000p\000o\000r\000t\000T\000y\000p\000e\000s\000.\000h\000\040\000F\000i\000l\000e\000\040\000R\000e\000f\000e\000r\000e\000n\000c\000e}{chapter.15}% 3897
\BOOKMARK [2][-]{subsection.15.175.1}{\376\377\0001\0005\000.\0001\0007\0005\000.\0001\000\040\000D\000e\000s\000c\000r\000i\000p\000t\000i\000o\000n}{section.15.175}% 3898
\BOOKMARK [2][-]{subsection.15.175.2}{\376\377\0001\0005\000.\0001\0007\0005\000.\0002\000\040\000F\000u\000n\000c\000t\000i\000o\000n\000\040\000D\000o\000c\000u\000m\000e\000n\000t\000a\000t\000i\000o\000n}{section.15.175}% 3899
\BOOKMARK [3][-]{subsubsection.15.175.2.1}{\376\377\0001\0005\000.\0001\0007\0005\000.\0002\000.\0001\000\040\000o\000p\000e\000r\000a\000t\000o\000r\000=\000=\000\050\000\051}{subsection.15.175.2}% 3900
\BOOKMARK [3][-]{subsubsection.15.175.2.2}{\376\377\0001\0005\000.\0001\0007\0005\000.\0002\000.\0002\000\040\000o\000p\000e\000r\000a\000t\000o\000r\000!\000=\000\050\000\051}{subsection.15.175.2}% 3901
\BOOKMARK [1][-]{section.15.176}{\376\377\0001\0005\000.\0001\0007\0006\000\040\000A\000A\000X\000\137\000T\000r\000o\000u\000b\000l\000e\000s\000h\000o\000o\000t\000i\000n\000g\000.\000d\000o\000x\000y\000g\000e\000n\000\040\000F\000i\000l\000e\000\040\000R\000e\000f\000e\000r\000e\000n\000c\000e}{chapter.15}% 3902
\BOOKMARK [1][-]{section.15.177}{\376\377\0001\0005\000.\0001\0007\0007\000\040\000A\000A\000X\000\137\000U\000I\000D\000s\000.\000h\000\040\000F\000i\000l\000e\000\040\000R\000e\000f\000e\000r\000e\000n\000c\000e}{chapter.15}% 3903
\BOOKMARK [2][-]{subsection.15.177.1}{\376\377\0001\0005\000.\0001\0007\0007\000.\0001\000\040\000D\000e\000s\000c\000r\000i\000p\000t\000i\000o\000n}{section.15.177}% 3904
\BOOKMARK [2][-]{subsection.15.177.2}{\376\377\0001\0005\000.\0001\0007\0007\000.\0002\000\040\000T\000y\000p\000e\000d\000e\000f\000\040\000D\000o\000c\000u\000m\000e\000n\000t\000a\000t\000i\000o\000n}{section.15.177}% 3905
\BOOKMARK [3][-]{subsubsection.15.177.2.1}{\376\377\0001\0005\000.\0001\0007\0007\000.\0002\000.\0001\000\040\000A\000A\000X\000\137\000F\000e\000a\000t\000u\000r\000e\000\137\000U\000I\000D}{subsection.15.177.2}% 3906
\BOOKMARK [3][-]{subsubsection.15.177.2.2}{\376\377\0001\0005\000.\0001\0007\0007\000.\0002\000.\0002\000\040\000A\000A\000X\000\137\000D\000o\000c\000u\000m\000e\000n\000t\000D\000a\000t\000a\000\137\000U\000I\000D}{subsection.15.177.2}% 3907
\BOOKMARK [2][-]{subsection.15.177.3}{\376\377\0001\0005\000.\0001\0007\0007\000.\0003\000\040\000V\000a\000r\000i\000a\000b\000l\000e\000\040\000D\000o\000c\000u\000m\000e\000n\000t\000a\000t\000i\000o\000n}{section.15.177}% 3908
\BOOKMARK [3][-]{subsubsection.15.177.3.1}{\376\377\0001\0005\000.\0001\0007\0007\000.\0003\000.\0001\000\040\000A\000A\000X\000C\000o\000m\000p\000I\000D\000\137\000H\000o\000s\000t\000S\000e\000r\000v\000i\000c\000e\000s}{subsection.15.177.3}% 3909
\BOOKMARK [3][-]{subsubsection.15.177.3.2}{\376\377\0001\0005\000.\0001\0007\0007\000.\0003\000.\0002\000\040\000I\000I\000D\000\137\000I\000A\000A\000X\000H\000o\000s\000t\000S\000e\000r\000v\000i\000c\000e\000s\000V\0001}{subsection.15.177.3}% 3910
\BOOKMARK [3][-]{subsubsection.15.177.3.3}{\376\377\0001\0005\000.\0001\0007\0007\000.\0003\000.\0003\000\040\000I\000I\000D\000\137\000I\000A\000A\000X\000H\000o\000s\000t\000S\000e\000r\000v\000i\000c\000e\000s\000V\0002}{subsection.15.177.3}% 3911
\BOOKMARK [3][-]{subsubsection.15.177.3.4}{\376\377\0001\0005\000.\0001\0007\0007\000.\0003\000.\0004\000\040\000I\000I\000D\000\137\000I\000A\000A\000X\000H\000o\000s\000t\000S\000e\000r\000v\000i\000c\000e\000s\000V\0003}{subsection.15.177.3}% 3912
\BOOKMARK [3][-]{subsubsection.15.177.3.5}{\376\377\0001\0005\000.\0001\0007\0007\000.\0003\000.\0005\000\040\000A\000A\000X\000C\000o\000m\000p\000I\000D\000\137\000A\000A\000X\000C\000o\000l\000l\000e\000c\000t\000i\000o\000n}{subsection.15.177.3}% 3913
\BOOKMARK [3][-]{subsubsection.15.177.3.6}{\376\377\0001\0005\000.\0001\0007\0007\000.\0003\000.\0006\000\040\000I\000I\000D\000\137\000I\000A\000A\000X\000C\000o\000l\000l\000e\000c\000t\000i\000o\000n\000V\0001}{subsection.15.177.3}% 3914
\BOOKMARK [3][-]{subsubsection.15.177.3.7}{\376\377\0001\0005\000.\0001\0007\0007\000.\0003\000.\0007\000\040\000A\000A\000X\000C\000o\000m\000p\000I\000D\000\137\000A\000A\000X\000E\000f\000f\000e\000c\000t\000D\000e\000s\000c\000r\000i\000p\000t\000o\000r}{subsection.15.177.3}% 3915
\BOOKMARK [3][-]{subsubsection.15.177.3.8}{\376\377\0001\0005\000.\0001\0007\0007\000.\0003\000.\0008\000\040\000I\000I\000D\000\137\000I\000A\000A\000X\000E\000f\000f\000e\000c\000t\000D\000e\000s\000c\000r\000i\000p\000t\000o\000r\000V\0001}{subsection.15.177.3}% 3916
\BOOKMARK [3][-]{subsubsection.15.177.3.9}{\376\377\0001\0005\000.\0001\0007\0007\000.\0003\000.\0009\000\040\000I\000I\000D\000\137\000I\000A\000A\000X\000E\000f\000f\000e\000c\000t\000D\000e\000s\000c\000r\000i\000p\000t\000o\000r\000V\0002}{subsection.15.177.3}% 3917
\BOOKMARK [3][-]{subsubsection.15.177.3.10}{\376\377\0001\0005\000.\0001\0007\0007\000.\0003\000.\0001\0000\000\040\000A\000A\000X\000C\000o\000m\000p\000I\000D\000\137\000A\000A\000X\000C\000o\000m\000p\000o\000n\000e\000n\000t\000D\000e\000s\000c\000r\000i\000p\000t\000o\000r}{subsection.15.177.3}% 3918
\BOOKMARK [3][-]{subsubsection.15.177.3.11}{\376\377\0001\0005\000.\0001\0007\0007\000.\0003\000.\0001\0001\000\040\000I\000I\000D\000\137\000I\000A\000A\000X\000C\000o\000m\000p\000o\000n\000e\000n\000t\000D\000e\000s\000c\000r\000i\000p\000t\000o\000r\000V\0001}{subsection.15.177.3}% 3919
\BOOKMARK [3][-]{subsubsection.15.177.3.12}{\376\377\0001\0005\000.\0001\0007\0007\000.\0003\000.\0001\0002\000\040\000I\000I\000D\000\137\000I\000A\000A\000X\000C\000o\000m\000p\000o\000n\000e\000n\000t\000D\000e\000s\000c\000r\000i\000p\000t\000o\000r\000V\0002}{subsection.15.177.3}% 3920
\BOOKMARK [3][-]{subsubsection.15.177.3.13}{\376\377\0001\0005\000.\0001\0007\0007\000.\0003\000.\0001\0003\000\040\000I\000I\000D\000\137\000I\000A\000A\000X\000C\000o\000m\000p\000o\000n\000e\000n\000t\000D\000e\000s\000c\000r\000i\000p\000t\000o\000r\000V\0003}{subsection.15.177.3}% 3921
\BOOKMARK [3][-]{subsubsection.15.177.3.14}{\376\377\0001\0005\000.\0001\0007\0007\000.\0003\000.\0001\0004\000\040\000A\000A\000X\000C\000o\000m\000p\000I\000D\000\137\000A\000A\000X\000P\000r\000o\000p\000e\000r\000t\000y\000M\000a\000p}{subsection.15.177.3}% 3922
\BOOKMARK [3][-]{subsubsection.15.177.3.15}{\376\377\0001\0005\000.\0001\0007\0007\000.\0003\000.\0001\0005\000\040\000I\000I\000D\000\137\000I\000A\000A\000X\000P\000r\000o\000p\000e\000r\000t\000y\000M\000a\000p\000V\0001}{subsection.15.177.3}% 3923
\BOOKMARK [3][-]{subsubsection.15.177.3.16}{\376\377\0001\0005\000.\0001\0007\0007\000.\0003\000.\0001\0006\000\040\000I\000I\000D\000\137\000I\000A\000A\000X\000P\000r\000o\000p\000e\000r\000t\000y\000M\000a\000p\000V\0002}{subsection.15.177.3}% 3924
\BOOKMARK [3][-]{subsubsection.15.177.3.17}{\376\377\0001\0005\000.\0001\0007\0007\000.\0003\000.\0001\0007\000\040\000I\000I\000D\000\137\000I\000A\000A\000X\000P\000r\000o\000p\000e\000r\000t\000y\000M\000a\000p\000V\0003}{subsection.15.177.3}% 3925
\BOOKMARK [3][-]{subsubsection.15.177.3.18}{\376\377\0001\0005\000.\0001\0007\0007\000.\0003\000.\0001\0008\000\040\000A\000A\000X\000C\000o\000m\000p\000I\000D\000\137\000H\000o\000s\000t\000P\000r\000o\000c\000e\000s\000s\000o\000r\000D\000e\000l\000e\000g\000a\000t\000e}{subsection.15.177.3}% 3926
\BOOKMARK [3][-]{subsubsection.15.177.3.19}{\376\377\0001\0005\000.\0001\0007\0007\000.\0003\000.\0001\0009\000\040\000I\000I\000D\000\137\000I\000A\000A\000X\000H\000o\000s\000t\000P\000r\000o\000c\000e\000s\000s\000o\000r\000D\000e\000l\000e\000g\000a\000t\000e\000V\0001}{subsection.15.177.3}% 3927
\BOOKMARK [3][-]{subsubsection.15.177.3.20}{\376\377\0001\0005\000.\0001\0007\0007\000.\0003\000.\0002\0000\000\040\000I\000I\000D\000\137\000I\000A\000A\000X\000H\000o\000s\000t\000P\000r\000o\000c\000e\000s\000s\000o\000r\000D\000e\000l\000e\000g\000a\000t\000e\000V\0002}{subsection.15.177.3}% 3928
\BOOKMARK [3][-]{subsubsection.15.177.3.21}{\376\377\0001\0005\000.\0001\0007\0007\000.\0003\000.\0002\0001\000\040\000I\000I\000D\000\137\000I\000A\000A\000X\000H\000o\000s\000t\000P\000r\000o\000c\000e\000s\000s\000o\000r\000D\000e\000l\000e\000g\000a\000t\000e\000V\0003}{subsection.15.177.3}% 3929
\BOOKMARK [3][-]{subsubsection.15.177.3.22}{\376\377\0001\0005\000.\0001\0007\0007\000.\0003\000.\0002\0002\000\040\000A\000A\000X\000C\000o\000m\000p\000I\000D\000\137\000A\000u\000t\000o\000m\000a\000t\000i\000o\000n\000D\000e\000l\000e\000g\000a\000t\000e}{subsection.15.177.3}% 3930
\BOOKMARK [3][-]{subsubsection.15.177.3.23}{\376\377\0001\0005\000.\0001\0007\0007\000.\0003\000.\0002\0003\000\040\000I\000I\000D\000\137\000I\000A\000A\000X\000A\000u\000t\000o\000m\000a\000t\000i\000o\000n\000D\000e\000l\000e\000g\000a\000t\000e\000V\0001}{subsection.15.177.3}% 3931
\BOOKMARK [3][-]{subsubsection.15.177.3.24}{\376\377\0001\0005\000.\0001\0007\0007\000.\0003\000.\0002\0004\000\040\000A\000A\000X\000C\000o\000m\000p\000I\000D\000\137\000C\000o\000n\000t\000r\000o\000l\000l\000e\000r}{subsection.15.177.3}% 3932
\BOOKMARK [3][-]{subsubsection.15.177.3.25}{\376\377\0001\0005\000.\0001\0007\0007\000.\0003\000.\0002\0005\000\040\000I\000I\000D\000\137\000I\000A\000A\000X\000C\000o\000n\000t\000r\000o\000l\000l\000e\000r\000V\0001}{subsection.15.177.3}% 3933
\BOOKMARK [3][-]{subsubsection.15.177.3.26}{\376\377\0001\0005\000.\0001\0007\0007\000.\0003\000.\0002\0006\000\040\000I\000I\000D\000\137\000I\000A\000A\000X\000C\000o\000n\000t\000r\000o\000l\000l\000e\000r\000V\0002}{subsection.15.177.3}% 3934
\BOOKMARK [3][-]{subsubsection.15.177.3.27}{\376\377\0001\0005\000.\0001\0007\0007\000.\0003\000.\0002\0007\000\040\000I\000I\000D\000\137\000I\000A\000A\000X\000C\000o\000n\000t\000r\000o\000l\000l\000e\000r\000V\0003}{subsection.15.177.3}% 3935
\BOOKMARK [3][-]{subsubsection.15.177.3.28}{\376\377\0001\0005\000.\0001\0007\0007\000.\0003\000.\0002\0008\000\040\000A\000A\000X\000C\000o\000m\000p\000I\000D\000\137\000P\000a\000g\000e\000T\000a\000b\000l\000e\000C\000o\000n\000t\000r\000o\000l\000l\000e\000r}{subsection.15.177.3}% 3936
\BOOKMARK [3][-]{subsubsection.15.177.3.29}{\376\377\0001\0005\000.\0001\0007\0007\000.\0003\000.\0002\0009\000\040\000I\000I\000D\000\137\000I\000A\000A\000X\000P\000a\000g\000e\000T\000a\000b\000l\000e\000C\000o\000n\000t\000r\000o\000l\000l\000e\000r}{subsection.15.177.3}% 3937
\BOOKMARK [3][-]{subsubsection.15.177.3.30}{\376\377\0001\0005\000.\0001\0007\0007\000.\0003\000.\0003\0000\000\040\000I\000I\000D\000\137\000I\000A\000A\000X\000P\000a\000g\000e\000T\000a\000b\000l\000e\000C\000o\000n\000t\000r\000o\000l\000l\000e\000r\000V\0002}{subsection.15.177.3}% 3938
\BOOKMARK [3][-]{subsubsection.15.177.3.31}{\376\377\0001\0005\000.\0001\0007\0007\000.\0003\000.\0003\0001\000\040\000A\000A\000X\000C\000o\000m\000p\000I\000D\000\137\000P\000r\000i\000v\000a\000t\000e\000D\000a\000t\000a\000A\000c\000c\000e\000s\000s}{subsection.15.177.3}% 3939
\BOOKMARK [3][-]{subsubsection.15.177.3.32}{\376\377\0001\0005\000.\0001\0007\0007\000.\0003\000.\0003\0002\000\040\000I\000I\000D\000\137\000I\000A\000A\000X\000P\000r\000i\000v\000a\000t\000e\000D\000a\000t\000a\000A\000c\000c\000e\000s\000s\000V\0001}{subsection.15.177.3}% 3940
\BOOKMARK [3][-]{subsubsection.15.177.3.33}{\376\377\0001\0005\000.\0001\0007\0007\000.\0003\000.\0003\0003\000\040\000A\000A\000X\000C\000o\000m\000p\000I\000D\000\137\000V\000i\000e\000w\000C\000o\000n\000t\000a\000i\000n\000e\000r}{subsection.15.177.3}% 3941
\BOOKMARK [3][-]{subsubsection.15.177.3.34}{\376\377\0001\0005\000.\0001\0007\0007\000.\0003\000.\0003\0004\000\040\000I\000I\000D\000\137\000I\000A\000A\000X\000V\000i\000e\000w\000C\000o\000n\000t\000a\000i\000n\000e\000r\000V\0001}{subsection.15.177.3}% 3942
\BOOKMARK [3][-]{subsubsection.15.177.3.35}{\376\377\0001\0005\000.\0001\0007\0007\000.\0003\000.\0003\0005\000\040\000I\000I\000D\000\137\000I\000A\000A\000X\000V\000i\000e\000w\000C\000o\000n\000t\000a\000i\000n\000e\000r\000V\0002}{subsection.15.177.3}% 3943
\BOOKMARK [3][-]{subsubsection.15.177.3.36}{\376\377\0001\0005\000.\0001\0007\0007\000.\0003\000.\0003\0006\000\040\000I\000I\000D\000\137\000I\000A\000A\000X\000V\000i\000e\000w\000C\000o\000n\000t\000a\000i\000n\000e\000r\000V\0003}{subsection.15.177.3}% 3944
\BOOKMARK [3][-]{subsubsection.15.177.3.37}{\376\377\0001\0005\000.\0001\0007\0007\000.\0003\000.\0003\0007\000\040\000A\000A\000X\000C\000o\000m\000p\000I\000D\000\137\000T\000r\000a\000n\000s\000p\000o\000r\000t}{subsection.15.177.3}% 3945
\BOOKMARK [3][-]{subsubsection.15.177.3.38}{\376\377\0001\0005\000.\0001\0007\0007\000.\0003\000.\0003\0008\000\040\000I\000I\000D\000\137\000I\000A\000A\000X\000T\000r\000a\000n\000s\000p\000o\000r\000t\000V\0001}{subsection.15.177.3}% 3946
\BOOKMARK [3][-]{subsubsection.15.177.3.39}{\376\377\0001\0005\000.\0001\0007\0007\000.\0003\000.\0003\0009\000\040\000I\000I\000D\000\137\000I\000A\000A\000X\000T\000r\000a\000n\000s\000p\000o\000r\000t\000V\0002}{subsection.15.177.3}% 3947
\BOOKMARK [3][-]{subsubsection.15.177.3.40}{\376\377\0001\0005\000.\0001\0007\0007\000.\0003\000.\0004\0000\000\040\000I\000I\000D\000\137\000I\000A\000A\000X\000T\000r\000a\000n\000s\000p\000o\000r\000t\000V\0003}{subsection.15.177.3}% 3948
\BOOKMARK [3][-]{subsubsection.15.177.3.41}{\376\377\0001\0005\000.\0001\0007\0007\000.\0003\000.\0004\0001\000\040\000I\000I\000D\000\137\000I\000A\000A\000X\000T\000r\000a\000n\000s\000p\000o\000r\000t\000V\0004}{subsection.15.177.3}% 3949
\BOOKMARK [3][-]{subsubsection.15.177.3.42}{\376\377\0001\0005\000.\0001\0007\0007\000.\0003\000.\0004\0002\000\040\000I\000I\000D\000\137\000I\000A\000A\000X\000T\000r\000a\000n\000s\000p\000o\000r\000t\000V\0005}{subsection.15.177.3}% 3950
\BOOKMARK [3][-]{subsubsection.15.177.3.43}{\376\377\0001\0005\000.\0001\0007\0007\000.\0003\000.\0004\0003\000\040\000A\000A\000X\000C\000o\000m\000p\000I\000D\000\137\000T\000r\000a\000n\000s\000p\000o\000r\000t\000C\000o\000n\000t\000r\000o\000l}{subsection.15.177.3}% 3951
\BOOKMARK [3][-]{subsubsection.15.177.3.44}{\376\377\0001\0005\000.\0001\0007\0007\000.\0003\000.\0004\0004\000\040\000I\000I\000D\000\137\000I\000A\000A\000X\000T\000r\000a\000n\000s\000p\000o\000r\000t\000C\000o\000n\000t\000r\000o\000l\000V\0001}{subsection.15.177.3}% 3952
\BOOKMARK [3][-]{subsubsection.15.177.3.45}{\376\377\0001\0005\000.\0001\0007\0007\000.\0003\000.\0004\0005\000\040\000A\000A\000X\000C\000o\000m\000p\000I\000D\000\137\000P\000a\000g\000e\000T\000a\000b\000l\000e}{subsection.15.177.3}% 3953
\BOOKMARK [3][-]{subsubsection.15.177.3.46}{\376\377\0001\0005\000.\0001\0007\0007\000.\0003\000.\0004\0006\000\040\000I\000I\000D\000\137\000I\000A\000A\000X\000P\000a\000g\000e\000T\000a\000b\000l\000e\000V\0001}{subsection.15.177.3}% 3954
\BOOKMARK [3][-]{subsubsection.15.177.3.47}{\376\377\0001\0005\000.\0001\0007\0007\000.\0003\000.\0004\0007\000\040\000I\000I\000D\000\137\000I\000A\000A\000X\000P\000a\000g\000e\000T\000a\000b\000l\000e\000V\0002}{subsection.15.177.3}% 3955
\BOOKMARK [3][-]{subsubsection.15.177.3.48}{\376\377\0001\0005\000.\0001\0007\0007\000.\0003\000.\0004\0008\000\040\000A\000A\000X\000\137\000C\000o\000m\000p\000I\000D\000\137\000D\000e\000s\000c\000r\000i\000p\000t\000i\000o\000n\000H\000o\000s\000t}{subsection.15.177.3}% 3956
\BOOKMARK [3][-]{subsubsection.15.177.3.49}{\376\377\0001\0005\000.\0001\0007\0007\000.\0003\000.\0004\0009\000\040\000I\000I\000D\000\137\000I\000A\000A\000X\000D\000e\000s\000c\000r\000i\000p\000t\000i\000o\000n\000H\000o\000s\000t\000V\0001}{subsection.15.177.3}% 3957
\BOOKMARK [3][-]{subsubsection.15.177.3.50}{\376\377\0001\0005\000.\0001\0007\0007\000.\0003\000.\0005\0000\000\040\000A\000A\000X\000\137\000C\000o\000m\000p\000I\000D\000\137\000F\000e\000a\000t\000u\000r\000e\000I\000n\000f\000o}{subsection.15.177.3}% 3958
\BOOKMARK [3][-]{subsubsection.15.177.3.51}{\376\377\0001\0005\000.\0001\0007\0007\000.\0003\000.\0005\0001\000\040\000I\000I\000D\000\137\000I\000A\000A\000X\000F\000e\000a\000t\000u\000r\000e\000I\000n\000f\000o\000V\0001}{subsection.15.177.3}% 3959
\BOOKMARK [3][-]{subsubsection.15.177.3.52}{\376\377\0001\0005\000.\0001\0007\0007\000.\0003\000.\0005\0002\000\040\000A\000A\000X\000C\000o\000m\000p\000I\000D\000\137\000T\000a\000s\000k}{subsection.15.177.3}% 3960
\BOOKMARK [3][-]{subsubsection.15.177.3.53}{\376\377\0001\0005\000.\0001\0007\0007\000.\0003\000.\0005\0003\000\040\000I\000I\000D\000\137\000I\000A\000A\000X\000T\000a\000s\000k\000V\0001}{subsection.15.177.3}% 3961
\BOOKMARK [3][-]{subsubsection.15.177.3.54}{\376\377\0001\0005\000.\0001\0007\0007\000.\0003\000.\0005\0004\000\040\000A\000A\000X\000C\000o\000m\000p\000I\000D\000\137\000S\000e\000s\000s\000i\000o\000n\000D\000o\000c\000u\000m\000e\000n\000t}{subsection.15.177.3}% 3962
\BOOKMARK [3][-]{subsubsection.15.177.3.55}{\376\377\0001\0005\000.\0001\0007\0007\000.\0003\000.\0005\0005\000\040\000I\000I\000D\000\137\000I\000A\000A\000X\000S\000e\000s\000s\000i\000o\000n\000D\000o\000c\000u\000m\000e\000n\000t\000V\0001}{subsection.15.177.3}% 3963
\BOOKMARK [3][-]{subsubsection.15.177.3.56}{\376\377\0001\0005\000.\0001\0007\0007\000.\0003\000.\0005\0006\000\040\000A\000A\000X\000C\000o\000m\000p\000I\000D\000\137\000E\000f\000f\000e\000c\000t\000P\000a\000r\000a\000m\000e\000t\000e\000r\000s}{subsection.15.177.3}% 3964
\BOOKMARK [3][-]{subsubsection.15.177.3.57}{\376\377\0001\0005\000.\0001\0007\0007\000.\0003\000.\0005\0007\000\040\000I\000I\000D\000\137\000I\000A\000A\000X\000E\000f\000f\000e\000c\000t\000P\000a\000r\000a\000m\000e\000t\000e\000r\000s\000V\0001}{subsection.15.177.3}% 3965
\BOOKMARK [3][-]{subsubsection.15.177.3.58}{\376\377\0001\0005\000.\0001\0007\0007\000.\0003\000.\0005\0008\000\040\000I\000I\000D\000\137\000I\000A\000A\000X\000E\000f\000f\000e\000c\000t\000P\000a\000r\000a\000m\000e\000t\000e\000r\000s\000V\0002}{subsection.15.177.3}% 3966
\BOOKMARK [3][-]{subsubsection.15.177.3.59}{\376\377\0001\0005\000.\0001\0007\0007\000.\0003\000.\0005\0009\000\040\000I\000I\000D\000\137\000I\000A\000A\000X\000E\000f\000f\000e\000c\000t\000P\000a\000r\000a\000m\000e\000t\000e\000r\000s\000V\0003}{subsection.15.177.3}% 3967
\BOOKMARK [3][-]{subsubsection.15.177.3.60}{\376\377\0001\0005\000.\0001\0007\0007\000.\0003\000.\0006\0000\000\040\000I\000I\000D\000\137\000I\000A\000A\000X\000E\000f\000f\000e\000c\000t\000P\000a\000r\000a\000m\000e\000t\000e\000r\000s\000V\0004}{subsection.15.177.3}% 3968
\BOOKMARK [3][-]{subsubsection.15.177.3.61}{\376\377\0001\0005\000.\0001\0007\0007\000.\0003\000.\0006\0001\000\040\000A\000A\000X\000C\000o\000m\000p\000I\000D\000\137\000H\000o\000s\000t\000P\000r\000o\000c\000e\000s\000s\000o\000r}{subsection.15.177.3}% 3969
\BOOKMARK [3][-]{subsubsection.15.177.3.62}{\376\377\0001\0005\000.\0001\0007\0007\000.\0003\000.\0006\0002\000\040\000I\000I\000D\000\137\000I\000A\000A\000X\000H\000o\000s\000t\000P\000r\000o\000c\000e\000s\000s\000o\000r\000V\0001}{subsection.15.177.3}% 3970
\BOOKMARK [3][-]{subsubsection.15.177.3.63}{\376\377\0001\0005\000.\0001\0007\0007\000.\0003\000.\0006\0003\000\040\000I\000I\000D\000\137\000I\000A\000A\000X\000H\000o\000s\000t\000P\000r\000o\000c\000e\000s\000s\000o\000r\000V\0002}{subsection.15.177.3}% 3971
\BOOKMARK [3][-]{subsubsection.15.177.3.64}{\376\377\0001\0005\000.\0001\0007\0007\000.\0003\000.\0006\0004\000\040\000A\000A\000X\000C\000o\000m\000p\000I\000D\000\137\000E\000f\000f\000e\000c\000t\000G\000U\000I}{subsection.15.177.3}% 3972
\BOOKMARK [3][-]{subsubsection.15.177.3.65}{\376\377\0001\0005\000.\0001\0007\0007\000.\0003\000.\0006\0005\000\040\000I\000I\000D\000\137\000I\000A\000A\000X\000E\000f\000f\000e\000c\000t\000G\000U\000I\000V\0001}{subsection.15.177.3}% 3973
\BOOKMARK [3][-]{subsubsection.15.177.3.66}{\376\377\0001\0005\000.\0001\0007\0007\000.\0003\000.\0006\0006\000\040\000A\000A\000X\000C\000o\000m\000p\000I\000D\000\137\000E\000f\000f\000e\000c\000t\000D\000i\000r\000e\000c\000t\000D\000a\000t\000a}{subsection.15.177.3}% 3974
\BOOKMARK [3][-]{subsubsection.15.177.3.67}{\376\377\0001\0005\000.\0001\0007\0007\000.\0003\000.\0006\0007\000\040\000I\000I\000D\000\137\000I\000A\000A\000X\000E\000f\000f\000e\000c\000t\000D\000i\000r\000e\000c\000t\000D\000a\000t\000a\000V\0001}{subsection.15.177.3}% 3975
\BOOKMARK [3][-]{subsubsection.15.177.3.68}{\376\377\0001\0005\000.\0001\0007\0007\000.\0003\000.\0006\0008\000\040\000I\000I\000D\000\137\000I\000A\000A\000X\000E\000f\000f\000e\000c\000t\000D\000i\000r\000e\000c\000t\000D\000a\000t\000a\000V\0002}{subsection.15.177.3}% 3976
\BOOKMARK [3][-]{subsubsection.15.177.3.69}{\376\377\0001\0005\000.\0001\0007\0007\000.\0003\000.\0006\0009\000\040\000A\000A\000X\000C\000o\000m\000p\000I\000D\000\137\000T\000a\000s\000k\000A\000g\000e\000n\000t}{subsection.15.177.3}% 3977
\BOOKMARK [3][-]{subsubsection.15.177.3.70}{\376\377\0001\0005\000.\0001\0007\0007\000.\0003\000.\0007\0000\000\040\000I\000I\000D\000\137\000I\000A\000A\000X\000T\000a\000s\000k\000A\000g\000e\000n\000t\000V\0001}{subsection.15.177.3}% 3978
\BOOKMARK [3][-]{subsubsection.15.177.3.71}{\376\377\0001\0005\000.\0001\0007\0007\000.\0003\000.\0007\0001\000\040\000A\000A\000X\000C\000o\000m\000p\000I\000D\000\137\000S\000e\000s\000s\000i\000o\000n\000D\000o\000c\000u\000m\000e\000n\000t\000C\000l\000i\000e\000n\000t}{subsection.15.177.3}% 3979
\BOOKMARK [3][-]{subsubsection.15.177.3.72}{\376\377\0001\0005\000.\0001\0007\0007\000.\0003\000.\0007\0002\000\040\000I\000I\000D\000\137\000I\000A\000A\000X\000S\000e\000s\000s\000i\000o\000n\000D\000o\000c\000u\000m\000e\000n\000t\000C\000l\000i\000e\000n\000t\000V\0001}{subsection.15.177.3}% 3980
\BOOKMARK [3][-]{subsubsection.15.177.3.73}{\376\377\0001\0005\000.\0001\0007\0007\000.\0003\000.\0007\0003\000\040\000A\000A\000X\000C\000o\000m\000p\000I\000D\000\137\000D\000a\000t\000a\000B\000u\000f\000f\000e\000r}{subsection.15.177.3}% 3981
\BOOKMARK [3][-]{subsubsection.15.177.3.74}{\376\377\0001\0005\000.\0001\0007\0007\000.\0003\000.\0007\0004\000\040\000I\000I\000D\000\137\000I\000A\000A\000X\000D\000a\000t\000a\000B\000u\000f\000f\000e\000r\000V\0001}{subsection.15.177.3}% 3982
\BOOKMARK [3][-]{subsubsection.15.177.3.75}{\376\377\0001\0005\000.\0001\0007\0007\000.\0003\000.\0007\0005\000\040\000A\000A\000X\000A\000T\000T\000R\000\137\000C\000l\000i\000e\000n\000t\000F\000e\000a\000t\000u\000r\000e\000\137\000S\000t\000e\000m\000F\000o\000r\000m\000a\000t}{subsection.15.177.3}% 3983
\BOOKMARK [3][-]{subsubsection.15.177.3.76}{\376\377\0001\0005\000.\0001\0007\0007\000.\0003\000.\0007\0006\000\040\000A\000A\000X\000A\000T\000T\000R\000\137\000C\000l\000i\000e\000n\000t\000F\000e\000a\000t\000u\000r\000e\000\137\000A\000u\000x\000O\000u\000t\000p\000u\000t\000S\000t\000e\000m}{subsection.15.177.3}% 3984
\BOOKMARK [3][-]{subsubsection.15.177.3.77}{\376\377\0001\0005\000.\0001\0007\0007\000.\0003\000.\0007\0007\000\040\000A\000A\000X\000A\000T\000T\000R\000\137\000C\000l\000i\000e\000n\000t\000F\000e\000a\000t\000u\000r\000e\000\137\000S\000i\000d\000e\000C\000h\000a\000i\000n\000I\000n\000p\000u\000t}{subsection.15.177.3}% 3985
\BOOKMARK [3][-]{subsubsection.15.177.3.78}{\376\377\0001\0005\000.\0001\0007\0007\000.\0003\000.\0007\0008\000\040\000A\000A\000X\000A\000T\000T\000R\000\137\000C\000l\000i\000e\000n\000t\000F\000e\000a\000t\000u\000r\000e\000\137\000M\000I\000D\000I}{subsection.15.177.3}% 3986
\BOOKMARK [3][-]{subsubsection.15.177.3.79}{\376\377\0001\0005\000.\0001\0007\0007\000.\0003\000.\0007\0009\000\040\000A\000A\000X\000A\000T\000T\000R\000\137\000C\000l\000i\000e\000n\000t\000\137\000L\000e\000v\000e\000l}{subsection.15.177.3}% 3987
\BOOKMARK [3][-]{subsubsection.15.177.3.80}{\376\377\0001\0005\000.\0001\0007\0007\000.\0003\000.\0008\0000\000\040\000A\000A\000X\000A\000T\000T\000R\000\137\000C\000l\000i\000e\000n\000t\000\137\000V\000e\000r\000s\000i\000o\000n}{subsection.15.177.3}% 3988
\BOOKMARK [3][-]{subsubsection.15.177.3.81}{\376\377\0001\0005\000.\0001\0007\0007\000.\0003\000.\0008\0001\000\040\000A\000A\000X\000\137\000D\000o\000c\000u\000m\000e\000n\000t\000D\000a\000t\000a\000T\000y\000p\000e\000\137\000T\000e\000m\000p\000o\000M\000a\000p}{subsection.15.177.3}% 3989
\BOOKMARK [1][-]{section.15.178}{\376\377\0001\0005\000.\0001\0007\0008\000\040\000A\000A\000X\000\137\000U\000t\000i\000l\000s\000N\000a\000t\000i\000v\000e\000.\000h\000\040\000F\000i\000l\000e\000\040\000R\000e\000f\000e\000r\000e\000n\000c\000e}{chapter.15}% 3990
\BOOKMARK [2][-]{subsection.15.178.1}{\376\377\0001\0005\000.\0001\0007\0008\000.\0001\000\040\000D\000e\000s\000c\000r\000i\000p\000t\000i\000o\000n}{section.15.178}% 3991
\BOOKMARK [2][-]{subsection.15.178.2}{\376\377\0001\0005\000.\0001\0007\0008\000.\0002\000\040\000M\000a\000c\000r\000o\000\040\000D\000e\000f\000i\000n\000i\000t\000i\000o\000n\000\040\000D\000o\000c\000u\000m\000e\000n\000t\000a\000t\000i\000o\000n}{section.15.178}% 3992
\BOOKMARK [3][-]{subsubsection.15.178.2.1}{\376\377\0001\0005\000.\0001\0007\0008\000.\0002\000.\0001\000\040\000\137\000A\000A\000X\000\137\000U\000T\000I\000L\000S\000N\000A\000T\000I\000V\000E\000\137\000H\000\137}{subsection.15.178.2}% 3993
\BOOKMARK [1][-]{section.15.179}{\376\377\0001\0005\000.\0001\0007\0009\000\040\000A\000A\000X\000\137\000V\000A\000u\000t\000o\000m\000a\000t\000i\000o\000n\000D\000e\000l\000e\000g\000a\000t\000e\000.\000h\000\040\000F\000i\000l\000e\000\040\000R\000e\000f\000e\000r\000e\000n\000c\000e}{chapter.15}% 3994
\BOOKMARK [2][-]{subsection.15.179.1}{\376\377\0001\0005\000.\0001\0007\0009\000.\0001\000\040\000D\000e\000s\000c\000r\000i\000p\000t\000i\000o\000n}{section.15.179}% 3995
\BOOKMARK [1][-]{section.15.180}{\376\377\0001\0005\000.\0001\0008\0000\000\040\000A\000A\000X\000\137\000V\000C\000o\000l\000l\000e\000c\000t\000i\000o\000n\000.\000h\000\040\000F\000i\000l\000e\000\040\000R\000e\000f\000e\000r\000e\000n\000c\000e}{chapter.15}% 3996
\BOOKMARK [2][-]{subsection.15.180.1}{\376\377\0001\0005\000.\0001\0008\0000\000.\0001\000\040\000D\000e\000s\000c\000r\000i\000p\000t\000i\000o\000n}{section.15.180}% 3997
\BOOKMARK [1][-]{section.15.181}{\376\377\0001\0005\000.\0001\0008\0001\000\040\000A\000A\000X\000\137\000V\000C\000o\000m\000p\000o\000n\000e\000n\000t\000D\000e\000s\000c\000r\000i\000p\000t\000o\000r\000.\000h\000\040\000F\000i\000l\000e\000\040\000R\000e\000f\000e\000r\000e\000n\000c\000e}{chapter.15}% 3998
\BOOKMARK [2][-]{subsection.15.181.1}{\376\377\0001\0005\000.\0001\0008\0001\000.\0001\000\040\000D\000e\000s\000c\000r\000i\000p\000t\000i\000o\000n}{section.15.181}% 3999
\BOOKMARK [1][-]{section.15.182}{\376\377\0001\0005\000.\0001\0008\0002\000\040\000A\000A\000X\000\137\000V\000C\000o\000n\000t\000r\000o\000l\000l\000e\000r\000.\000h\000\040\000F\000i\000l\000e\000\040\000R\000e\000f\000e\000r\000e\000n\000c\000e}{chapter.15}% 4000
\BOOKMARK [2][-]{subsection.15.182.1}{\376\377\0001\0005\000.\0001\0008\0002\000.\0001\000\040\000D\000e\000s\000c\000r\000i\000p\000t\000i\000o\000n}{section.15.182}% 4001
\BOOKMARK [1][-]{section.15.183}{\376\377\0001\0005\000.\0001\0008\0003\000\040\000A\000A\000X\000\137\000V\000D\000a\000t\000a\000B\000u\000f\000f\000e\000r\000W\000r\000a\000p\000p\000e\000r\000.\000h\000\040\000F\000i\000l\000e\000\040\000R\000e\000f\000e\000r\000e\000n\000c\000e}{chapter.15}% 4002
\BOOKMARK [2][-]{subsection.15.183.1}{\376\377\0001\0005\000.\0001\0008\0003\000.\0001\000\040\000M\000a\000c\000r\000o\000\040\000D\000e\000f\000i\000n\000i\000t\000i\000o\000n\000\040\000D\000o\000c\000u\000m\000e\000n\000t\000a\000t\000i\000o\000n}{section.15.183}% 4003
\BOOKMARK [3][-]{subsubsection.15.183.1.1}{\376\377\0001\0005\000.\0001\0008\0003\000.\0001\000.\0001\000\040\000A\000A\000X\000\137\000V\000D\000A\000T\000A\000B\000U\000F\000F\000E\000R\000W\000R\000A\000P\000P\000E\000R\000\137\000H}{subsection.15.183.1}% 4004
\BOOKMARK [1][-]{section.15.184}{\376\377\0001\0005\000.\0001\0008\0004\000\040\000A\000A\000X\000\137\000V\000D\000e\000s\000c\000r\000i\000p\000t\000i\000o\000n\000H\000o\000s\000t\000.\000h\000\040\000F\000i\000l\000e\000\040\000R\000e\000f\000e\000r\000e\000n\000c\000e}{chapter.15}% 4005
\BOOKMARK [1][-]{section.15.185}{\376\377\0001\0005\000.\0001\0008\0005\000\040\000A\000A\000X\000\137\000V\000E\000f\000f\000e\000c\000t\000D\000e\000s\000c\000r\000i\000p\000t\000o\000r\000.\000h\000\040\000F\000i\000l\000e\000\040\000R\000e\000f\000e\000r\000e\000n\000c\000e}{chapter.15}% 4006
\BOOKMARK [2][-]{subsection.15.185.1}{\376\377\0001\0005\000.\0001\0008\0005\000.\0001\000\040\000D\000e\000s\000c\000r\000i\000p\000t\000i\000o\000n}{section.15.185}% 4007
\BOOKMARK [1][-]{section.15.186}{\376\377\0001\0005\000.\0001\0008\0006\000\040\000A\000A\000X\000\137\000V\000E\000N\000U\000E\000\137\000G\000u\000i\000d\000e\000.\000d\000o\000x\000y\000g\000e\000n\000\040\000F\000i\000l\000e\000\040\000R\000e\000f\000e\000r\000e\000n\000c\000e}{chapter.15}% 4008
\BOOKMARK [1][-]{section.15.187}{\376\377\0001\0005\000.\0001\0008\0007\000\040\000A\000A\000X\000\137\000V\000e\000r\000s\000i\000o\000n\000.\000h\000\040\000F\000i\000l\000e\000\040\000R\000e\000f\000e\000r\000e\000n\000c\000e}{chapter.15}% 4009
\BOOKMARK [2][-]{subsection.15.187.1}{\376\377\0001\0005\000.\0001\0008\0007\000.\0001\000\040\000D\000e\000s\000c\000r\000i\000p\000t\000i\000o\000n}{section.15.187}% 4010
\BOOKMARK [2][-]{subsection.15.187.2}{\376\377\0001\0005\000.\0001\0008\0007\000.\0002\000\040\000M\000a\000c\000r\000o\000\040\000D\000e\000f\000i\000n\000i\000t\000i\000o\000n\000\040\000D\000o\000c\000u\000m\000e\000n\000t\000a\000t\000i\000o\000n}{section.15.187}% 4011
\BOOKMARK [3][-]{subsubsection.15.187.2.1}{\376\377\0001\0005\000.\0001\0008\0007\000.\0002\000.\0001\000\040\000\137\000A\000A\000X\000\137\000V\000E\000R\000S\000I\000O\000N\000\137\000H\000\137}{subsection.15.187.2}% 4012
\BOOKMARK [3][-]{subsubsection.15.187.2.2}{\376\377\0001\0005\000.\0001\0008\0007\000.\0002\000.\0002\000\040\000A\000A\000X\000\137\000S\000D\000K\000\137\000V\000E\000R\000S\000I\000O\000N}{subsection.15.187.2}% 4013
\BOOKMARK [3][-]{subsubsection.15.187.2.3}{\376\377\0001\0005\000.\0001\0008\0007\000.\0002\000.\0003\000\040\000A\000A\000X\000\137\000S\000D\000K\000\137\000C\000U\000R\000R\000E\000N\000T\000\137\000R\000E\000V\000I\000S\000I\000O\000N}{subsection.15.187.2}% 4014
\BOOKMARK [3][-]{subsubsection.15.187.2.4}{\376\377\0001\0005\000.\0001\0008\0007\000.\0002\000.\0004\000\040\000A\000A\000X\000\137\000S\000D\000K\000\137\0001\000p\0000\000p\0001\000\137\000R\000E\000V\000I\000S\000I\000O\000N}{subsection.15.187.2}% 4015
\BOOKMARK [3][-]{subsubsection.15.187.2.5}{\376\377\0001\0005\000.\0001\0008\0007\000.\0002\000.\0005\000\040\000A\000A\000X\000\137\000S\000D\000K\000\137\0001\000p\0000\000p\0002\000\137\000R\000E\000V\000I\000S\000I\000O\000N}{subsection.15.187.2}% 4016
\BOOKMARK [3][-]{subsubsection.15.187.2.6}{\376\377\0001\0005\000.\0001\0008\0007\000.\0002\000.\0006\000\040\000A\000A\000X\000\137\000S\000D\000K\000\137\0001\000p\0000\000p\0003\000\137\000R\000E\000V\000I\000S\000I\000O\000N}{subsection.15.187.2}% 4017
\BOOKMARK [3][-]{subsubsection.15.187.2.7}{\376\377\0001\0005\000.\0001\0008\0007\000.\0002\000.\0007\000\040\000A\000A\000X\000\137\000S\000D\000K\000\137\0001\000p\0000\000p\0004\000\137\000R\000E\000V\000I\000S\000I\000O\000N}{subsection.15.187.2}% 4018
\BOOKMARK [3][-]{subsubsection.15.187.2.8}{\376\377\0001\0005\000.\0001\0008\0007\000.\0002\000.\0008\000\040\000A\000A\000X\000\137\000S\000D\000K\000\137\0001\000p\0000\000p\0005\000\137\000R\000E\000V\000I\000S\000I\000O\000N}{subsection.15.187.2}% 4019
\BOOKMARK [3][-]{subsubsection.15.187.2.9}{\376\377\0001\0005\000.\0001\0008\0007\000.\0002\000.\0009\000\040\000A\000A\000X\000\137\000S\000D\000K\000\137\0001\000p\0000\000p\0006\000\137\000R\000E\000V\000I\000S\000I\000O\000N}{subsection.15.187.2}% 4020
\BOOKMARK [3][-]{subsubsection.15.187.2.10}{\376\377\0001\0005\000.\0001\0008\0007\000.\0002\000.\0001\0000\000\040\000A\000A\000X\000\137\000S\000D\000K\000\137\0001\000p\0005\000p\0000\000\137\000R\000E\000V\000I\000S\000I\000O\000N}{subsection.15.187.2}% 4021
\BOOKMARK [3][-]{subsubsection.15.187.2.11}{\376\377\0001\0005\000.\0001\0008\0007\000.\0002\000.\0001\0001\000\040\000A\000A\000X\000\137\000S\000D\000K\000\137\0002\000p\0000\000b\0001\000\137\000R\000E\000V\000I\000S\000I\000O\000N}{subsection.15.187.2}% 4022
\BOOKMARK [3][-]{subsubsection.15.187.2.12}{\376\377\0001\0005\000.\0001\0008\0007\000.\0002\000.\0001\0002\000\040\000A\000A\000X\000\137\000S\000D\000K\000\137\0002\000p\0000\000p\0000\000\137\000R\000E\000V\000I\000S\000I\000O\000N}{subsection.15.187.2}% 4023
\BOOKMARK [3][-]{subsubsection.15.187.2.13}{\376\377\0001\0005\000.\0001\0008\0007\000.\0002\000.\0001\0003\000\040\000A\000A\000X\000\137\000S\000D\000K\000\137\0002\000p\0000\000p\0001\000\137\000R\000E\000V\000I\000S\000I\000O\000N}{subsection.15.187.2}% 4024
\BOOKMARK [3][-]{subsubsection.15.187.2.14}{\376\377\0001\0005\000.\0001\0008\0007\000.\0002\000.\0001\0004\000\040\000A\000A\000X\000\137\000S\000D\000K\000\137\0002\000p\0001\000p\0000\000\137\000R\000E\000V\000I\000S\000I\000O\000N}{subsection.15.187.2}% 4025
\BOOKMARK [3][-]{subsubsection.15.187.2.15}{\376\377\0001\0005\000.\0001\0008\0007\000.\0002\000.\0001\0005\000\040\000A\000A\000X\000\137\000S\000D\000K\000\137\0002\000p\0001\000p\0001\000\137\000R\000E\000V\000I\000S\000I\000O\000N}{subsection.15.187.2}% 4026
\BOOKMARK [3][-]{subsubsection.15.187.2.16}{\376\377\0001\0005\000.\0001\0008\0007\000.\0002\000.\0001\0006\000\040\000A\000A\000X\000\137\000S\000D\000K\000\137\0002\000p\0002\000p\0000\000\137\000R\000E\000V\000I\000S\000I\000O\000N}{subsection.15.187.2}% 4027
\BOOKMARK [3][-]{subsubsection.15.187.2.17}{\376\377\0001\0005\000.\0001\0008\0007\000.\0002\000.\0001\0007\000\040\000A\000A\000X\000\137\000S\000D\000K\000\137\0002\000p\0002\000p\0001\000\137\000R\000E\000V\000I\000S\000I\000O\000N}{subsection.15.187.2}% 4028
\BOOKMARK [3][-]{subsubsection.15.187.2.18}{\376\377\0001\0005\000.\0001\0008\0007\000.\0002\000.\0001\0008\000\040\000A\000A\000X\000\137\000S\000D\000K\000\137\0002\000p\0002\000p\0002\000\137\000R\000E\000V\000I\000S\000I\000O\000N}{subsection.15.187.2}% 4029
\BOOKMARK [3][-]{subsubsection.15.187.2.19}{\376\377\0001\0005\000.\0001\0008\0007\000.\0002\000.\0001\0009\000\040\000A\000A\000X\000\137\000S\000D\000K\000\137\0002\000p\0003\000p\0000\000\137\000R\000E\000V\000I\000S\000I\000O\000N}{subsection.15.187.2}% 4030
\BOOKMARK [3][-]{subsubsection.15.187.2.20}{\376\377\0001\0005\000.\0001\0008\0007\000.\0002\000.\0002\0000\000\040\000A\000A\000X\000\137\000S\000D\000K\000\137\0002\000p\0003\000p\0001\000\137\000R\000E\000V\000I\000S\000I\000O\000N}{subsection.15.187.2}% 4031
\BOOKMARK [3][-]{subsubsection.15.187.2.21}{\376\377\0001\0005\000.\0001\0008\0007\000.\0002\000.\0002\0001\000\040\000A\000A\000X\000\137\000S\000D\000K\000\137\0002\000p\0003\000p\0002\000\137\000R\000E\000V\000I\000S\000I\000O\000N}{subsection.15.187.2}% 4032
\BOOKMARK [3][-]{subsubsection.15.187.2.22}{\376\377\0001\0005\000.\0001\0008\0007\000.\0002\000.\0002\0002\000\040\000A\000A\000X\000\137\000S\000D\000K\000\137\0002\000p\0004\000p\0000\000\137\000R\000E\000V\000I\000S\000I\000O\000N}{subsection.15.187.2}% 4033
\BOOKMARK [3][-]{subsubsection.15.187.2.23}{\376\377\0001\0005\000.\0001\0008\0007\000.\0002\000.\0002\0003\000\040\000A\000A\000X\000\137\000S\000D\000K\000\137\0002\000p\0004\000p\0001\000\137\000R\000E\000V\000I\000S\000I\000O\000N}{subsection.15.187.2}% 4034
\BOOKMARK [3][-]{subsubsection.15.187.2.24}{\376\377\0001\0005\000.\0001\0008\0007\000.\0002\000.\0002\0004\000\040\000A\000A\000X\000\137\000S\000D\000K\000\137\0002\000p\0005\000p\0000\000\137\000R\000E\000V\000I\000S\000I\000O\000N}{subsection.15.187.2}% 4035
\BOOKMARK [3][-]{subsubsection.15.187.2.25}{\376\377\0001\0005\000.\0001\0008\0007\000.\0002\000.\0002\0005\000\040\000A\000A\000X\000\137\000S\000D\000K\000\137\0002\000p\0006\000p\0000\000\137\000R\000E\000V\000I\000S\000I\000O\000N}{subsection.15.187.2}% 4036
\BOOKMARK [3][-]{subsubsection.15.187.2.26}{\376\377\0001\0005\000.\0001\0008\0007\000.\0002\000.\0002\0006\000\040\000A\000A\000X\000\137\000S\000D\000K\000\137\0002\000p\0006\000p\0001\000\137\000R\000E\000V\000I\000S\000I\000O\000N}{subsection.15.187.2}% 4037
\BOOKMARK [3][-]{subsubsection.15.187.2.27}{\376\377\0001\0005\000.\0001\0008\0007\000.\0002\000.\0002\0007\000\040\000A\000A\000X\000\137\000S\000D\000K\000\137\0002\000p\0007\000p\0000\000\137\000R\000E\000V\000I\000S\000I\000O\000N}{subsection.15.187.2}% 4038
\BOOKMARK [3][-]{subsubsection.15.187.2.28}{\376\377\0001\0005\000.\0001\0008\0007\000.\0002\000.\0002\0008\000\040\000A\000A\000X\000\137\000S\000D\000K\000\137\0002\000p\0008\000p\0000\000\137\000R\000E\000V\000I\000S\000I\000O\000N}{subsection.15.187.2}% 4039
\BOOKMARK [3][-]{subsubsection.15.187.2.29}{\376\377\0001\0005\000.\0001\0008\0007\000.\0002\000.\0002\0009\000\040\000A\000A\000X\000\137\000S\000D\000K\000\137\0002\000p\0008\000p\0001\000\137\000R\000E\000V\000I\000S\000I\000O\000N}{subsection.15.187.2}% 4040
\BOOKMARK [1][-]{section.15.188}{\376\377\0001\0005\000.\0001\0008\0008\000\040\000A\000A\000X\000\137\000V\000F\000e\000a\000t\000u\000r\000e\000I\000n\000f\000o\000.\000h\000\040\000F\000i\000l\000e\000\040\000R\000e\000f\000e\000r\000e\000n\000c\000e}{chapter.15}% 4041
\BOOKMARK [1][-]{section.15.189}{\376\377\0001\0005\000.\0001\0008\0009\000\040\000A\000A\000X\000\137\000V\000H\000o\000s\000t\000P\000r\000o\000c\000e\000s\000s\000o\000r\000D\000e\000l\000e\000g\000a\000t\000e\000.\000h\000\040\000F\000i\000l\000e\000\040\000R\000e\000f\000e\000r\000e\000n\000c\000e}{chapter.15}% 4042
\BOOKMARK [2][-]{subsection.15.189.1}{\376\377\0001\0005\000.\0001\0008\0009\000.\0001\000\040\000D\000e\000s\000c\000r\000i\000p\000t\000i\000o\000n}{section.15.189}% 4043
\BOOKMARK [1][-]{section.15.190}{\376\377\0001\0005\000.\0001\0009\0000\000\040\000A\000A\000X\000\137\000V\000H\000o\000s\000t\000S\000e\000r\000v\000i\000c\000e\000s\000.\000h\000\040\000F\000i\000l\000e\000\040\000R\000e\000f\000e\000r\000e\000n\000c\000e}{chapter.15}% 4044
\BOOKMARK [2][-]{subsection.15.190.1}{\376\377\0001\0005\000.\0001\0009\0000\000.\0001\000\040\000D\000e\000s\000c\000r\000i\000p\000t\000i\000o\000n}{section.15.190}% 4045
\BOOKMARK [1][-]{section.15.191}{\376\377\0001\0005\000.\0001\0009\0001\000\040\000A\000A\000X\000\137\000V\000H\000o\000s\000t\000T\000a\000s\000k\000A\000g\000e\000n\000t\000.\000h\000\040\000F\000i\000l\000e\000\040\000R\000e\000f\000e\000r\000e\000n\000c\000e}{chapter.15}% 4046
\BOOKMARK [2][-]{subsection.15.191.1}{\376\377\0001\0005\000.\0001\0009\0001\000.\0001\000\040\000M\000a\000c\000r\000o\000\040\000D\000e\000f\000i\000n\000i\000t\000i\000o\000n\000\040\000D\000o\000c\000u\000m\000e\000n\000t\000a\000t\000i\000o\000n}{section.15.191}% 4047
\BOOKMARK [3][-]{subsubsection.15.191.1.1}{\376\377\0001\0005\000.\0001\0009\0001\000.\0001\000.\0001\000\040\000A\000A\000X\000\137\000V\000H\000o\000s\000t\000T\000a\000s\000k\000A\000g\000e\000n\000t\000\137\000H}{subsection.15.191.1}% 4048
\BOOKMARK [1][-]{section.15.192}{\376\377\0001\0005\000.\0001\0009\0002\000\040\000A\000A\000X\000\137\000V\000P\000a\000g\000e\000T\000a\000b\000l\000e\000.\000h\000\040\000F\000i\000l\000e\000\040\000R\000e\000f\000e\000r\000e\000n\000c\000e}{chapter.15}% 4049
\BOOKMARK [1][-]{section.15.193}{\376\377\0001\0005\000.\0001\0009\0003\000\040\000A\000A\000X\000\137\000V\000P\000r\000i\000v\000a\000t\000e\000D\000a\000t\000a\000A\000c\000c\000e\000s\000s\000.\000h\000\040\000F\000i\000l\000e\000\040\000R\000e\000f\000e\000r\000e\000n\000c\000e}{chapter.15}% 4050
\BOOKMARK [2][-]{subsection.15.193.1}{\376\377\0001\0005\000.\0001\0009\0003\000.\0001\000\040\000D\000e\000s\000c\000r\000i\000p\000t\000i\000o\000n}{section.15.193}% 4051
\BOOKMARK [1][-]{section.15.194}{\376\377\0001\0005\000.\0001\0009\0004\000\040\000A\000A\000X\000\137\000V\000P\000r\000o\000p\000e\000r\000t\000y\000M\000a\000p\000.\000h\000\040\000F\000i\000l\000e\000\040\000R\000e\000f\000e\000r\000e\000n\000c\000e}{chapter.15}% 4052
\BOOKMARK [2][-]{subsection.15.194.1}{\376\377\0001\0005\000.\0001\0009\0004\000.\0001\000\040\000D\000e\000s\000c\000r\000i\000p\000t\000i\000o\000n}{section.15.194}% 4053
\BOOKMARK [1][-]{section.15.195}{\376\377\0001\0005\000.\0001\0009\0005\000\040\000A\000A\000X\000\137\000V\000S\000e\000s\000s\000i\000o\000n\000D\000o\000c\000u\000m\000e\000n\000t\000.\000h\000\040\000F\000i\000l\000e\000\040\000R\000e\000f\000e\000r\000e\000n\000c\000e}{chapter.15}% 4054
\BOOKMARK [2][-]{subsection.15.195.1}{\376\377\0001\0005\000.\0001\0009\0005\000.\0001\000\040\000M\000a\000c\000r\000o\000\040\000D\000e\000f\000i\000n\000i\000t\000i\000o\000n\000\040\000D\000o\000c\000u\000m\000e\000n\000t\000a\000t\000i\000o\000n}{section.15.195}% 4055
\BOOKMARK [3][-]{subsubsection.15.195.1.1}{\376\377\0001\0005\000.\0001\0009\0005\000.\0001\000.\0001\000\040\000A\000A\000X\000\137\000V\000S\000e\000s\000s\000i\000o\000n\000D\000o\000c\000u\000m\000e\000n\000t\000\137\000H}{subsection.15.195.1}% 4056
\BOOKMARK [1][-]{section.15.196}{\376\377\0001\0005\000.\0001\0009\0006\000\040\000A\000A\000X\000\137\000V\000T\000a\000s\000k\000.\000h\000\040\000F\000i\000l\000e\000\040\000R\000e\000f\000e\000r\000e\000n\000c\000e}{chapter.15}% 4057
\BOOKMARK [2][-]{subsection.15.196.1}{\376\377\0001\0005\000.\0001\0009\0006\000.\0001\000\040\000M\000a\000c\000r\000o\000\040\000D\000e\000f\000i\000n\000i\000t\000i\000o\000n\000\040\000D\000o\000c\000u\000m\000e\000n\000t\000a\000t\000i\000o\000n}{section.15.196}% 4058
\BOOKMARK [3][-]{subsubsection.15.196.1.1}{\376\377\0001\0005\000.\0001\0009\0006\000.\0001\000.\0001\000\040\000A\000A\000X\000\137\000V\000T\000a\000s\000k\000\137\000H}{subsection.15.196.1}% 4059
\BOOKMARK [1][-]{section.15.197}{\376\377\0001\0005\000.\0001\0009\0007\000\040\000A\000A\000X\000\137\000V\000T\000r\000a\000n\000s\000p\000o\000r\000t\000.\000h\000\040\000F\000i\000l\000e\000\040\000R\000e\000f\000e\000r\000e\000n\000c\000e}{chapter.15}% 4060
\BOOKMARK [2][-]{subsection.15.197.1}{\376\377\0001\0005\000.\0001\0009\0007\000.\0001\000\040\000D\000e\000s\000c\000r\000i\000p\000t\000i\000o\000n}{section.15.197}% 4061
\BOOKMARK [1][-]{section.15.198}{\376\377\0001\0005\000.\0001\0009\0008\000\040\000A\000A\000X\000\137\000V\000V\000i\000e\000w\000C\000o\000n\000t\000a\000i\000n\000e\000r\000.\000h\000\040\000F\000i\000l\000e\000\040\000R\000e\000f\000e\000r\000e\000n\000c\000e}{chapter.15}% 4062
\BOOKMARK [2][-]{subsection.15.198.1}{\376\377\0001\0005\000.\0001\0009\0008\000.\0001\000\040\000D\000e\000s\000c\000r\000i\000p\000t\000i\000o\000n}{section.15.198}% 4063
\BOOKMARK [1][-]{section.15.199}{\376\377\0001\0005\000.\0001\0009\0009\000\040\000D\000S\000H\000\137\000G\000u\000i\000d\000e\000.\000d\000o\000x\000y\000g\000e\000n\000\040\000F\000i\000l\000e\000\040\000R\000e\000f\000e\000r\000e\000n\000c\000e}{chapter.15}% 4064
\BOOKMARK [1][-]{section.15.200}{\376\377\0001\0005\000.\0002\0000\0000\000\040\000D\000T\000T\000\137\000G\000u\000i\000d\000e\000.\000d\000o\000x\000y\000g\000e\000n\000\040\000F\000i\000l\000e\000\040\000R\000e\000f\000e\000r\000e\000n\000c\000e}{chapter.15}% 4065
\BOOKMARK [1][-]{section.15.201}{\376\377\0001\0005\000.\0002\0000\0001\000\040\000R\000e\000a\000d\000M\000e\000.\000d\000o\000x\000y\000g\000e\000n\000\040\000F\000i\000l\000e\000\040\000R\000e\000f\000e\000r\000e\000n\000c\000e}{chapter.15}% 4066
\BOOKMARK [0][-]{section*.595}{\376\377\000I\000n\000d\000e\000x}{}% 4067
