This is pdfTeX, Version 3.141592653-2.6-1.40.22 (TeX Live 2021) (preloaded format=pdflatex 2024.10.2)  6 NOV 2024 21:45
entering extended mode
 restricted \write18 enabled.
 %&-line parsing enabled.
**refman
(./refman.tex
LaTeX2e <2020-10-01> patch level 4
L3 programming layer <2021-02-18>
(/usr/local/texlive/2021/texmf-dist/tex/latex/base/book.cls
Document Class: book 2020/04/10 v1.4m Standard LaTeX document class
(/usr/local/texlive/2021/texmf-dist/tex/latex/base/bk10.clo
File: bk10.clo 2020/04/10 v1.4m Standard LaTeX file (size option)
)
\c@part=\count179
\c@chapter=\count180
\c@section=\count181
\c@subsection=\count182
\c@subsubsection=\count183
\c@paragraph=\count184
\c@subparagraph=\count185
\c@figure=\count186
\c@table=\count187
\abovecaptionskip=\skip47
\belowcaptionskip=\skip48
\bibindent=\dimen138
)
(/usr/local/texlive/2021/texmf-dist/tex/latex/base/ifthen.sty
Package: ifthen 2014/09/29 v1.1c Standard LaTeX ifthen package (DPC)
)
(/usr/local/texlive/2021/texmf-dist/tex/latex/tools/array.sty
Rollback for package 'array' requested -> date 2016-10-06.
         Best approximation is the release introduced on 2016-10-06.

(/usr/local/texlive/2021/texmf-dist/tex/latex/tools/array-2016-10-06.sty
Package: array 2016/10/06 v2.4d Tabular extension package (FMi)
\col@sep=\dimen139
\extrarowheight=\dimen140
\NC@list=\toks15
\extratabsurround=\skip49
\backup@length=\skip50
))
(/usr/local/texlive/2021/texmf-dist/tex/latex/base/fixltx2e.sty
Package: fixltx2e 2016/12/29 v2.1a fixes to LaTeX (obsolete)
Applying: [2015/01/01] Old fixltx2e package on input line 46.


Package fixltx2e Warning: fixltx2e is not required with releases after 2015
(fixltx2e)                All fixes are now in the LaTeX kernel.
(fixltx2e)                See the latexrelease package for details.

Already applied: [0000/00/00] Old fixltx2e package on input line 53.
) (./doxygen.sty
Package: doxygen 
 (/usr/local/texlive/2021/texmf-dist/tex/latex/base/alltt.sty
Package: alltt 1997/06/16 v2.0g defines alltt environment
)
(/usr/local/texlive/2021/texmf-dist/tex/latex/tools/calc.sty
Package: calc 2017/05/25 v4.3 Infix arithmetic (KKT,FJ)
\calc@Acount=\count188
\calc@Bcount=\count189
\calc@Adimen=\dimen141
\calc@Bdimen=\dimen142
\calc@Askip=\skip51
\calc@Bskip=\skip52
LaTeX Info: Redefining \setlength on input line 80.
LaTeX Info: Redefining \addtolength on input line 81.
\calc@Ccount=\count190
\calc@Cskip=\skip53
)
(/usr/local/texlive/2021/texmf-dist/tex/latex/float/float.sty
Package: float 2001/11/08 v1.3d Float enhancements (AL)
\c@float@type=\count191
\float@exts=\toks16
\float@box=\box47
\@float@everytoks=\toks17
\@floatcapt=\box48
)
(/usr/local/texlive/2021/texmf-dist/tex/latex/tools/verbatim.sty
Package: verbatim 2020-07-07 v1.5u LaTeX2e package for verbatim enhancements
\every@verbatim=\toks18
\verbatim@line=\toks19
\verbatim@in@stream=\read2
)
(/usr/local/texlive/2021/texmf-dist/tex/latex/xcolor/xcolor.sty
Package: xcolor 2016/05/11 v2.12 LaTeX color extensions (UK)

(/usr/local/texlive/2021/texmf-dist/tex/latex/graphics-cfg/color.cfg
File: color.cfg 2016/01/02 v1.6 sample color configuration
)
Package xcolor Info: Driver file: pdftex.def on input line 225.

(/usr/local/texlive/2021/texmf-dist/tex/latex/graphics-def/pdftex.def
File: pdftex.def 2020/10/05 v1.2a Graphics/color driver for pdftex
)
(/usr/local/texlive/2021/texmf-dist/tex/latex/colortbl/colortbl.sty
Package: colortbl 2020/01/04 v1.0e Color table columns (DPC)
\everycr=\toks20
\minrowclearance=\skip54
)
\rownum=\count192
Package xcolor Info: Model `cmy' substituted by `cmy0' on input line 1348.
Package xcolor Info: Model `hsb' substituted by `rgb' on input line 1352.
Package xcolor Info: Model `RGB' extended on input line 1364.
Package xcolor Info: Model `HTML' substituted by `rgb' on input line 1366.
Package xcolor Info: Model `Hsb' substituted by `hsb' on input line 1367.
Package xcolor Info: Model `tHsb' substituted by `hsb' on input line 1368.
Package xcolor Info: Model `HSB' substituted by `hsb' on input line 1369.
Package xcolor Info: Model `Gray' substituted by `gray' on input line 1370.
Package xcolor Info: Model `wave' substituted by `hsb' on input line 1371.
)
(./longtable_doxygen.sty
Package: longtable_doxygen 2014/10/28 v4.11 Multi-page Table package (DPC) - fr
ozen version for doxygen
\LTleft=\skip55
\LTright=\skip56
\LTpre=\skip57
\LTpost=\skip58
\LTchunksize=\count193
\LTcapwidth=\dimen143
\LT@head=\box49
\LT@firsthead=\box50
\LT@foot=\box51
\LT@lastfoot=\box52
\LT@cols=\count194
\LT@rows=\count195
\c@LT@tables=\count196
\c@LT@chunks=\count197
\LT@p@ftn=\toks21
) (./tabu_doxygen.sty
Package: tabu_doxygen 2011/02/26 v2.8 - flexible LaTeX tabulars (FC), frozen ve
rsion for doxygen

(/usr/local/texlive/2021/texmf-dist/tex/latex/varwidth/varwidth.sty
Package: varwidth 2009/03/30 ver 0.92;  Variable-width minipages
\@vwid@box=\box53
\sift@deathcycles=\count198
\@vwid@loff=\dimen144
\@vwid@roff=\dimen145
)
\c@taburow=\count199
\tabu@nbcols=\count266
\tabu@cnt=\count267
\tabu@Xcol=\count268
\tabu@alloc=\count269
\tabu@nested=\count270
\tabu@target=\dimen146
\tabu@spreadtarget=\dimen147
\tabu@naturalX=\dimen148
\tabucolX=\dimen149
\tabu@Xsum=\dimen150
\extrarowdepth=\dimen151
\abovetabulinesep=\dimen152
\belowtabulinesep=\dimen153
\tabustrutrule=\dimen154
\tabu@thebody=\toks22
\tabu@footnotes=\toks23
\tabu@box=\box54
\tabu@arstrutbox=\box55
\tabu@hleads=\box56
\tabu@vleads=\box57
\tabu@cellskip=\skip59
)
(/usr/local/texlive/2021/texmf-dist/tex/latex/fancyvrb/fancyvrb.sty
Package: fancyvrb 2021/01/20 v3.7 verbatim text (tvz,hv)

(/usr/local/texlive/2021/texmf-dist/tex/latex/graphics/keyval.sty
Package: keyval 2014/10/28 v1.15 key=value parser (DPC)
\KV@toks@=\toks24
)
\FV@CodeLineNo=\count271
\FV@InFile=\read3
\FV@TabBox=\box58
\c@FancyVerbLine=\count272
\FV@StepNumber=\count273
\FV@OutFile=\write3
)
(/usr/local/texlive/2021/texmf-dist/tex/latex/tools/tabularx.sty
Package: tabularx 2020/01/15 v2.11c `tabularx' package (DPC)
\TX@col@width=\dimen155
\TX@old@table=\dimen156
\TX@old@col=\dimen157
\TX@target=\dimen158
\TX@delta=\dimen159
\TX@cols=\count274
\TX@ftn=\toks25
)
(/usr/local/texlive/2021/texmf-dist/tex/latex/tools/multicol.sty
Package: multicol 2019/12/09 v1.8y multicolumn formatting (FMi)
\c@tracingmulticols=\count275
\mult@box=\box59
\multicol@leftmargin=\dimen160
\c@unbalance=\count276
\c@collectmore=\count277
\doublecol@number=\count278
\multicoltolerance=\count279
\multicolpretolerance=\count280
\full@width=\dimen161
\page@free=\dimen162
\premulticols=\dimen163
\postmulticols=\dimen164
\multicolsep=\skip60
\multicolbaselineskip=\skip61
\partial@page=\box60
\last@line=\box61
\maxbalancingoverflow=\dimen165
\mult@rightbox=\box62
\mult@grightbox=\box63
\mult@gfirstbox=\box64
\mult@firstbox=\box65
\@tempa=\box66
\@tempa=\box67
\@tempa=\box68
\@tempa=\box69
\@tempa=\box70
\@tempa=\box71
\@tempa=\box72
\@tempa=\box73
\@tempa=\box74
\@tempa=\box75
\@tempa=\box76
\@tempa=\box77
\@tempa=\box78
\@tempa=\box79
\@tempa=\box80
\@tempa=\box81
\@tempa=\box82
\@tempa=\box83
\@tempa=\box84
\@tempa=\box85
\@tempa=\box86
\@tempa=\box87
\@tempa=\box88
\@tempa=\box89
\@tempa=\box90
\@tempa=\box91
\@tempa=\box92
\@tempa=\box93
\@tempa=\box94
\@tempa=\box95
\@tempa=\box96
\@tempa=\box97
\@tempa=\box98
\@tempa=\box99
\@tempa=\box100
\@tempa=\box101
\@tempa=\box102
\c@minrows=\count281
\c@columnbadness=\count282
\c@finalcolumnbadness=\count283
\last@try=\dimen166
\multicolovershoot=\dimen167
\multicolundershoot=\dimen168
\mult@nat@firstbox=\box103
\colbreak@box=\box104
\mc@col@check@num=\count284
)
(/usr/local/texlive/2021/texmf-dist/tex/latex/multirow/multirow.sty
Package: multirow 2021/03/15 v2.8 Span multiple rows of a table
\multirow@colwidth=\skip62
\multirow@cntb=\count285
\multirow@dima=\skip63
\bigstrutjot=\dimen169
)
(/usr/local/texlive/2021/texmf-dist/tex/latex/hanging/hanging.sty
Package: hanging 2009/09/02 v1.2b hanging paragraphs and punctuation
\h@ngcommawd=\skip64
\h@ngfstopwd=\skip65
\h@ngquotewd=\skip66
\h@ngdquotewd=\skip67
\h@ngquerywd=\skip68
\h@ngexclwd=\skip69
\h@ngcolonwd=\skip70
\h@ngscolonwd=\skip71
)
(/usr/local/texlive/2021/texmf-dist/tex/generic/iftex/ifpdf.sty
Package: ifpdf 2019/10/25 v3.4 ifpdf legacy package. Use iftex instead.

(/usr/local/texlive/2021/texmf-dist/tex/generic/iftex/iftex.sty
Package: iftex 2020/03/06 v1.0d TeX engine tests
))
(/usr/local/texlive/2021/texmf-dist/tex/latex/adjustbox/adjustbox.sty
Package: adjustbox 2020/08/19 v1.3 Adjusting TeX boxes (trim, clip, ...)

(/usr/local/texlive/2021/texmf-dist/tex/latex/xkeyval/xkeyval.sty
Package: xkeyval 2020/11/20 v2.8 package option processing (HA)

(/usr/local/texlive/2021/texmf-dist/tex/generic/xkeyval/xkeyval.tex
(/usr/local/texlive/2021/texmf-dist/tex/generic/xkeyval/xkvutils.tex
\XKV@toks=\toks26
\XKV@tempa@toks=\toks27
)
\XKV@depth=\count286
File: xkeyval.tex 2014/12/03 v2.7a key=value parser (HA)
))
(/usr/local/texlive/2021/texmf-dist/tex/latex/adjustbox/adjcalc.sty
Package: adjcalc 2012/05/16 v1.1 Provides advanced setlength with multiple back
-ends (calc, etex, pgfmath)
)
(/usr/local/texlive/2021/texmf-dist/tex/latex/adjustbox/trimclip.sty
Package: trimclip 2020/08/19 v1.2 Trim and clip general TeX material

(/usr/local/texlive/2021/texmf-dist/tex/latex/graphics/graphicx.sty
Package: graphicx 2020/09/09 v1.2b Enhanced LaTeX Graphics (DPC,SPQR)

(/usr/local/texlive/2021/texmf-dist/tex/latex/graphics/graphics.sty
Package: graphics 2020/08/30 v1.4c Standard LaTeX Graphics (DPC,SPQR)

(/usr/local/texlive/2021/texmf-dist/tex/latex/graphics/trig.sty
Package: trig 2016/01/03 v1.10 sin cos tan (DPC)
)
(/usr/local/texlive/2021/texmf-dist/tex/latex/graphics-cfg/graphics.cfg
File: graphics.cfg 2016/06/04 v1.11 sample graphics configuration
)
Package graphics Info: Driver file: pdftex.def on input line 105.
)
\Gin@req@height=\dimen170
\Gin@req@width=\dimen171
)
(/usr/local/texlive/2021/texmf-dist/tex/latex/collectbox/collectbox.sty
Package: collectbox 2012/05/17 v0.4b Collect macro arguments as boxes
\collectedbox=\box105
)
\tc@llx=\dimen172
\tc@lly=\dimen173
\tc@urx=\dimen174
\tc@ury=\dimen175
Package trimclip Info: Using driver 'tc-pdftex.def'.

(/usr/local/texlive/2021/texmf-dist/tex/latex/adjustbox/tc-pdftex.def
File: tc-pdftex.def 2019/01/04 v2.2 Clipping driver for pdftex
))
\adjbox@Width=\dimen176
\adjbox@Height=\dimen177
\adjbox@Depth=\dimen178
\adjbox@Totalheight=\dimen179
\adjbox@pwidth=\dimen180
\adjbox@pheight=\dimen181
\adjbox@pdepth=\dimen182
\adjbox@ptotalheight=\dimen183

(/usr/local/texlive/2021/texmf-dist/tex/latex/ifoddpage/ifoddpage.sty
Package: ifoddpage 2016/04/23 v1.1 Conditionals for odd/even page detection
\c@checkoddpage=\count287
))
(/usr/local/texlive/2021/texmf-dist/tex/latex/amsfonts/amssymb.sty
Package: amssymb 2013/01/14 v3.01 AMS font symbols

(/usr/local/texlive/2021/texmf-dist/tex/latex/amsfonts/amsfonts.sty
Package: amsfonts 2013/01/14 v3.01 Basic AMSFonts support
\@emptytoks=\toks28
\symAMSa=\mathgroup4
\symAMSb=\mathgroup5
LaTeX Font Info:    Redeclaring math symbol \hbar on input line 98.
LaTeX Font Info:    Overwriting math alphabet `\mathfrak' in version `bold'
(Font)                  U/euf/m/n --> U/euf/b/n on input line 106.
))
(/usr/local/texlive/2021/texmf-dist/tex/latex/stackengine/stackengine.sty
Package: stackengine 2017/02/13 v4.01\ Stacking text and objects in convenient 
ways

(/usr/local/texlive/2021/texmf-dist/tex/latex/etoolbox/etoolbox.sty
Package: etoolbox 2020/10/05 v2.5k e-TeX tools for LaTeX (JAW)
\etb@tempcnta=\count288
)
(/usr/local/texlive/2021/texmf-dist/tex/generic/listofitems/listofitems.sty
(/usr/local/texlive/2021/texmf-dist/tex/generic/listofitems/listofitems.tex
\loi_cnt_foreach_nest=\count289
\loi_nestcnt=\count290
)
Package: listofitems 2019/08/21 v1.63 Grab items in lists using user-specified 
sep char (CT)
)
\c@@stackindex=\count291
\@boxshift=\skip72
\stack@tmplength=\skip73
\temp@stkl=\skip74
\@stackedboxwidth=\skip75
\@addedbox=\box106
\@anchorbox=\box107
\stackedbox=\box108
\@centerbox=\box109
\c@ROWcellindex@=\count292
)
(/usr/local/texlive/2021/texmf-dist/tex/generic/ulem/ulem.sty
\UL@box=\box110
\UL@hyphenbox=\box111
\UL@skip=\skip76
\UL@hook=\toks29
\UL@height=\dimen184
\UL@pe=\count293
\UL@pixel=\dimen185
\ULC@box=\box112
Package: ulem 2019/11/18
\ULdepth=\dimen186
)
\xrefbox=\box113
\xreflength=\skip77
\CodeWidthChar=\skip78
\CodeHeightChar=\skip79
\DoxyCodeWidth=\skip80
)
(/usr/local/texlive/2021/texmf-dist/tex/latex/base/inputenc.sty
Package: inputenc 2020/08/01 v1.3d Input encoding file
\inpenc@prehook=\toks30
\inpenc@posthook=\toks31
)
(/usr/local/texlive/2021/texmf-dist/tex/latex/base/makeidx.sty
Package: makeidx 2014/09/29 v1.0m Standard LaTeX package
)
(/usr/local/texlive/2021/texmf-dist/tex/latex/base/textcomp.sty
Package: textcomp 2020/02/02 v2.0n Standard LaTeX package
)
(/usr/local/texlive/2021/texmf-dist/tex/latex/wasysym/wasysym.sty
Package: wasysym 2020/01/19 v2.4 Wasy-2 symbol support package
\symwasy=\mathgroup6
LaTeX Font Info:    Overwriting symbol font `wasy' in version `bold'
(Font)                  U/wasy/m/n --> U/wasy/b/n on input line 93.
)
(/usr/local/texlive/2021/texmf-dist/tex/generic/iftex/ifxetex.sty
Package: ifxetex 2019/10/25 v0.7 ifxetex legacy package. Use iftex instead.
)
(/usr/local/texlive/2021/texmf-dist/tex/latex/base/fontenc.sty
Package: fontenc 2020/08/10 v2.0s Standard LaTeX package
)
(/usr/local/texlive/2021/texmf-dist/tex/latex/psnfss/helvet.sty
Package: helvet 2020/03/25 PSNFSS-v9.3 (WaS) 
)
(/usr/local/texlive/2021/texmf-dist/tex/latex/psnfss/courier.sty
Package: courier 2020/03/25 PSNFSS-v9.3 (WaS) 
)
(/usr/local/texlive/2021/texmf-dist/tex/latex/sectsty/sectsty.sty
Package: sectsty 2002/02/25 v2.0.2 Commands to change all sectional heading sty
les


LaTeX Warning: Command \underbar  has changed.
               Check if current package is valid.


LaTeX Warning: Command \underline  has changed.
               Check if current package is valid.

) (/usr/local/texlive/2021/texmf-dist/tex/latex/geometry/geometry.sty
Package: geometry 2020/01/02 v5.9 Page Geometry

(/usr/local/texlive/2021/texmf-dist/tex/generic/iftex/ifvtex.sty
Package: ifvtex 2019/10/25 v1.7 ifvtex legacy package. Use iftex instead.
)
\Gm@cnth=\count294
\Gm@cntv=\count295
\c@Gm@tempcnt=\count296
\Gm@bindingoffset=\dimen187
\Gm@wd@mp=\dimen188
\Gm@odd@mp=\dimen189
\Gm@even@mp=\dimen190
\Gm@layoutwidth=\dimen191
\Gm@layoutheight=\dimen192
\Gm@layouthoffset=\dimen193
\Gm@layoutvoffset=\dimen194
\Gm@dimlist=\toks32
)
(/usr/local/texlive/2021/texmf-dist/tex/latex/fancyhdr/fancyhdr.sty
Package: fancyhdr 2021/01/28 v4.0.1 Extensive control of page headers and foote
rs
\f@nch@headwidth=\skip81
\f@nch@O@elh=\skip82
\f@nch@O@erh=\skip83
\f@nch@O@olh=\skip84
\f@nch@O@orh=\skip85
\f@nch@O@elf=\skip86
\f@nch@O@erf=\skip87
\f@nch@O@olf=\skip88
\f@nch@O@orf=\skip89
)
(/usr/local/texlive/2021/texmf-dist/tex/latex/natbib/natbib.sty
Package: natbib 2010/09/13 8.31b (PWD, AO)
\bibhang=\skip90
\bibsep=\skip91
LaTeX Info: Redefining \cite on input line 694.
\c@NAT@ctr=\count297
)
(/usr/local/texlive/2021/texmf-dist/tex/latex/tocloft/tocloft.sty
Package: tocloft 2017/08/31 v2.3i parameterised ToC, etc., typesetting
Package tocloft Info: The document has chapter divisions on input line 51.
\cftparskip=\skip92
\cftbeforetoctitleskip=\skip93
\cftaftertoctitleskip=\skip94
\cftbeforepartskip=\skip95
\cftpartnumwidth=\skip96
\cftpartindent=\skip97
\cftbeforechapskip=\skip98
\cftchapindent=\skip99
\cftchapnumwidth=\skip100
\cftbeforesecskip=\skip101
\cftsecindent=\skip102
\cftsecnumwidth=\skip103
\cftbeforesubsecskip=\skip104
\cftsubsecindent=\skip105
\cftsubsecnumwidth=\skip106
\cftbeforesubsubsecskip=\skip107
\cftsubsubsecindent=\skip108
\cftsubsubsecnumwidth=\skip109
\cftbeforeparaskip=\skip110
\cftparaindent=\skip111
\cftparanumwidth=\skip112
\cftbeforesubparaskip=\skip113
\cftsubparaindent=\skip114
\cftsubparanumwidth=\skip115
\cftbeforeloftitleskip=\skip116
\cftafterloftitleskip=\skip117
\cftbeforefigskip=\skip118
\cftfigindent=\skip119
\cftfignumwidth=\skip120
\c@lofdepth=\count298
\c@lotdepth=\count299
\cftbeforelottitleskip=\skip121
\cftafterlottitleskip=\skip122
\cftbeforetabskip=\skip123
\cfttabindent=\skip124
\cfttabnumwidth=\skip125
)
\@indexfile=\write4
\openout4 = `refman.idx'.


Writing index file refman.idx

(/usr/local/texlive/2021/texmf-dist/tex/latex/newunicodechar/newunicodechar.sty
Package: newunicodechar 2018/04/08 v1.2 Defining Unicode characters
)

Package newunicodechar Warning: Redefining Unicode character on input line 115.



Package newunicodechar Warning: Redefining Unicode character on input line 116.


(/usr/local/texlive/2021/texmf-dist/tex/latex/hyperref/hyperref.sty
Package: hyperref 2021-02-27 v7.00k Hypertext links for LaTeX

(/usr/local/texlive/2021/texmf-dist/tex/generic/ltxcmds/ltxcmds.sty
Package: ltxcmds 2020-05-10 v1.25 LaTeX kernel commands for general use (HO)
)
(/usr/local/texlive/2021/texmf-dist/tex/generic/pdftexcmds/pdftexcmds.sty
Package: pdftexcmds 2020-06-27 v0.33 Utility functions of pdfTeX for LuaTeX (HO
)

(/usr/local/texlive/2021/texmf-dist/tex/generic/infwarerr/infwarerr.sty
Package: infwarerr 2019/12/03 v1.5 Providing info/warning/error messages (HO)
)
Package pdftexcmds Info: \pdf@primitive is available.
Package pdftexcmds Info: \pdf@ifprimitive is available.
Package pdftexcmds Info: \pdfdraftmode found.
)
(/usr/local/texlive/2021/texmf-dist/tex/generic/kvsetkeys/kvsetkeys.sty
Package: kvsetkeys 2019/12/15 v1.18 Key value parser (HO)
)
(/usr/local/texlive/2021/texmf-dist/tex/generic/kvdefinekeys/kvdefinekeys.sty
Package: kvdefinekeys 2019-12-19 v1.6 Define keys (HO)
)
(/usr/local/texlive/2021/texmf-dist/tex/generic/pdfescape/pdfescape.sty
Package: pdfescape 2019/12/09 v1.15 Implements pdfTeX's escape features (HO)
)
(/usr/local/texlive/2021/texmf-dist/tex/latex/hycolor/hycolor.sty
Package: hycolor 2020-01-27 v1.10 Color options for hyperref/bookmark (HO)
)
(/usr/local/texlive/2021/texmf-dist/tex/latex/letltxmacro/letltxmacro.sty
Package: letltxmacro 2019/12/03 v1.6 Let assignment for LaTeX macros (HO)
)
(/usr/local/texlive/2021/texmf-dist/tex/latex/auxhook/auxhook.sty
Package: auxhook 2019-12-17 v1.6 Hooks for auxiliary files (HO)
)
(/usr/local/texlive/2021/texmf-dist/tex/latex/kvoptions/kvoptions.sty
Package: kvoptions 2020-10-07 v3.14 Key value format for package options (HO)
)
\@linkdim=\dimen195
\Hy@linkcounter=\count300
\Hy@pagecounter=\count301

(/usr/local/texlive/2021/texmf-dist/tex/latex/hyperref/pd1enc.def
File: pd1enc.def 2021-02-27 v7.00k Hyperref: PDFDocEncoding definition (HO)
Now handling font encoding PD1 ...
... no UTF-8 mapping file for font encoding PD1
)
(/usr/local/texlive/2021/texmf-dist/tex/latex/hyperref/hyperref-langpatches.def
File: hyperref-langpatches.def 2021-02-27 v7.00k Hyperref: patches for babel la
nguages
) (/usr/local/texlive/2021/texmf-dist/tex/generic/intcalc/intcalc.sty
Package: intcalc 2019/12/15 v1.3 Expandable calculations with integers (HO)
)
(/usr/local/texlive/2021/texmf-dist/tex/generic/etexcmds/etexcmds.sty
Package: etexcmds 2019/12/15 v1.7 Avoid name clashes with e-TeX commands (HO)
)
\Hy@SavedSpaceFactor=\count302

(/usr/local/texlive/2021/texmf-dist/tex/latex/hyperref/puenc.def
File: puenc.def 2021-02-27 v7.00k Hyperref: PDF Unicode definition (HO)
Now handling font encoding PU ...
... no UTF-8 mapping file for font encoding PU
)
Package hyperref Info: Hyper figures OFF on input line 4192.
Package hyperref Info: Link nesting OFF on input line 4197.
Package hyperref Info: Hyper index ON on input line 4200.
Package hyperref Info: Plain pages OFF on input line 4207.
Package hyperref Info: Backreferencing ON on input line 4210.
Package hyperref Info: Implicit mode ON; LaTeX internals redefined.
Package hyperref Info: Bookmarks ON on input line 4445.

(/usr/local/texlive/2021/texmf-dist/tex/latex/hyperref/backref.sty
Package: backref 2021/02/04 v1.41 Bibliographical back referencing

(/usr/local/texlive/2021/texmf-dist/tex/latex/rerunfilecheck/rerunfilecheck.sty
Package: rerunfilecheck 2019/12/05 v1.9 Rerun checks for auxiliary files (HO)
(/usr/local/texlive/2021/texmf-dist/tex/latex/base/atveryend-ltx.sty
Package: atveryend-ltx 2020/08/19 v1.0a Emulation of the original atvery packag
e
with kernel methods
)
(/usr/local/texlive/2021/texmf-dist/tex/generic/uniquecounter/uniquecounter.sty
Package: uniquecounter 2019/12/15 v1.4 Provide unlimited unique counter (HO)
(/usr/local/texlive/2021/texmf-dist/tex/generic/bigintcalc/bigintcalc.sty
Package: bigintcalc 2019/12/15 v1.5 Expandable calculations on big integers (HO
)
))
Package uniquecounter Info: New unique counter `rerunfilecheck' on input line 2
86.
))
\c@Hy@tempcnt=\count303

(/usr/local/texlive/2021/texmf-dist/tex/latex/url/url.sty
\Urlmuskip=\muskip16
Package: url 2013/09/16  ver 3.4  Verb mode for urls, etc.
)
LaTeX Info: Redefining \url on input line 4804.
\XeTeXLinkMargin=\dimen196

(/usr/local/texlive/2021/texmf-dist/tex/generic/bitset/bitset.sty
Package: bitset 2019/12/09 v1.3 Handle bit-vector datatype (HO)
)
\Fld@menulength=\count304
\Field@Width=\dimen197
\Fld@charsize=\dimen198
Package hyperref Info: Hyper figures OFF on input line 6075.
Package hyperref Info: Link nesting OFF on input line 6080.
Package hyperref Info: Hyper index ON on input line 6083.
Package hyperref Info: backreferencing ON on input line 6088.
Package hyperref Info: Link coloring OFF on input line 6095.
Package hyperref Info: Link coloring with OCG OFF on input line 6100.
Package hyperref Info: PDF/A mode OFF on input line 6105.
LaTeX Info: Redefining \ref on input line 6145.
LaTeX Info: Redefining \pageref on input line 6149.

(/usr/local/texlive/2021/texmf-dist/tex/latex/base/atbegshi-ltx.sty
Package: atbegshi-ltx 2020/08/17 v1.0a Emulation of the original atbegshi packa
ge
with kernel methods
)
\Hy@abspage=\count305
\c@Item=\count306
\c@Hfootnote=\count307
)
Package hyperref Info: Driver: hpdftex.

(/usr/local/texlive/2021/texmf-dist/tex/latex/hyperref/hpdftex.def
File: hpdftex.def 2021-02-27 v7.00k Hyperref driver for pdfTeX
\Fld@listcount=\count308
\c@bookmark@seq@number=\count309
\Hy@SectionHShift=\skip126
)
Package hyperref Info: Option `colorlinks' set `true' on input line 134.
Package hyperref Info: Option `unicode' set `true' on input line 134.

(/usr/local/texlive/2021/texmf-dist/tex/latex/caption/caption.sty
Package: caption 2020/10/26 v3.5g Customizing captions (AR)

(/usr/local/texlive/2021/texmf-dist/tex/latex/caption/caption3.sty
Package: caption3 2020/10/21 v2.2e caption3 kernel (AR)
\captionmargin=\dimen199
\captionmargin@=\dimen256
\captionwidth=\dimen257
\caption@tempdima=\dimen258
\caption@indent=\dimen259
\caption@parindent=\dimen260
\caption@hangindent=\dimen261
Package caption Info: Standard document class detected.
)
\c@caption@flags=\count310
\c@continuedfloat=\count311
Package caption Info: float package is loaded.
Package caption Info: hyperref package is loaded.
Package caption Info: longtable package is loaded.

(/usr/local/texlive/2021/texmf-dist/tex/latex/caption/ltcaption.sty
Package: ltcaption 2020/05/30 v1.4b longtable captions (AR)
))
(/usr/local/texlive/2021/texmf-dist/tex/latex/etoc/etoc.sty
Package: etoc 2020/05/15 v1.09c Completely customisable TOCs (JFB)
\Etoc@toctoks=\toks33
\c@etoc@tocid=\count312
\c@etoc@tocdepth=\count313
\etoc@framed@titlebox=\box114
\etoc@framed@contentsbox=\box115
)
LaTeX Font Info:    Trying to load font information for T1+phv on input line 14
9.

(/usr/local/texlive/2021/texmf-dist/tex/latex/psnfss/t1phv.fd
File: t1phv.fd 2020/03/25 scalable font definitions for T1/phv.
)
LaTeX Font Info:    Font shape `T1/phv/m/n' will be
(Font)              scaled to size 8.99994pt on input line 149.

(/usr/local/texlive/2021/texmf-dist/tex/latex/l3backend/l3backend-pdftex.def
File: l3backend-pdftex.def 2021-03-18 L3 backend support: PDF output (pdfTeX)
\l__color_backend_stack_int=\count314
\l__pdf_internal_box=\box116
)
(./refman.aux

LaTeX Warning: Label `a00886_welcome' multiply defined.


LaTeX Warning: Label `a00886_welcome_basics' multiply defined.


LaTeX Warning: Label `a00886_welcome_more' multiply defined.


LaTeX Warning: Label `a00886_welcome_testtools' multiply defined.


LaTeX Warning: Label `a00886_welcome_supplemental' multiply defined.


LaTeX Warning: Label `a00886_folders' multiply defined.


LaTeX Warning: Label `a00886_contact' multiply defined.


LaTeX Warning: Label `a00886_welcome_licensing' multiply defined.


LaTeX Warning: Label `_' multiply defined.


LaTeX Warning: Label `a00879__compatibility_notes000018' multiply defined.


LaTeX Warning: Label `a00879__compatibility_notes000019' multiply defined.


LaTeX Warning: Label `a00879__compatibility_notes000008' multiply defined.


LaTeX Warning: Label `a00879__compatibility_notes000044' multiply defined.


LaTeX Warning: Label `a00879__compatibility_notes000023' multiply defined.


LaTeX Warning: Label `a00879__compatibility_notes000022' multiply defined.


LaTeX Warning: Label `a00879__compatibility_notes000024' multiply defined.


LaTeX Warning: Label `a00879__compatibility_notes000045' multiply defined.


LaTeX Warning: Label `a00879__compatibility_notes000020' multiply defined.


LaTeX Warning: Label `a00879__compatibility_notes000027' multiply defined.


LaTeX Warning: Label `a00879__compatibility_notes000026' multiply defined.


LaTeX Warning: Label `a00879__compatibility_notes000034' multiply defined.


LaTeX Warning: Label `a00879__compatibility_notes000030' multiply defined.


LaTeX Warning: Label `a00879__compatibility_notes000031' multiply defined.


LaTeX Warning: Label `a00879__compatibility_notes000043' multiply defined.


LaTeX Warning: Label `a00879__compatibility_notes000039' multiply defined.


LaTeX Warning: Label `a00879__compatibility_notes000041' multiply defined.


LaTeX Warning: Label `a00879__compatibility_notes000035' multiply defined.


LaTeX Warning: Label `a00879__compatibility_notes000038' multiply defined.


LaTeX Warning: Label `a00879__compatibility_notes000029' multiply defined.


LaTeX Warning: Label `a00879__compatibility_notes000040' multiply defined.


LaTeX Warning: Label `a00879__compatibility_notes000028' multiply defined.


LaTeX Warning: Label `a00879__compatibility_notes000032' multiply defined.


LaTeX Warning: Label `a00879__compatibility_notes000036' multiply defined.


LaTeX Warning: Label `a00879__compatibility_notes000037' multiply defined.


LaTeX Warning: Label `a00879__compatibility_notes000033' multiply defined.


LaTeX Warning: Label `a00879__compatibility_notes000025' multiply defined.


LaTeX Warning: Label `a00879__compatibility_notes000042' multiply defined.


LaTeX Warning: Label `a00879__compatibility_notes000021' multiply defined.


LaTeX Warning: Label `a00879__compatibility_notes000047' multiply defined.


LaTeX Warning: Label `a00879__compatibility_notes000046' multiply defined.


LaTeX Warning: Label `a00879__compatibility_notes000068' multiply defined.


LaTeX Warning: Label `a00879__compatibility_notes000066' multiply defined.


LaTeX Warning: Label `a00879__compatibility_notes000062' multiply defined.


LaTeX Warning: Label `a00879__compatibility_notes000065' multiply defined.


LaTeX Warning: Label `a00879__compatibility_notes000063' multiply defined.


LaTeX Warning: Label `a00879__compatibility_notes000064' multiply defined.


LaTeX Warning: Label `a00879__compatibility_notes000067' multiply defined.


LaTeX Warning: Label `a00879__compatibility_notes000049' multiply defined.


LaTeX Warning: Label `a00879__compatibility_notes000050' multiply defined.


LaTeX Warning: Label `a00879__compatibility_notes000048' multiply defined.


LaTeX Warning: Label `a00879__compatibility_notes000052' multiply defined.


LaTeX Warning: Label `a00879__compatibility_notes000053' multiply defined.


LaTeX Warning: Label `a00879__compatibility_notes000051' multiply defined.


LaTeX Warning: Label `a00879__compatibility_notes000054' multiply defined.


LaTeX Warning: Label `a00879__compatibility_notes000055' multiply defined.


LaTeX Warning: Label `a00879__compatibility_notes000056' multiply defined.


LaTeX Warning: Label `a00879__compatibility_notes000060' multiply defined.


LaTeX Warning: Label `a00879__compatibility_notes000058' multiply defined.


LaTeX Warning: Label `a00879__compatibility_notes000057' multiply defined.


LaTeX Warning: Label `a00879__compatibility_notes000059' multiply defined.


LaTeX Warning: Label `a00879__compatibility_notes000061' multiply defined.


LaTeX Warning: Label `a00879__compatibility_notes000009' multiply defined.


LaTeX Warning: Label `a00879__compatibility_notes000010' multiply defined.


LaTeX Warning: Label `a00879__compatibility_notes000011' multiply defined.


LaTeX Warning: Label `a00879__compatibility_notes000012' multiply defined.


LaTeX Warning: Label `a00879__compatibility_notes000016' multiply defined.


LaTeX Warning: Label `a00879__compatibility_notes000017' multiply defined.


LaTeX Warning: Label `a00879__compatibility_notes000001' multiply defined.


LaTeX Warning: Label `a00879__compatibility_notes000014' multiply defined.


LaTeX Warning: Label `a00879__compatibility_notes000013' multiply defined.


LaTeX Warning: Label `a00879__compatibility_notes000002' multiply defined.


LaTeX Warning: Label `a00879__compatibility_notes000003' multiply defined.


LaTeX Warning: Label `a00879__compatibility_notes000006' multiply defined.


LaTeX Warning: Label `a00879__compatibility_notes000005' multiply defined.


LaTeX Warning: Label `a00879__compatibility_notes000004' multiply defined.


LaTeX Warning: Label `a00879__compatibility_notes000007' multiply defined.


LaTeX Warning: Label `a00879__compatibility_notes000015' multiply defined.


LaTeX Warning: Label `a00912_displaydelegates_decorators' multiply defined.


LaTeX Warning: Label `a00912_displaydelegates_decorators_implementation' multip
ly defined.


LaTeX Warning: Label `a00912_example' multiply defined.


LaTeX Warning: Label `a02268_AAX_IEffectParameters_relclass' multiply defined.

)
\openout1 = `refman.aux'.

LaTeX Font Info:    Checking defaults for OML/cmm/m/it on input line 149.
LaTeX Font Info:    ... okay on input line 149.
LaTeX Font Info:    Checking defaults for OMS/cmsy/m/n on input line 149.
LaTeX Font Info:    ... okay on input line 149.
LaTeX Font Info:    Checking defaults for OT1/cmr/m/n on input line 149.
LaTeX Font Info:    ... okay on input line 149.
LaTeX Font Info:    Checking defaults for T1/cmr/m/n on input line 149.
LaTeX Font Info:    ... okay on input line 149.
LaTeX Font Info:    Checking defaults for TS1/cmr/m/n on input line 149.
LaTeX Font Info:    ... okay on input line 149.
LaTeX Font Info:    Checking defaults for OMX/cmex/m/n on input line 149.
LaTeX Font Info:    ... okay on input line 149.
LaTeX Font Info:    Checking defaults for U/cmr/m/n on input line 149.
LaTeX Font Info:    ... okay on input line 149.
LaTeX Font Info:    Checking defaults for PD1/pdf/m/n on input line 149.
LaTeX Font Info:    ... okay on input line 149.
LaTeX Font Info:    Checking defaults for PU/pdf/m/n on input line 149.
LaTeX Font Info:    ... okay on input line 149.
 (/usr/local/texlive/2021/texmf-dist/tex/context/base/mkii/supp-pdf.mkii
[Loading MPS to PDF converter (version 2006.09.02).]
\scratchcounter=\count315
\scratchdimen=\dimen262
\scratchbox=\box117
\nofMPsegments=\count316
\nofMParguments=\count317
\everyMPshowfont=\toks34
\MPscratchCnt=\count318
\MPscratchDim=\dimen263
\MPnumerator=\count319
\makeMPintoPDFobject=\count320
\everyMPtoPDFconversion=\toks35
) (/usr/local/texlive/2021/texmf-dist/tex/latex/epstopdf-pkg/epstopdf-base.sty
Package: epstopdf-base 2020-01-24 v2.11 Base part for package epstopdf
Package epstopdf-base Info: Redefining graphics rule for `.eps' on input line 4
85.

(/usr/local/texlive/2021/texmf-dist/tex/latex/latexconfig/epstopdf-sys.cfg
File: epstopdf-sys.cfg 2010/07/13 v1.3 Configuration of (r)epstopdf for TeX Liv
e
))
*geometry* driver: auto-detecting
*geometry* detected driver: pdftex
*geometry* verbose mode - [ preamble ] result:
* driver: pdftex
* paper: a4paper
* layout: <same size as paper>
* layoutoffset:(h,v)=(0.0pt,0.0pt)
* modes: twoside 
* h-part:(L,W,R)=(71.13188pt, 455.24411pt, 71.13188pt)
* v-part:(T,H,B)=(71.13188pt, 702.78308pt, 71.13188pt)
* \paperwidth=597.50787pt
* \paperheight=845.04684pt
* \textwidth=455.24411pt
* \textheight=702.78308pt
* \oddsidemargin=-1.1381pt
* \evensidemargin=-1.1381pt
* \topmargin=-31.2056pt
* \headheight=12.0pt
* \headsep=18.06749pt
* \topskip=10.0pt
* \footskip=25.29494pt
* \marginparwidth=125.0pt
* \marginparsep=7.0pt
* \columnsep=10.0pt
* \skip\footins=9.0pt plus 4.0pt minus 2.0pt
* \hoffset=0.0pt
* \voffset=0.0pt
* \mag=1000
* \@twocolumnfalse
* \@twosidetrue
* \@mparswitchtrue
* \@reversemarginfalse
* (1in=72.27pt=25.4mm, 1cm=28.453pt)

Package hyperref Info: Link coloring ON on input line 149.
(/usr/local/texlive/2021/texmf-dist/tex/latex/hyperref/nameref.sty
Package: nameref 2021-04-02 v2.47 Cross-referencing by name of section

(/usr/local/texlive/2021/texmf-dist/tex/latex/refcount/refcount.sty
Package: refcount 2019/12/15 v3.6 Data extraction from label references (HO)
)
(/usr/local/texlive/2021/texmf-dist/tex/generic/gettitlestring/gettitlestring.s
ty
Package: gettitlestring 2019/12/15 v1.6 Cleanup title references (HO)
)
\c@section@level=\count321
)
LaTeX Info: Redefining \ref on input line 149.
LaTeX Info: Redefining \pageref on input line 149.
LaTeX Info: Redefining \nameref on input line 149.
 (./refman.out) (./refman.out)
\@outlinefile=\write5
\openout5 = `refman.out'.

Package backref Info: ** backref set up for natbib ** on input line 149.
Package caption Info: Begin \AtBeginDocument code.
Package caption Info: End \AtBeginDocument code.
\Etoc@tf=\read4
Package hyperref Info: Option `pageanchor' set `false' on input line 156.
Package hyperref Info: Option `bookmarksnumbered' set `true' on input line 156.

Package hyperref Info: Option `unicode' set `true' on input line 156.
LaTeX Font Info:    Font shape `T1/phv/m/n' will be
(Font)              scaled to size 12.9599pt on input line 161.
LaTeX Font Info:    Font shape `T1/phv/m/n' will be
(Font)              scaled to size 10.79993pt on input line 161.
LaTeX Font Info:    Font shape `T1/phv/m/n' will be
(Font)              scaled to size 6.29996pt on input line 161.
LaTeX Font Info:    Trying to load font information for U+msa on input line 161
.

(/usr/local/texlive/2021/texmf-dist/tex/latex/amsfonts/umsa.fd
File: umsa.fd 2013/01/14 v3.01 AMS symbols A
)
LaTeX Font Info:    Trying to load font information for U+msb on input line 161
.

(/usr/local/texlive/2021/texmf-dist/tex/latex/amsfonts/umsb.fd
File: umsb.fd 2013/01/14 v3.01 AMS symbols B
)
LaTeX Font Info:    Trying to load font information for U+wasy on input line 16
1.

(/usr/local/texlive/2021/texmf-dist/tex/latex/wasysym/uwasy.fd
File: uwasy.fd 2020/01/19 v2.4 Wasy-2 symbol font definitions
) [1


{/usr/local/texlive/2021/texmf-var/fonts/map/pdftex/updmap/pdftex.map}] [2

]
\tf@toc=\write6
\openout6 = `refman.toc'.

LaTeX Font Info:    Font shape `T1/phv/b/n' will be
(Font)              scaled to size 8.99994pt on input line 169.
LaTeX Font Info:    Font shape `T1/phv/b/n' will be
(Font)              scaled to size 6.29996pt on input line 169.
 [1]
LaTeX Font Info:    Trying to load font information for TS1+phv on input line 1
69.

(/usr/local/texlive/2021/texmf-dist/tex/latex/psnfss/ts1phv.fd
File: ts1phv.fd 2020/03/25 scalable font definitions for TS1/phv.
)
LaTeX Font Info:    Font shape `TS1/phv/m/n' will be
(Font)              scaled to size 8.99994pt on input line 169.
 [2] [3]
[4] [5] [6] [7] [8] [9] [10] [11] [12] [13] [14] [15] [16] [17] [18] [19]
LaTeX Font Info:    Font shape `T1/phv/m/n' will be
(Font)              scaled to size 7.19995pt on input line 169.
LaTeX Font Info:    Trying to load font information for T1+pcr on input line 16
9.

(/usr/local/texlive/2021/texmf-dist/tex/latex/psnfss/t1pcr.fd
File: t1pcr.fd 2001/06/04 font definitions for T1/pcr.
) [20] [21]
[22] [23] [24] [25] [26] [27] [28] [29] [30] [31] [32] [33] [34] [35] [36]
[37] [38] [39] [40] [41] [42] [43] [44] [45] [46] [47] [48] [49] [50] [51]
[52] [53] [54] [55] [56] [57] [58] [59] [60] [61] [62] [63] [64] [65] [66]
[67] [68] [69] [70] [71] [72] [73] [74] [75] [76] [77] [78] [79] [80] [81]
[82] [83] [84] [85] [86] [87] [88] [89] [90] [91] [92] [93] [94] [95] [96]
[97] [98]
Package hyperref Info: Option `pageanchor' set `true' on input line 171.

Chapter 1.
LaTeX Font Info:    Font shape `T1/phv/m/n' will be
(Font)              scaled to size 18.66588pt on input line 174.
LaTeX Font Info:    Font shape `T1/phv/b/n' will be
(Font)              scaled to size 18.66588pt on input line 174.
LaTeX Font Info:    Font shape `T1/phv/bc/n' will be
(Font)              scaled to size 18.66588pt on input line 174.
LaTeX Font Info:    Font shape `T1/phv/m/n' will be
(Font)              scaled to size 22.39185pt on input line 174.
LaTeX Font Info:    Font shape `T1/phv/b/n' will be
(Font)              scaled to size 22.39185pt on input line 174.
LaTeX Font Info:    Font shape `T1/phv/bc/n' will be
(Font)              scaled to size 22.39185pt on input line 174.
(./index.tex
LaTeX Font Info:    Font shape `T1/phv/b/n' will be
(Font)              scaled to size 12.9599pt on input line 1.
LaTeX Font Info:    Font shape `T1/phv/m/it' in size <10> not available
(Font)              Font shape `T1/phv/m/sl' tried instead on input line 2.
LaTeX Font Info:    Font shape `T1/phv/m/sl' will be
(Font)              scaled to size 8.99994pt on input line 2.
LaTeX Font Info:    Font shape `T1/phv/m/it' in size <7> not available
(Font)              Font shape `T1/phv/m/sl' tried instead on input line 2.
LaTeX Font Info:    Font shape `T1/phv/m/sl' will be
(Font)              scaled to size 6.29996pt on input line 2.
LaTeX Font Info:    Font shape `T1/phv/bc/n' will be
(Font)              scaled to size 8.99994pt on input line 4.

Underfull \hbox (badness 10000) detected at line 4
[][][]
 []

LaTeX Font Info:    Font shape `T1/phv/b/n' will be
(Font)              scaled to size 10.79993pt on input line 7.
[1


]
Underfull \hbox (badness 10000) in paragraph at lines 23--25

 []


Underfull \hbox (badness 10000) detected at line 26
[][][]
 []

LaTeX Font Info:    Font shape `T1/phv/bc/n' will be
(Font)              scaled to size 6.29996pt on input line 29.

Underfull \hbox (badness 10000) detected at line 29
[][][]
 []


Underfull \hbox (badness 10000) detected at line 32
[][][]
 []


Underfull \hbox (badness 10000) detected at line 35
[][][]
 []


Underfull \hbox (badness 10000) detected at line 38
[][][]
 []

[2]
Underfull \hbox (badness 10000) detected at line 41
[][][]
 []


Underfull \hbox (badness 10000) detected at line 44
[][][]
 []


Underfull \hbox (badness 10000) in paragraph at lines 47--49

 []

) [3] [4

]
Chapter 2.
(./a00878.tex [5]
Underfull \hbox (badness 3525) in paragraph at lines 72--72
[]\T1/phv/b/n/10 Member [] (AAX[]_[][]CParam[]ID i[]Parameter[]ID, AAX[]_[][]
 []


Underfull \hbox (badness 10000) in paragraph at lines 75--75
[]\T1/phv/b/n/10 Member [] (AAX[]_[][]CParam[]ID i[]Parameter[]ID, AAX[]_[][]
 []


Underfull \hbox (badness 4156) in paragraph at lines 91--91
[]\T1/phv/b/n/10 Member [] (AAX[]_[][]CParam[]ID i[]Parameter[]ID,
 []


Underfull \hbox (badness 10000) in paragraph at lines 103--103
[]\T1/phv/b/n/10 Member [] (AAX[]_[][]CField[]Index in[]Field[]Index,
 []


Underfull \hbox (badness 10000) in paragraph at lines 109--109
[]\T1/phv/b/n/10 Member [] (AAX[]_[][]CProcess[]Proc in[]Process[]Proc,
 []


Underfull \hbox (badness 2119) in paragraph at lines 109--109
[] $\OMS/cmsy/m/n/10 ^^C$\T1/phv/b/n/10 in[]Properties=NULL, AAX[]_[][]CInstanc
e[]Init[]Proc in[]Instance[]Init[]Proc=NULL, AAX[]_[][]
 []

[6]
Underfull \hbox (badness 5161) in paragraph at lines 112--112
[]\T1/phv/b/n/10 Member [] (const char in[]DLLFile[]Name[]UTF8[][], const
 []


Underfull \hbox (badness 3364) in paragraph at lines 112--112
\T1/phv/b/n/10 char in[]Process[]Proc[]Symbol[][], [] $\OMS/cmsy/m/n/10 ^^C$\T1
/phv/b/n/10 in[]Properties, const char in[]Instance[]Init[]Proc[]
 []


Underfull \hbox (badness 4366) in paragraph at lines 115--115
[]\T1/phv/b/n/10 Member [] (AAX[]_[][]EProperty in[]Which[]Cycle[]Count, AAX[]_
[][]CProperty[]Value
 []


Underfull \hbox (badness 927) in paragraph at lines 118--118
[]\T1/phv/b/n/10 Member [] (AAX[]_[][]EProperty $\OMS/cmsy/m/n/10 ^^C$\T1/phv/b
/n/10 in[]Which[]Cycle[]Counts, AAX[]_[][]CProperty[]Value
 []


Underfull \hbox (badness 5592) in paragraph at lines 127--127
[]\T1/phv/b/n/10 Member [] ([] &in[]Taper[]Delegate, bool in[]
 []

) [7] [8

]
Chapter 3.
(./a00879.tex [9] [10]
Underfull \hbox (badness 2119) in paragraph at lines 135--135
[]\T1/phv/b/n/10 Member [] (AAX[]_[][]CType[]ID i[]Curve[]Type, const float $\O
MS/cmsy/m/n/10 ^^C$\T1/phv/b/n/10 i[]Values,
 []


Underfull \hbox (badness 10000) in paragraph at lines 138--138
[]\T1/phv/b/n/10 Member [] (AAX[]_[][]CParam[]ID i[]Parameter[]ID,
 []


Underfull \hbox (badness 905) in paragraph at lines 141--141
[]\T1/phv/b/n/10 Member [] (AAX[]_[][]CField[]Index in[]Field[]Index, int32[]_[
]t in[]
 []

[11] [12]) [13] [14

]
Chapter 4.
(./a00880.tex [15] [16]
Underfull \hbox (badness 3525) in paragraph at lines 154--154
[]\T1/phv/b/n/10 Member [] (AAX[]_[][]CParam[]ID i[]Parameter[]ID, AAX[]_[][]
 []

[17]
Underfull \hbox (badness 10000) in paragraph at lines 177--182

 []


Underfull \hbox (badness 10000) in paragraph at lines 177--182

 []


Underfull \hbox (badness 10000) in paragraph at lines 183--184

 []


Underfull \hbox (badness 10000) in paragraph at lines 185--186

 []

) [18]
Chapter 5.
(./a00881.tex
Underfull \hbox (badness 10000) in paragraph at lines 6--6

 []


Underfull \hbox (badness 10000) in paragraph at lines 13--13

 []


Underfull \hbox (badness 10000) in paragraph at lines 16--16

 []


Underfull \hbox (badness 10000) in paragraph at lines 31--31

 []


Underfull \hbox (badness 10000) in paragraph at lines 34--34

 []


Underfull \hbox (badness 10000) in paragraph at lines 37--37

 []


Underfull \hbox (badness 10000) in paragraph at lines 40--40

 []


Underfull \hbox (badness 10000) in paragraph at lines 43--43

 []

[19

]) [20]
Chapter 6.
(./a00882.tex
Underfull \hbox (badness 10000) in paragraph at lines 6--6

 []

) [21

] [22

]
Chapter 7.
(./modules.tex [23]) [24]
Chapter 8.
(./namespaces.tex) [25

] [26

]
Chapter 9.
(./hierarchy.tex [27] [28] [29]) [30]
Chapter 10.
(./annotated.tex [31

] [32] [33] [34] [35] [36]) [37] [38

]
Chapter 11.
(./files.tex [39] [40] [41] [42] [43] [44]) [45] [46

]
Chapter 12.
(./a00886.texpdfTeX warning (ext4): destination with the same identifier (name{
a00886_welcome}) has been already used, duplicate ignored
<to be read again> 
                   \relax 
l.6 \hypertarget{a00886_welcome}{}
                                  \doxysubsection{Welcome to AAX}\label{a008...

Underfull \hbox (badness 10000) detected at line 9
[][][]
 []

pdfTeX warning (ext4): destination with the same identifier (name{a00886_welcom
e_basics}) has been already used, duplicate ignored
<to be read again> 
                   \relax 
l.12 \hypertarget{a00886_welcome_basics}{}
                                          \doxysubsubsection{The Basics}\lab...
pdfTeX warning (ext4): destination with the same identifier (name{a00886_welcom
e_more}) has been already used, duplicate ignored
<to be read again> 
                   \relax 
l.17 \hypertarget{a00886_welcome_more}{}
                                        \doxysubsubsection{More Topics}\labe...
[47]pdfTeX warning (ext4): destination with the same identifier (name{a00886_we
lcome_testtools}) has been already used, duplicate ignored
<to be read again> 
                   \relax 
l.22 \hypertarget{a00886_welcome_testtools}{}
                                             \doxysubsubsection{Test Tools \...
pdfTeX warning (ext4): destination with the same identifier (name{a00886_welcom
e_supplemental}) has been already used, duplicate ignored
<to be read again> 
                   \relax 
l.25 \hypertarget{a00886_welcome_supplemental}{}
                                                \doxysubsubsection{Supplemen...
pdfTeX warning (ext4): destination with the same identifier (name{a00886_folder
s}) has been already used, duplicate ignored
<to be read again> 
                   \relax 
l.30 \hypertarget{a00886_folders}{}
                                   \doxysubsection{SDK Folder Hierarchy}\lab...

Underfull \hbox (badness 10000) in paragraph at lines 28--30

 []


Underfull \hbox (badness 10000) in paragraph at lines 28--30

 []


Underfull \hbox (badness 10000) detected at line 31
[][][]
 []


Underfull \hbox (badness 10000) detected at line 34
[][][]
 []


Underfull \hbox (badness 10000) detected at line 37
[][][]
 []


Underfull \hbox (badness 10000) detected at line 40
[][][]
 []


Underfull \hbox (badness 10000) detected at line 43
[][][]
 []

[48]
Underfull \hbox (badness 10000) detected at line 46
[][][]
 []


Underfull \hbox (badness 10000) detected at line 49
[][][]
 []

pdfTeX warning (ext4): destination with the same identifier (name{a00886_contac
t}) has been already used, duplicate ignored
<to be read again> 
                   \relax 
l.54 \hypertarget{a00886_contact}{}
                                   \doxysubsection{Contacting Avid}\label{a0...

Underfull \hbox (badness 10000) in paragraph at lines 52--54

 []


Underfull \hbox (badness 10000) in paragraph at lines 52--54

 []

pdfTeX warning (ext4): destination with the same identifier (name{a00886_welcom
e_licensing}) has been already used, duplicate ignored
<to be read again> 
                   \relax 
l.67  \hypertarget{a00886_welcome_licensing}{}
                                              \doxysubsection{Licensing}\lab...
LaTeX Font Info:    Font shape `T1/phv/m/n' will be
(Font)              scaled to size 8.09995pt on input line 74.
LaTeX Font Info:    Font shape `T1/phv/m/it' in size <9> not available
(Font)              Font shape `T1/phv/m/sl' tried instead on input line 74.
LaTeX Font Info:    Font shape `T1/phv/m/sl' will be
(Font)              scaled to size 8.09995pt on input line 74.
[49]) (./a00887.tex [50] [51] [52]
Underfull \hbox (badness 10000) detected at line 118
[][][]
 []


Underfull \hbox (badness 10000) detected at line 130
[][][]
 []


Underfull \hbox (badness 10000) detected at line 140
[][][]
 []

[53]
Underfull \hbox (badness 10000) detected at line 150
[][][]
 []


Underfull \hbox (badness 10000) detected at line 161
[][][]
 []

[54]
Underfull \hbox (badness 1184) in paragraph at lines 199--200
[]\T1/phv/m/n/10 After cre-at-ing the pa-ram-e-ter ob-jects, a se-ries of pack-
ets are reg-is-tered with the host via the in-her-ited
 []

LaTeX Font Info:    Font shape `TS1/phv/b/n' will be
(Font)              scaled to size 8.99994pt on input line 218.
[55] [56] [57]
Underfull \hbox (badness 10000) detected at line 341
[][][]
 []

) (./a00888.tex

pdfTeX warning: pdflatex (file ./dot_maininterface.pdf): PDF inclusion: found P
DF version <1.7>, but at most version <1.5> allowed
 <./dot_maininterface.pdf

pdfTeX warning: pdflatex (file ./dot_maininterface.pdf): PDF inclusion: multipl
e pdfs with page group included in a single page
>
<dot_maininterface.pdf, id=23566, 772.8875pt x 319.1925pt>
File: dot_maininterface.pdf Graphic file (type pdf)
<use dot_maininterface.pdf>
Package pdftex.def Info: dot_maininterface.pdf  used on input line 10.
(pdftex.def)             Requested size: 455.2449pt x 188.01022pt.

Underfull \hbox (badness 10000) detected at line 17
[][][]
 []

[58]
LaTeX Font Info:    Font shape `TS1/phv/m/it' in size <9> not available
(Font)              Font shape `TS1/phv/m/sl' tried instead on input line 26.
LaTeX Font Info:    Font shape `TS1/phv/m/sl' will be
(Font)              scaled to size 8.09995pt on input line 26.
) (./a00889.tex

pdfTeX warning: pdflatex (file ./dot_aax_desc_interfaces.pdf): PDF inclusion: f
ound PDF version <1.7>, but at most version <1.5> allowed
 <./dot_aax_desc_interfaces.pdf>
<dot_aax_desc_interfaces.pdf, id=23618, 631.35875pt x 359.3425pt>
File: dot_aax_desc_interfaces.pdf Graphic file (type pdf)
<use dot_aax_desc_interfaces.pdf>
Package pdftex.def Info: dot_aax_desc_interfaces.pdf  used on input line 14.
(pdftex.def)             Requested size: 455.25232pt x 259.11021pt.
 [59] [60]
Underfull \hbox (badness 10000) detected at line 71
[][][]
 []

[61] [62]
Underfull \hbox (badness 2662) in paragraph at lines 273--274
\T1/phv/m/n/10 AAX in-cludes some mech-a-nisms for de-tect-ing fea-ture sup-por
t in the host dur-ing De-scribe, such as
 []

[63]
Underfull \hbox (badness 10000) detected at line 275
[][][]
 []

[64]
Underfull \hbox (badness 10000) detected at line 382
[][][]
 []

[65] [66]
Overfull \hbox (163.95628pt too wide) in paragraph at lines 488--488
[]\T1/pcr/m/n/8 13033.502662,00307,0073: ERROR: PlugInID property is missing fo
r a ProcessProc (process, initialization, or background function).[] 
 []


Overfull \hbox (365.55641pt too wide) in paragraph at lines 489--489
[]\T1/pcr/m/n/8 13033.502734,00307,0e0f: CMN_TRACEASSERT  Sandbox.aaxplugin con
figuration contains 2 errors. See the DigiTrace log or run the AAX Validator fo
r more info. (0 == numErrors)[] 
 []


Underfull \hbox (badness 10000) detected at line 499
[][][]
 []

LaTeX Font Info:    Font shape `T1/pcr/m/it' in size <8> not available
(Font)              Font shape `T1/pcr/m/sl' tried instead on input line 529.
LaTeX Font Info:    Font shape `T1/pcr/m/it' in size <7> not available
(Font)              Font shape `T1/pcr/m/sl' tried instead on input line 529.
[67]) (./a00890.tex [68]

pdfTeX warning: pdflatex (file ./dot_aax_alg_context.pdf): PDF inclusion: found
 PDF version <1.7>, but at most version <1.5> allowed
 <./dot_aax_alg_context.pdf

pdfTeX warning: pdflatex (file ./dot_aax_alg_context.pdf): PDF inclusion: multi
ple pdfs with page group included in a single page
>
<dot_aax_alg_context.pdf, id=23952, 338.26375pt x 628.3475pt>
File: dot_aax_alg_context.pdf Graphic file (type pdf)
<use dot_aax_alg_context.pdf>
Package pdftex.def Info: dot_aax_alg_context.pdf  used on input line 30.
(pdftex.def)             Requested size: 189.16316pt x 351.38322pt.
 [69]
Underfull \hbox (badness 2197) in paragraph at lines 64--65
[]\T1/phv/m/n/10 If per-sis-tent mem-ory is re-quired, al-go-rithms can reg-is-
ter for block(s) of per-sis-tent state date via the
 []

[70]
Underfull \hbox (badness 10000) detected at line 106
[][][]
 []


Underfull \hbox (badness 10000) detected at line 120
[][][]
 []


Underfull \hbox (badness 10000) detected at line 128
[][][]
 []

[71]
Underfull \hbox (badness 918) in paragraph at lines 142--143
\T1/phv/m/n/10 Private data ports are reg-is-tered dur-ing De-scribe via []. Th
is
 []


Underfull \hbox (badness 10000) detected at line 147
[][][]
 []

[72] [73]) (./a00891.tex [74]
Underfull \hbox (badness 10000) detected at line 20
[][][]
 []



pdfTeX warning: pdflatex (file ./dot_aax_ieffectparams_related.pdf): PDF inclus
ion: found PDF version <1.7>, but at most version <1.5> allowed
 <./dot_aax_ieffectparams_related.pdf

pdfTeX warning: pdflatex (file ./dot_aax_ieffectparams_related.pdf): PDF inclus
ion: multiple pdfs with page group included in a single page
>
<dot_aax_ieffectparams_related.pdf, id=24101, 469.755pt x 263.98625pt>
File: dot_aax_ieffectparams_related.pdf Graphic file (type pdf)
<use dot_aax_ieffectparams_related.pdf>
Package pdftex.def Info: dot_aax_ieffectparams_related.pdf  used on input line 
30.
(pdftex.def)             Requested size: 455.24608pt x 255.83272pt.
 [75]

pdfTeX warning: pdflatex (file ./dot_aax_ieffectparams_contained.pdf): PDF incl
usion: found PDF version <1.7>, but at most version <1.5> allowed
 <./dot_aax_ieffectparams_contained.pdf

pdfTeX warning: pdflatex (file ./dot_aax_ieffectparams_contained.pdf): PDF incl
usion: multiple pdfs with page group included in a single page
>
<dot_aax_ieffectparams_contained.pdf, id=24118, 536.0025pt x 172.645pt>
File: dot_aax_ieffectparams_contained.pdf Graphic file (type pdf)
<use dot_aax_ieffectparams_contained.pdf>
Package pdftex.def Info: dot_aax_ieffectparams_contained.pdf  used on input lin
e 35.
(pdftex.def)             Requested size: 455.24442pt x 146.63301pt.
) (./a00892.tex [76]
Underfull \hbox (badness 10000) detected at line 12
[][][]
 []

[77]) (./a00893.tex
Underfull \hbox (badness 10000) detected at line 10
[][][]
 []


Underfull \hbox (badness 10000) detected at line 15
[][][]
 []


Underfull \hbox (badness 10000) detected at line 20
[][][]
 []

) (./a00894.tex [78]
Overfull \hbox (21.39607pt too wide) in paragraph at lines 39--39
\T1/phv/m/n/10 The [] and [] in-ter-faces in-clude [] meth-ods. These meth-ods 
used for []
 []

[79]) (./a00895.tex [80]
LaTeX Font Info:    Font shape `TS1/phv/m/it' in size <10> not available
(Font)              Font shape `TS1/phv/m/sl' tried instead on input line 16.
LaTeX Font Info:    Font shape `TS1/phv/m/sl' will be
(Font)              scaled to size 8.99994pt on input line 16.

Overfull \hbox (32.41478pt too wide) in paragraph at lines 44--45
[]\T1/phv/m/sl/10 This di-rec-tory in-cludes built-in plug-in pre-sets. For mor
e in-for-ma-tion, see []
 []

LaTeX Font Info:    Font shape `T1/pcr/m/it' in size <10> not available
(Font)              Font shape `T1/pcr/m/sl' tried instead on input line 50.
[81]
Underfull \hbox (badness 10000) detected at line 77
[][][]
 []

) (./a00896.tex [82]) (./a00897.tex [83]
Underfull \hbox (badness 10000) detected at line 38
[][][]
 []

) (./a00898.tex [84]) (./a00899.tex [85] [86]) (./a00900.tex
Overfull \hbox (55.65318pt too wide) in paragraph at lines 17--18
[]\T1/phv/m/n/10 , the con-crete im-ple-men-ta-tion of [], con-sists of a []
 []

[87]
Underfull \hbox (badness 10000) detected at line 25
[][][]
 []

) (./a00901.tex [88]
Overfull \hbox (61.25703pt too wide) in paragraph at lines 31--32
[]\T1/phv/m/n/10 To sup-port Dy-nam-ics curve data dis-plays, a plug-in must al
so sup-port []
 []


Overfull \hbox (93.90936pt too wide) in paragraph at lines 36--37
[]\T1/phv/m/n/10 In or-der to present a bouncing-ball me-ter-ing dis-play, Dy-n
am-ics plug-ins must also sup-port []
 []

[89]
Overfull \hbox (82.35623pt too wide) in paragraph at lines 80--80
[]\T1/pcr/m/n/8 View the list of effects in your plug-in and determine which ef
fect you want to test, if there are more than one[] 
 []


Overfull \hbox (63.15622pt too wide) in paragraph at lines 81--81
[]\T1/pcr/m/n/8 dsh> instantiateforcontext {plugin: 0, effect: 0, plat: native,
 in: mono, out: mono, rate: 48000, alg: true}[] 
 []


Overfull \hbox (19.95619pt too wide) in paragraph at lines 82--82
[]\T1/pcr/m/n/8 Use whatever context parameterization is appropriate for the pl
ug-in configuration you want to test[] 
 []


Overfull \hbox (259.95634pt too wide) in paragraph at lines 85--85
[]\T1/pcr/m/n/8 You can edit the instance's parameter values within DSH using t
he "setparameter" command to see the effects of various parameter changes on th
e curve[] 
 []

[90]
Underfull \hbox (badness 1270) in paragraph at lines 152--153
[]\T1/phv/m/n/10 virtual [] [] ([] i[]Curve[]Type,
 []


Underfull \hbox (badness 10000) detected at line 169
[][][]
 []


Underfull \hbox (badness 10000) detected at line 172
[][][]
 []

[91]
Underfull \hbox (badness 10000) detected at line 222
[][][]
 []


Underfull \hbox (badness 10000) detected at line 226
[][][]
 []


Underfull \hbox (badness 2096) in paragraph at lines 230--230
[]\T1/phv/m/n/10 Versions of S6 soft-ware which sup-port the []
 []


Underfull \hbox (badness 10000) detected at line 234
[][][]
 []

[92]
Underfull \hbox (badness 10000) detected at line 248
[][][]
 []


Underfull \hbox (badness 10000) detected at line 276
[][][]
 []

[93]
Underfull \hbox (badness 10000) detected at line 308
[][][]
 []

) (./a00902.tex
Underfull \hbox (badness 10000) detected at line 15
[][][]
 []

[94]
Underfull \hbox (badness 10000) detected at line 32
[][][]
 []

[95]
Underfull \hbox (badness 10000) detected at line 66
[][][]
 []


Underfull \hbox (badness 10000) detected at line 85
[][][]
 []

[96]) (./a00903.tex [97]
Underfull \hbox (badness 3439) in paragraph at lines 30--30
\T1/phv/m/n/10 These val-ues are in-de-pen-dent of [][]: an in-put or out-put m
e-ter that is ori-ented with
 []

) (./a00904.tex [98] [99]
Overfull \hbox (99.31664pt too wide) in paragraph at lines 63--64
[]\T1/phv/m/n/10 If MIDI data is needed in the plug-in\TS1/phv/m/n/10 '\T1/phv/
m/n/10 s data model only, plug-in should de-scribe MIDI node with []. 
 []


Underfull \hbox (badness 10000) detected at line 87
[][][]
 []

[100]
Underfull \hbox (badness 1642) in paragraph at lines 146--147
\T1/phv/m/n/10 A plug-in may ac-cess MIDI data in its data model via the []
 []


Underfull \hbox (badness 5119) in paragraph at lines 146--147
\T1/phv/m/n/10 or [] meth-ods. Both of these meth-ods pro-vide an
 []


Underfull \hbox (badness 10000) detected at line 173
[][][]
 []

) (./a00905.tex [101]
Overfull \hbox (20.61491pt too wide) in paragraph at lines 16--17
[]\T1/phv/m/n/10 To add this in-ter-face to your plug-in at de-scribe time, reg
-is-ter a [] us-ing the []
 []


Underfull \hbox (badness 10000) detected at line 18
[][][]
 []

) (./a00906.tex [102]) (./a00907.tex [103]) (./a00908.tex [104]
Underfull \hbox (badness 1552) in paragraph at lines 25--25
\T1/phv/m/n/10 ob-ject at ini-tial-iza-tion. In or-der to trans-fer data be-twe
en a plug-in\TS1/phv/m/n/10 '\T1/phv/m/n/10 s [] ob-ject and
 []


Underfull \hbox (badness 954) in paragraph at lines 25--25
\T1/phv/m/n/10 its other ob-jects, ded-i-cated cus-tom data meth-ods in those o
b-jects\TS1/phv/m/n/10 ' \T1/phv/m/n/10 in-ter-faces should be used. For ex-
 []


Underfull \hbox (badness 1286) in paragraph at lines 25--25
\T1/phv/m/n/10 am-ple, to com-mu-ni-cate with the plug-in\TS1/phv/m/n/10 '\T1/p
hv/m/n/10 s data model, use [] and
 []

[105]) (./a00909.tex) (./a00910.tex

pdfTeX warning: pdflatex (file ./dot_aax_cparammgr_contained.pdf): PDF inclusio
n: found PDF version <1.7>, but at most version <1.5> allowed
 <./dot_aax_cparammgr_contained.pdf

pdfTeX warning: pdflatex (file ./dot_aax_cparammgr_contained.pdf): PDF inclusio
n: multiple pdfs with page group included in a single page
>
<dot_aax_cparammgr_contained.pdf, id=24782, 507.8975pt x 256.96pt>
File: dot_aax_cparammgr_contained.pdf Graphic file (type pdf)
<use dot_aax_cparammgr_contained.pdf>
Package pdftex.def Info: dot_aax_cparammgr_contained.pdf  used on input line 10
.
(pdftex.def)             Requested size: 455.25906pt x 230.32867pt.
 [106]
Underfull \hbox (badness 10000) detected at line 24
[][][]
 []


Underfull \hbox (badness 10000) detected at line 27
[][][]
 []


Underfull \hbox (badness 10000) detected at line 32
[][][]
 []

[107]) (./a00911.tex [108]) (./a00912.tex [109] [110]) (./a00913.tex)
(./a00914.tex [111]) (./a00915.tex) (./a00916.tex
Underfull \hbox (badness 10000) detected at line 9
[][][]
 []

[112]
LaTeX Font Info:    Trying to load font information for TS1+pcr on input line 4
6.
 (/usr/local/texlive/2021/texmf-dist/tex/latex/psnfss/ts1pcr.fd
File: ts1pcr.fd 2001/06/04 font definitions for TS1/pcr.
))
(./a00917.tex [113]
LaTeX Font Info:    Font shape `T1/phv/b/it' in size <10> not available
(Font)              Font shape `T1/phv/b/sl' tried instead on input line 9.
LaTeX Font Info:    Font shape `T1/phv/b/sl' will be
(Font)              scaled to size 8.99994pt on input line 9.

Underfull \hbox (badness 2189) in paragraph at lines 14--14
[][] \T1/phv/m/n/10 and the \T1/pcr/m/n/10 automatable \T1/phv/m/n/10 pa-ram-e-
ter in the
 []



pdfTeX warning: pdflatex (file ./dot_aax_automation_components.pdf): PDF inclus
ion: found PDF version <1.7>, but at most version <1.5> allowed
 <./dot_aax_automation_components.pdf

pdfTeX warning: pdflatex (file ./dot_aax_automation_components.pdf): PDF inclus
ion: multiple pdfs with page group included in a single page
>
<dot_aax_automation_components.pdf, id=24965, 747.79375pt x 543.02875pt>
File: dot_aax_automation_components.pdf Graphic file (type pdf)
<use dot_aax_automation_components.pdf>
Package pdftex.def Info: dot_aax_automation_components.pdf  used on input line 
20.
(pdftex.def)             Requested size: 455.24069pt x 330.58417pt.
 [114]
Underfull \hbox (badness 4403) in paragraph at lines 29--29
[]\T1/phv/m/n/10 It must re-spond to all pa-ram-e-ter meth-ods in the [] in-ter
-face, par-tic-u-larly
 []


Underfull \hbox (badness 1231) in paragraph at lines 29--29
[]\T1/phv/m/n/10 It must in-clude the pa-ram-e-ter in its one-parameter-per-pag
e \TS1/pcr/m/n/10 '\T1/pcr/m/n/10 Pg[]TL\TS1/pcr/m/n/10 ' \T1/phv/m/n/10 (de-fa
ult) page ta-bles. See
 []

[115]) (./a00918.tex) (./a00919.tex [116]
Underfull \hbox (badness 10000) detected at line 19
[][][]
 []


Underfull \hbox (badness 981) in paragraph at lines 20--21
\T1/phv/m/n/10 data model state, then calls [] to trig-ger the gen-er-a-tion of
 new pack-ets. See
 []


Underfull \hbox (badness 10000) detected at line 26
[][][]
 []


Overfull \hbox (33.58774pt too wide) in paragraph at lines 29--30
[]\T1/phv/m/n/10 Because the host may di-vide na-tive pro-cess-ing buffers down
 to a min-i-mum size of []
 []

[117]
Underfull \hbox (badness 10000) detected at line 33
[][][]
 []


Underfull \hbox (badness 10000) detected at line 46
[][][]
 []


Underfull \hbox (badness 5274) in paragraph at lines 47--48
[]\T1/phv/m/n/10 Monolithic plug-ins must al-ways set the [] prop-erty to in-cl
ude
 []

[118] [119] [120]
Underfull \hbox (badness 10000) detected at line 180
[][][]
 []

[121]
Overfull \hbox (54.84811pt too wide) in paragraph at lines 198--199
[]\T1/phv/m/n/10 In [], call [] and [] 
 []

[122]) (./a00920.tex [123]
Underfull \hbox (badness 1565) in paragraph at lines 33--34
[]\T1/phv/m/n/10 However, AAX plug-ins will rarely need to call these meth-ods 
di-rectly since the [] and
 []



pdfTeX warning: pdflatex (file ./dot_aax_parameter_entities_touch_handled.pdf):
 PDF inclusion: found PDF version <1.7>, but at most version <1.5> allowed
 <./dot_aax_parameter_entities_touch_handled.pdf

pdfTeX warning: pdflatex (file ./dot_aax_parameter_entities_touch_handled.pdf):
 PDF inclusion: multiple pdfs with page group included in a single page
>
<dot_aax_parameter_entities_touch_handled.pdf, id=25212, 556.0775pt x 335.2525p
t>
File: dot_aax_parameter_entities_touch_handled.pdf Graphic file (type pdf)
<use dot_aax_parameter_entities_touch_handled.pdf>
Package pdftex.def Info: dot_aax_parameter_entities_touch_handled.pdf  used on 
input line 51.
(pdftex.def)             Requested size: 455.2483pt x 274.46378pt.
 [124]

pdfTeX warning: pdflatex (file ./dot_aax_parameter_entities_update.pdf): PDF in
clusion: found PDF version <1.7>, but at most version <1.5> allowed
 <./dot_aax_parameter_entities_update.pdf>
<dot_aax_parameter_entities_update.pdf, id=25282, 556.0775pt x 360.34625pt>
File: dot_aax_parameter_entities_update.pdf Graphic file (type pdf)
<use dot_aax_parameter_entities_update.pdf>
Package pdftex.def Info: dot_aax_parameter_entities_update.pdf  used on input l
ine 103.
(pdftex.def)             Requested size: 455.2483pt x 295.00746pt.


pdfTeX warning: pdflatex (file ./dot_aax_parameter_entities_curvalue.pdf): PDF 
inclusion: found PDF version <1.7>, but at most version <1.5> allowed
 <./dot_aax_parameter_entities_curvalue.pdf

pdfTeX warning: pdflatex (file ./dot_aax_parameter_entities_curvalue.pdf): PDF 
inclusion: multiple pdfs with page group included in a single page
>
<dot_aax_parameter_entities_curvalue.pdf, id=25326, 580.1675pt x 319.1925pt>
File: dot_aax_parameter_entities_curvalue.pdf Graphic file (type pdf)
<use dot_aax_parameter_entities_curvalue.pdf>
Package pdftex.def Info: dot_aax_parameter_entities_curvalue.pdf  used on input
 line 125.
(pdftex.def)             Requested size: 455.24657pt x 250.46437pt.
 [125] [126]) (./a00921.tex
Underfull \hbox (badness 10000) detected at line 8
[][][]
 []

 <./msc_AAX_ParameterUpdate_GUI_HighLevel.pdf>
<msc_AAX_ParameterUpdate_GUI_HighLevel.pdf, id=25410, 421.575pt x 712.6625pt>
File: msc_AAX_ParameterUpdate_GUI_HighLevel.pdf Graphic file (type pdf)
<use msc_AAX_ParameterUpdate_GUI_HighLevel.pdf>
Package pdftex.def Info: msc_AAX_ParameterUpdate_GUI_HighLevel.pdf  used on inp
ut line 21.
(pdftex.def)             Requested size: 207.86652pt x 351.39343pt.
 [127] <./msc_AAX_ParameterUpdate_GUI.pdf>
<msc_AAX_ParameterUpdate_GUI.pdf, id=25433, 505.89pt x 1007.765pt>
File: msc_AAX_ParameterUpdate_GUI.pdf Graphic file (type pdf)
<use msc_AAX_ParameterUpdate_GUI.pdf>
Package pdftex.def Info: msc_AAX_ParameterUpdate_GUI.pdf  used on input line 29
.
(pdftex.def)             Requested size: 176.39256pt x 351.38521pt.
 [128] <./inline_mscgraph_1.pdf>
<inline_mscgraph_1.pdf, id=25444, 421.575pt x 224.84pt>
File: inline_mscgraph_1.pdf Graphic file (type pdf)
<use inline_mscgraph_1.pdf>
Package pdftex.def Info: inline_mscgraph_1.pdf  used on input line 37.
(pdftex.def)             Requested size: 455.25562pt x 242.803pt.
 [129] <./msc_AAX_ParameterUpdate_Automation.pdf>
<msc_AAX_ParameterUpdate_Automation.pdf, id=25457, 421.575pt x 209.78375pt>
File: msc_AAX_ParameterUpdate_Automation.pdf Graphic file (type pdf)
<use msc_AAX_ParameterUpdate_Automation.pdf>
Package pdftex.def Info: msc_AAX_ParameterUpdate_Automation.pdf  used on input 
line 44.
(pdftex.def)             Requested size: 455.25562pt x 226.54384pt.
 <./msc_AAX_ParameterUpdate_Initialization.pdf>
<msc_AAX_ParameterUpdate_Initialization.pdf, id=25464, 421.575pt x 315.1775pt>
File: msc_AAX_ParameterUpdate_Initialization.pdf Graphic file (type pdf)
<use msc_AAX_ParameterUpdate_Initialization.pdf>
Package pdftex.def Info: msc_AAX_ParameterUpdate_Initialization.pdf  used on in
put line 56.
(pdftex.def)             Requested size: 455.25562pt x 340.35777pt.
 [130]) (./a00922.tex [131] [132] [133]
Overfull \hbox (92.58325pt too wide) in paragraph at lines 95--96
[]\T1/phv/m/n/10 The SET to-ken goes into the sys-tem and comes back to the plu
-gin via []. 
 []

[134] [135]) (./a00923.tex
Underfull \hbox (badness 10000) detected at line 8
[][][]
 []


Underfull \hbox (badness 10000) detected at line 19
[][][]
 []

[136]
Overfull \hbox (138.23952pt too wide) in paragraph at lines 32--33
[]\T1/phv/m/n/10 The host flags all set value to-kens that are trig-gered by a 
plug-in within the scope of []
 []


Underfull \hbox (badness 1231) in paragraph at lines 34--35
[][] \T1/phv/m/n/10 re-turns \T1/pcr/m/n/10 false \T1/phv/m/n/10 dur-ing the li
nked pa-ram-e-ter up-date be-cause the source is
 []

 <./msc_AAX_LinkedParameterUpdate_GUI_HighLevel.pdf>
<msc_AAX_LinkedParameterUpdate_GUI_HighLevel.pdf, id=25578, 421.575pt x 1038.88
126pt>
File: msc_AAX_LinkedParameterUpdate_GUI_HighLevel.pdf Graphic file (type pdf)
<use msc_AAX_LinkedParameterUpdate_GUI_HighLevel.pdf>
Package pdftex.def Info: msc_AAX_LinkedParameterUpdate_GUI_HighLevel.pdf  used 
on input line 38.
(pdftex.def)             Requested size: 142.59383pt x 351.39197pt.
 [137] <./msc_AAX_LinkedParameterUpdate_GUI.pdf>
<msc_AAX_LinkedParameterUpdate_GUI.pdf, id=25597, 449.68pt x 1629.08624pt>
File: msc_AAX_LinkedParameterUpdate_GUI.pdf Graphic file (type pdf)
<use msc_AAX_LinkedParameterUpdate_GUI.pdf>
Package pdftex.def Info: msc_AAX_LinkedParameterUpdate_GUI.pdf  used on input l
ine 46.
(pdftex.def)             Requested size: 96.99493pt x 351.39018pt.
 [138] <./msc_AAX_LinkedParameterUpdate_Automation.pdf>
<msc_AAX_LinkedParameterUpdate_Automation.pdf, id=25609, 421.575pt x 425.59pt>
File: msc_AAX_LinkedParameterUpdate_Automation.pdf Graphic file (type pdf)
<use msc_AAX_LinkedParameterUpdate_Automation.pdf>
Package pdftex.def Info: msc_AAX_LinkedParameterUpdate_Automation.pdf  used on 
input line 59.
(pdftex.def)             Requested size: 348.09312pt x 351.4083pt.

[139]) (./a00924.tex [140]
Underfull \hbox (badness 6016) in paragraph at lines 22--23
[]\T1/phv/m/n/10 Each Type is de-fined by a par-tic-u-lar call to [] or
 []

[141] [142] [143]) (./a00925.tex [144]

pdfTeX warning: pdflatex (file ./dot_aax_acf_versioning_plug-in.pdf): PDF inclu
sion: found PDF version <1.7>, but at most version <1.5> allowed
 <./dot_aax_acf_versioning_plug-in.pdf

pdfTeX warning: pdflatex (file ./dot_aax_acf_versioning_plug-in.pdf): PDF inclu
sion: multiple pdfs with page group included in a single page
>
<dot_aax_acf_versioning_plug-in.pdf, id=25683, 450.68375pt x 538.01pt>
File: dot_aax_acf_versioning_plug-in.pdf Graphic file (type pdf)
<use dot_aax_acf_versioning_plug-in.pdf>
Package pdftex.def Info: dot_aax_acf_versioning_plug-in.pdf  used on input line
 22.
(pdftex.def)             Requested size: 294.35759pt x 351.39348pt.
 [145] [146]

pdfTeX warning: pdflatex (file ./dot_aax_acf_versioning_full.pdf): PDF inclusio
n: found PDF version <1.7>, but at most version <1.5> allowed
 <./dot_aax_acf_versioning_full.pdf

pdfTeX warning: pdflatex (file ./dot_aax_acf_versioning_full.pdf): PDF inclusio
n: multiple pdfs with page group included in a single page
>
<dot_aax_acf_versioning_full.pdf, id=25754, 648.4225pt x 538.01pt>
File: dot_aax_acf_versioning_full.pdf Graphic file (type pdf)
<use dot_aax_acf_versioning_full.pdf>
Package pdftex.def Info: dot_aax_acf_versioning_full.pdf  used on input line 10
2.
(pdftex.def)             Requested size: 423.50781pt x 351.39348pt.


pdfTeX warning: pdflatex (file ./dot_aax_acf_versioning_plug-in_v2.pdf): PDF in
clusion: found PDF version <1.7>, but at most version <1.5> allowed
 <./dot_aax_acf_versioning_plug-in_v2.pdf

pdfTeX warning: pdflatex (file ./dot_aax_acf_versioning_plug-in_v2.pdf): PDF in
clusion: multiple pdfs with page group included in a single page
>
<dot_aax_acf_versioning_plug-in_v2.pdf, id=25783, 472.76625pt x 629.35126pt>
File: dot_aax_acf_versioning_plug-in_v2.pdf Graphic file (type pdf)
<use dot_aax_acf_versioning_plug-in_v2.pdf>
Package pdftex.def Info: dot_aax_acf_versioning_plug-in_v2.pdf  used on input l
ine 111.
(pdftex.def)             Requested size: 263.96098pt x 351.38756pt.
 [147]

pdfTeX warning: pdflatex (file ./dot_aax_acf_versioning_full_v2.pdf): PDF inclu
sion: found PDF version <1.7>, but at most version <1.5> allowed
 <./dot_aax_acf_versioning_full_v2.pdf>
<dot_aax_acf_versioning_full_v2.pdf, id=25822, 681.54625pt x 629.35126pt>
File: dot_aax_acf_versioning_full_v2.pdf Graphic file (type pdf)
<use dot_aax_acf_versioning_full_v2.pdf>
Package pdftex.def Info: dot_aax_acf_versioning_full_v2.pdf  used on input line
 122.
(pdftex.def)             Requested size: 380.52974pt x 351.38756pt.
 [148]) (./a00926.tex) (./a00927.tex
[149]) (./a00928.tex [150] [151] [152]
Underfull \hbox (badness 10000) detected at line 89
[][][]
 []

[153] [154] [155] [156] [157]
Underfull \hbox (badness 10000) detected at line 243
[][][]
 []

[158]
Underfull \hbox (badness 10000) detected at line 305
[][][]
 []


Underfull \hbox (badness 10000) detected at line 315
[][][]
 []

[159]
Overfull \hbox (99.18352pt too wide) in paragraph at lines 335--336
\T1/phv/m/n/10 To de-ter-mine the cor-rect state for a plug-in\TS1/phv/m/n/10 '
\T1/phv/m/n/10 s com-pare light, Pro Tools makes reg-u-lar calls to []
 []

[160] [161]
Underfull \hbox (badness 10000) detected at line 443
[][][]
 []

[162] [163]
Underfull \hbox (badness 816) in paragraph at lines 537--538
 \T1/phv/b/n/10 12.43.7.3.2 Anal-y-sis[] \T1/phv/m/n/10 Audio[]Suite plug-ins s
up-port and op-tional Anal-y-sis pass, which al-lows a plug-in to
 []


Underfull \hbox (badness 857) in paragraph at lines 537--538
\T1/phv/m/n/10 ac-cess the in-com-ing au-dio be-fore the ac-tual Ren-der pass s
tarts. When Anal-y-sis is de-fined with ei-ther
 []

[164] [165]
Underfull \hbox (badness 2119) in paragraph at lines 596--597
[]\T1/phv/m/n/10 Virtual In-stru-ments con-vert MIDI data into au-dio data. To 
de-fine a Vir-tual In-stru-ment, in-clude
 []


Overfull \hbox (38.39455pt too wide) in paragraph at lines 597--598
[]\T1/phv/m/n/10 MIDI ef-fects ma-nip-u-late MIDI data in real time. To de-fine
 an AAX MIDI ef-fect, in-clude []
 []

[166] [167]
Overfull \hbox (220.55632pt too wide) in paragraph at lines 662--662
 []\T1/pcr/m/n/8 AAXH_CEffectFactory::ParseDLL ^^U exception thrown(The specifi
ed module could not be found. (126) while loading "MyPlugIn.aaxplugin") 
 []

[168]
Underfull \hbox (badness 10000) detected at line 681
[][][]
 []


Underfull \hbox (badness 10000) detected at line 685
[][][]
 []


Underfull \hbox (badness 10000) detected at line 694
[][][]
 []


Underfull \hbox (badness 10000) in paragraph at lines 722--723

 []

[169]
Underfull \hbox (badness 10000) detected at line 740
[][][]
 []


Underfull \hbox (badness 10000) detected at line 761
[][][]
 []

[170]) (./a00929.tex [171]
Underfull \hbox (badness 10000) detected at line 27
[][][]
 []

[172] [173]
Underfull \hbox (badness 10000) detected at line 109
[][][]
 []

[174] [175]
Underfull \hbox (badness 10000) detected at line 192
[][][]
 []

[176]
Underfull \hbox (badness 10000) detected at line 205
[][][]
 []

[177] [178]
Overfull \hbox (23.19452pt too wide) in paragraph at lines 269--270
[]\T1/phv/m/n/10 Media Com-poser does not sup-port Audio[]Suite ren-der-ing to 
a sep-a-rate track (see []) 
 []


Overfull \hbox (45.72397pt too wide) in paragraph at lines 287--288
[]\T1/phv/m/n/10 For more de-tailed in-for-ma-tion about how AAE han-dles plug-
in load-ing and pro-cess-ing, see []
 []

[179]
Underfull \hbox (badness 1953) in paragraph at lines 292--293
[]\T1/phv/m/n/10 For more in-for-ma-tion about de-bug-ging in Pro Tools and Dig
i[]Shell, see [] in the
 []

) (./a00930.tex [180] [181]
Underfull \hbox (badness 10000) detected at line 77
[][][]
 []

[182] [183] [184] [185]
Underfull \hbox (badness 10000) detected at line 215
[][][]
 []

[186]
Overfull \hbox (30.09875pt too wide) in paragraph at lines 233--234
[]\T1/phv/m/n/10 It\TS1/phv/m/n/10 '\T1/phv/m/n/10 s a com-mon prac-tice to not
 de-scribe [] and []
 []


Underfull \hbox (badness 10000) detected at line 242
[][][]
 []


Underfull \hbox (badness 2846) in paragraph at lines 248--249
 \T1/phv/b/n/10 12.45.5.2.3 DMA and back-ground thread per-for-mance re-port-in
g[] \T1/phv/m/n/10 For al-go-rithms that use [] or
 []

[187] [188]
Underfull \hbox (badness 10000) detected at line 298
[][][]
 []


Underfull \hbox (badness 10000) detected at line 304
[][][]
 []


Underfull \hbox (badness 10000) detected at line 312
[][][]
 []

[189]
Underfull \hbox (badness 10000) detected at line 337
[][][]
 []


Underfull \hbox (badness 10000) detected at line 343
[][][]
 []

[190]
Underfull \hbox (badness 10000) detected at line 376
[][][]
 []


Underfull \hbox (badness 10000) detected at line 394
[][][]
 []


Underfull \hbox (badness 10000) in paragraph at lines 398--399
\T1/phv/m/n/10 -\T1/pcr/m/n/10 include[]_[]path "${[]SDK[]_[][]SOURCE[]_[][]ROO
T}/[]Interfaces" \T1/phv/m/n/10 -\T1/pcr/m/n/10 include[]_[]path "${[]SDK[]_[][
]SOURCE[]_[][]
 []


Underfull \hbox (badness 4739) in paragraph at lines 406--407
[]\T1/phv/m/n/10 Tool Set-tings C6000 Linker Ba-sic Op-tions \T1/pcr/m/n/10 -o 
"${[]Config[]Dir}/${[]Package[]Name}/[]Contents/[]
 []


Underfull \hbox (badness 1616) in paragraph at lines 410--412
\T1/phv/m/n/10 Build Set-tings Ar-ti-fact name \T1/pcr/m/n/10 ${Config[]Dir}/${
Package[]Name}/[]Contents/[]Resources/${Proj[]
 []

[191]
Overfull \hbox (40.43329pt too wide) in paragraph at lines 423--424
[]\T1/phv/m/n/10 Macros Project User Macros Config[]Dir = \T1/pcr/m/n/10 ${Out[
]Dir}/${Config[]Name} \T1/phv/m/n/10 Int[]Dir = \T1/pcr/m/n/10 ${Config[]Dir}/i
nt/${Package[]
 []


Underfull \hbox (badness 1231) in paragraph at lines 423--424
\T1/pcr/m/n/10 Name}/[]TI/${Proj[]Name} \T1/phv/m/n/10 Out[]Dir = \T1/pcr/m/n/1
0 ${Proj[]Dir[]Path}/../../[]Win[]Build \T1/phv/m/n/10 Package[]Name = []Plug-i
n
 []

[192] [193]
Underfull \hbox (badness 10000) in paragraph at lines 523--524

 []


Underfull \hbox (badness 10000) in paragraph at lines 525--526

 []

[194] [195]
Underfull \hbox (badness 10000) detected at line 591
[][][]
 []


Underfull \hbox (badness 10000) detected at line 599
[][][]
 []


Underfull \hbox (badness 10000) detected at line 609
[][][]
 []

[196] [197] [198] [199] [200]
Underfull \hbox (badness 10000) in paragraph at lines 908--908
[]\T1/phv/m/n/10 1-byte
 []


Underfull \hbox (badness 10000) in paragraph at lines 908--908
[]\T1/phv/m/n/10 1-byte
 []


Underfull \hbox (badness 10000) in paragraph at lines 908--908
[]\T1/phv/m/n/10 1-byte
 []


Underfull \hbox (badness 10000) in paragraph at lines 908--908
[]\T1/phv/m/n/10 1-byte
 []


Underfull \hbox (badness 10000) in paragraph at lines 908--908
[]\T1/phv/m/n/10 2-byte
 []


Underfull \hbox (badness 10000) in paragraph at lines 908--908
[]\T1/phv/m/n/10 2-byte
 []


Underfull \hbox (badness 10000) in paragraph at lines 908--908
[]\T1/phv/m/n/10 2-byte
 []


Underfull \hbox (badness 10000) in paragraph at lines 908--908
[]\T1/phv/m/n/10 2-byte
 []


Underfull \hbox (badness 10000) in paragraph at lines 908--908
[]\T1/phv/m/n/10 4-byte
 []


Underfull \hbox (badness 10000) in paragraph at lines 908--908
[]\T1/phv/m/n/10 4-byte
 []


Underfull \hbox (badness 10000) in paragraph at lines 908--908
[]\T1/phv/m/n/10 4-byte
 []


Underfull \hbox (badness 10000) in paragraph at lines 908--908
[]\T1/phv/m/n/10 4-byte
 []


Underfull \hbox (badness 10000) in paragraph at lines 908--908
[]\T1/phv/m/n/10 4-byte
 []


Underfull \hbox (badness 10000) in paragraph at lines 908--908
[]\T1/phv/m/n/10 8-byte
 []


Underfull \hbox (badness 10000) in paragraph at lines 908--908
[]\T1/phv/m/n/10 8-byte
 []


Underfull \hbox (badness 10000) in paragraph at lines 908--908
[]\T1/phv/m/n/10 8-byte
 []


Underfull \hbox (badness 10000) in paragraph at lines 908--908
[]\T1/phv/m/n/10 8-byte
 []


Underfull \hbox (badness 10000) in paragraph at lines 908--908
[]\T1/phv/m/n/10 8-byte
 []


Underfull \hbox (badness 10000) in paragraph at lines 908--908
[]\T1/phv/m/n/10 8-byte
 []


Underfull \hbox (badness 10000) in paragraph at lines 908--908
[]\T1/phv/m/n/10 8-byte
 []


Underfull \hbox (badness 10000) in paragraph at lines 908--908
[]\T1/phv/m/n/10 1-byte
 []


Underfull \hbox (badness 10000) in paragraph at lines 908--908
[]\T1/phv/m/n/10 1-byte
 []


Underfull \hbox (badness 10000) in paragraph at lines 908--908
[]\T1/phv/m/n/10 1-byte
 []


Underfull \hbox (badness 10000) in paragraph at lines 908--908
[]\T1/phv/m/n/10 1-byte
 []


Underfull \hbox (badness 10000) in paragraph at lines 908--908
[]\T1/phv/m/n/10 4-byte
 []


Underfull \hbox (badness 10000) in paragraph at lines 908--908
[]\T1/phv/m/n/10 4-byte
 []


Underfull \hbox (badness 10000) in paragraph at lines 908--908
[]\T1/phv/m/n/10 4-byte
 []


Underfull \hbox (badness 10000) in paragraph at lines 908--908
[]\T1/phv/m/n/10 4-byte
 []


Underfull \hbox (badness 10000) in paragraph at lines 908--908
[]\T1/phv/m/n/10 8-byte
 []


Underfull \hbox (badness 10000) in paragraph at lines 908--908
[]\T1/phv/m/n/10 8-byte
 []


Underfull \hbox (badness 10000) in paragraph at lines 908--908
[]\T1/phv/m/n/10 8-byte
 []


Underfull \hbox (badness 10000) in paragraph at lines 908--908
[]\T1/phv/m/n/10 8-byte
 []


Underfull \hbox (badness 10000) in paragraph at lines 908--908
[]\T1/phv/m/n/10 8-byte
 []


Underfull \hbox (badness 10000) in paragraph at lines 908--908
[]\T1/phv/m/n/10 8-byte
 []


Underfull \hbox (badness 10000) in paragraph at lines 908--908
[]\T1/phv/m/n/10 8-byte
 []


Underfull \hbox (badness 10000) in paragraph at lines 908--908
[]\T1/phv/m/n/10 16-byte
 []


Underfull \hbox (badness 10000) in paragraph at lines 908--908
[]\T1/phv/m/n/10 4-byte
 []


Underfull \hbox (badness 10000) in paragraph at lines 908--908
[]\T1/phv/m/n/10 8-byte
 []


Underfull \hbox (badness 10000) in paragraph at lines 908--908
[]\T1/phv/m/n/10 8-byte
 []


Underfull \hbox (badness 10000) in paragraph at lines 908--908
[]\T1/phv/m/n/10 8-byte
 []


Underfull \hbox (badness 10000) in paragraph at lines 916--917
\T1/phv/m/n/10 com[]: [][] \T1/pcr/m/n/10 http[]://publib.[]boulder.[]ibm.[]com
/infocenter/macxhelp/v6v81/index.[]
 []

[201]
Underfull \hbox (badness 10000) detected at line 940
[][][]
 []

[202]
Underfull \hbox (badness 10000) detected at line 980
[][][]
 []


Underfull \hbox (badness 10000) detected at line 991
[][][]
 []

[203] [204] [205]
Underfull \hbox (badness 10000) detected at line 1164
[][][]
 []

[206]
Underfull \hbox (badness 10000) detected at line 1216
[][][]
 []

[207] [208] [209]
Underfull \hbox (badness 10000) detected at line 1402
[][][]
 []

[210]
Underfull \hbox (badness 10000) detected at line 1447
[][][]
 []

[211]
Underfull \hbox (badness 1701) in paragraph at lines 1489--1490
[]\T1/phv/m/n/10 If any casts are re-quired in your code, make them ex-plicit. 
For ex-am-ple, \T1/pcr/m/n/10 float output =
 []

[212] [213]
Underfull \hbox (badness 10000) detected at line 1635
[][][]
 []


Underfull \hbox (badness 1242) in paragraph at lines 1668--1669
\T1/phv/m/n/10 di-tional code usu-ally trans-lates into code branches, which pr
e-vents loops from pipelin-ing ef-fec-tively see
 []

[214] [215] [216]
Underfull \hbox (badness 3271) in paragraph at lines 1821--1822
[]\T1/pcr/m/n/10 filtered[]Log[]Env+smoothed[]Makeup[]Gain  \T1/phv/m/sl/10 de-
pends on the re-sult of \T1/pcr/m/sl/10 filtered[]Log[]Env =
 []

[217] [218] [219] [220]
Underfull \hbox (badness 10000) detected at line 1987
[][][]
 []


Underfull \vbox (badness 10000) detected at line 2036
 []

[221]
Underfull \vbox (badness 10000) detected at line 2076
 []


Underfull \vbox (badness 10000) detected at line 2135
 []

[222]
Underfull \vbox (badness 10000) detected at line 2159
 []

[223]
Underfull \vbox (badness 10000) detected at line 2185
 []


Underfull \vbox (badness 10000) detected at line 2223
 []

[224]) (./a00931.tex [225] [226] [227] [228] [229]
Underfull \hbox (badness 10000) detected at line 133
[][][]
 []


Underfull \hbox (badness 10000) detected at line 156
[][][]
 []

[230]
Underfull \hbox (badness 10000) detected at line 213
[][][]
 []

[231] [232]
Underfull \hbox (badness 10000) detected at line 304
[][][]
 []


Underfull \hbox (badness 10000) in paragraph at lines 365--365
[]
 []


Overfull \hbox (11.62856pt too wide) in paragraph at lines 365--365
\T1/phv/b/n/10 Func-
 []


Overfull \hbox (3.6276pt too wide) in paragraph at lines 365--365
\T1/phv/b/n/10 tion| 
 []


Underfull \hbox (badness 10000) in paragraph at lines 365--365
[]
 []


Overfull \hbox (5.13063pt too wide) in paragraph at lines 365--365
\T1/phv/b/n/10 HPF
 []


Overfull \hbox (6.61511pt too wide) in paragraph at lines 365--365
\T1/phv/b/n/10 In/[]
 []


Overfull \hbox (2.62862pt too wide) in paragraph at lines 365--365
\T1/phv/b/n/10 Out| 
 []


Overfull \hbox (18.15317pt too wide) in paragraph at lines 365--365
[]\T1/phv/m/n/10 Knob/\T1/phv/m/sl/10 In| 
 []


Underfull \hbox (badness 10000) in paragraph at lines 365--365
[]
 []


Overfull \hbox (5.13063pt too wide) in paragraph at lines 365--365
\T1/phv/b/n/10 HPF
 []


Overfull \hbox (7.59659pt too wide) in paragraph at lines 365--365
\T1/phv/b/n/10 Type| 
 []


Underfull \hbox (badness 10000) in paragraph at lines 365--365
[]
 []


Overfull \hbox (5.13063pt too wide) in paragraph at lines 365--365
\T1/phv/b/n/10 HPF
 []


Overfull \hbox (6.63356pt too wide) in paragraph at lines 365--365
\T1/phv/b/n/10 Freq| 
 []


Overfull \hbox (8.14548pt too wide) in paragraph at lines 365--365
[]\T1/phv/m/n/10 Knob
 []


Overfull \hbox (3.13255pt too wide) in paragraph at lines 365--365
\T1/phv/m/n/10 (Sel
 []


Underfull \hbox (badness 10000) in paragraph at lines 365--365
[]
 []


Overfull \hbox (5.13063pt too wide) in paragraph at lines 365--365
\T1/phv/b/n/10 HPF
 []


Overfull \hbox (8.14548pt too wide) in paragraph at lines 365--365
[]\T1/phv/m/n/10 Knob
 []


Overfull \hbox (3.13255pt too wide) in paragraph at lines 365--365
\T1/phv/m/n/10 (Sel
 []


Underfull \hbox (badness 10000) in paragraph at lines 365--365
[]
 []


Underfull \hbox (badness 10000) in paragraph at lines 365--365
\T1/phv/b/n/10 Lo
 []


Overfull \hbox (6.61511pt too wide) in paragraph at lines 365--365
\T1/phv/b/n/10 In/[]
 []


Overfull \hbox (2.62862pt too wide) in paragraph at lines 365--365
\T1/phv/b/n/10 Out| 
 []


Underfull \hbox (badness 10000) in paragraph at lines 365--365
[]
 []


Underfull \hbox (badness 10000) in paragraph at lines 365--365
\T1/phv/b/n/10 Lo
 []


Overfull \hbox (7.59659pt too wide) in paragraph at lines 365--365
\T1/phv/b/n/10 Type| 
 []


Underfull \hbox (badness 10000) in paragraph at lines 365--365
[]
 []


Underfull \hbox (badness 10000) in paragraph at lines 365--365
\T1/phv/b/n/10 Lo
 []


Overfull \hbox (7.13748pt too wide) in paragraph at lines 365--365
\T1/phv/b/n/10 Gain| 
 []


Overfull \hbox (8.14548pt too wide) in paragraph at lines 365--365
[]\T1/phv/m/n/10 Knob| 
 []


Underfull \hbox (badness 10000) in paragraph at lines 365--365
[]
 []


Underfull \hbox (badness 10000) in paragraph at lines 365--365
\T1/phv/b/n/10 Lo
 []


Overfull \hbox (6.63356pt too wide) in paragraph at lines 365--365
\T1/phv/b/n/10 Freq| 
 []


Overfull \hbox (8.14548pt too wide) in paragraph at lines 365--365
[]\T1/phv/m/n/10 Knob
 []


Overfull \hbox (3.13255pt too wide) in paragraph at lines 365--365
\T1/phv/m/n/10 (Sel
 []


Underfull \hbox (badness 10000) in paragraph at lines 365--365
[]
 []


Underfull \hbox (badness 10000) in paragraph at lines 365--365
\T1/phv/b/n/10 Lo
 []


Overfull \hbox (8.14548pt too wide) in paragraph at lines 365--365
[]\T1/phv/m/n/10 Knob
 []


Overfull \hbox (3.13255pt too wide) in paragraph at lines 365--365
\T1/phv/m/n/10 (Sel
 []


Underfull \hbox (badness 10000) in paragraph at lines 365--365
[]
 []


Underfull \hbox (badness 10000) in paragraph at lines 365--365
\T1/phv/b/n/10 Lo
 []


Overfull \hbox (2.62862pt too wide) in paragraph at lines 365--365
\T1/phv/b/n/10 Mid
 []


Overfull \hbox (6.61511pt too wide) in paragraph at lines 365--365
\T1/phv/b/n/10 In/[]
 []


Overfull \hbox (2.62862pt too wide) in paragraph at lines 365--365
\T1/phv/b/n/10 Out| 
 []


Underfull \hbox (badness 10000) in paragraph at lines 365--365
[]
 []


Underfull \hbox (badness 10000) in paragraph at lines 365--365
\T1/phv/b/n/10 Lo
 []


Overfull \hbox (2.62862pt too wide) in paragraph at lines 365--365
\T1/phv/b/n/10 Mid
 []


Overfull \hbox (7.59659pt too wide) in paragraph at lines 365--365
\T1/phv/b/n/10 Type| 
 []


Underfull \hbox (badness 10000) in paragraph at lines 365--365
[]
 []


Underfull \hbox (badness 10000) in paragraph at lines 365--365
\T1/phv/b/n/10 Lo
 []


Overfull \hbox (2.62862pt too wide) in paragraph at lines 365--365
\T1/phv/b/n/10 Mid
 []


Overfull \hbox (7.13748pt too wide) in paragraph at lines 365--365
\T1/phv/b/n/10 Gain| 
 []


Overfull \hbox (8.14548pt too wide) in paragraph at lines 365--365
[]\T1/phv/m/n/10 Knob| 
 []


Underfull \hbox (badness 10000) in paragraph at lines 365--365
[]
 []


Underfull \hbox (badness 10000) in paragraph at lines 365--365
\T1/phv/b/n/10 Lo
 []


Overfull \hbox (2.62862pt too wide) in paragraph at lines 365--365
\T1/phv/b/n/10 Mid
 []


Overfull \hbox (6.63356pt too wide) in paragraph at lines 365--365
\T1/phv/b/n/10 Freq| 
 []


Overfull \hbox (8.14548pt too wide) in paragraph at lines 365--365
[]\T1/phv/m/n/10 Knob
 []


Overfull \hbox (3.13255pt too wide) in paragraph at lines 365--365
\T1/phv/m/n/10 (Sel
 []


Underfull \hbox (badness 10000) in paragraph at lines 365--365
[]
 []


Underfull \hbox (badness 10000) in paragraph at lines 365--365
\T1/phv/b/n/10 Lo
 []


Overfull \hbox (2.62862pt too wide) in paragraph at lines 365--365
\T1/phv/b/n/10 Mid
 []


Overfull \hbox (8.14548pt too wide) in paragraph at lines 365--365
[]\T1/phv/m/n/10 Knob
 []


Overfull \hbox (3.13255pt too wide) in paragraph at lines 365--365
\T1/phv/m/n/10 (Sel
 []


Underfull \hbox (badness 10000) in paragraph at lines 365--365
[]
 []


Overfull \hbox (2.62862pt too wide) in paragraph at lines 365--365
\T1/phv/b/n/10 Mid
 []


Overfull \hbox (6.61511pt too wide) in paragraph at lines 365--365
\T1/phv/b/n/10 In/[]
 []


Overfull \hbox (2.62862pt too wide) in paragraph at lines 365--365
\T1/phv/b/n/10 Out| 
 []


Underfull \hbox (badness 10000) in paragraph at lines 365--365
[]
 []


Overfull \hbox (2.62862pt too wide) in paragraph at lines 365--365
\T1/phv/b/n/10 Mid
 []


Overfull \hbox (7.59659pt too wide) in paragraph at lines 365--365
\T1/phv/b/n/10 Type| 
 []


Underfull \hbox (badness 10000) in paragraph at lines 365--365
[]
 []


Overfull \hbox (2.62862pt too wide) in paragraph at lines 365--365
\T1/phv/b/n/10 Mid
 []


Overfull \hbox (7.13748pt too wide) in paragraph at lines 365--365
\T1/phv/b/n/10 Gain| 
 []


Overfull \hbox (8.14548pt too wide) in paragraph at lines 365--365
[]\T1/phv/m/n/10 Knob| 
 []


Underfull \hbox (badness 10000) in paragraph at lines 365--365
[]
 []


Overfull \hbox (2.62862pt too wide) in paragraph at lines 365--365
\T1/phv/b/n/10 Mid
 []


Overfull \hbox (6.63356pt too wide) in paragraph at lines 365--365
\T1/phv/b/n/10 Freq| 
 []


Overfull \hbox (8.14548pt too wide) in paragraph at lines 365--365
[]\T1/phv/m/n/10 Knob
 []


Overfull \hbox (3.13255pt too wide) in paragraph at lines 365--365
\T1/phv/m/n/10 (Sel
 []


Underfull \hbox (badness 10000) in paragraph at lines 365--365
[]
 []


Overfull \hbox (2.62862pt too wide) in paragraph at lines 365--365
\T1/phv/b/n/10 Mid
 []


Overfull \hbox (8.14548pt too wide) in paragraph at lines 365--365
[]\T1/phv/m/n/10 Knob
 []


Overfull \hbox (3.13255pt too wide) in paragraph at lines 365--365
\T1/phv/m/n/10 (Sel
 []


Overfull \hbox (2.62862pt too wide) in paragraph at lines 365--365
\T1/phv/b/n/10 Mid
 []


Overfull \hbox (6.61511pt too wide) in paragraph at lines 365--365
\T1/phv/b/n/10 In/[]
 []


Overfull \hbox (2.62862pt too wide) in paragraph at lines 365--365
\T1/phv/b/n/10 Out| 
 []


Overfull \hbox (2.62862pt too wide) in paragraph at lines 365--365
\T1/phv/b/n/10 Mid
 []


Overfull \hbox (7.59659pt too wide) in paragraph at lines 365--365
\T1/phv/b/n/10 Type| 
 []


Overfull \hbox (2.62862pt too wide) in paragraph at lines 365--365
\T1/phv/b/n/10 Mid
 []


Overfull \hbox (7.13748pt too wide) in paragraph at lines 365--365
\T1/phv/b/n/10 Gain| 
 []


Overfull \hbox (8.14548pt too wide) in paragraph at lines 365--365
[]\T1/phv/m/n/10 Knob| 
 []


Overfull \hbox (2.62862pt too wide) in paragraph at lines 365--365
\T1/phv/b/n/10 Mid
 []


Overfull \hbox (6.63356pt too wide) in paragraph at lines 365--365
\T1/phv/b/n/10 Freq| 
 []


Overfull \hbox (8.14548pt too wide) in paragraph at lines 365--365
[]\T1/phv/m/n/10 Knob
 []


Overfull \hbox (3.13255pt too wide) in paragraph at lines 365--365
\T1/phv/m/n/10 (Sel
 []


Overfull \hbox (2.62862pt too wide) in paragraph at lines 365--365
\T1/phv/b/n/10 Mid
 []


Overfull \hbox (8.14548pt too wide) in paragraph at lines 365--365
[]\T1/phv/m/n/10 Knob
 []


Overfull \hbox (3.13255pt too wide) in paragraph at lines 365--365
\T1/phv/m/n/10 (Sel
 []


Overfull \hbox (6.61511pt too wide) in paragraph at lines 365--365
\T1/phv/b/n/10 In/[]
 []


Overfull \hbox (2.62862pt too wide) in paragraph at lines 365--365
\T1/phv/b/n/10 Out| 
 []


Overfull \hbox (7.59659pt too wide) in paragraph at lines 365--365
\T1/phv/b/n/10 Type| 
 []


Overfull \hbox (7.13748pt too wide) in paragraph at lines 365--365
\T1/phv/b/n/10 Gain| 
 []


Overfull \hbox (8.14548pt too wide) in paragraph at lines 365--365
[]\T1/phv/m/n/10 Knob| 
 []


Overfull \hbox (6.63356pt too wide) in paragraph at lines 365--365
\T1/phv/b/n/10 Freq| 
 []


Overfull \hbox (8.14548pt too wide) in paragraph at lines 365--365
[]\T1/phv/m/n/10 Knob
 []


Overfull \hbox (3.13255pt too wide) in paragraph at lines 365--365
\T1/phv/m/n/10 (Sel
 []


Overfull \hbox (8.14548pt too wide) in paragraph at lines 365--365
[]\T1/phv/m/n/10 Knob
 []


Overfull \hbox (3.13255pt too wide) in paragraph at lines 365--365
\T1/phv/m/n/10 (Sel
 []


Underfull \hbox (badness 10000) in paragraph at lines 365--365
[]
 []


Overfull \hbox (4.13165pt too wide) in paragraph at lines 365--365
\T1/phv/b/n/10 LPF
 []


Overfull \hbox (6.61511pt too wide) in paragraph at lines 365--365
\T1/phv/b/n/10 In/[]
 []


Overfull \hbox (2.62862pt too wide) in paragraph at lines 365--365
\T1/phv/b/n/10 Out| 
 []


Overfull \hbox (18.15317pt too wide) in paragraph at lines 365--365
[]\T1/phv/m/n/10 Knob/\T1/phv/m/sl/10 In| 
 []


Underfull \hbox (badness 10000) in paragraph at lines 365--365
[]
 []


Overfull \hbox (4.13165pt too wide) in paragraph at lines 365--365
\T1/phv/b/n/10 LPF
 []


Overfull \hbox (7.59659pt too wide) in paragraph at lines 365--365
\T1/phv/b/n/10 Type| 
 []


Underfull \hbox (badness 10000) in paragraph at lines 365--365
[]
 []


Overfull \hbox (4.13165pt too wide) in paragraph at lines 365--365
\T1/phv/b/n/10 LPF
 []


Overfull \hbox (6.63356pt too wide) in paragraph at lines 365--365
\T1/phv/b/n/10 Freq| 
 []


Overfull \hbox (8.14548pt too wide) in paragraph at lines 365--365
[]\T1/phv/m/n/10 Knob
 []


Overfull \hbox (3.13255pt too wide) in paragraph at lines 365--365
\T1/phv/m/n/10 (Sel
 []


Underfull \hbox (badness 10000) in paragraph at lines 365--365
[]
 []


Overfull \hbox (4.13165pt too wide) in paragraph at lines 365--365
\T1/phv/b/n/10 LPF
 []


Overfull \hbox (8.14548pt too wide) in paragraph at lines 365--365
[]\T1/phv/m/n/10 Knob
 []


Overfull \hbox (3.13255pt too wide) in paragraph at lines 365--365
\T1/phv/m/n/10 (Sel
 []


Underfull \hbox (badness 10000) in paragraph at lines 365--365
[]
 []


Underfull \hbox (badness 10000) in paragraph at lines 365--365
\T1/phv/b/n/10 In-
 []


Overfull \hbox (1.1257pt too wide) in paragraph at lines 365--365
\T1/phv/b/n/10 put
 []


Overfull \hbox (10.00851pt too wide) in paragraph at lines 365--365
\T1/phv/b/n/10 Level| 
 []


Overfull \hbox (8.14548pt too wide) in paragraph at lines 365--365
[]\T1/phv/m/n/10 Knob| 
 []


Underfull \hbox (badness 10000) in paragraph at lines 365--365
[]
 []


Overfull \hbox (5.62555pt too wide) in paragraph at lines 365--365
\T1/phv/b/n/10 Out-
 []


Overfull \hbox (1.1257pt too wide) in paragraph at lines 365--365
\T1/phv/b/n/10 put
 []


Overfull \hbox (10.00851pt too wide) in paragraph at lines 365--365
\T1/phv/b/n/10 Level| 
 []


Overfull \hbox (8.14548pt too wide) in paragraph at lines 365--365
[]\T1/phv/m/n/10 Knob| 
 []


Underfull \hbox (badness 10000) in paragraph at lines 365--365
[]
 []


Overfull \hbox (5.63457pt too wide) in paragraph at lines 365--365
\T1/phv/b/n/10 Link| 
 []


Underfull \hbox (badness 10000) in paragraph at lines 365--365
[]
 []


Overfull \hbox (5.13063pt too wide) in paragraph at lines 365--365
\T1/phv/b/n/10 HPF
 []


Underfull \hbox (badness 10000) in paragraph at lines 365--365
\T1/phv/b/n/10 Q
 []


Overfull \hbox (8.14548pt too wide) in paragraph at lines 365--365
[]\T1/phv/m/n/10 Knob
 []


Overfull \hbox (3.13255pt too wide) in paragraph at lines 365--365
\T1/phv/m/n/10 (Sel
 []


Underfull \hbox (badness 10000) in paragraph at lines 365--365
[]
 []


Underfull \hbox (badness 10000) in paragraph at lines 365--365
\T1/phv/b/n/10 Lo
 []


Underfull \hbox (badness 10000) in paragraph at lines 365--365
\T1/phv/b/n/10 Q
 []


Overfull \hbox (8.14548pt too wide) in paragraph at lines 365--365
[]\T1/phv/m/n/10 Knob
 []


Overfull \hbox (3.13255pt too wide) in paragraph at lines 365--365
\T1/phv/m/n/10 (Sel
 []


Underfull \hbox (badness 10000) in paragraph at lines 365--365
[]
 []


Underfull \hbox (badness 10000) in paragraph at lines 365--365
\T1/phv/b/n/10 Lo
 []


Overfull \hbox (2.62862pt too wide) in paragraph at lines 365--365
\T1/phv/b/n/10 Mid
 []


Underfull \hbox (badness 10000) in paragraph at lines 365--365
\T1/phv/b/n/10 Q
 []


Overfull \hbox (8.14548pt too wide) in paragraph at lines 365--365
[]\T1/phv/m/n/10 Knob
 []


Overfull \hbox (3.13255pt too wide) in paragraph at lines 365--365
\T1/phv/m/n/10 (Sel
 []


Underfull \hbox (badness 10000) in paragraph at lines 365--365
[]
 []


Overfull \hbox (2.62862pt too wide) in paragraph at lines 365--365
\T1/phv/b/n/10 Mid
 []


Underfull \hbox (badness 10000) in paragraph at lines 365--365
\T1/phv/b/n/10 Q
 []


Overfull \hbox (8.14548pt too wide) in paragraph at lines 365--365
[]\T1/phv/m/n/10 Knob
 []


Overfull \hbox (3.13255pt too wide) in paragraph at lines 365--365
\T1/phv/m/n/10 (Sel
 []


Overfull \hbox (2.62862pt too wide) in paragraph at lines 365--365
\T1/phv/b/n/10 Mid
 []


Underfull \hbox (badness 10000) in paragraph at lines 365--365
\T1/phv/b/n/10 Q
 []


Overfull \hbox (8.14548pt too wide) in paragraph at lines 365--365
[]\T1/phv/m/n/10 Knob
 []


Overfull \hbox (3.13255pt too wide) in paragraph at lines 365--365
\T1/phv/m/n/10 (Sel
 []


Underfull \hbox (badness 10000) in paragraph at lines 365--365
\T1/phv/b/n/10 Q
 []


Overfull \hbox (8.14548pt too wide) in paragraph at lines 365--365
[]\T1/phv/m/n/10 Knob
 []


Overfull \hbox (3.13255pt too wide) in paragraph at lines 365--365
\T1/phv/m/n/10 (Sel
 []


Underfull \hbox (badness 10000) in paragraph at lines 365--365
[]
 []


Overfull \hbox (4.13165pt too wide) in paragraph at lines 365--365
\T1/phv/b/n/10 LPF
 []


Underfull \hbox (badness 10000) in paragraph at lines 365--365
\T1/phv/b/n/10 Q
 []


Overfull \hbox (8.14548pt too wide) in paragraph at lines 365--365
[]\T1/phv/m/n/10 Knob
 []


Overfull \hbox (3.13255pt too wide) in paragraph at lines 365--365
\T1/phv/m/n/10 (Sel
 []

[233] [234] [235] [236]
Underfull \hbox (badness 10000) detected at line 377
[][][]
 []


Underfull \hbox (badness 10000) in paragraph at lines 419--419
[]
 []


Overfull \hbox (11.62856pt too wide) in paragraph at lines 419--419
\T1/phv/b/n/10 Func-
 []


Overfull \hbox (3.6276pt too wide) in paragraph at lines 419--419
\T1/phv/b/n/10 tion| 
 []


Underfull \hbox (badness 10000) in paragraph at lines 419--419
[]
 []


Overfull \hbox (8.11238pt too wide) in paragraph at lines 419--419
\T1/pcr/b/n/10 Dg[]
 []


Underfull \hbox (badness 10000) in paragraph at lines 419--419
\T1/pcr/b/n/10 CP
 []


Underfull \hbox (badness 1735) in paragraph at lines 419--419
[] \T1/phv/b/n/10 C
 []


Overfull \hbox (20.13335pt too wide) in paragraph at lines 419--419
\T1/phv/b/n/10 Thresh-
 []


Overfull \hbox (0.63066pt too wide) in paragraph at lines 419--419
\T1/phv/b/n/10 old| 
 []


Overfull \hbox (8.14548pt too wide) in paragraph at lines 419--419
[]\T1/phv/m/n/10 Knob| 
 []


Overfull \hbox (8.14548pt too wide) in paragraph at lines 419--419
[]\T1/phv/m/n/10 Knob| 
 []


Underfull \hbox (badness 10000) in paragraph at lines 419--419
[]
 []


Overfull \hbox (8.11238pt too wide) in paragraph at lines 419--419
\T1/pcr/b/n/10 Dg[]
 []


Underfull \hbox (badness 10000) in paragraph at lines 419--419
\T1/pcr/b/n/10 CP
 []


Underfull \hbox (badness 1735) in paragraph at lines 419--419
[] \T1/phv/b/n/10 C
 []


Overfull \hbox (1.62964pt too wide) in paragraph at lines 419--419
\T1/phv/b/n/10 Ra-
 []


Overfull \hbox (8.14548pt too wide) in paragraph at lines 419--419
[]\T1/phv/m/n/10 Knob| 
 []


Overfull \hbox (8.14548pt too wide) in paragraph at lines 419--419
[]\T1/phv/m/n/10 Knob| 
 []


Underfull \hbox (badness 10000) in paragraph at lines 419--419
[]
 []


Overfull \hbox (8.11238pt too wide) in paragraph at lines 419--419
\T1/pcr/b/n/10 Dg[]
 []


Underfull \hbox (badness 10000) in paragraph at lines 419--419
\T1/pcr/b/n/10 CP
 []


Underfull \hbox (badness 1735) in paragraph at lines 419--419
[] \T1/phv/b/n/10 C
 []


Underfull \hbox (badness 10000) in paragraph at lines 419--419
\T1/phv/b/n/10 At-
 []


Overfull \hbox (4.95956pt too wide) in paragraph at lines 419--419
\T1/phv/b/n/10 tack
 []


Overfull \hbox (8.13647pt too wide) in paragraph at lines 419--419
\T1/phv/b/n/10 Time| 
 []


Overfull \hbox (8.14548pt too wide) in paragraph at lines 419--419
[]\T1/phv/m/n/10 Knob| 
 []


Overfull \hbox (8.14548pt too wide) in paragraph at lines 419--419
[]\T1/phv/m/n/10 Knob| 
 []


Underfull \hbox (badness 10000) in paragraph at lines 419--419
[]
 []


Overfull \hbox (8.11238pt too wide) in paragraph at lines 419--419
\T1/pcr/b/n/10 Dg[]
 []


Underfull \hbox (badness 10000) in paragraph at lines 419--419
\T1/pcr/b/n/10 CP
 []


Underfull \hbox (badness 1735) in paragraph at lines 419--419
[] \T1/phv/b/n/10 C
 []


Overfull \hbox (1.62964pt too wide) in paragraph at lines 419--419
\T1/phv/b/n/10 Re-
 []


Overfull \hbox (9.64839pt too wide) in paragraph at lines 419--419
\T1/phv/b/n/10 lease
 []


Overfull \hbox (8.13647pt too wide) in paragraph at lines 419--419
\T1/phv/b/n/10 Time| 
 []


Overfull \hbox (8.14548pt too wide) in paragraph at lines 419--419
[]\T1/phv/m/n/10 Knob| 
 []


Overfull \hbox (8.14548pt too wide) in paragraph at lines 419--419
[]\T1/phv/m/n/10 Knob| 
 []


Underfull \hbox (badness 10000) in paragraph at lines 419--419
[]
 []


Overfull \hbox (8.11238pt too wide) in paragraph at lines 419--419
\T1/pcr/b/n/10 Dg[]
 []


Underfull \hbox (badness 10000) in paragraph at lines 419--419
\T1/pcr/b/n/10 CP
 []


Underfull \hbox (badness 1735) in paragraph at lines 419--419
[] \T1/phv/b/n/10 C
 []


Overfull \hbox (9.13556pt too wide) in paragraph at lines 419--419
\T1/phv/b/n/10 Knee| 
 []


Overfull \hbox (8.14548pt too wide) in paragraph at lines 419--419
[]\T1/phv/m/n/10 Knob| 
 []


Underfull \hbox (badness 10000) in paragraph at lines 419--419
[]
 []


Overfull \hbox (8.11238pt too wide) in paragraph at lines 419--419
\T1/pcr/b/n/10 Dg[]
 []


Underfull \hbox (badness 10000) in paragraph at lines 419--419
\T1/pcr/b/n/10 CP
 []


Underfull \hbox (badness 1735) in paragraph at lines 419--419
[] \T1/phv/b/n/10 C
 []


Overfull \hbox (7.13748pt too wide) in paragraph at lines 419--419
\T1/phv/b/n/10 Gain
 []


Overfull \hbox (20.63739pt too wide) in paragraph at lines 419--419
\T1/phv/b/n/10 Makeup| 
 []


Overfull \hbox (8.14548pt too wide) in paragraph at lines 419--419
[]\T1/phv/m/n/10 Knob| 
 []


Underfull \hbox (badness 10000) in paragraph at lines 419--419
[]
 []


Overfull \hbox (8.11238pt too wide) in paragraph at lines 419--419
\T1/pcr/b/n/10 Dg[]
 []


Underfull \hbox (badness 10000) in paragraph at lines 419--419
\T1/pcr/b/n/10 CP
 []


Underfull \hbox (badness 10000) in paragraph at lines 419--419
[]
 []


Overfull \hbox (5.13063pt too wide) in paragraph at lines 419--419
\T1/phv/b/n/10 HPF
 []


Overfull \hbox (1.62964pt too wide) in paragraph at lines 419--419
\T1/phv/b/n/10 En-
 []


Overfull \hbox (10.54848pt too wide) in paragraph at lines 419--419
\T1/phv/b/n/10 abled| 
 []


Underfull \hbox (badness 10000) in paragraph at lines 419--419
[]
 []


Overfull \hbox (8.11238pt too wide) in paragraph at lines 419--419
\T1/pcr/b/n/10 Dg[]
 []


Underfull \hbox (badness 10000) in paragraph at lines 419--419
\T1/pcr/b/n/10 CP
 []


Underfull \hbox (badness 10000) in paragraph at lines 419--419
[]
 []


Overfull \hbox (5.13063pt too wide) in paragraph at lines 419--419
\T1/phv/b/n/10 HPF
 []


Overfull \hbox (7.59659pt too wide) in paragraph at lines 419--419
\T1/phv/b/n/10 Type| 
 []


Underfull \hbox (badness 10000) in paragraph at lines 419--419
[]
 []


Overfull \hbox (8.11238pt too wide) in paragraph at lines 419--419
\T1/pcr/b/n/10 Dg[]
 []


Underfull \hbox (badness 10000) in paragraph at lines 419--419
\T1/pcr/b/n/10 CP
 []


Underfull \hbox (badness 10000) in paragraph at lines 419--419
[]
 []


Overfull \hbox (5.13063pt too wide) in paragraph at lines 419--419
\T1/phv/b/n/10 HPF
 []


Overfull \hbox (6.63356pt too wide) in paragraph at lines 419--419
\T1/phv/b/n/10 Freq| 
 []


Underfull \hbox (badness 10000) in paragraph at lines 419--419
[]
 []


Overfull \hbox (8.11238pt too wide) in paragraph at lines 419--419
\T1/pcr/b/n/10 Dg[]
 []


Underfull \hbox (badness 10000) in paragraph at lines 419--419
\T1/pcr/b/n/10 CP
 []


Underfull \hbox (badness 10000) in paragraph at lines 419--419
[]
 []


Overfull \hbox (5.13063pt too wide) in paragraph at lines 419--419
\T1/phv/b/n/10 HPF
 []


Underfull \hbox (badness 10000) in paragraph at lines 419--419
[]
 []


Overfull \hbox (8.11238pt too wide) in paragraph at lines 419--419
\T1/pcr/b/n/10 Dg[]
 []


Underfull \hbox (badness 10000) in paragraph at lines 419--419
\T1/pcr/b/n/10 CP
 []


Underfull \hbox (badness 10000) in paragraph at lines 419--419
[]
 []


Overfull \hbox (4.13165pt too wide) in paragraph at lines 419--419
\T1/phv/b/n/10 LPF
 []


Overfull \hbox (1.62964pt too wide) in paragraph at lines 419--419
\T1/phv/b/n/10 En-
 []


Overfull \hbox (10.54848pt too wide) in paragraph at lines 419--419
\T1/phv/b/n/10 abled| 
 []


Underfull \hbox (badness 10000) in paragraph at lines 419--419
[]
 []


Overfull \hbox (8.11238pt too wide) in paragraph at lines 419--419
\T1/pcr/b/n/10 Dg[]
 []


Underfull \hbox (badness 10000) in paragraph at lines 419--419
\T1/pcr/b/n/10 CP
 []


Underfull \hbox (badness 10000) in paragraph at lines 419--419
[]
 []


Overfull \hbox (4.13165pt too wide) in paragraph at lines 419--419
\T1/phv/b/n/10 LPF
 []


Overfull \hbox (7.59659pt too wide) in paragraph at lines 419--419
\T1/phv/b/n/10 Type| 
 []


Underfull \hbox (badness 10000) in paragraph at lines 419--419
[]
 []


Overfull \hbox (8.11238pt too wide) in paragraph at lines 419--419
\T1/pcr/b/n/10 Dg[]
 []


Underfull \hbox (badness 10000) in paragraph at lines 419--419
\T1/pcr/b/n/10 CP
 []


Underfull \hbox (badness 10000) in paragraph at lines 419--419
[]
 []


Overfull \hbox (4.13165pt too wide) in paragraph at lines 419--419
\T1/phv/b/n/10 LPF
 []


Overfull \hbox (6.63356pt too wide) in paragraph at lines 419--419
\T1/phv/b/n/10 Freq| 
 []


Underfull \hbox (badness 10000) in paragraph at lines 419--419
[]
 []


Overfull \hbox (8.11238pt too wide) in paragraph at lines 419--419
\T1/pcr/b/n/10 Dg[]
 []


Underfull \hbox (badness 10000) in paragraph at lines 419--419
\T1/pcr/b/n/10 CP
 []


Underfull \hbox (badness 10000) in paragraph at lines 419--419
[]
 []


Overfull \hbox (4.13165pt too wide) in paragraph at lines 419--419
\T1/phv/b/n/10 LPF
 []


Underfull \hbox (badness 10000) in paragraph at lines 419--419
[]
 []


Overfull \hbox (8.11238pt too wide) in paragraph at lines 419--419
\T1/pcr/b/n/10 Dg[]
 []


Underfull \hbox (badness 10000) in paragraph at lines 419--419
\T1/pcr/b/n/10 CP
 []


Underfull \hbox (badness 10000) in paragraph at lines 419--419
[]
 []


Overfull \hbox (1.1346pt too wide) in paragraph at lines 419--419
\T1/phv/b/n/10 Ext
 []


Overfull \hbox (3.36678pt too wide) in paragraph at lines 419--419
\T1/phv/b/n/10 Key| 
 []


Underfull \hbox (badness 10000) in paragraph at lines 419--419
[]
 []


Overfull \hbox (8.11238pt too wide) in paragraph at lines 419--419
\T1/pcr/b/n/10 Dg[]
 []


Underfull \hbox (badness 10000) in paragraph at lines 419--419
\T1/pcr/b/n/10 CP
 []


Underfull \hbox (badness 10000) in paragraph at lines 419--419
[]
 []


Overfull \hbox (3.36678pt too wide) in paragraph at lines 419--419
\T1/phv/b/n/10 Key
 []


Overfull \hbox (3.13255pt too wide) in paragraph at lines 419--419
\T1/phv/b/n/10 Lis-
 []


Overfull \hbox (0.63066pt too wide) in paragraph at lines 419--419
\T1/phv/b/n/10 ten| 
 []


Underfull \hbox (badness 10000) in paragraph at lines 419--419
[]
 []


Overfull \hbox (8.11238pt too wide) in paragraph at lines 419--419
\T1/pcr/b/n/10 Dg[]
 []


Underfull \hbox (badness 10000) in paragraph at lines 419--419
\T1/pcr/b/n/10 CP
 []


Underfull \hbox (badness 10000) in paragraph at lines 419--419
[]
 []


Underfull \hbox (badness 10000) in paragraph at lines 419--419
\T1/phv/b/n/10 In-
 []


Overfull \hbox (1.1257pt too wide) in paragraph at lines 419--419
\T1/phv/b/n/10 put
 []


Overfull \hbox (7.13748pt too wide) in paragraph at lines 419--419
\T1/phv/b/n/10 Gain| 
 []


Underfull \hbox (badness 10000) in paragraph at lines 419--419
[]
 []


Overfull \hbox (8.11238pt too wide) in paragraph at lines 419--419
\T1/pcr/b/n/10 Dg[]
 []


Underfull \hbox (badness 10000) in paragraph at lines 419--419
\T1/pcr/b/n/10 CP
 []


Underfull \hbox (badness 10000) in paragraph at lines 419--419
[]
 []


Overfull \hbox (5.62555pt too wide) in paragraph at lines 419--419
\T1/phv/b/n/10 Out-
 []


Overfull \hbox (1.1257pt too wide) in paragraph at lines 419--419
\T1/phv/b/n/10 put
 []


Overfull \hbox (7.13748pt too wide) in paragraph at lines 419--419
\T1/phv/b/n/10 Gain| 
 []


Underfull \hbox (badness 10000) in paragraph at lines 419--419
[]
 []


Overfull \hbox (8.11238pt too wide) in paragraph at lines 419--419
\T1/pcr/b/n/10 Dg[]
 []


Underfull \hbox (badness 10000) in paragraph at lines 419--419
\T1/pcr/b/n/10 CP
 []


Underfull \hbox (badness 10000) in paragraph at lines 419--419
[]
 []


Overfull \hbox (5.63457pt too wide) in paragraph at lines 419--419
\T1/phv/b/n/10 Link| 
 []


Overfull \hbox (8.14548pt too wide) in paragraph at lines 419--419
[]\T1/phv/m/n/10 Knob| 
 []


Underfull \hbox (badness 10000) in paragraph at lines 419--419
[]
 []


Overfull \hbox (8.11238pt too wide) in paragraph at lines 419--419
\T1/pcr/b/n/10 Dg[]
 []


Underfull \hbox (badness 10000) in paragraph at lines 419--419
\T1/pcr/b/n/10 CP
 []


Underfull \hbox (badness 10000) in paragraph at lines 419--419
[]
 []


Overfull \hbox (12.62753pt too wide) in paragraph at lines 419--419
\T1/phv/b/n/10 Depth| 
 []


Underfull \hbox (badness 10000) in paragraph at lines 419--419
[]
 []


Overfull \hbox (8.11238pt too wide) in paragraph at lines 419--419
\T1/pcr/b/n/10 Dg[]
 []


Underfull \hbox (badness 10000) in paragraph at lines 419--419
\T1/pcr/b/n/10 GT
 []


Underfull \hbox (badness 2486) in paragraph at lines 419--419
[] \T1/phv/b/n/10 X
 []


Overfull \hbox (20.13335pt too wide) in paragraph at lines 419--419
\T1/phv/b/n/10 Thresh-
 []


Overfull \hbox (0.63066pt too wide) in paragraph at lines 419--419
\T1/phv/b/n/10 old| 
 []


Overfull \hbox (8.14548pt too wide) in paragraph at lines 419--419
[]\T1/phv/m/n/10 Knob| 
 []


Underfull \hbox (badness 10000) in paragraph at lines 419--419
[]
 []


Overfull \hbox (8.11238pt too wide) in paragraph at lines 419--419
\T1/pcr/b/n/10 Dg[]
 []


Underfull \hbox (badness 10000) in paragraph at lines 419--419
\T1/pcr/b/n/10 GT
 []


Underfull \hbox (badness 2486) in paragraph at lines 419--419
[] \T1/phv/b/n/10 X
 []


Overfull \hbox (1.62964pt too wide) in paragraph at lines 419--419
\T1/phv/b/n/10 Ra-
 []


Overfull \hbox (8.14548pt too wide) in paragraph at lines 419--419
[]\T1/phv/m/n/10 Knob| 
 []


Underfull \hbox (badness 10000) in paragraph at lines 419--419
[]
 []


Overfull \hbox (8.11238pt too wide) in paragraph at lines 419--419
\T1/pcr/b/n/10 Dg[]
 []


Underfull \hbox (badness 10000) in paragraph at lines 419--419
\T1/pcr/b/n/10 GT
 []


Underfull \hbox (badness 2486) in paragraph at lines 419--419
[] \T1/phv/b/n/10 X
 []


Overfull \hbox (14.72449pt too wide) in paragraph at lines 419--419
\T1/phv/b/n/10 Range| 
 []


Underfull \hbox (badness 10000) in paragraph at lines 419--419
[]
 []


Overfull \hbox (8.11238pt too wide) in paragraph at lines 419--419
\T1/pcr/b/n/10 Dg[]
 []


Underfull \hbox (badness 10000) in paragraph at lines 419--419
\T1/pcr/b/n/10 GT
 []


Underfull \hbox (badness 2486) in paragraph at lines 419--419
[] \T1/phv/b/n/10 X
 []


Underfull \hbox (badness 10000) in paragraph at lines 419--419
\T1/phv/b/n/10 At-
 []


Overfull \hbox (4.95956pt too wide) in paragraph at lines 419--419
\T1/phv/b/n/10 tack
 []


Overfull \hbox (8.13647pt too wide) in paragraph at lines 419--419
\T1/phv/b/n/10 Time| 
 []


Overfull \hbox (8.14548pt too wide) in paragraph at lines 419--419
[]\T1/phv/m/n/10 Knob| 
 []


Underfull \hbox (badness 10000) in paragraph at lines 419--419
[]
 []


Overfull \hbox (8.11238pt too wide) in paragraph at lines 419--419
\T1/pcr/b/n/10 Dg[]
 []


Underfull \hbox (badness 10000) in paragraph at lines 419--419
\T1/pcr/b/n/10 GT
 []


Underfull \hbox (badness 2486) in paragraph at lines 419--419
[] \T1/phv/b/n/10 X
 []


Overfull \hbox (1.62964pt too wide) in paragraph at lines 419--419
\T1/phv/b/n/10 Re-
 []


Overfull \hbox (9.64839pt too wide) in paragraph at lines 419--419
\T1/phv/b/n/10 lease
 []


Overfull \hbox (8.13647pt too wide) in paragraph at lines 419--419
\T1/phv/b/n/10 Time| 
 []


Overfull \hbox (8.14548pt too wide) in paragraph at lines 419--419
[]\T1/phv/m/n/10 Knob| 
 []


Underfull \hbox (badness 10000) in paragraph at lines 419--419
[]
 []


Overfull \hbox (8.11238pt too wide) in paragraph at lines 419--419
\T1/pcr/b/n/10 Dg[]
 []


Underfull \hbox (badness 10000) in paragraph at lines 419--419
\T1/pcr/b/n/10 GT
 []


Underfull \hbox (badness 2486) in paragraph at lines 419--419
[] \T1/phv/b/n/10 X
 []


Overfull \hbox (6.63354pt too wide) in paragraph at lines 419--419
\T1/phv/b/n/10 Hys-
 []


Overfull \hbox (6.63344pt too wide) in paragraph at lines 419--419
\T1/phv/b/n/10 tere-
 []


Underfull \hbox (badness 10000) in paragraph at lines 419--419
[]
 []


Overfull \hbox (8.11238pt too wide) in paragraph at lines 419--419
\T1/pcr/b/n/10 Dg[]
 []


Underfull \hbox (badness 10000) in paragraph at lines 419--419
\T1/pcr/b/n/10 GT
 []


Underfull \hbox (badness 2486) in paragraph at lines 419--419
[] \T1/phv/b/n/10 X
 []


Overfull \hbox (7.12859pt too wide) in paragraph at lines 419--419
\T1/phv/b/n/10 Hold| 
 []

[237] [238]
Underfull \hbox (badness 10000) in paragraph at lines 461--461
[]
 []


Overfull \hbox (11.62856pt too wide) in paragraph at lines 461--461
\T1/phv/b/n/10 Func-
 []


Overfull \hbox (3.6276pt too wide) in paragraph at lines 461--461
\T1/phv/b/n/10 tion| 
 []


Underfull \hbox (badness 10000) in paragraph at lines 461--461
[]
 []


Overfull \hbox (8.11238pt too wide) in paragraph at lines 461--461
\T1/pcr/b/n/10 Dg[]
 []


Underfull \hbox (badness 10000) in paragraph at lines 461--461
\T1/pcr/b/n/10 CP
 []


Underfull \hbox (badness 1735) in paragraph at lines 461--461
[] \T1/phv/b/n/10 C
 []


Overfull \hbox (20.13335pt too wide) in paragraph at lines 461--461
\T1/phv/b/n/10 Thresh-
 []


Overfull \hbox (0.63066pt too wide) in paragraph at lines 461--461
\T1/phv/b/n/10 old| 
 []


Underfull \hbox (badness 10000) in paragraph at lines 461--461
[]
 []


Overfull \hbox (8.11238pt too wide) in paragraph at lines 461--461
\T1/pcr/b/n/10 Dg[]
 []


Underfull \hbox (badness 10000) in paragraph at lines 461--461
\T1/pcr/b/n/10 CP
 []


Underfull \hbox (badness 1735) in paragraph at lines 461--461
[] \T1/phv/b/n/10 C
 []


Overfull \hbox (1.62964pt too wide) in paragraph at lines 461--461
\T1/phv/b/n/10 Ra-
 []


Underfull \hbox (badness 10000) in paragraph at lines 461--461
[]
 []


Overfull \hbox (8.11238pt too wide) in paragraph at lines 461--461
\T1/pcr/b/n/10 Dg[]
 []


Underfull \hbox (badness 10000) in paragraph at lines 461--461
\T1/pcr/b/n/10 CP
 []


Underfull \hbox (badness 1735) in paragraph at lines 461--461
[] \T1/phv/b/n/10 C
 []


Underfull \hbox (badness 10000) in paragraph at lines 461--461
\T1/phv/b/n/10 At-
 []


Overfull \hbox (4.95956pt too wide) in paragraph at lines 461--461
\T1/phv/b/n/10 tack
 []


Overfull \hbox (8.13647pt too wide) in paragraph at lines 461--461
\T1/phv/b/n/10 Time| 
 []


Underfull \hbox (badness 10000) in paragraph at lines 461--461
[]
 []


Overfull \hbox (8.11238pt too wide) in paragraph at lines 461--461
\T1/pcr/b/n/10 Dg[]
 []


Underfull \hbox (badness 10000) in paragraph at lines 461--461
\T1/pcr/b/n/10 CP
 []


Underfull \hbox (badness 1735) in paragraph at lines 461--461
[] \T1/phv/b/n/10 C
 []


Overfull \hbox (1.62964pt too wide) in paragraph at lines 461--461
\T1/phv/b/n/10 Re-
 []


Overfull \hbox (9.64839pt too wide) in paragraph at lines 461--461
\T1/phv/b/n/10 lease
 []


Overfull \hbox (8.13647pt too wide) in paragraph at lines 461--461
\T1/phv/b/n/10 Time| 
 []


Underfull \hbox (badness 10000) in paragraph at lines 461--461
[]
 []


Overfull \hbox (8.11238pt too wide) in paragraph at lines 461--461
\T1/pcr/b/n/10 Dg[]
 []


Underfull \hbox (badness 10000) in paragraph at lines 461--461
\T1/pcr/b/n/10 CP
 []


Underfull \hbox (badness 1735) in paragraph at lines 461--461
[] \T1/phv/b/n/10 C
 []


Overfull \hbox (9.13556pt too wide) in paragraph at lines 461--461
\T1/phv/b/n/10 Knee| 
 []


Underfull \hbox (badness 10000) in paragraph at lines 461--461
[]
 []


Overfull \hbox (8.11238pt too wide) in paragraph at lines 461--461
\T1/pcr/b/n/10 Dg[]
 []


Underfull \hbox (badness 10000) in paragraph at lines 461--461
\T1/pcr/b/n/10 CP
 []


Underfull \hbox (badness 1735) in paragraph at lines 461--461
[] \T1/phv/b/n/10 C
 []


Overfull \hbox (7.13748pt too wide) in paragraph at lines 461--461
\T1/phv/b/n/10 Gain
 []


Overfull \hbox (20.63739pt too wide) in paragraph at lines 461--461
\T1/phv/b/n/10 Makeup| 
 []


Underfull \hbox (badness 10000) in paragraph at lines 461--461
[]
 []


Overfull \hbox (8.11238pt too wide) in paragraph at lines 461--461
\T1/pcr/b/n/10 Dg[]
 []


Underfull \hbox (badness 10000) in paragraph at lines 461--461
\T1/pcr/b/n/10 CP
 []


Underfull \hbox (badness 10000) in paragraph at lines 461--461
[]
 []


Overfull \hbox (5.13063pt too wide) in paragraph at lines 461--461
\T1/phv/b/n/10 HPF
 []


Overfull \hbox (1.62964pt too wide) in paragraph at lines 461--461
\T1/phv/b/n/10 En-
 []


Overfull \hbox (10.54848pt too wide) in paragraph at lines 461--461
\T1/phv/b/n/10 abled| 
 []


Overfull \hbox (18.15317pt too wide) in paragraph at lines 461--461
[]\T1/phv/m/n/10 Knob/\T1/phv/m/sl/10 In| 
 []


Underfull \hbox (badness 10000) in paragraph at lines 461--461
[]
 []


Overfull \hbox (8.11238pt too wide) in paragraph at lines 461--461
\T1/pcr/b/n/10 Dg[]
 []


Underfull \hbox (badness 10000) in paragraph at lines 461--461
\T1/pcr/b/n/10 CP
 []


Underfull \hbox (badness 10000) in paragraph at lines 461--461
[]
 []


Overfull \hbox (5.13063pt too wide) in paragraph at lines 461--461
\T1/phv/b/n/10 HPF
 []


Overfull \hbox (7.59659pt too wide) in paragraph at lines 461--461
\T1/phv/b/n/10 Type| 
 []


Underfull \hbox (badness 10000) in paragraph at lines 461--461
[]
 []


Overfull \hbox (8.11238pt too wide) in paragraph at lines 461--461
\T1/pcr/b/n/10 Dg[]
 []


Underfull \hbox (badness 10000) in paragraph at lines 461--461
\T1/pcr/b/n/10 CP
 []


Underfull \hbox (badness 10000) in paragraph at lines 461--461
[]
 []


Overfull \hbox (5.13063pt too wide) in paragraph at lines 461--461
\T1/phv/b/n/10 HPF
 []


Overfull \hbox (6.63356pt too wide) in paragraph at lines 461--461
\T1/phv/b/n/10 Freq| 
 []


Overfull \hbox (8.14548pt too wide) in paragraph at lines 461--461
[]\T1/phv/m/n/10 Knob
 []


Overfull \hbox (3.13255pt too wide) in paragraph at lines 461--461
\T1/phv/m/n/10 (Sel
 []


Underfull \hbox (badness 10000) in paragraph at lines 461--461
[]
 []


Overfull \hbox (8.11238pt too wide) in paragraph at lines 461--461
\T1/pcr/b/n/10 Dg[]
 []


Underfull \hbox (badness 10000) in paragraph at lines 461--461
\T1/pcr/b/n/10 CP
 []


Underfull \hbox (badness 10000) in paragraph at lines 461--461
[]
 []


Overfull \hbox (5.13063pt too wide) in paragraph at lines 461--461
\T1/phv/b/n/10 HPF
 []


Overfull \hbox (8.14548pt too wide) in paragraph at lines 461--461
[]\T1/phv/m/n/10 Knob
 []


Overfull \hbox (3.13255pt too wide) in paragraph at lines 461--461
\T1/phv/m/n/10 (Sel
 []


Underfull \hbox (badness 10000) in paragraph at lines 461--461
[]
 []


Overfull \hbox (8.11238pt too wide) in paragraph at lines 461--461
\T1/pcr/b/n/10 Dg[]
 []


Underfull \hbox (badness 10000) in paragraph at lines 461--461
\T1/pcr/b/n/10 CP
 []


Underfull \hbox (badness 10000) in paragraph at lines 461--461
[]
 []


Overfull \hbox (4.13165pt too wide) in paragraph at lines 461--461
\T1/phv/b/n/10 LPF
 []


Overfull \hbox (1.62964pt too wide) in paragraph at lines 461--461
\T1/phv/b/n/10 En-
 []


Overfull \hbox (10.54848pt too wide) in paragraph at lines 461--461
\T1/phv/b/n/10 abled| 
 []


Overfull \hbox (18.15317pt too wide) in paragraph at lines 461--461
[]\T1/phv/m/n/10 Knob/\T1/phv/m/sl/10 In| 
 []


Underfull \hbox (badness 10000) in paragraph at lines 461--461
[]
 []


Overfull \hbox (8.11238pt too wide) in paragraph at lines 461--461
\T1/pcr/b/n/10 Dg[]
 []


Underfull \hbox (badness 10000) in paragraph at lines 461--461
\T1/pcr/b/n/10 CP
 []


Underfull \hbox (badness 10000) in paragraph at lines 461--461
[]
 []


Overfull \hbox (4.13165pt too wide) in paragraph at lines 461--461
\T1/phv/b/n/10 LPF
 []


Overfull \hbox (7.59659pt too wide) in paragraph at lines 461--461
\T1/phv/b/n/10 Type| 
 []


Underfull \hbox (badness 10000) in paragraph at lines 461--461
[]
 []


Overfull \hbox (8.11238pt too wide) in paragraph at lines 461--461
\T1/pcr/b/n/10 Dg[]
 []


Underfull \hbox (badness 10000) in paragraph at lines 461--461
\T1/pcr/b/n/10 CP
 []


Underfull \hbox (badness 10000) in paragraph at lines 461--461
[]
 []


Overfull \hbox (4.13165pt too wide) in paragraph at lines 461--461
\T1/phv/b/n/10 LPF
 []


Overfull \hbox (6.63356pt too wide) in paragraph at lines 461--461
\T1/phv/b/n/10 Freq| 
 []


Overfull \hbox (8.14548pt too wide) in paragraph at lines 461--461
[]\T1/phv/m/n/10 Knob
 []


Overfull \hbox (3.13255pt too wide) in paragraph at lines 461--461
\T1/phv/m/n/10 (Sel
 []


Underfull \hbox (badness 10000) in paragraph at lines 461--461
[]
 []


Overfull \hbox (8.11238pt too wide) in paragraph at lines 461--461
\T1/pcr/b/n/10 Dg[]
 []


Underfull \hbox (badness 10000) in paragraph at lines 461--461
\T1/pcr/b/n/10 CP
 []


Underfull \hbox (badness 10000) in paragraph at lines 461--461
[]
 []


Overfull \hbox (4.13165pt too wide) in paragraph at lines 461--461
\T1/phv/b/n/10 LPF
 []


Overfull \hbox (8.14548pt too wide) in paragraph at lines 461--461
[]\T1/phv/m/n/10 Knob
 []


Overfull \hbox (3.13255pt too wide) in paragraph at lines 461--461
\T1/phv/m/n/10 (Sel
 []


Underfull \hbox (badness 10000) in paragraph at lines 461--461
[]
 []


Overfull \hbox (8.11238pt too wide) in paragraph at lines 461--461
\T1/pcr/b/n/10 Dg[]
 []


Underfull \hbox (badness 10000) in paragraph at lines 461--461
\T1/pcr/b/n/10 CP
 []


Underfull \hbox (badness 10000) in paragraph at lines 461--461
[]
 []


Overfull \hbox (1.1346pt too wide) in paragraph at lines 461--461
\T1/phv/b/n/10 Ext
 []


Overfull \hbox (3.36678pt too wide) in paragraph at lines 461--461
\T1/phv/b/n/10 Key| 
 []


Overfull \hbox (18.15317pt too wide) in paragraph at lines 461--461
[]\T1/phv/m/n/10 Knob/\T1/phv/m/sl/10 In| 
 []


Underfull \hbox (badness 10000) in paragraph at lines 461--461
[]
 []


Overfull \hbox (8.11238pt too wide) in paragraph at lines 461--461
\T1/pcr/b/n/10 Dg[]
 []


Underfull \hbox (badness 10000) in paragraph at lines 461--461
\T1/pcr/b/n/10 CP
 []


Underfull \hbox (badness 10000) in paragraph at lines 461--461
[]
 []


Overfull \hbox (3.36678pt too wide) in paragraph at lines 461--461
\T1/phv/b/n/10 Key
 []


Overfull \hbox (3.13255pt too wide) in paragraph at lines 461--461
\T1/phv/b/n/10 Lis-
 []


Overfull \hbox (0.63066pt too wide) in paragraph at lines 461--461
\T1/phv/b/n/10 ten| 
 []


Overfull \hbox (18.15317pt too wide) in paragraph at lines 461--461
[]\T1/phv/m/n/10 Knob/\T1/phv/m/sl/10 In| 
 []


Underfull \hbox (badness 10000) in paragraph at lines 461--461
[]
 []


Overfull \hbox (8.11238pt too wide) in paragraph at lines 461--461
\T1/pcr/b/n/10 Dg[]
 []


Underfull \hbox (badness 10000) in paragraph at lines 461--461
\T1/pcr/b/n/10 CP
 []


Underfull \hbox (badness 10000) in paragraph at lines 461--461
[]
 []


Underfull \hbox (badness 10000) in paragraph at lines 461--461
\T1/phv/b/n/10 In-
 []


Overfull \hbox (1.1257pt too wide) in paragraph at lines 461--461
\T1/phv/b/n/10 put
 []


Overfull \hbox (7.13748pt too wide) in paragraph at lines 461--461
\T1/phv/b/n/10 Gain| 
 []


Overfull \hbox (8.14548pt too wide) in paragraph at lines 461--461
[]\T1/phv/m/n/10 Knob| 
 []


Underfull \hbox (badness 10000) in paragraph at lines 461--461
[]
 []


Overfull \hbox (8.11238pt too wide) in paragraph at lines 461--461
\T1/pcr/b/n/10 Dg[]
 []


Underfull \hbox (badness 10000) in paragraph at lines 461--461
\T1/pcr/b/n/10 CP
 []


Underfull \hbox (badness 10000) in paragraph at lines 461--461
[]
 []


Overfull \hbox (5.62555pt too wide) in paragraph at lines 461--461
\T1/phv/b/n/10 Out-
 []


Overfull \hbox (1.1257pt too wide) in paragraph at lines 461--461
\T1/phv/b/n/10 put
 []


Overfull \hbox (7.13748pt too wide) in paragraph at lines 461--461
\T1/phv/b/n/10 Gain| 
 []


Overfull \hbox (8.14548pt too wide) in paragraph at lines 461--461
[]\T1/phv/m/n/10 Knob| 
 []


Underfull \hbox (badness 10000) in paragraph at lines 461--461
[]
 []


Overfull \hbox (8.11238pt too wide) in paragraph at lines 461--461
\T1/pcr/b/n/10 Dg[]
 []


Underfull \hbox (badness 10000) in paragraph at lines 461--461
\T1/pcr/b/n/10 CP
 []


Underfull \hbox (badness 10000) in paragraph at lines 461--461
[]
 []


Overfull \hbox (5.63457pt too wide) in paragraph at lines 461--461
\T1/phv/b/n/10 Link| 
 []


Underfull \hbox (badness 10000) in paragraph at lines 461--461
[]
 []


Overfull \hbox (8.11238pt too wide) in paragraph at lines 461--461
\T1/pcr/b/n/10 Dg[]
 []


Underfull \hbox (badness 10000) in paragraph at lines 461--461
\T1/pcr/b/n/10 CP
 []


Underfull \hbox (badness 10000) in paragraph at lines 461--461
[]
 []


Overfull \hbox (12.62753pt too wide) in paragraph at lines 461--461
\T1/phv/b/n/10 Depth| 
 []


Underfull \hbox (badness 10000) in paragraph at lines 461--461
[]
 []


Overfull \hbox (8.11238pt too wide) in paragraph at lines 461--461
\T1/pcr/b/n/10 Dg[]
 []


Underfull \hbox (badness 10000) in paragraph at lines 461--461
\T1/pcr/b/n/10 GT
 []


Underfull \hbox (badness 2486) in paragraph at lines 461--461
[] \T1/phv/b/n/10 X
 []


Overfull \hbox (20.13335pt too wide) in paragraph at lines 461--461
\T1/phv/b/n/10 Thresh-
 []


Overfull \hbox (0.63066pt too wide) in paragraph at lines 461--461
\T1/phv/b/n/10 old| 
 []


Overfull \hbox (8.14548pt too wide) in paragraph at lines 461--461
[]\T1/phv/m/n/10 Knob| 
 []


Underfull \hbox (badness 10000) in paragraph at lines 461--461
[]
 []


Overfull \hbox (8.11238pt too wide) in paragraph at lines 461--461
\T1/pcr/b/n/10 Dg[]
 []


Underfull \hbox (badness 10000) in paragraph at lines 461--461
\T1/pcr/b/n/10 GT
 []


Underfull \hbox (badness 2486) in paragraph at lines 461--461
[] \T1/phv/b/n/10 X
 []


Overfull \hbox (1.62964pt too wide) in paragraph at lines 461--461
\T1/phv/b/n/10 Ra-
 []


Overfull \hbox (8.14548pt too wide) in paragraph at lines 461--461
[]\T1/phv/m/n/10 Knob| 
 []


Underfull \hbox (badness 10000) in paragraph at lines 461--461
[]
 []


Overfull \hbox (8.11238pt too wide) in paragraph at lines 461--461
\T1/pcr/b/n/10 Dg[]
 []


Underfull \hbox (badness 10000) in paragraph at lines 461--461
\T1/pcr/b/n/10 GT
 []


Underfull \hbox (badness 2486) in paragraph at lines 461--461
[] \T1/phv/b/n/10 X
 []


Overfull \hbox (14.72449pt too wide) in paragraph at lines 461--461
\T1/phv/b/n/10 Range| 
 []


Overfull \hbox (8.14548pt too wide) in paragraph at lines 461--461
[]\T1/phv/m/n/10 Knob| 
 []


Underfull \hbox (badness 10000) in paragraph at lines 461--461
[]
 []


Overfull \hbox (8.11238pt too wide) in paragraph at lines 461--461
\T1/pcr/b/n/10 Dg[]
 []


Underfull \hbox (badness 10000) in paragraph at lines 461--461
\T1/pcr/b/n/10 GT
 []


Underfull \hbox (badness 2486) in paragraph at lines 461--461
[] \T1/phv/b/n/10 X
 []


Underfull \hbox (badness 10000) in paragraph at lines 461--461
\T1/phv/b/n/10 At-
 []


Overfull \hbox (4.95956pt too wide) in paragraph at lines 461--461
\T1/phv/b/n/10 tack
 []


Overfull \hbox (8.13647pt too wide) in paragraph at lines 461--461
\T1/phv/b/n/10 Time| 
 []


Overfull \hbox (8.14548pt too wide) in paragraph at lines 461--461
[]\T1/phv/m/n/10 Knob| 
 []


Underfull \hbox (badness 10000) in paragraph at lines 461--461
[]
 []


Overfull \hbox (8.11238pt too wide) in paragraph at lines 461--461
\T1/pcr/b/n/10 Dg[]
 []


Underfull \hbox (badness 10000) in paragraph at lines 461--461
\T1/pcr/b/n/10 GT
 []


Underfull \hbox (badness 2486) in paragraph at lines 461--461
[] \T1/phv/b/n/10 X
 []


Overfull \hbox (1.62964pt too wide) in paragraph at lines 461--461
\T1/phv/b/n/10 Re-
 []


Overfull \hbox (9.64839pt too wide) in paragraph at lines 461--461
\T1/phv/b/n/10 lease
 []


Overfull \hbox (8.13647pt too wide) in paragraph at lines 461--461
\T1/phv/b/n/10 Time| 
 []


Overfull \hbox (8.14548pt too wide) in paragraph at lines 461--461
[]\T1/phv/m/n/10 Knob| 
 []


Underfull \hbox (badness 10000) in paragraph at lines 461--461
[]
 []


Overfull \hbox (8.11238pt too wide) in paragraph at lines 461--461
\T1/pcr/b/n/10 Dg[]
 []


Underfull \hbox (badness 10000) in paragraph at lines 461--461
\T1/pcr/b/n/10 GT
 []


Underfull \hbox (badness 2486) in paragraph at lines 461--461
[] \T1/phv/b/n/10 X
 []


Overfull \hbox (6.63354pt too wide) in paragraph at lines 461--461
\T1/phv/b/n/10 Hys-
 []


Overfull \hbox (6.63344pt too wide) in paragraph at lines 461--461
\T1/phv/b/n/10 tere-
 []


Overfull \hbox (8.14548pt too wide) in paragraph at lines 461--461
[]\T1/phv/m/n/10 Knob| 
 []


Underfull \hbox (badness 10000) in paragraph at lines 461--461
[]
 []


Overfull \hbox (8.11238pt too wide) in paragraph at lines 461--461
\T1/pcr/b/n/10 Dg[]
 []


Underfull \hbox (badness 10000) in paragraph at lines 461--461
\T1/pcr/b/n/10 GT
 []


Underfull \hbox (badness 2486) in paragraph at lines 461--461
[] \T1/phv/b/n/10 X
 []


Overfull \hbox (7.12859pt too wide) in paragraph at lines 461--461
\T1/phv/b/n/10 Hold| 
 []


Overfull \hbox (8.14548pt too wide) in paragraph at lines 461--461
[]\T1/phv/m/n/10 Knob| 
 []

[239] [240]
Underfull \hbox (badness 10000) in paragraph at lines 505--505
[]
 []


Overfull \hbox (11.62856pt too wide) in paragraph at lines 505--505
\T1/phv/b/n/10 Func-
 []


Overfull \hbox (3.6276pt too wide) in paragraph at lines 505--505
\T1/phv/b/n/10 tion| 
 []


Underfull \hbox (badness 1735) in paragraph at lines 505--505
[] \T1/phv/b/n/10 C
 []


Overfull \hbox (20.13335pt too wide) in paragraph at lines 505--505
\T1/phv/b/n/10 Thresh-
 []


Overfull \hbox (0.63066pt too wide) in paragraph at lines 505--505
\T1/phv/b/n/10 old| 
 []


Overfull \hbox (8.14548pt too wide) in paragraph at lines 505--505
[]\T1/phv/m/n/10 Knob| 
 []


Underfull \hbox (badness 1735) in paragraph at lines 505--505
[] \T1/phv/b/n/10 C
 []


Overfull \hbox (1.62964pt too wide) in paragraph at lines 505--505
\T1/phv/b/n/10 Ra-
 []


Overfull \hbox (8.14548pt too wide) in paragraph at lines 505--505
[]\T1/phv/m/n/10 Knob| 
 []


Underfull \hbox (badness 1735) in paragraph at lines 505--505
[] \T1/phv/b/n/10 C
 []


Underfull \hbox (badness 10000) in paragraph at lines 505--505
\T1/phv/b/n/10 At-
 []


Overfull \hbox (4.95956pt too wide) in paragraph at lines 505--505
\T1/phv/b/n/10 tack
 []


Overfull \hbox (8.13647pt too wide) in paragraph at lines 505--505
\T1/phv/b/n/10 Time| 
 []


Overfull \hbox (8.14548pt too wide) in paragraph at lines 505--505
[]\T1/phv/m/n/10 Knob| 
 []


Underfull \hbox (badness 1735) in paragraph at lines 505--505
[] \T1/phv/b/n/10 C
 []


Overfull \hbox (1.62964pt too wide) in paragraph at lines 505--505
\T1/phv/b/n/10 Re-
 []


Overfull \hbox (9.64839pt too wide) in paragraph at lines 505--505
\T1/phv/b/n/10 lease
 []


Overfull \hbox (8.13647pt too wide) in paragraph at lines 505--505
\T1/phv/b/n/10 Time| 
 []


Overfull \hbox (8.14548pt too wide) in paragraph at lines 505--505
[]\T1/phv/m/n/10 Knob| 
 []


Underfull \hbox (badness 1735) in paragraph at lines 505--505
[] \T1/phv/b/n/10 C
 []


Overfull \hbox (9.13556pt too wide) in paragraph at lines 505--505
\T1/phv/b/n/10 Knee| 
 []


Overfull \hbox (8.14548pt too wide) in paragraph at lines 505--505
[]\T1/phv/m/n/10 Knob| 
 []


Underfull \hbox (badness 1735) in paragraph at lines 505--505
[] \T1/phv/b/n/10 C
 []


Overfull \hbox (7.13748pt too wide) in paragraph at lines 505--505
\T1/phv/b/n/10 Gain
 []


Overfull \hbox (20.63739pt too wide) in paragraph at lines 505--505
\T1/phv/b/n/10 Makeup| 
 []


Overfull \hbox (12.7427pt too wide) in paragraph at lines 505--505
[]\T1/phv/m/n/10 Knob$[]$| 
 []


Overfull \hbox (12.7427pt too wide) in paragraph at lines 505--505
[]\T1/phv/m/n/10 Knob$[]$| 
 []


Underfull \hbox (badness 10000) in paragraph at lines 505--505
[]
 []


Overfull \hbox (5.13063pt too wide) in paragraph at lines 505--505
\T1/phv/b/n/10 HPF
 []


Overfull \hbox (1.62964pt too wide) in paragraph at lines 505--505
\T1/phv/b/n/10 En-
 []


Overfull \hbox (10.54848pt too wide) in paragraph at lines 505--505
\T1/phv/b/n/10 abled| 
 []


Overfull \hbox (18.15317pt too wide) in paragraph at lines 505--505
[]\T1/phv/m/n/10 Knob/\T1/phv/m/sl/10 In| 
 []


Underfull \hbox (badness 10000) in paragraph at lines 505--505
[]
 []


Overfull \hbox (5.13063pt too wide) in paragraph at lines 505--505
\T1/phv/b/n/10 HPF
 []


Overfull \hbox (7.59659pt too wide) in paragraph at lines 505--505
\T1/phv/b/n/10 Type| 
 []


Underfull \hbox (badness 10000) in paragraph at lines 505--505
[]
 []


Overfull \hbox (5.13063pt too wide) in paragraph at lines 505--505
\T1/phv/b/n/10 HPF
 []


Overfull \hbox (6.63356pt too wide) in paragraph at lines 505--505
\T1/phv/b/n/10 Freq| 
 []


Overfull \hbox (8.14548pt too wide) in paragraph at lines 505--505
[]\T1/phv/m/n/10 Knob
 []


Overfull \hbox (3.13255pt too wide) in paragraph at lines 505--505
\T1/phv/m/n/10 (Sel
 []


Underfull \hbox (badness 10000) in paragraph at lines 505--505
[]
 []


Overfull \hbox (5.13063pt too wide) in paragraph at lines 505--505
\T1/phv/b/n/10 HPF
 []


Overfull \hbox (8.14548pt too wide) in paragraph at lines 505--505
[]\T1/phv/m/n/10 Knob
 []


Overfull \hbox (3.13255pt too wide) in paragraph at lines 505--505
\T1/phv/m/n/10 (Sel
 []


Underfull \hbox (badness 10000) in paragraph at lines 505--505
[]
 []


Overfull \hbox (4.13165pt too wide) in paragraph at lines 505--505
\T1/phv/b/n/10 LPF
 []


Overfull \hbox (1.62964pt too wide) in paragraph at lines 505--505
\T1/phv/b/n/10 En-
 []


Overfull \hbox (10.54848pt too wide) in paragraph at lines 505--505
\T1/phv/b/n/10 abled| 
 []


Overfull \hbox (18.15317pt too wide) in paragraph at lines 505--505
[]\T1/phv/m/n/10 Knob/\T1/phv/m/sl/10 In| 
 []


Underfull \hbox (badness 10000) in paragraph at lines 505--505
[]
 []


Overfull \hbox (4.13165pt too wide) in paragraph at lines 505--505
\T1/phv/b/n/10 LPF
 []


Overfull \hbox (7.59659pt too wide) in paragraph at lines 505--505
\T1/phv/b/n/10 Type| 
 []


Underfull \hbox (badness 10000) in paragraph at lines 505--505
[]
 []


Overfull \hbox (4.13165pt too wide) in paragraph at lines 505--505
\T1/phv/b/n/10 LPF
 []


Overfull \hbox (6.63356pt too wide) in paragraph at lines 505--505
\T1/phv/b/n/10 Freq| 
 []


Overfull \hbox (8.14548pt too wide) in paragraph at lines 505--505
[]\T1/phv/m/n/10 Knob
 []


Overfull \hbox (3.13255pt too wide) in paragraph at lines 505--505
\T1/phv/m/n/10 (Sel
 []


Underfull \hbox (badness 10000) in paragraph at lines 505--505
[]
 []


Overfull \hbox (4.13165pt too wide) in paragraph at lines 505--505
\T1/phv/b/n/10 LPF
 []


Overfull \hbox (8.14548pt too wide) in paragraph at lines 505--505
[]\T1/phv/m/n/10 Knob
 []


Overfull \hbox (3.13255pt too wide) in paragraph at lines 505--505
\T1/phv/m/n/10 (Sel
 []


Underfull \hbox (badness 10000) in paragraph at lines 505--505
[]
 []


Overfull \hbox (1.1346pt too wide) in paragraph at lines 505--505
\T1/phv/b/n/10 Ext
 []


Overfull \hbox (3.36678pt too wide) in paragraph at lines 505--505
\T1/phv/b/n/10 Key| 
 []


Overfull \hbox (18.15317pt too wide) in paragraph at lines 505--505
[]\T1/phv/m/n/10 Knob/\T1/phv/m/sl/10 In| 
 []


Underfull \hbox (badness 10000) in paragraph at lines 505--505
[]
 []


Overfull \hbox (3.36678pt too wide) in paragraph at lines 505--505
\T1/phv/b/n/10 Key
 []


Overfull \hbox (3.13255pt too wide) in paragraph at lines 505--505
\T1/phv/b/n/10 Lis-
 []


Overfull \hbox (0.63066pt too wide) in paragraph at lines 505--505
\T1/phv/b/n/10 ten| 
 []


Overfull \hbox (18.15317pt too wide) in paragraph at lines 505--505
[]\T1/phv/m/n/10 Knob/\T1/phv/m/sl/10 In| 
 []


Underfull \hbox (badness 10000) in paragraph at lines 505--505
[]
 []


Underfull \hbox (badness 10000) in paragraph at lines 505--505
\T1/phv/b/n/10 In-
 []


Overfull \hbox (1.1257pt too wide) in paragraph at lines 505--505
\T1/phv/b/n/10 put
 []


Overfull \hbox (7.13748pt too wide) in paragraph at lines 505--505
\T1/phv/b/n/10 Gain| 
 []


Overfull \hbox (8.14548pt too wide) in paragraph at lines 505--505
[]\T1/phv/m/n/10 Knob| 
 []


Underfull \hbox (badness 10000) in paragraph at lines 505--505
[]
 []


Overfull \hbox (5.62555pt too wide) in paragraph at lines 505--505
\T1/phv/b/n/10 Out-
 []


Overfull \hbox (1.1257pt too wide) in paragraph at lines 505--505
\T1/phv/b/n/10 put
 []


Overfull \hbox (7.13748pt too wide) in paragraph at lines 505--505
\T1/phv/b/n/10 Gain| 
 []


Overfull \hbox (8.14548pt too wide) in paragraph at lines 505--505
[]\T1/phv/m/n/10 Knob| 
 []


Underfull \hbox (badness 10000) in paragraph at lines 505--505
[]
 []


Overfull \hbox (5.63457pt too wide) in paragraph at lines 505--505
\T1/phv/b/n/10 Link| 
 []


Underfull \hbox (badness 10000) in paragraph at lines 505--505
[]
 []


Overfull \hbox (12.62753pt too wide) in paragraph at lines 505--505
\T1/phv/b/n/10 Depth| 
 []


Overfull \hbox (8.14548pt too wide) in paragraph at lines 505--505
[]\T1/phv/m/n/10 Knob| 
 []

[241]
Underfull \hbox (badness 10000) in paragraph at lines 549--549
[]
 []


Overfull \hbox (11.62856pt too wide) in paragraph at lines 549--549
\T1/phv/b/n/10 Func-
 []


Overfull \hbox (3.6276pt too wide) in paragraph at lines 549--549
\T1/phv/b/n/10 tion| 
 []


Underfull \hbox (badness 2486) in paragraph at lines 549--549
[] \T1/phv/b/n/10 X
 []


Overfull \hbox (20.13335pt too wide) in paragraph at lines 549--549
\T1/phv/b/n/10 Thresh-
 []


Overfull \hbox (0.63066pt too wide) in paragraph at lines 549--549
\T1/phv/b/n/10 old| 
 []


Overfull \hbox (8.14548pt too wide) in paragraph at lines 549--549
[]\T1/phv/m/n/10 Knob| 
 []


Underfull \hbox (badness 2486) in paragraph at lines 549--549
[] \T1/phv/b/n/10 X
 []


Overfull \hbox (1.62964pt too wide) in paragraph at lines 549--549
\T1/phv/b/n/10 Ra-
 []


Overfull \hbox (8.14548pt too wide) in paragraph at lines 549--549
[]\T1/phv/m/n/10 Knob| 
 []


Underfull \hbox (badness 2486) in paragraph at lines 549--549
[] \T1/phv/b/n/10 X
 []


Overfull \hbox (14.72449pt too wide) in paragraph at lines 549--549
\T1/phv/b/n/10 Range| 
 []


Overfull \hbox (8.14548pt too wide) in paragraph at lines 549--549
[]\T1/phv/m/n/10 Knob| 
 []


Underfull \hbox (badness 2486) in paragraph at lines 549--549
[] \T1/phv/b/n/10 X
 []


Underfull \hbox (badness 10000) in paragraph at lines 549--549
\T1/phv/b/n/10 At-
 []


Overfull \hbox (4.95956pt too wide) in paragraph at lines 549--549
\T1/phv/b/n/10 tack
 []


Overfull \hbox (8.13647pt too wide) in paragraph at lines 549--549
\T1/phv/b/n/10 Time| 
 []


Overfull \hbox (8.14548pt too wide) in paragraph at lines 549--549
[]\T1/phv/m/n/10 Knob| 
 []


Underfull \hbox (badness 2486) in paragraph at lines 549--549
[] \T1/phv/b/n/10 X
 []


Overfull \hbox (1.62964pt too wide) in paragraph at lines 549--549
\T1/phv/b/n/10 Re-
 []


Overfull \hbox (9.64839pt too wide) in paragraph at lines 549--549
\T1/phv/b/n/10 lease
 []


Overfull \hbox (8.13647pt too wide) in paragraph at lines 549--549
\T1/phv/b/n/10 Time| 
 []


Overfull \hbox (8.14548pt too wide) in paragraph at lines 549--549
[]\T1/phv/m/n/10 Knob| 
 []


Underfull \hbox (badness 2486) in paragraph at lines 549--549
[] \T1/phv/b/n/10 X
 []


Overfull \hbox (6.63354pt too wide) in paragraph at lines 549--549
\T1/phv/b/n/10 Hys-
 []


Overfull \hbox (6.63344pt too wide) in paragraph at lines 549--549
\T1/phv/b/n/10 tere-
 []


Overfull \hbox (8.14548pt too wide) in paragraph at lines 549--549
[]\T1/phv/m/n/10 Knob| 
 []


Underfull \hbox (badness 2486) in paragraph at lines 549--549
[] \T1/phv/b/n/10 X
 []


Overfull \hbox (7.12859pt too wide) in paragraph at lines 549--549
\T1/phv/b/n/10 Hold| 
 []


Overfull \hbox (8.14548pt too wide) in paragraph at lines 549--549
[]\T1/phv/m/n/10 Knob| 
 []


Underfull \hbox (badness 10000) in paragraph at lines 549--549
[]
 []


Overfull \hbox (5.13063pt too wide) in paragraph at lines 549--549
\T1/phv/b/n/10 HPF
 []


Overfull \hbox (1.62964pt too wide) in paragraph at lines 549--549
\T1/phv/b/n/10 En-
 []


Overfull \hbox (10.54848pt too wide) in paragraph at lines 549--549
\T1/phv/b/n/10 abled| 
 []


Overfull \hbox (18.15317pt too wide) in paragraph at lines 549--549
[]\T1/phv/m/n/10 Knob/\T1/phv/m/sl/10 In| 
 []


Underfull \hbox (badness 10000) in paragraph at lines 549--549
[]
 []


Overfull \hbox (5.13063pt too wide) in paragraph at lines 549--549
\T1/phv/b/n/10 HPF
 []


Overfull \hbox (7.59659pt too wide) in paragraph at lines 549--549
\T1/phv/b/n/10 Type| 
 []


Underfull \hbox (badness 10000) in paragraph at lines 549--549
[]
 []


Overfull \hbox (5.13063pt too wide) in paragraph at lines 549--549
\T1/phv/b/n/10 HPF
 []


Overfull \hbox (6.63356pt too wide) in paragraph at lines 549--549
\T1/phv/b/n/10 Freq| 
 []


Overfull \hbox (8.14548pt too wide) in paragraph at lines 549--549
[]\T1/phv/m/n/10 Knob
 []


Overfull \hbox (3.13255pt too wide) in paragraph at lines 549--549
\T1/phv/m/n/10 (Sel
 []


Underfull \hbox (badness 10000) in paragraph at lines 549--549
[]
 []


Overfull \hbox (5.13063pt too wide) in paragraph at lines 549--549
\T1/phv/b/n/10 HPF
 []


Overfull \hbox (8.14548pt too wide) in paragraph at lines 549--549
[]\T1/phv/m/n/10 Knob
 []


Overfull \hbox (3.13255pt too wide) in paragraph at lines 549--549
\T1/phv/m/n/10 (Sel
 []


Underfull \hbox (badness 10000) in paragraph at lines 549--549
[]
 []


Overfull \hbox (4.13165pt too wide) in paragraph at lines 549--549
\T1/phv/b/n/10 LPF
 []


Overfull \hbox (1.62964pt too wide) in paragraph at lines 549--549
\T1/phv/b/n/10 En-
 []


Overfull \hbox (10.54848pt too wide) in paragraph at lines 549--549
\T1/phv/b/n/10 abled| 
 []


Overfull \hbox (18.15317pt too wide) in paragraph at lines 549--549
[]\T1/phv/m/n/10 Knob/\T1/phv/m/sl/10 In| 
 []


Underfull \hbox (badness 10000) in paragraph at lines 549--549
[]
 []


Overfull \hbox (4.13165pt too wide) in paragraph at lines 549--549
\T1/phv/b/n/10 LPF
 []


Overfull \hbox (7.59659pt too wide) in paragraph at lines 549--549
\T1/phv/b/n/10 Type| 
 []


Underfull \hbox (badness 10000) in paragraph at lines 549--549
[]
 []


Overfull \hbox (4.13165pt too wide) in paragraph at lines 549--549
\T1/phv/b/n/10 LPF
 []


Overfull \hbox (6.63356pt too wide) in paragraph at lines 549--549
\T1/phv/b/n/10 Freq| 
 []


Overfull \hbox (8.14548pt too wide) in paragraph at lines 549--549
[]\T1/phv/m/n/10 Knob
 []


Overfull \hbox (3.13255pt too wide) in paragraph at lines 549--549
\T1/phv/m/n/10 (Sel
 []


Underfull \hbox (badness 10000) in paragraph at lines 549--549
[]
 []


Overfull \hbox (4.13165pt too wide) in paragraph at lines 549--549
\T1/phv/b/n/10 LPF
 []


Overfull \hbox (8.14548pt too wide) in paragraph at lines 549--549
[]\T1/phv/m/n/10 Knob
 []


Overfull \hbox (3.13255pt too wide) in paragraph at lines 549--549
\T1/phv/m/n/10 (Sel
 []


Underfull \hbox (badness 10000) in paragraph at lines 549--549
[]
 []


Overfull \hbox (1.1346pt too wide) in paragraph at lines 549--549
\T1/phv/b/n/10 Ext
 []


Overfull \hbox (3.36678pt too wide) in paragraph at lines 549--549
\T1/phv/b/n/10 Key| 
 []


Overfull \hbox (18.15317pt too wide) in paragraph at lines 549--549
[]\T1/phv/m/n/10 Knob/\T1/phv/m/sl/10 In| 
 []


Underfull \hbox (badness 10000) in paragraph at lines 549--549
[]
 []


Overfull \hbox (3.36678pt too wide) in paragraph at lines 549--549
\T1/phv/b/n/10 Key
 []


Overfull \hbox (3.13255pt too wide) in paragraph at lines 549--549
\T1/phv/b/n/10 Lis-
 []


Overfull \hbox (0.63066pt too wide) in paragraph at lines 549--549
\T1/phv/b/n/10 ten| 
 []


Overfull \hbox (18.15317pt too wide) in paragraph at lines 549--549
[]\T1/phv/m/n/10 Knob/\T1/phv/m/sl/10 In| 
 []


Underfull \hbox (badness 10000) in paragraph at lines 549--549
[]
 []


Underfull \hbox (badness 10000) in paragraph at lines 549--549
\T1/phv/b/n/10 In-
 []


Overfull \hbox (1.1257pt too wide) in paragraph at lines 549--549
\T1/phv/b/n/10 put
 []


Overfull \hbox (7.13748pt too wide) in paragraph at lines 549--549
\T1/phv/b/n/10 Gain| 
 []


Overfull \hbox (8.14548pt too wide) in paragraph at lines 549--549
[]\T1/phv/m/n/10 Knob| 
 []


Underfull \hbox (badness 10000) in paragraph at lines 549--549
[]
 []


Overfull \hbox (5.62555pt too wide) in paragraph at lines 549--549
\T1/phv/b/n/10 Out-
 []


Overfull \hbox (1.1257pt too wide) in paragraph at lines 549--549
\T1/phv/b/n/10 put
 []


Overfull \hbox (7.13748pt too wide) in paragraph at lines 549--549
\T1/phv/b/n/10 Gain| 
 []


Overfull \hbox (8.14548pt too wide) in paragraph at lines 549--549
[]\T1/phv/m/n/10 Knob| 
 []


Underfull \hbox (badness 10000) in paragraph at lines 549--549
[]
 []


Overfull \hbox (5.63457pt too wide) in paragraph at lines 549--549
\T1/phv/b/n/10 Link| 
 []

[242] [243]

Package hyperref Warning: Token not allowed in a PDF string (Unicode):
(hyperref)                removing `math shift' on input line 561.


Package hyperref Warning: Token not allowed in a PDF string (Unicode):
(hyperref)                removing `\vert' on input line 561.


Package hyperref Warning: Token not allowed in a PDF string (Unicode):
(hyperref)                removing `math shift' on input line 561.

[244]
Underfull \hbox (badness 10000) detected at line 623
[][][]
 []


Overfull \hbox (22.92236pt too wide) in paragraph at lines 670--670
[][]| 
 []


Overfull \hbox (22.92236pt too wide) in paragraph at lines 670--670
[][]| 
 []


Overfull \hbox (22.92236pt too wide) in paragraph at lines 670--670
[][]| 
 []


Overfull \hbox (22.92236pt too wide) in paragraph at lines 670--670
[][]| 
 []


Overfull \hbox (37.60107pt too wide) in paragraph at lines 670--670
[][]| 
 []


Overfull \hbox (47.9779pt too wide) in paragraph at lines 670--670
[][]| 
 []


Overfull \hbox (115.36858pt too wide) in paragraph at lines 670--670
[][]| 
 []


Overfull \hbox (128.53535pt too wide) in paragraph at lines 670--670
[][]| 
 []


Overfull \hbox (251.8598pt too wide) in paragraph at lines 670--670
[][]| 
 []


Overfull \hbox (202.83775pt too wide) in paragraph at lines 670--670
[][]| 
 []


Overfull \hbox (55.79868pt too wide) in paragraph at lines 670--670
[][]| 
 []


Overfull \hbox (55.79868pt too wide) in paragraph at lines 670--670
[][]| 
 []

[245]
Underfull \hbox (badness 1590) in paragraph at lines 710--711
\T1/phv/m/n/10 strat-ing non-[]EUCON \T1/pcr/m/n/10 Page[]Table \T1/phv/m/n/10 
el-e-ments. For the EU-CON \T1/pcr/m/n/10 Page[]Table \T1/phv/m/n/10 el-e-ment 
spec-i-fi-ca-tion, see
 []

[246] [247] [248]
Underfull \hbox (badness 1072) in paragraph at lines 913--914
\T1/phv/m/n/10 The \T1/pcr/m/n/10 ID \T1/phv/m/n/10 tags/arguments in a page ta
-ble must ref-er-ence pa-ram-e-ters which are ex-posed by the plug-in\TS1/phv/m
/n/10 '\T1/phv/m/n/10 s
 []

[249]
Underfull \hbox (badness 10000) detected at line 930
[][][]
 []


Underfull \hbox (badness 10000) detected at line 977
[][][]
 []

[250] [251]
Overfull \vbox (34.0761pt too high) has occurred while \output is active []


[252] [253] [254]
Underfull \hbox (badness 10000) in paragraph at lines 1142--1143
\T1/pcr/m/n/10 AAX[]_[][]Result Get[]Parameter[]Value[]Info ( AAX[]_[][]CParam[
]ID i[]Parameter[]ID, int32[]_[]t i[]
 []

[255]
Underfull \hbox (badness 10000) detected at line 1214
[][][]
 []

[256]) (./a00932.tex [257] [258] [259] [260]
Overfull \hbox (58.35622pt too wide) in paragraph at lines 111--111
[]\T1/pcr/m/n/8 *** Digidesign Session Trace for: /Applications/Pro Tools 11.0.
2 3PDev.app (pid=0x5aff, version=11.0.2d626) 
 []


Overfull \hbox (15.15619pt too wide) in paragraph at lines 112--112
[]\T1/pcr/m/n/8 *** Starting Timestamp: Tuesday, January 7, 2014 4:10:57 PM Eas
tern Standard Time (89706938666 uS)[] 
 []


Overfull \hbox (231.15633pt too wide) in paragraph at lines 113--113
[]\T1/pcr/m/n/8 *** System Details: OS Version: 10.8,5, CPU Speed:  2.7 gHz, Ar
chitecture: Intel 64 bit, Num Processors: 8 logical 4 physical, Memory: 16384 M
B[] 
 []


Overfull \hbox (39.1562pt too wide) in paragraph at lines 114--114
[]\T1/pcr/m/n/8 *** DigiTrace Config File: /Applications/Pro Tools 11.0.2 3PDev
.app/Contents/Resources/config.digitrace[] 
 []

[261]
Underfull \hbox (badness 10000) detected at line 183
[][][]
 []

[262]
Overfull \hbox (36.75589pt too wide) in paragraph at lines 209--210
[]\T1/pcr/m/n/10 Int([]LL)[]: hst[]Er=0, io[]Er=0, dif=2665(2891,23129), tot=\T
1/pcr/m/sl/10 2517\T1/pcr/m/n/10 (\T1/pcr/m/sl/10 1648\T1/pcr/m/n/10 ,2317), in
=51(58,83),
 []


Underfull \hbox (badness 10000) in paragraph at lines 209--210
\T1/pcr/m/n/10 clbk=2158(1508,2158), out=108(99,164), offset=[]12[], mxW=1101(\
T1/pcr/m/sl/10 com.[]avid.[]aax.[]
 []

[263]
Overfull \hbox (24.7562pt too wide) in paragraph at lines 242--242
[]\T1/pcr/m/n/8 176605252779,00307,0f09: 2016-07-19 23:36:32.499 PTC_Mgr::Idle(
) -- performing task (Websocket Base)[] 
 []


Underfull \hbox (badness 10000) detected at line 260
[][][]
 []


Underfull \hbox (badness 1325) in paragraph at lines 264--265
 \T1/phv/b/n/10 12.47.7.1.1 Trac-ing for AAX DSP[] \T1/phv/m/n/10 The [] and []
 macros, as well as
 []

[264] [265] [266] [267]) (./a00933.tex [268]
Underfull \hbox (badness 1072) in paragraph at lines 13--14
[]\T1/phv/m/n/10 A hash con-tain-ing lists in com-pact yaml syn-tax \T1/pcr/m/n
/10 { key1[]: []val1, val2[], key2[]: []val3,
 []


Underfull \hbox (badness 10000) in paragraph at lines 13--14

 []


Underfull \hbox (badness 10000) in paragraph at lines 30--31

 []

[269]
Underfull \hbox (badness 10000) in paragraph at lines 49--50

 []


Underfull \hbox (badness 10000) in paragraph at lines 51--52

 []


Underfull \hbox (badness 10000) in paragraph at lines 53--54

 []


Underfull \hbox (badness 10000) in paragraph at lines 55--56

 []


Underfull \hbox (badness 10000) in paragraph at lines 57--58

 []


Underfull \hbox (badness 10000) detected at line 63
[][][]
 []


Underfull \hbox (badness 10000) in paragraph at lines 68--69

 []

[270]
LaTeX Font Info:    Font shape `TS1/pcr/m/it' in size <10> not available
(Font)              Font shape `TS1/pcr/m/sl' tried instead on input line 104.

Overfull \hbox (16.73743pt too wide) in paragraph at lines 104--105
[]\T1/pcr/m/sl/10 cyclesshared {spec[]: []\TS1/pcr/m/sl/10 '\T1/pcr/m/sl/10 AVI
D\TS1/pcr/m/sl/10 '\T1/pcr/m/sl/10 , \TS1/pcr/m/sl/10 '\T1/pcr/m/sl/10 Dm[]Gn\T
S1/pcr/m/sl/10 '\T1/pcr/m/sl/10 , \TS1/pcr/m/sl/10 '\T1/pcr/m/sl/10 DGDT\TS1/pc
r/m/sl/10 '[]\T1/pcr/m/sl/10 , load[]_[]preset[]: "my[]Settings.[]
 []

[271]
Underfull \hbox (badness 1721) in paragraph at lines 135--136
 \T1/phv/b/n/10 12.48.4.1.1 Per-for-mance pro-fil-ing and test sig-nals[] \T1/p
hv/m/n/10 Some al-go-rithms\TS1/phv/m/n/10 ' \T1/phv/m/n/10 per-for-mance char-
ac-ter-is-tics are
 []

[272]
Underfull \hbox (badness 10000) in paragraph at lines 166--167

 []


Underfull \hbox (badness 10000) in paragraph at lines 168--169

 []


Underfull \hbox (badness 10000) in paragraph at lines 170--171

 []


Underfull \hbox (badness 10000) detected at line 172
[][][]
 []


Underfull \hbox (badness 10000) in paragraph at lines 173--174

 []


Underfull \hbox (badness 10000) in paragraph at lines 177--178

 []


Underfull \hbox (badness 10000) in paragraph at lines 179--180

 []


Underfull \hbox (badness 10000) in paragraph at lines 181--182

 []

[273]
Underfull \hbox (badness 10000) in paragraph at lines 183--184

 []


Underfull \hbox (badness 10000) in paragraph at lines 185--186

 []


Underfull \hbox (badness 10000) detected at line 196
[][][]
 []

) (./a00934.tex [274]
Underfull \hbox (badness 10000) detected at line 11
[][][]
 []


Underfull \hbox (badness 10000) in paragraph at lines 43--44
[]\T1/pcr/m/n/10 run[]_[]test.[]command --script DSH[]_[][]Sig[]Cancellation -a
 sample[]_[]rate=48000 -a
 []

[275] [276] [277]
Underfull \hbox (badness 10000) detected at line 196
[][][]
 []


Underfull \hbox (badness 10000) detected at line 202
[][][]
 []

) (./a00935.tex [278]) (./a00936.tex
LaTeX Font Info:    Font shape `TS1/phv/b/n' will be
(Font)              scaled to size 10.79993pt on input line 5.
) (./a00937.tex [279]
Underfull \hbox (badness 10000) detected at line 9
[][][]
 []


Overfull \hbox (35.2706pt too wide) in paragraph at lines 10--11
[]\T1/phv/m/n/10 This con-ve-nience class as-sumes a mono-lithic pro-cess-ing e
n-vi-ron-ment (i.[]e. []
 []

) (./a00938.tex [280]) (./a00939.tex [281]) (./a00940.tex
Overfull \hbox (139.95627pt too wide) in paragraph at lines 17--17
[]\T1/pcr/m/n/8 Sys_PACE::GetDigitalSignature - looking for Eden dsig for path 
"/Applications/ProTools/Plug-Ins/DemoGain_example.aaxplugin/" 
 []


Overfull \hbox (67.95622pt too wide) in paragraph at lines 18--18
[]\T1/pcr/m/n/8 Sys_PACE::GetDigitalSignature - dsig error name /Applications/P
roTools/Plug-Ins/DemoGain_example.aaxplugin/ 0[] 
 []


Overfull \hbox (91.95624pt too wide) in paragraph at lines 20--20
[]\T1/pcr/m/n/8 Sys_PACE::GetDigitalSignature - did NOT get valid dsig /Applica
tions/ProTools/Plug-Ins/DemoGain_example.aaxplugin/[] 
 []

[282]
Underfull \hbox (badness 10000) detected at line 56
[][][]
 []

[283] [284]) (./a00941.tex [285] [286] [287] [288]) (./a00942.tex

Package hyperref Warning: Difference (2) between bookmark levels is greater 
(hyperref)                than one, level fixed on input line 5.


Underfull \hbox (badness 10000) in paragraph at lines 13--13

 []


Underfull \hbox (badness 10000) in paragraph at lines 16--16

 []


Underfull \hbox (badness 10000) in paragraph at lines 19--19

 []


Underfull \hbox (badness 10000) in paragraph at lines 22--22

 []


Underfull \hbox (badness 10000) in paragraph at lines 25--25

 []


Underfull \hbox (badness 10000) in paragraph at lines 28--28

 []


Underfull \hbox (badness 10000) in paragraph at lines 31--31

 []


Underfull \hbox (badness 10000) in paragraph at lines 34--34

 []


Underfull \hbox (badness 10000) in paragraph at lines 37--37

 []


Underfull \hbox (badness 10000) in paragraph at lines 40--40

 []


Underfull \hbox (badness 10000) in paragraph at lines 43--43

 []

[289]
Underfull \hbox (badness 10000) in paragraph at lines 46--46

 []


Underfull \hbox (badness 10000) in paragraph at lines 49--49

 []


Underfull \hbox (badness 10000) in paragraph at lines 52--52

 []


Underfull \hbox (badness 10000) in paragraph at lines 60--60

 []


Underfull \hbox (badness 10000) in paragraph at lines 63--63

 []


Underfull \hbox (badness 10000) in paragraph at lines 66--66

 []


Underfull \hbox (badness 10000) in paragraph at lines 69--69

 []


Underfull \hbox (badness 10000) in paragraph at lines 72--72

 []


Underfull \hbox (badness 10000) in paragraph at lines 80--80

 []


Underfull \hbox (badness 10000) in paragraph at lines 83--83

 []


Underfull \hbox (badness 10000) in paragraph at lines 86--86

 []

) (./a00943.tex [290]
Underfull \vbox (badness 10000) detected at line 32
 []


Underfull \hbox (badness 10000) detected at line 35
[][][]
 []


Underfull \vbox (badness 10000) detected at line 58
 []

[291]
Underfull \vbox (badness 10000) detected at line 103
 []


Underfull \hbox (badness 968) in paragraph at lines 125--125
[][] \T1/phv/m/n/10 (fourth through sev-enth
 []


Underfull \hbox (badness 10000) in paragraph at lines 125--125
[]\T1/phv/m/n/10 10.[]3.[]8, 11.[]0$[]$,
 []


Underfull \vbox (badness 10000) detected at line 125
 []

[292]
Underfull \hbox (badness 10000) detected at line 129
[][][]
 []

pdfTeX warning (ext4): destination with the same identifier (name{a00879__compa
tibility_notes000018}) has been already used, duplicate ignored
<to be read again> 
                   \relax 
l.135 ...target{a00879__compatibility_notes000018}
                                                  %pdfTeX warning (ext4): desti
nation with the same identifier (name{a00879__compatibility_notes000019}) has b
een already used, duplicate ignored
<to be read again> 
                   \relax 
l.138 ...target{a00879__compatibility_notes000019}
                                                  %pdfTeX warning (ext4): desti
nation with the same identifier (name{a00879__compatibility_notes000008}) has b
een already used, duplicate ignored
<to be read again> 
                   \relax 
l.143 ...target{a00879__compatibility_notes000008}
                                                  %pdfTeX warning (ext4): desti
nation with the same identifier (name{a00879__compatibility_notes000044}) has b
een already used, duplicate ignored
<to be read again> 
                   \relax 
l.146 ...target{a00879__compatibility_notes000044}
                                                  %pdfTeX warning (ext4): desti
nation with the same identifier (name{a00879__compatibility_notes000023}) has b
een already used, duplicate ignored
<to be read again> 
                   \relax 
l.149 ...target{a00879__compatibility_notes000023}
                                                  %pdfTeX warning (ext4): desti
nation with the same identifier (name{a00879__compatibility_notes000022}) has b
een already used, duplicate ignored
<to be read again> 
                   \relax 
l.152 ...target{a00879__compatibility_notes000022}
                                                  %pdfTeX warning (ext4): desti
nation with the same identifier (name{a00879__compatibility_notes000024}) has b
een already used, duplicate ignored
<to be read again> 
                   \relax 
l.155 ...target{a00879__compatibility_notes000024}
                                                  %pdfTeX warning (ext4): desti
nation with the same identifier (name{a00879__compatibility_notes000045}) has b
een already used, duplicate ignored
<to be read again> 
                   \relax 
l.158 ...target{a00879__compatibility_notes000045}
                                                  %pdfTeX warning (ext4): desti
nation with the same identifier (name{a00879__compatibility_notes000020}) has b
een already used, duplicate ignored
<to be read again> 
                   \relax 
l.161 ...target{a00879__compatibility_notes000020}
                                                  %pdfTeX warning (ext4): desti
nation with the same identifier (name{a00879__compatibility_notes000027}) has b
een already used, duplicate ignored
<to be read again> 
                   \relax 
l.164 ...target{a00879__compatibility_notes000027}
                                                  %pdfTeX warning (ext4): desti
nation with the same identifier (name{a00879__compatibility_notes000026}) has b
een already used, duplicate ignored
<to be read again> 
                   \relax 
l.169 ...target{a00879__compatibility_notes000026}
                                                  % [293]pdfTeX warning (ext4):
 destination with the same identifier (name{a00879__compatibility_notes000034})
 has been already used, duplicate ignored
<to be read again> 
                   \relax 
l.174 ...target{a00879__compatibility_notes000034}
                                                  %pdfTeX warning (ext4): desti
nation with the same identifier (name{a00879__compatibility_notes000030}) has b
een already used, duplicate ignored
<to be read again> 
                   \relax 
l.177 ...target{a00879__compatibility_notes000030}
                                                  %pdfTeX warning (ext4): desti
nation with the same identifier (name{a00879__compatibility_notes000031}) has b
een already used, duplicate ignored
<to be read again> 
                   \relax 
l.180 ...target{a00879__compatibility_notes000031}
                                                  %pdfTeX warning (ext4): desti
nation with the same identifier (name{a00879__compatibility_notes000043}) has b
een already used, duplicate ignored
<to be read again> 
                   \relax 
l.183 ...target{a00879__compatibility_notes000043}
                                                  %pdfTeX warning (ext4): desti
nation with the same identifier (name{a00879__compatibility_notes000039}) has b
een already used, duplicate ignored
<to be read again> 
                   \relax 
l.186 ...target{a00879__compatibility_notes000039}
                                                  %pdfTeX warning (ext4): desti
nation with the same identifier (name{a00879__compatibility_notes000041}) has b
een already used, duplicate ignored
<to be read again> 
                   \relax 
l.189 ...target{a00879__compatibility_notes000041}
                                                  %pdfTeX warning (ext4): desti
nation with the same identifier (name{a00879__compatibility_notes000035}) has b
een already used, duplicate ignored
<to be read again> 
                   \relax 
l.192 ...target{a00879__compatibility_notes000035}
                                                  %pdfTeX warning (ext4): desti
nation with the same identifier (name{a00879__compatibility_notes000038}) has b
een already used, duplicate ignored
<to be read again> 
                   \relax 
l.195 ...target{a00879__compatibility_notes000038}
                                                  %pdfTeX warning (ext4): desti
nation with the same identifier (name{a00879__compatibility_notes000029}) has b
een already used, duplicate ignored
<to be read again> 
                   \relax 
l.198 ...target{a00879__compatibility_notes000029}
                                                  %pdfTeX warning (ext4): desti
nation with the same identifier (name{a00879__compatibility_notes000040}) has b
een already used, duplicate ignored
<to be read again> 
                   \relax 
l.201 ...target{a00879__compatibility_notes000040}
                                                  %pdfTeX warning (ext4): desti
nation with the same identifier (name{a00879__compatibility_notes000028}) has b
een already used, duplicate ignored
<to be read again> 
                   \relax 
l.204 ...target{a00879__compatibility_notes000028}
                                                  %pdfTeX warning (ext4): desti
nation with the same identifier (name{a00879__compatibility_notes000032}) has b
een already used, duplicate ignored
<to be read again> 
                   \relax 
l.209 ...target{a00879__compatibility_notes000032}
                                                  %pdfTeX warning (ext4): desti
nation with the same identifier (name{a00879__compatibility_notes000036}) has b
een already used, duplicate ignored
<to be read again> 
                   \relax 
l.212 ...target{a00879__compatibility_notes000036}
                                                  %pdfTeX warning (ext4): desti
nation with the same identifier (name{a00879__compatibility_notes000037}) has b
een already used, duplicate ignored
<to be read again> 
                   \relax 
l.215 ...target{a00879__compatibility_notes000037}
                                                  %pdfTeX warning (ext4): desti
nation with the same identifier (name{a00879__compatibility_notes000033}) has b
een already used, duplicate ignored
<to be read again> 
                   \relax 
l.218 ...target{a00879__compatibility_notes000033}
                                                  %pdfTeX warning (ext4): desti
nation with the same identifier (name{a00879__compatibility_notes000025}) has b
een already used, duplicate ignored
<to be read again> 
                   \relax 
l.221 ...target{a00879__compatibility_notes000025}
                                                  %pdfTeX warning (ext4): desti
nation with the same identifier (name{a00879__compatibility_notes000042}) has b
een already used, duplicate ignored
<to be read again> 
                   \relax 
l.226 ...target{a00879__compatibility_notes000042}
                                                  %pdfTeX warning (ext4): desti
nation with the same identifier (name{a00879__compatibility_notes000021}) has b
een already used, duplicate ignored
<to be read again> 
                   \relax 
l.229 ...target{a00879__compatibility_notes000021}
                                                  %pdfTeX warning (ext4): desti
nation with the same identifier (name{a00879__compatibility_notes000047}) has b
een already used, duplicate ignored
<to be read again> 
                   \relax 
l.232 ...target{a00879__compatibility_notes000047}
                                                  %pdfTeX warning (ext4): desti
nation with the same identifier (name{a00879__compatibility_notes000046}) has b
een already used, duplicate ignored
<to be read again> 
                   \relax 
l.235 ...target{a00879__compatibility_notes000046}
                                                  %pdfTeX warning (ext4): desti
nation with the same identifier (name{a00879__compatibility_notes000068}) has b
een already used, duplicate ignored
<to be read again> 
                   \relax 
l.238 ...target{a00879__compatibility_notes000068}
                                                  %pdfTeX warning (ext4): desti
nation with the same identifier (name{a00879__compatibility_notes000066}) has b
een already used, duplicate ignored
<to be read again> 
                   \relax 
l.241 ...target{a00879__compatibility_notes000066}
                                                  % [294]pdfTeX warning (ext4):
 destination with the same identifier (name{a00879__compatibility_notes000062})
 has been already used, duplicate ignored
<to be read again> 
                   \relax 
l.244 ...target{a00879__compatibility_notes000062}
                                                  %pdfTeX warning (ext4): desti
nation with the same identifier (name{a00879__compatibility_notes000065}) has b
een already used, duplicate ignored
<to be read again> 
                   \relax 
l.251 ...target{a00879__compatibility_notes000065}
                                                  %pdfTeX warning (ext4): desti
nation with the same identifier (name{a00879__compatibility_notes000063}) has b
een already used, duplicate ignored
<to be read again> 
                   \relax 
l.254 ...target{a00879__compatibility_notes000063}
                                                  %pdfTeX warning (ext4): desti
nation with the same identifier (name{a00879__compatibility_notes000064}) has b
een already used, duplicate ignored
<to be read again> 
                   \relax 
l.258 ...target{a00879__compatibility_notes000064}
                                                  %pdfTeX warning (ext4): desti
nation with the same identifier (name{a00879__compatibility_notes000067}) has b
een already used, duplicate ignored
<to be read again> 
                   \relax 
l.261 ...target{a00879__compatibility_notes000067}
                                                  %pdfTeX warning (ext4): desti
nation with the same identifier (name{a00879__compatibility_notes000049}) has b
een already used, duplicate ignored
<to be read again> 
                   \relax 
l.264 ...target{a00879__compatibility_notes000049}
                                                  %
Underfull \hbox (badness 2119) in paragraph at lines 266--266
[]\T1/phv/b/n/10 Member [] (AAX[]_[][]CType[]ID i[]Curve[]Type, const float $\O
MS/cmsy/m/n/10 ^^C$\T1/phv/b/n/10 i[]Values,
 []

pdfTeX warning (ext4): destination with the same identifier (name{a00879__compa
tibility_notes000050}) has been already used, duplicate ignored
<to be read again> 
                   \relax 
l.267 ...target{a00879__compatibility_notes000050}
                                                  %
Underfull \hbox (badness 10000) in paragraph at lines 269--269
[]\T1/phv/b/n/10 Member [] (AAX[]_[][]CParam[]ID i[]Parameter[]ID,
 []

pdfTeX warning (ext4): destination with the same identifier (name{a00879__compa
tibility_notes000048}) has been already used, duplicate ignored
<to be read again> 
                   \relax 
l.270 ...target{a00879__compatibility_notes000048}
                                                  %
Underfull \hbox (badness 905) in paragraph at lines 272--272
[]\T1/phv/b/n/10 Member [] (AAX[]_[][]CField[]Index in[]Field[]Index, int32[]_[
]t in[]
 []

pdfTeX warning (ext4): destination with the same identifier (name{a00879__compa
tibility_notes000052}) has been already used, duplicate ignored
<to be read again> 
                   \relax 
l.273 ...target{a00879__compatibility_notes000052}
                                                  %pdfTeX warning (ext4): desti
nation with the same identifier (name{a00879__compatibility_notes000053}) has b
een already used, duplicate ignored
<to be read again> 
                   \relax 
l.277 ...target{a00879__compatibility_notes000053}
                                                  %pdfTeX warning (ext4): desti
nation with the same identifier (name{a00879__compatibility_notes000051}) has b
een already used, duplicate ignored
<to be read again> 
                   \relax 
l.280 ...target{a00879__compatibility_notes000051}
                                                  %pdfTeX warning (ext4): desti
nation with the same identifier (name{a00879__compatibility_notes000054}) has b
een already used, duplicate ignored
<to be read again> 
                   \relax 
l.283 ...target{a00879__compatibility_notes000054}
                                                  %pdfTeX warning (ext4): desti
nation with the same identifier (name{a00879__compatibility_notes000055}) has b
een already used, duplicate ignored
<to be read again> 
                   \relax 
l.286 ...target{a00879__compatibility_notes000055}
                                                  %pdfTeX warning (ext4): desti
nation with the same identifier (name{a00879__compatibility_notes000056}) has b
een already used, duplicate ignored
<to be read again> 
                   \relax 
l.289 ...target{a00879__compatibility_notes000056}
                                                  % [295]pdfTeX warning (ext4):
 destination with the same identifier (name{a00879__compatibility_notes000060})
 has been already used, duplicate ignored
<to be read again> 
                   \relax 
l.301 ...target{a00879__compatibility_notes000060}
                                                  %pdfTeX warning (ext4): desti
nation with the same identifier (name{a00879__compatibility_notes000058}) has b
een already used, duplicate ignored
<to be read again> 
                   \relax 
l.304 ...target{a00879__compatibility_notes000058}
                                                  %pdfTeX warning (ext4): desti
nation with the same identifier (name{a00879__compatibility_notes000057}) has b
een already used, duplicate ignored
<to be read again> 
                   \relax 
l.307 ...target{a00879__compatibility_notes000057}
                                                  %pdfTeX warning (ext4): desti
nation with the same identifier (name{a00879__compatibility_notes000059}) has b
een already used, duplicate ignored
<to be read again> 
                   \relax 
l.310 ...target{a00879__compatibility_notes000059}
                                                  %pdfTeX warning (ext4): desti
nation with the same identifier (name{a00879__compatibility_notes000061}) has b
een already used, duplicate ignored
<to be read again> 
                   \relax 
l.313 ...target{a00879__compatibility_notes000061}
                                                  %pdfTeX warning (ext4): desti
nation with the same identifier (name{a00879__compatibility_notes000009}) has b
een already used, duplicate ignored
<to be read again> 
                   \relax 
l.316 ...target{a00879__compatibility_notes000009}
                                                  %pdfTeX warning (ext4): desti
nation with the same identifier (name{a00879__compatibility_notes000010}) has b
een already used, duplicate ignored
<to be read again> 
                   \relax 
l.319 ...target{a00879__compatibility_notes000010}
                                                  %pdfTeX warning (ext4): desti
nation with the same identifier (name{a00879__compatibility_notes000011}) has b
een already used, duplicate ignored
<to be read again> 
                   \relax 
l.322 ...target{a00879__compatibility_notes000011}
                                                  %pdfTeX warning (ext4): desti
nation with the same identifier (name{a00879__compatibility_notes000012}) has b
een already used, duplicate ignored
<to be read again> 
                   \relax 
l.326 ...target{a00879__compatibility_notes000012}
                                                  %pdfTeX warning (ext4): desti
nation with the same identifier (name{a00879__compatibility_notes000016}) has b
een already used, duplicate ignored
<to be read again> 
                   \relax 
l.329 ...target{a00879__compatibility_notes000016}
                                                  %pdfTeX warning (ext4): desti
nation with the same identifier (name{a00879__compatibility_notes000017}) has b
een already used, duplicate ignored
<to be read again> 
                   \relax 
l.333 ...target{a00879__compatibility_notes000017}
                                                  %pdfTeX warning (ext4): desti
nation with the same identifier (name{a00879__compatibility_notes000001}) has b
een already used, duplicate ignored
<to be read again> 
                   \relax 
l.336 ...target{a00879__compatibility_notes000001}
                                                  %pdfTeX warning (ext4): desti
nation with the same identifier (name{a00879__compatibility_notes000014}) has b
een already used, duplicate ignored
<to be read again> 
                   \relax 
l.339 ...target{a00879__compatibility_notes000014}
                                                  %pdfTeX warning (ext4): desti
nation with the same identifier (name{a00879__compatibility_notes000013}) has b
een already used, duplicate ignored
<to be read again> 
                   \relax 
l.343 ...target{a00879__compatibility_notes000013}
                                                  % [296]pdfTeX warning (ext4):
 destination with the same identifier (name{a00879__compatibility_notes000002})
 has been already used, duplicate ignored
<to be read again> 
                   \relax 
l.346 ...target{a00879__compatibility_notes000002}
                                                  %pdfTeX warning (ext4): desti
nation with the same identifier (name{a00879__compatibility_notes000003}) has b
een already used, duplicate ignored
<to be read again> 
                   \relax 
l.349 ...target{a00879__compatibility_notes000003}
                                                  %pdfTeX warning (ext4): desti
nation with the same identifier (name{a00879__compatibility_notes000006}) has b
een already used, duplicate ignored
<to be read again> 
                   \relax 
l.352 ...target{a00879__compatibility_notes000006}
                                                  %pdfTeX warning (ext4): desti
nation with the same identifier (name{a00879__compatibility_notes000005}) has b
een already used, duplicate ignored
<to be read again> 
                   \relax 
l.356 ...target{a00879__compatibility_notes000005}
                                                  %pdfTeX warning (ext4): desti
nation with the same identifier (name{a00879__compatibility_notes000004}) has b
een already used, duplicate ignored
<to be read again> 
                   \relax 
l.360 ...target{a00879__compatibility_notes000004}
                                                  %pdfTeX warning (ext4): desti
nation with the same identifier (name{a00879__compatibility_notes000007}) has b
een already used, duplicate ignored
<to be read again> 
                   \relax 
l.364 ...target{a00879__compatibility_notes000007}
                                                  %pdfTeX warning (ext4): desti
nation with the same identifier (name{a00879__compatibility_notes000015}) has b
een already used, duplicate ignored
<to be read again> 
                   \relax 
l.367 ...target{a00879__compatibility_notes000015}
                                                  %) (./a00944.tex [297]
[298]
Underfull \hbox (badness 791) in paragraph at lines 72--73
[]\T1/phv/m/n/10 Discussion[]: Demo[]MIDI[]_[][]Sampler and Demo[]MIDI[]_[][]Sy
nth are now re-stricted to not use multi-mono, via the
 []

[299]
Underfull \hbox (badness 3884) in paragraph at lines 84--85
[]\T1/phv/m/n/10 The "[]Load Pro[]Tools Plug-in Sym-bols" script gives the fol-
low-ing warning[]: \T1/pcr/m/n/10 D[]:/[]Code[]_[]7/dev.ws.[]
 []


Overfull \hbox (117.7374pt too wide) in paragraph at lines 84--85
\T1/pcr/m/n/10 backup-win7-concert/[]AAX/[]Internal/[]System[]Software/[]TIShel
l/[]CCS[]_[][]Project/[]TIShell/../../../../../../[]
 []


Overfull \hbox (18.75589pt too wide) in paragraph at lines 84--85
\T1/pcr/m/n/10 Win[]Bag/x64/[]Release/bin/[]TIShell.out does not exist! Please 
question everything. 
 []

[300] [301] [302] [303] [304] [305] [306] [307]
Overfull \hbox (53.62517pt too wide) in paragraph at lines 296--297
[]\T1/phv/m/n/10 This bug can oc-cur if a multi-mono plug-in pre-ceeds a mul-ti
-chan-nel plug-in which sets [] 
 []


Underfull \hbox (badness 3557) in paragraph at lines 299--300
\T1/phv/m/n/10 AAX plug-in pa-ram-e-ter han-dling may cause au-dio glitches on 
Win-dows for plug-ins with very long
 []

[308] [309] [310]
Overfull \hbox (85.63672pt too wide) in paragraph at lines 358--358
[]\T1/phv/m/n/10 Resolution[]: This en-hance-ment will be sup-ported in a Pro T
ools 2019 re-lease; see [][] 
 []


Overfull \hbox (49.0973pt too wide) in paragraph at lines 377--378
[]\T1/phv/m/n/10 Workaround[]: Make all calls to [] within the scope of [] 
 []

[311] [312] [313] [314] [315] [316]
Overfull \hbox (16.03175pt too wide) in paragraph at lines 507--508
\T1/phv/m/n/10 Pro Tools uses a hard-coded ver-sion string when pub-lish-ing it
s ver-sion to AAX plug-ins ([]) 
 []

[317] [318]
Overfull \hbox (17.9223pt too wide) in paragraph at lines 571--572
\T1/phv/m/n/10 Pro Tools has a prob-lem with [] be-ing called dur-ing [] 
 []

[319] [320] [321] [322] [323] [324] [325] [326] [327] [328] [329]
Underfull \hbox (badness 3108) in paragraph at lines 818--818
[]\T1/phv/m/n/10 Workaround[]: In or-der for a plug-in\TS1/phv/m/n/10 '\T1/phv/
m/n/10 s Dy-nam-ics curve to be dis-played, the plug-in must im-ple-ment
 []

[330]) (./a00945.tex
Underfull \hbox (badness 10000) detected at line 5
[][][]
 []


Overfull \hbox (71.08282pt too wide) in paragraph at lines 15--16
[]\T1/phv/m/n/10 Added warn-ings against set-ting cached plu-gin in-for-ma-tion
 based on run-time checks. See []
 []

[331] [332]
Overfull \hbox (63.7389pt too wide) in paragraph at lines 105--106
[]\T1/phv/m/n/10 Added ad-di-tional ref-er-ence im-ple-men-ta-tions of [] - [] 
and [] 
 []

[333]
Overfull \hbox (45.0527pt too wide) in paragraph at lines 123--124
\T1/phv/m/n/10 and [], with im-ple-men-ta-tion usu-ally per-formed via [] 
 []


Underfull \hbox (badness 804) in paragraph at lines 129--130
[]\T1/phv/m/n/10 Added re-turn value checks for in-ter-nal calls to [] and
 []

[334]
Underfull \hbox (badness 10000) in paragraph at lines 182--183
[]\T1/phv/m/n/10 Added [] , [] ,
 []

[335]
Underfull \hbox (badness 1205) in paragraph at lines 191--192
[]\T1/phv/m/n/10 Corrected the doc-u-mented range of ac-cept-able val-ues be-tw
een [] and
 []

[336]
Underfull \hbox (badness 2435) in paragraph at lines 252--253
[]\T1/phv/m/n/10 Enhanced sup-port for [] - added [], [], and
 []

[337] [338] [339] [340]
Underfull \hbox (badness 2799) in paragraph at lines 359--360
[]\T1/phv/m/n/10 Added the con-cept of a host "fea-ture" which can be queried d
ur-ing De-scribe ex-e-cu-tion us-ing
 []


Overfull \hbox (78.39223pt too wide) in paragraph at lines 372--373
[]\T1/phv/m/n/10 Re-named \T1/pcr/m/n/10 AAX[]_[][]CParameter[]Manager[]::[]Con
trol[]Index[]From[]ID() \T1/phv/m/n/10 to [] 
 []


Underfull \hbox (badness 3492) in paragraph at lines 383--384
[]\T1/phv/m/n/10 Added a new no-ti-fi-ca-tion type for in-for-ma-tion re-gard-i
ng the host\TS1/phv/m/n/10 '\T1/phv/m/n/10 s de-lay com-pen-sa-tion state[]
 []


Underfull \hbox (badness 1019) in paragraph at lines 385--386
[]\T1/phv/m/n/10 Added a prop-erty to al-low dif-fer-ent AAX DSP plug-in types 
to share the same DSP chip even if
 []

[341] [342]
Underfull \hbox (badness 10000) detected at line 438
[][][]
 []

[343]
Underfull \hbox (badness 10000) detected at line 482
[][][]
 []


Overfull \hbox (68.39001pt too wide) in paragraph at lines 491--492
[]\T1/phv/m/n/10 Changed name of \T1/pcr/m/n/10 AAX[]_[]e[]Property[]_[][]Store
[]XMLPage[]Tables[]By[]Type \T1/phv/m/n/10 to []
 []

[344] [345] [346] [347] [348] [349] [350]) (./a00946.tex [351]
Underfull \hbox (badness 10000) detected at line 18
[][][]
 []


Underfull \hbox (badness 10000) detected at line 25
[][][]
 []

[352]
Overfull \hbox (33.59087pt too wide) in paragraph at lines 37--37
 \T1/phv/b/n/10 12.61.1.2.8 Demo[]Gain[]_[][]Param[]Value[]Info[] \T1/phv/m/n/1
0 This ex-am-ple demon-strates an im-ple-men-ta-tion of the []
 []


Underfull \hbox (badness 995) in paragraph at lines 37--37
\T1/phv/m/n/10 method, which is used to prop-erly dis-play cer-tain pa-ram-e-te
r de-tails on at-tached con-trol sur-faces. See
 []


Underfull \hbox (badness 10000) detected at line 41
[][][]
 []


Overfull \hbox (31.39429pt too wide) in paragraph at lines 52--52
 \T1/phv/b/n/10 12.61.1.2.14 Demo[]MIDI[]_[][]Synth[]_[][]Aux[]Output[] \T1/phv
/m/n/10 A vari-a-tion on [] demon-strat-ing the []
 []

[353]) (./a00947.tex [354]
Underfull \hbox (badness 10000) detected at line 13
[][][]
 []


Package hyperref Warning: Token not allowed in a PDF string (Unicode):
(hyperref)                removing `math shift' on input line 36.


Package hyperref Warning: Token not allowed in a PDF string (Unicode):
(hyperref)                removing `\vert' on input line 36.


Package hyperref Warning: Token not allowed in a PDF string (Unicode):
(hyperref)                removing `math shift' on input line 36.


Package hyperref Warning: Token not allowed in a PDF string (Unicode):
(hyperref)                removing `math shift' on input line 41.


Package hyperref Warning: Token not allowed in a PDF string (Unicode):
(hyperref)                removing `\vert' on input line 41.


Package hyperref Warning: Token not allowed in a PDF string (Unicode):
(hyperref)                removing `math shift' on input line 41.

[355] [356] [357]
Underfull \hbox (badness 10000) detected at line 144
[][][]
 []


Underfull \hbox (badness 10000) detected at line 155
[][][]
 []

[358] [359]
Underfull \hbox (badness 10000) detected at line 221
[][][]
 []


Underfull \hbox (badness 1424) in paragraph at lines 225--226
[]\T1/phv/m/n/10 Transport in-ter-face VENUE op-er-ates en-tirely in real-time 
and does not con-tain a time-line of pre-
 []


Overfull \hbox (17.36513pt too wide) in paragraph at lines 243--244
[]\T1/phv/m/n/10 A stan-dard .aax-plu-gin di-rec-tory forms a ba-sic, com-pat-i
-ble plug-in in-staller for VENUE. See []
 []

[360] [361]
Underfull \hbox (badness 10000) detected at line 304
[][][]
 []

[362]
Overfull \hbox (77.53946pt too wide) in paragraph at lines 357--358
[]\T1/phv/m/n/10 The fol-low-ing line should be used to re-port an er-ror mes-s
age from a script[]: \T1/pcr/m/n/10 reg add HKCU\Software\Digidesign\tmp
 []


Underfull \hbox (badness 10000) detected at line 366
[][][]
 []

[363] [364]
Underfull \hbox (badness 10000) detected at line 434
[][][]
 []

[365]
Underfull \hbox (badness 10000) detected at line 479
[][][]
 []


Underfull \hbox (badness 10000) detected at line 519
[][][]
 []


Underfull \hbox (badness 10000) detected at line 525
[][][]
 []

[366]
Underfull \hbox (badness 10000) detected at line 534
[][][]
 []

[367]
Overfull \hbox (43.75592pt too wide) in paragraph at lines 572--573
[]\T1/pcr/m/n/10 reg add HKCU\Software\Digidesign\tmp /f /v Install[]Result /d 
"[]Error description" 
 []


Overfull \hbox (43.75592pt too wide) in paragraph at lines 579--580
[]\T1/pcr/m/n/10 reg add HKCU\Software\Digidesign\tmp /f /v Install[]Result /d 
"[]Error description" 
 []

[368]) [369] [370

]
Chapter 13.
(./a00950.tex [371]
LaTeX Font Info:    Font shape `T1/pcr/m/it' in size <9> not available
(Font)              Font shape `T1/pcr/m/sl' tried instead on input line 109.

Underfull \hbox (badness 1320) in paragraph at lines 128--130
\T1/phv/m/n/10 std[]::vector$\OML/cmm/m/it/10 <$ \T1/phv/m/n/10 std[]::pair$\OM
L/cmm/m/it/10 <$ \T1/phv/m/n/10 int32[]_[]t, int32[]_[]t $\OML/cmm/m/it/10 >$ $
>$ [] \T1/phv/m/n/10 (const T &in[]Table,
 []

[372] [373] [374] [375] [376]
LaTeX Font Info:    Font shape `T1/phv/b/n' will be
(Font)              scaled to size 7.19995pt on input line 528.
 [377]
Underfull \hbox (badness 4341) in paragraph at lines 597--598
[]\T1/phv/m/n/10 References e[]Channel[]Mode[]Data[]_[][]All[]Notes[]Off, e[]Ch
annel[]Mode[]Data[]_[][]All[]Sound[]Off, e[]Channel[]Mode[]Data[]_[][]Omni[]
 []

[378] [379]
Underfull \hbox (badness 10000) detected at line 732
[][][]
 []

[380] [381] [382]
Underfull \hbox (badness 2772) in paragraph at lines 902--903
[]\T1/phv/m/n/10 References AAX[]_[]e[]Stem[]Format[]_[]5[]_[]0, AAX[]_[]e[]Ste
m[]Format[]_[]5[]_[]0[]_[]2, AAX[]_[]e[]Stem[]Format[]_[]5[]_[]0[]_[]4, AAX[]_[
]e[]Stem[]
 []


Underfull \hbox (badness 1028) in paragraph at lines 902--903
\T1/phv/m/n/10 Format[]_[]5[]_[]1, AAX[]_[]e[]Stem[]Format[]_[]5[]_[]1[]_[]2, A
AX[]_[]e[]Stem[]Format[]_[]5[]_[]1[]_[]4, AAX[]_[]e[]Stem[]Format[]_[]6[]_[]0, 
AAX[]_[]e[]Stem[]
 []


Underfull \hbox (badness 4846) in paragraph at lines 902--903
\T1/phv/m/n/10 Format[]_[]6[]_[]1, AAX[]_[]e[]Stem[]Format[]_[]7[]_[]0[]_[]2, A
AX[]_[]e[]Stem[]Format[]_[]7[]_[]0[]_[]4, AAX[]_[]e[]Stem[]Format[]_[]7[]_[]0[]
_[]6, AAX[]_[]e[]
 []


Underfull \hbox (badness 10000) in paragraph at lines 902--903
\T1/phv/m/n/10 Stem[]Format[]_[]7[]_[]0[]_[][]DTS, AAX[]_[]e[]Stem[]Format[]_[]
7[]_[]0[]_[][]SDDS, AAX[]_[]e[]Stem[]Format[]_[]7[]_[]1[]_[]2, AAX[]_[]e[]Stem[
]Format[]_[]
 []


Underfull \hbox (badness 1939) in paragraph at lines 902--903
\T1/phv/m/n/10 7[]_[]1[]_[]4, AAX[]_[]e[]Stem[]Format[]_[]7[]_[]1[]_[]6, AAX[]_
[]e[]Stem[]Format[]_[]7[]_[]1[]_[][]DTS, AAX[]_[]e[]Stem[]Format[]_[]7[]_[]1[]_
[][]SDDS, AAX[]_[]e[]
 []


Underfull \hbox (badness 4595) in paragraph at lines 902--903
\T1/phv/m/n/10 _[]e[]Stem[]Format[]_[][]Ambi[]_[]1[]_[][]ACN, AAX[]_[]e[]Stem[]
Format[]_[][]Ambi[]_[]2[]_[][]ACN, AAX[]_[]e[]Stem[]Format[]_[][]Ambi[]_[]3[]_[
][]ACN, AAX[]_[]
 []


Underfull \hbox (badness 4595) in paragraph at lines 902--903
\T1/phv/m/n/10 e[]Stem[]Format[]_[][]Ambi[]_[]4[]_[][]ACN, AAX[]_[]e[]Stem[]For
mat[]_[][]Ambi[]_[]5[]_[][]ACN, AAX[]_[]e[]Stem[]Format[]_[][]Ambi[]_[]6[]_[][]
ACN, AAX[]_[]e[]
 []


Underfull \hbox (badness 4378) in paragraph at lines 902--903
\T1/phv/m/n/10 AAX[]_[]e[]Stem[]Format[]_[][]LCRS, AAX[]_[]e[]Stem[]Format[]_[]
[]Mono, AAX[]_[]e[]Stem[]Format[]_[][]None, AAX[]_[]e[]Stem[]Format[]_[][]Quad,

 []


Underfull \hbox (badness 2772) in paragraph at lines 912--913
[]\T1/phv/m/n/10 References AAX[]_[]e[]Stem[]Format[]_[]5[]_[]0, AAX[]_[]e[]Ste
m[]Format[]_[]5[]_[]0[]_[]2, AAX[]_[]e[]Stem[]Format[]_[]5[]_[]0[]_[]4, AAX[]_[
]e[]Stem[]
 []


Underfull \hbox (badness 1028) in paragraph at lines 912--913
\T1/phv/m/n/10 Format[]_[]5[]_[]1, AAX[]_[]e[]Stem[]Format[]_[]5[]_[]1[]_[]2, A
AX[]_[]e[]Stem[]Format[]_[]5[]_[]1[]_[]4, AAX[]_[]e[]Stem[]Format[]_[]6[]_[]0, 
AAX[]_[]e[]Stem[]
 []


Underfull \hbox (badness 4846) in paragraph at lines 912--913
\T1/phv/m/n/10 Format[]_[]6[]_[]1, AAX[]_[]e[]Stem[]Format[]_[]7[]_[]0[]_[]2, A
AX[]_[]e[]Stem[]Format[]_[]7[]_[]0[]_[]4, AAX[]_[]e[]Stem[]Format[]_[]7[]_[]0[]
_[]6, AAX[]_[]e[]
 []


Underfull \hbox (badness 10000) in paragraph at lines 912--913
\T1/phv/m/n/10 Stem[]Format[]_[]7[]_[]0[]_[][]DTS, AAX[]_[]e[]Stem[]Format[]_[]
7[]_[]0[]_[][]SDDS, AAX[]_[]e[]Stem[]Format[]_[]7[]_[]1[]_[]2, AAX[]_[]e[]Stem[
]Format[]_[]
 []


Underfull \hbox (badness 1939) in paragraph at lines 912--913
\T1/phv/m/n/10 7[]_[]1[]_[]4, AAX[]_[]e[]Stem[]Format[]_[]7[]_[]1[]_[]6, AAX[]_
[]e[]Stem[]Format[]_[]7[]_[]1[]_[][]DTS, AAX[]_[]e[]Stem[]Format[]_[]7[]_[]1[]_
[][]SDDS, AAX[]_[]e[]
 []


Underfull \hbox (badness 4595) in paragraph at lines 912--913
\T1/phv/m/n/10 _[]e[]Stem[]Format[]_[][]Ambi[]_[]1[]_[][]ACN, AAX[]_[]e[]Stem[]
Format[]_[][]Ambi[]_[]2[]_[][]ACN, AAX[]_[]e[]Stem[]Format[]_[][]Ambi[]_[]3[]_[
][]ACN, AAX[]_[]
 []


Underfull \hbox (badness 4595) in paragraph at lines 912--913
\T1/phv/m/n/10 e[]Stem[]Format[]_[][]Ambi[]_[]4[]_[][]ACN, AAX[]_[]e[]Stem[]For
mat[]_[][]Ambi[]_[]5[]_[][]ACN, AAX[]_[]e[]Stem[]Format[]_[][]Ambi[]_[]6[]_[][]
ACN, AAX[]_[]e[]
 []


Underfull \hbox (badness 4378) in paragraph at lines 912--913
\T1/phv/m/n/10 AAX[]_[]e[]Stem[]Format[]_[][]LCRS, AAX[]_[]e[]Stem[]Format[]_[]
[]Mono, AAX[]_[]e[]Stem[]Format[]_[][]None, AAX[]_[]e[]Stem[]Format[]_[][]Quad,

 []

[383]
Underfull \hbox (badness 10000) in paragraph at lines 922--923
\T1/phv/m/n/10 _[][]DUPLICATE[]_[][]EFFECT[]_[][]ID, AAX[]_[][]ERROR[]_[][]DUPL
ICATE[]_[][]TYPE[]_[][]ID, AAX[]_[][]ERROR[]_[][]EMPTY[]_[][]EFFECT[]_[][]NAME,

 []


Underfull \hbox (badness 10000) in paragraph at lines 922--923
\T1/phv/m/n/10 AAX[]_[][]ERROR[]_[][]FIELD[]_[][]TYPE[]_[][]DOES[]_[][]NOT[]_[]
[]SUPPORT[]_[][]DIRECT[]_[][]ACCESS, AAX[]_[][]ERROR[]_[][]FIFO[]_[][]FULL, AAX
[]
 []


Underfull \hbox (badness 10000) in paragraph at lines 922--923
\T1/phv/m/n/10 _[][]ERROR[]_[][]INCORRECT[]_[][]CHUNK[]_[][]SIZE, AAX[]_[][]ERR
OR[]_[][]INITIALIZING[]_[][]PACKET[]_[][]STREAM[]_[][]THREAD, AAX[]
 []


Underfull \hbox (badness 10000) in paragraph at lines 922--923
\T1/phv/m/n/10 _[][]ERROR[]_[][]INVALID[]_[][]ARGUMENT, AAX[]_[][]ERROR[]_[][]I
NVALID[]_[][]CHUNK[]_[][]ID, AAX[]_[][]ERROR[]_[][]INVALID[]_[][]CHUNK[]_[][]
 []


Underfull \hbox (badness 3861) in paragraph at lines 922--923
\T1/phv/m/n/10 INDEX, AAX[]_[][]ERROR[]_[][]INVALID[]_[][]FIELD[]_[][]INDEX, AA
X[]_[][]ERROR[]_[][]INVALID[]_[][]INTERNAL[]_[][]DATA, AAX[]_[][]ERROR[]_[][]
 []


Underfull \hbox (badness 10000) in paragraph at lines 922--923
\T1/phv/m/n/10 INVALID[]_[][]METER[]_[][]INDEX, AAX[]_[][]ERROR[]_[][]INVALID[]
_[][]METER[]_[][]TYPE, AAX[]_[][]ERROR[]_[][]INVALID[]_[][]PARAMETER[]_[][]
 []


Underfull \hbox (badness 3536) in paragraph at lines 922--923
\T1/phv/m/n/10 ID, AAX[]_[][]ERROR[]_[][]INVALID[]_[][]PARAMETER[]_[][]INDEX, A
AX[]_[][]ERROR[]_[][]INVALID[]_[][]PATH, AAX[]_[][]ERROR[]_[][]INVALID[]_[][]
 []


Underfull \hbox (badness 1577) in paragraph at lines 922--923
\T1/phv/m/n/10 STRING[]_[][]CONVERSION, AAX[]_[][]ERROR[]_[][]INVALID[]_[][]VIE
W[]_[][]SIZE, AAX[]_[][]ERROR[]_[][]MALFORMED[]_[][]CHUNK, AAX[]
 []


Underfull \hbox (badness 10000) in paragraph at lines 922--923
\T1/phv/m/n/10 _[][]ERROR[]_[][]MIXER[]_[][]THREAD[]_[][]FALLING[]_[][]BEHIND, 
AAX[]_[][]ERROR[]_[][]NO[]_[][]COMPONENTS, AAX[]_[][]ERROR[]_[][]NOT[]
 []


Underfull \hbox (badness 10000) in paragraph at lines 922--923
\T1/phv/m/n/10 _[][]INITIALIZED, AAX[]_[][]ERROR[]_[][]NOTIFICATION[]_[][]FAILE
D, AAX[]_[][]ERROR[]_[][]NULL[]_[][]ARGUMENT, AAX[]_[][]ERROR[]
 []


Underfull \hbox (badness 10000) in paragraph at lines 922--923
\T1/phv/m/n/10 _[][]NULL[]_[][]COMPONENT, AAX[]_[][]ERROR[]_[][]NULL[]_[][]OBJE
CT, AAX[]_[][]ERROR[]_[][]OLDER[]_[][]VERSION, AAX[]_[][]ERROR[]_[][]
 []


Underfull \hbox (badness 2050) in paragraph at lines 922--923
\T1/phv/m/n/10 PLUGIN[]_[][]BEGIN, AAX[]_[][]ERROR[]_[][]PLUGIN[]_[][]END, AAX[
]_[][]ERROR[]_[][]PLUGIN[]_[][]NOT[]_[][]AUTHORIZED, AAX[]_[][]ERROR[]
 []


Underfull \hbox (badness 1721) in paragraph at lines 922--923
\T1/phv/m/n/10 _[][]PLUGIN[]_[][]NULL[]_[][]PARAMETER, AAX[]_[][]ERROR[]_[][]PO
RT[]_[][]ID[]_[][]OUT[]_[][]OF[]_[][]RANGE, AAX[]_[][]ERROR[]_[][]POST[]_[][]PA
CKET[]
 []


Underfull \hbox (badness 1742) in paragraph at lines 922--923
\T1/phv/m/n/10 _[][]TOD[]_[][]BEHIND, AAX[]_[][]ERROR[]_[][]UNIMPLEMENTED, AAX[
]_[][]ERROR[]_[][]UNKNOWN[]_[][]EXCEPTION, AAX[]_[][]ERROR[]
 []


Underfull \hbox (badness 2142) in paragraph at lines 922--923
\T1/phv/m/n/10 _[][]UNKNOWN[]_[][]ID, AAX[]_[][]ERROR[]_[][]UNKNOWN[]_[][]PLUGI
N, AAX[]_[][]RESULT[]_[][]ADD[]_[][]FIELD[]_[][]UNSUPPORTED[]_[][]FIELD[]
 []


Underfull \hbox (badness 5519) in paragraph at lines 922--923
\T1/phv/m/n/10 _[][]TYPE, AAX[]_[][]RESULT[]_[][]NEW[]_[][]PACKET[]_[][]POSTED,
 AAX[]_[][]RESULT[]_[][]PACKET[]_[][]STREAM[]_[][]NOT[]_[][]EMPTY, AAX[]_[][]
 []


Underfull \hbox (badness 2894) in paragraph at lines 938--939
[]\T1/phv/m/n/10 References AAX[]_[]e[]Support[]Level[]_[][]By[]Property, AAX[]
_[]e[]Support[]Level[]_[][]Disabled, AAX[]_[]e[]Support[]Level[]_[][]Supported,

 []


Underfull \hbox (badness 986) in paragraph at lines 952--953
[]\T1/phv/m/n/10 Referenced by AAX[]_[][]CLog[]Taper[]Delegate$\OML/cmm/m/it/10
 <$ \T1/phv/m/n/10 T, Real[]Precision $\OML/cmm/m/it/10 >$[]\T1/phv/m/n/10 ::[]
Normalized[]To[]Real(), and AAX[]_[][]CLog[]Taper[]
 []

[384] [385] [386] [387] [388] [389] [390]
Underfull \hbox (badness 10000) detected at line 1312
[][][]
 []

[391]
Underfull \hbox (badness 10000) detected at line 1392
[][][]
 []

[392] [393] [394] [395] [396]) (./a00951.tex) (./a00952.tex [397])
(./a00949.tex [398] [399] [400]) [401] [402

]
Chapter 14.
(./a01768.tex) (./a01996.tex [403] [404] [405]) (./a01808.tex

Package hyperref Warning: Token not allowed in a PDF string (Unicode):
(hyperref)                removing `math shift' on input line 1.


Package hyperref Warning: Token not allowed in a PDF string (Unicode):
(hyperref)                removing `math shift' on input line 1.


Package hyperref Warning: Token not allowed in a PDF string (Unicode):
(hyperref)                removing `math shift' on input line 1.


Package hyperref Warning: Token not allowed in a PDF string (Unicode):
(hyperref)                removing `math shift' on input line 1.

[406] [407] [408]) (./a01804.tex

Package hyperref Warning: Token not allowed in a PDF string (Unicode):
(hyperref)                removing `math shift' on input line 1.


Package hyperref Warning: Token not allowed in a PDF string (Unicode):
(hyperref)                removing `math shift' on input line 1.


Package hyperref Warning: Token not allowed in a PDF string (Unicode):
(hyperref)                removing `math shift' on input line 1.


Package hyperref Warning: Token not allowed in a PDF string (Unicode):
(hyperref)                removing `math shift' on input line 1.

[409] [410] [411]) (./a01812.tex

Package hyperref Warning: Token not allowed in a PDF string (Unicode):
(hyperref)                removing `math shift' on input line 1.


Package hyperref Warning: Token not allowed in a PDF string (Unicode):
(hyperref)                removing `math shift' on input line 1.


Package hyperref Warning: Token not allowed in a PDF string (Unicode):
(hyperref)                removing `math shift' on input line 1.


Package hyperref Warning: Token not allowed in a PDF string (Unicode):
(hyperref)                removing `math shift' on input line 1.

[412] [413]
Underfull \hbox (badness 10000) detected at line 119
[][][]
 []

[414]
Underfull \hbox (badness 10000) detected at line 143
[][][]
 []


Underfull \hbox (badness 10000) detected at line 171
[][][]
 []


Underfull \hbox (badness 10000) detected at line 193
[][][]
 []

) (./a01816.tex [415]) (./a01820.tex

Package hyperref Warning: Token not allowed in a PDF string (Unicode):
(hyperref)                removing `math shift' on input line 1.


Package hyperref Warning: Token not allowed in a PDF string (Unicode):
(hyperref)                removing `math shift' on input line 1.


Package hyperref Warning: Token not allowed in a PDF string (Unicode):
(hyperref)                removing `math shift' on input line 1.


Package hyperref Warning: Token not allowed in a PDF string (Unicode):
(hyperref)                removing `math shift' on input line 1.

[416] [417]
Overfull \vbox (0.7367pt too high) has occurred while \output is active []


[418] [419]) (./a01828.tex

Package hyperref Warning: Token not allowed in a PDF string (Unicode):
(hyperref)                removing `math shift' on input line 1.


Package hyperref Warning: Token not allowed in a PDF string (Unicode):
(hyperref)                removing `math shift' on input line 1.


Package hyperref Warning: Token not allowed in a PDF string (Unicode):
(hyperref)                removing `math shift' on input line 1.


Package hyperref Warning: Token not allowed in a PDF string (Unicode):
(hyperref)                removing `math shift' on input line 1.

[420] [421]
Underfull \hbox (badness 10000) detected at line 128
[][][]
 []

[422]) (./a01832.tex [423]
Underfull \hbox (badness 10000) detected at line 22
[][][]
 []


Underfull \hbox (badness 10000) in paragraph at lines 23--26

 []


Underfull \hbox (badness 10000) in paragraph at lines 34--35

 []


Underfull \hbox (badness 10000) in paragraph at lines 44--45

 []

[424] [425]
Underfull \hbox (badness 10000) detected at line 144
[][][]
 []

[426]
Underfull \hbox (badness 10000) detected at line 193
[][][]
 []

[427] [428] [429]) (./a01840.tex

Package hyperref Warning: Token not allowed in a PDF string (Unicode):
(hyperref)                removing `math shift' on input line 1.


Package hyperref Warning: Token not allowed in a PDF string (Unicode):
(hyperref)                removing `math shift' on input line 1.


Package hyperref Warning: Token not allowed in a PDF string (Unicode):
(hyperref)                removing `math shift' on input line 1.


Package hyperref Warning: Token not allowed in a PDF string (Unicode):
(hyperref)                removing `math shift' on input line 1.


Underfull \hbox (badness 927) in paragraph at lines 23--24
\T1/phv/m/n/10 e-gates or con-crete dis-play types. For more in-for-ma-tion abo
ut dis-play del-e-gate dec-o-ra-tors in [], see
 []

[430]
Underfull \hbox (badness 10000) in paragraph at lines 57--59
[]$\OML/cmm/m/it/8 <$ \T1/pcr/m/n/8 T $\OML/cmm/m/it/8 >$ $\OMS/cmsy/m/n/8 ^^C$
 []$\OML/cmm/m/it/8 <$ \T1/pcr/m/n/8 T $\OML/cmm/m/it/8 >$[]\T1/pcr/m/n/8 ::Clo
ne
 []

[431] [432]) (./a01844.tex [433]
Underfull \hbox (badness 1831) in paragraph at lines 44--45
[][] [] \T1/phv/m/n/10 ([] in[]Notification[]Type, const void $\OMS/cmsy/m/n/10
 ^^C$\T1/phv/m/n/10 in[]Notification[]Data,
 []

[434] [435]
Underfull \hbox (badness 1874) in paragraph at lines 126--127
[]\T1/phv/m/n/10 This im-ple-men-ta-tion in-ter-prets the [] and for-wards the 
re-sult-ing [] to
 []


Underfull \hbox (badness 10000) detected at line 153
[][][]
 []


Underfull \hbox (badness 10000) detected at line 157
[][][]
 []

[436] [437]) (./a01848.tex
Underfull \hbox (badness 10000) detected at line 26
[][][]
 []


Underfull \hbox (badness 1831) in paragraph at lines 47--48
[][] [] \T1/phv/m/n/10 ([] in[]Notification[]Type, const void $\OMS/cmsy/m/n/10
 ^^C$\T1/phv/m/n/10 in[]Notification[]Data,
 []

[438]
Overfull \hbox (24.7314pt too wide) in paragraph at lines 73--74
[][] [] \T1/phv/m/n/10 ([], [], []) [] 
 []

[439] [440]
Underfull \hbox (badness 10000) detected at line 186
[][][]
 []


Underfull \hbox (badness 10000) detected at line 190
[][][]
 []


Underfull \hbox (badness 10000) detected at line 205
[][][]
 []

[441]
Underfull \hbox (badness 10000) detected at line 241
[][][]
 []

[442] [443] [444] [445]) (./a01852.tex [446]
File: dot_aax_ieffectparams_related.pdf Graphic file (type pdf)
<use dot_aax_ieffectparams_related.pdf>
Package pdftex.def Info: dot_aax_ieffectparams_related.pdf  used on input line 
27.
(pdftex.def)             Requested size: 455.24608pt x 255.83272pt.
File: dot_aax_ieffectparams_contained.pdf Graphic file (type pdf)
<use dot_aax_ieffectparams_contained.pdf>
Package pdftex.def Info: dot_aax_ieffectparams_contained.pdf  used on input lin
e 32.
(pdftex.def)             Requested size: 455.24442pt x 146.63301pt.
 [447]
Underfull \hbox (badness 1831) in paragraph at lines 55--56
[][] [] \T1/phv/m/n/10 ([] in[]Notification[]Type, const void $\OMS/cmsy/m/n/10
 ^^C$\T1/phv/m/n/10 in[]Notification[]Data,
 []


Underfull \hbox (badness 10000) in paragraph at lines 69--70
[][] [] \T1/phv/m/n/10 ([] i[]Parameter[]ID, [] $\OMS/cmsy/m/n/10 ^^C$\T1/phv/m
/n/10 o[]Name) const
 []


Underfull \hbox (badness 6792) in paragraph at lines 75--76
[][] [] \T1/phv/m/n/10 ([] i[]Parameter[]ID, dou-ble i[]Value)
 []

[448]
Overfull \hbox (15.21646pt too wide) in paragraph at lines 81--82
[][] [] \T1/phv/m/n/10 ([] i[]Parameter[]ID, [] $\OMS/cmsy/m/n/10 ^^C$$^^C$\T1/
phv/m/n/10 o[]Parameter) [] 
 []


Underfull \hbox (badness 10000) in paragraph at lines 83--84
[][] [] \T1/phv/m/n/10 ([] i[]Parameter[]ID, int32[]_[]t $\OMS/cmsy/m/n/10 ^^C$
\T1/phv/m/n/10 o[]Control[]Index) const
 []

LaTeX Font Info:    Font shape `T1/phv/bc/it' in size <10> not available
(Font)              Font shape `T1/phv/bc/sl' tried instead on input line 93.
LaTeX Font Info:    Font shape `T1/phv/bc/sl' will be
(Font)              scaled to size 8.99994pt on input line 93.

Underfull \hbox (badness 10000) detected at line 93
[][][]
 []


Underfull \hbox (badness 2608) in paragraph at lines 98--99
[][] [] \T1/phv/m/n/10 ([] i[]Parameter[]ID, dou-ble $\OMS/cmsy/m/n/10 ^^C$\T1/
phv/m/n/10 o[]Value, const
 []


Underfull \hbox (badness 4316) in paragraph at lines 102--103
[][] [] \T1/phv/m/n/10 ([] i[]Parameter[]ID, [] $\OMS/cmsy/m/n/10 ^^C$\T1/phv/m
/n/10 o[]Value[]String,
 []


Overfull \hbox (19.67043pt too wide) in paragraph at lines 108--109
[][] [] \T1/phv/m/n/10 ([] i[]Parameter[]ID, dou-ble i[]Value) [] 
 []


Underfull \hbox (badness 10000) detected at line 114
[][][]
 []


Underfull \hbox (badness 5847) in paragraph at lines 123--124
[][] [] \T1/phv/m/n/10 ([] i[]Parameter[]ID, [] i[]Touch[]State)
 []

[449]
Underfull \hbox (badness 10000) in paragraph at lines 133--134
[][] [] \T1/phv/m/n/10 ([] i[]Parameter[]ID, dou-ble i[]Value,
 []


Underfull \hbox (badness 10000) in paragraph at lines 135--136
[][] [] \T1/phv/m/n/10 ([] i[]Parameter[]ID, dou-ble i[]Value)
 []


Underfull \hbox (badness 768) in paragraph at lines 165--166
[][] [] \T1/phv/m/n/10 (const [] $\OMS/cmsy/m/n/10 ^^C$\T1/phv/m/n/10 i[]ChunkP
, [] $\OMS/cmsy/m/n/10 ^^C$\T1/phv/m/n/10 o[]Is[]Equal)
 []

[450]
Underfull \hbox (badness 10000) detected at line 191
[][][]
 []


Underfull \hbox (badness 1205) in paragraph at lines 198--199
[][] [] \T1/phv/m/n/10 ([] i[]Data[]Block[]ID, uint32[]_[]t in[]Data[]Size, con
st void $\OMS/cmsy/m/n/10 ^^C$\T1/phv/m/n/10 i[]Data)
 []


Overfull \hbox (19.75351pt too wide) in paragraph at lines 206--207
[][] [] \T1/phv/m/n/10 ([] in[]Field[]Index, [] &i[]Packet) [] 
 []


Overfull \hbox (15.45874pt too wide) in paragraph at lines 208--209
[][] [] \T1/phv/m/n/10 ([] node[]ID, [] &i[]Packet) [] 
 []

[451]
Underfull \hbox (badness 1960) in paragraph at lines 237--239
[][] [] \T1/phv/m/n/10 ([] i[]Parameter[]ID, [] &i[]Taper[]
 []

[452]
Underfull \hbox (badness 10000) detected at line 307
[][][]
 []

[453]
Underfull \hbox (badness 10000) detected at line 351
[][][]
 []


Underfull \hbox (badness 10000) detected at line 355
[][][]
 []


Overfull \vbox (11.92734pt too high) has occurred while \output is active []


[454] [455]
Underfull \hbox (badness 10000) detected at line 445
[][][]
 []

[456]
Overfull \hbox (19.52144pt too wide) in paragraph at lines 493--493
[]\T1/phv/m/n/10 In most cases, the AAX host will call [] or []
 []

[457]
Underfull \hbox (badness 3989) in paragraph at lines 614--614
[][] \T1/phv/m/n/10 cor-re-sponds to the Get[]Control[]
 []

[458]
Underfull \hbox (badness 10000) detected at line 640
[][][]
 []

[459] [460] [461] [462] [463] [464]
Underfull \hbox (badness 10000) detected at line 901
[][][]
 []


Underfull \hbox (badness 10000) detected at line 925
[][][]
 []

[465]
Underfull \hbox (badness 10000) detected at line 947
[][][]
 []


Underfull \hbox (badness 10000) detected at line 971
[][][]
 []

[466]
Underfull \hbox (badness 10000) detected at line 1017
[][][]
 []


Underfull \hbox (badness 10000) detected at line 1045
[][][]
 []

[467]
Underfull \hbox (badness 10000) detected at line 1074
[][][]
 []


Underfull \hbox (badness 10000) detected at line 1077
[][][]
 []

[468] [469]
Underfull \hbox (badness 10000) detected at line 1186
[][][]
 []

[470] [471]
Underfull \hbox (badness 10000) detected at line 1313
[][][]
 []


Underfull \hbox (badness 10000) detected at line 1317
[][][]
 []


Underfull \hbox (badness 2096) in paragraph at lines 1321--1321
[]\T1/phv/m/n/10 Versions of S6 soft-ware which sup-port the []
 []


Underfull \hbox (badness 10000) detected at line 1325
[][][]
 []

[472]
Underfull \hbox (badness 10000) detected at line 1339
[][][]
 []


Underfull \hbox (badness 10000) detected at line 1367
[][][]
 []

[473]
Underfull \hbox (badness 10000) detected at line 1399
[][][]
 []

[474]
Underfull \hbox (badness 10000) detected at line 1435
[][][]
 []


Underfull \hbox (badness 10000) detected at line 1438
[][][]
 []


Underfull \hbox (badness 10000) detected at line 1441
[][][]
 []

[475]
Overfull \hbox (38.90005pt too wide) in paragraph at lines 1528--1529
[]\T1/phv/m/n/10 The host calls this method in Ef-fects that reg-is-ter one or 
more MIDI nodes us-ing [].
 []

[476]
Overfull \hbox (75.04333pt too wide) in paragraph at lines 1553--1554
[]\T1/phv/m/n/10 The host calls this method in Ef-fects that reg-is-ter one or 
more Con-trol MIDI nodes us-ing [].
 []


Underfull \hbox (badness 10000) detected at line 1555
[][][]
 []


Underfull \hbox (badness 10000) detected at line 1581
[][][]
 []

[477] [478]
Underfull \hbox (badness 10000) detected at line 1692
[][][]
 []

[479]
Underfull \hbox (badness 10000) detected at line 1711
[][][]
 []

[480]) (./a01992.tex [481]
Underfull \hbox (badness 10000) detected at line 16
[][][]
 []


Underfull \hbox (badness 10000) detected at line 50
[][][]
 []

[482] [483]
Overfull \hbox (53.9225pt too wide) in paragraph at lines 204--207
[]\T1/phv/m/n/10 It is ac-cept-able for some meth-ods to re-turn cer-tain non-s
uccess val-ues such as []
 []

[484]) (./a01856.tex [485]
Underfull \hbox (badness 10000) detected at line 26
[][][]
 []


Underfull \hbox (badness 5133) in paragraph at lines 53--54
[][] [] \T1/phv/m/n/10 (int32[]_[]t in[]Audio[]In[]Count, int32[]_[]t i[]Audio[
]Out[]Count, int32[]_[]t i[]Window[]Size)
 []

[486] [487] [488]
Overfull \hbox (82.96451pt too wide) in paragraph at lines 183--184
[]\T1/phv/m/n/10 To change the bound-aries of the pro-cess-ing re-gion be-fore 
pro-cess-ing be-gins, use [] 
 []


Underfull \hbox (badness 10000) detected at line 186
[][][]
 []


Overfull \vbox (64.09346pt too high) has occurred while \output is active []


[489]
Underfull \hbox (badness 10000) detected at line 220
[][][]
 []

[490]
Underfull \hbox (badness 10000) detected at line 277
[][][]
 []


Underfull \hbox (badness 10000) detected at line 303
[][][]
 []


Underfull \hbox (badness 10000) detected at line 306
[][][]
 []

[491]
Underfull \hbox (badness 10000) detected at line 356
[][][]
 []

[492]
Underfull \hbox (badness 10000) detected at line 380
[][][]
 []


Underfull \hbox (badness 10000) detected at line 383
[][][]
 []

[493] [494] [495] [496]) (./a01860.tex [497]
Overfull \vbox (16.34477pt too high) has occurred while \output is active []


[498]) (./a01864.tex

Package hyperref Warning: Token not allowed in a PDF string (Unicode):
(hyperref)                removing `math shift' on input line 1.


Package hyperref Warning: Token not allowed in a PDF string (Unicode):
(hyperref)                removing `math shift' on input line 1.


Package hyperref Warning: Token not allowed in a PDF string (Unicode):
(hyperref)                removing `math shift' on input line 1.


Package hyperref Warning: Token not allowed in a PDF string (Unicode):
(hyperref)                removing `math shift' on input line 1.


Underfull \hbox (badness 10000) detected at line 25
[][][]
 []

[499]
Underfull \hbox (badness 10000) detected at line 66
[][][]
 []

[500]
Underfull \hbox (badness 10000) in paragraph at lines 83--85
[]$\OML/cmm/m/it/8 <$ \T1/pcr/m/n/8 T, Real[]Precision $\OML/cmm/m/it/8 >$ $\OM
S/cmsy/m/n/8 ^^C$ []$\OML/cmm/m/it/8 <$ \T1/pcr/m/n/8 T, Real[]Precision $\OML/
cmm/m/it/8 >$[]
 []


Underfull \hbox (badness 10000) detected at line 148
[][][]
 []

[501] [502]) (./a01868.tex

Package hyperref Warning: Token not allowed in a PDF string (Unicode):
(hyperref)                removing `math shift' on input line 1.


Package hyperref Warning: Token not allowed in a PDF string (Unicode):
(hyperref)                removing `math shift' on input line 1.


Package hyperref Warning: Token not allowed in a PDF string (Unicode):
(hyperref)                removing `math shift' on input line 1.


Package hyperref Warning: Token not allowed in a PDF string (Unicode):
(hyperref)                removing `math shift' on input line 1.


Underfull \hbox (badness 10000) detected at line 25
[][][]
 []

[503]
Underfull \hbox (badness 10000) detected at line 66
[][][]
 []


Underfull \hbox (badness 10000) in paragraph at lines 83--85
[]$\OML/cmm/m/it/8 <$ \T1/pcr/m/n/8 T, Real[]Precision $\OML/cmm/m/it/8 >$ $\OM
S/cmsy/m/n/8 ^^C$ []$\OML/cmm/m/it/8 <$ \T1/pcr/m/n/8 T, Real[]Precision $\OML/
cmm/m/it/8 >$[]\T1/pcr/m/n/8 ::Clone
 []

[504]
Underfull \hbox (badness 10000) detected at line 148
[][][]
 []

[505] [506]) (./a01792.tex
Underfull \hbox (badness 10000) detected at line 12
[][][]
 []

[507]) (./a01796.tex [508]) (./a02464.tex
Underfull \hbox (badness 10000) detected at line 24
[][][]
 []


Overfull \hbox (35.2706pt too wide) in paragraph at lines 25--26
[]\T1/phv/m/n/10 This con-ve-nience class as-sumes a mono-lithic pro-cess-ing e
n-vi-ron-ment (i.[]e. []
 []

[509]
Underfull \hbox (badness 1960) in paragraph at lines 43--44
[]\T1/phv/m/n/10 virtual void [] ([] $\OMS/cmsy/m/n/10 ^^C$\T1/phv/m/n/10 io[]R
ender[]Info, const [] $\OMS/cmsy/m/n/10 ^^C$\T1/phv/m/n/10 in[]
 []


Underfull \hbox (badness 10000) detected at line 54
[][][]
 []


Overfull \hbox (18.01285pt too wide) in paragraph at lines 59--60
[][] [] \T1/phv/m/n/10 ([] i[]Param[]ID, dou-ble a[]Value, []
 []


Underfull \hbox (badness 2564) in paragraph at lines 63--64
[][] [] \T1/phv/m/n/10 ([] i[]Field[]Index, void $\OMS/cmsy/m/n/10 ^^C$\T1/phv/
m/n/10 o[]Data, uint32[]_[]t i[]Data[]Size) const
 []

[510]
Overfull \hbox (56.62868pt too wide) in paragraph at lines 79--80
\T1/pcr/m/n/8 typedef std[]::pair$\OML/cmm/m/it/8 <$[] \T1/pcr/m/n/8 const, con
st []$\OMS/cmsy/m/n/8 ^^C$$\OML/cmm/m/it/8 >$ []
 []

[511]
Underfull \hbox (badness 10000) detected at line 114
[][][]
 []

[512]
Underfull \hbox (badness 10000) detected at line 165
[][][]
 []


Underfull \hbox (badness 4832) in paragraph at lines 187--188
[]\T1/phv/m/n/10 References AAX[]_[][]SUCCESS, AAX[]_[][]CParameter[]Manager[]:
:[]Get[]Parameter[]By[]ID(), AAX[]_[][]CEffect[]Parameters[]::m[]
 []

[513]
Underfull \hbox (badness 10000) detected at line 205
[][][]
 []


Underfull \hbox (badness 6157) in paragraph at lines 214--215
[]\T1/phv/m/n/10 References AAX[]_[][]ASSERT, AAX[]_[][]FIELD[]_[][]INDEX, AAX[
]_[][]SUCCESS, AAX[]_[][]IParameter[]::[]Clone[]Value(), AAX[]
 []


Underfull \hbox (badness 10000) in paragraph at lines 214--215
\T1/phv/m/n/10 _[][]CEffect[]Parameters[]::[]Controller(), AAX[]_[][]IContainer
[]::e[]Status[]_[][]Success, AAX[]_[][]CEffect[]Parameters[]::[]Generate[]
 []


Underfull \hbox (badness 10000) detected at line 230
[][][]
 []


Underfull \hbox (badness 10000) detected at line 233
[][][]
 []

[514]
Underfull \hbox (badness 4647) in paragraph at lines 296--297
\T1/phv/m/n/10 _[]e[]Property[]_[][]Can[]Bypass, AAX[]_[]e[]Property[]_[][]Cons
traint[]_[][]Location, AAX[]_[]e[]Property[]_[][]Constraint[]_[][]Multi[]Mono[]
Support,
 []


Underfull \hbox (badness 7613) in paragraph at lines 296--297
\T1/phv/m/n/10 AAX[]_[]e[]Property[]_[][]Hybrid[]Input[]Stem[]Format, AAX[]_[]e
[]Property[]_[][]Hybrid[]Output[]Stem[]Format, AAX[]_[]e[]Property[]_[][]Input[
]
 []


Underfull \hbox (badness 3189) in paragraph at lines 296--297
\T1/phv/m/n/10 Stem[]Format, AAX[]_[]e[]Property[]_[][]Manufacturer[]ID, AAX[]_
[]e[]Property[]_[][]Output[]Stem[]Format, AAX[]_[]e[]Property[]_[][]Plug[]In[]
 []


Underfull \hbox (badness 4713) in paragraph at lines 296--297
\T1/phv/m/n/10 ID[]_[][]Audio[]Suite, AAX[]_[]e[]Property[]_[][]Plug[]In[]ID[]_
[][]RTAS, AAX[]_[]e[]Property[]_[][]Product[]ID, AAX[]_[]e[]Property[]_[][]Uses
[]Client[]GUI,
 []


Underfull \hbox (badness 10000) in paragraph at lines 296--297
\T1/phv/m/n/10 AAX[]_[]e[]Property[]_[][]Uses[]Transport, AAX[]_[][]ERROR[]_[][
]NULL[]_[][]OBJECT, AAX[]_[]e[]Stem[]Format[]_[][]None, AAX[]_[][]FIELD[]_[][]
 []


Underfull \hbox (badness 7631) in paragraph at lines 296--297
\T1/phv/m/n/10 AAX[]_[][]IComponent[]Descriptor[]::[]Add[]Meters(), AAX[]_[][]I
Component[]Descriptor[]::[]Add[]MIDINode(), AAX[]_[][]IComponent[]
 []


Underfull \hbox (badness 10000) in paragraph at lines 296--297
\T1/phv/m/n/10 Descriptor[]::[]Add[]Private[]Data(), AAX[]_[][]IComponent[]Desc
riptor[]::[]Add[]Process[]Proc[]_[][]Native(), AAX[]_[][]IProperty[]Map[]::[]
 []


Underfull \hbox (badness 2189) in paragraph at lines 296--297
\T1/phv/m/n/10 Add[]Property(), k[]Max[]Additional[]MIDINodes, k[]Max[]Aux[]Out
put[]Stems, AAX[]_[][]SInstrument[]Setup[]Info[]::m[]Audiosuite[]
 []


Underfull \hbox (badness 10000) in paragraph at lines 296--297
\T1/phv/m/n/10 ID, AAX[]_[][]SInstrument[]Setup[]Info[]::m[]Aux[]Output[]Stem[]
Formats, AAX[]_[][]SInstrument[]Setup[]Info[]::m[]Aux[]Output[]Stem[]
 []


Underfull \hbox (badness 2158) in paragraph at lines 296--297
\T1/phv/m/n/10 SInstrument[]Setup[]Info[]::m[]Global[]MIDINode[]Name, AAX[]_[][
]SInstrument[]Setup[]Info[]::m[]Hybrid[]Input[]Stem[]Format, AAX[]
 []


Underfull \hbox (badness 10000) in paragraph at lines 296--297
\T1/phv/m/n/10 _[][]SInstrument[]Setup[]Info[]::m[]Hybrid[]Output[]Stem[]Format
, AAX[]_[][]SInstrument[]Setup[]Info[]::m[]Input[]MIDIChannel[]Mask,
 []


Underfull \hbox (badness 5862) in paragraph at lines 296--297
\T1/phv/m/n/10 AAX[]_[][]SInstrument[]Setup[]Info[]::m[]Input[]MIDINode[]Name, 
AAX[]_[][]SInstrument[]Setup[]Info[]::m[]Input[]Stem[]Format, AAX[]_[][]
 []


Underfull \hbox (badness 940) in paragraph at lines 296--297
\T1/phv/m/n/10 SInstrument[]Setup[]Info[]::m[]Manufacturer[]ID, AAX[]_[][]SInst
rument[]Setup[]Info[]::m[]Meter[]IDs, AAX[]_[][]SInstrument[]Setup[]Info[]
 []


Underfull \hbox (badness 1609) in paragraph at lines 296--297
\T1/phv/m/n/10 ::m[]Multi[]Mono[]Support, AAX[]_[][]SInstrument[]Setup[]Info[]:
:m[]Needs[]Global[]MIDI, AAX[]_[][]SInstrument[]Setup[]Info[]::m[]Needs[]
 []


Underfull \hbox (badness 2744) in paragraph at lines 296--297
\T1/phv/m/n/10 Input[]MIDI, AAX[]_[][]SInstrument[]Setup[]Info[]::m[]Needs[]Tra
nsport, AAX[]_[][]SInstrument[]Setup[]Info[]::m[]Num[]Additional[]Input[]
 []


Underfull \hbox (badness 10000) in paragraph at lines 296--297
\T1/phv/m/n/10 MIDINodes, AAX[]_[][]SInstrument[]Setup[]Info[]::m[]Num[]Aux[]Ou
tput[]Stems, AAX[]_[][]SInstrument[]Setup[]Info[]::m[]Num[]Meters,
 []


Underfull \hbox (badness 2538) in paragraph at lines 296--297
\T1/phv/m/n/10 AAX[]_[][]SInstrument[]Setup[]Info[]::m[]Output[]Stem[]Format, A
AX[]_[][]SInstrument[]Setup[]Info[]::m[]Plugin[]ID, AAX[]_[][]SInstrument[]
 []


Underfull \hbox (badness 10000) in paragraph at lines 296--297
\T1/phv/m/n/10 Setup[]Info[]::m[]Product[]ID, AAX[]_[][]SInstrument[]Setup[]Inf
o[]::m[]Use[]Host[]Generated[]GUI, AAX[]_[][]IEffect[]Descriptor[]::[]New[]
 []

[515]
Underfull \hbox (badness 6775) in paragraph at lines 319--320
[]\T1/phv/m/n/10 References AAX[]_[][]ASSERT, AAX[]_[][]IContainer[]::e[]Status
[]_[][]Success, AAX[]_[][]SInstrument[]Private[]Data[]::m[]Monolithic[]
 []

) (./a01872.tex [516]) (./a01880.tex

Package hyperref Warning: Token not allowed in a PDF string (Unicode):
(hyperref)                removing `math shift' on input line 1.


Package hyperref Warning: Token not allowed in a PDF string (Unicode):
(hyperref)                removing `math shift' on input line 1.


Package hyperref Warning: Token not allowed in a PDF string (Unicode):
(hyperref)                removing `math shift' on input line 1.


Package hyperref Warning: Token not allowed in a PDF string (Unicode):
(hyperref)                removing `math shift' on input line 1.

[517]
Overfull \hbox (20.03986pt too wide) in paragraph at lines 41--43
[]$\OML/cmm/m/it/8 <$ \T1/pcr/m/n/8 T, Precision, Space[]After $\OML/cmm/m/it/8
 >$ $\OMS/cmsy/m/n/8 ^^C$ []$\OML/cmm/m/it/8 <$ \T1/pcr/m/n/8 T, Precision,
 []

[518] [519]
Underfull \hbox (badness 1337) in paragraph at lines 131--132
[]\T1/phv/m/n/10 References AAX[]_[][]CString[]::[]Append(), AAX[]_[][]CString[
]::[]Append[]Number(), AAX[]_[][]CString[]::[]Clear(), AAX[]_[][]CString[]::[]
 []

[520]) (./a01800.tex

Package hyperref Warning: Token not allowed in a PDF string (Unicode):
(hyperref)                removing `math shift' on input line 1.


Package hyperref Warning: Token not allowed in a PDF string (Unicode):
(hyperref)                removing `math shift' on input line 1.


Package hyperref Warning: Token not allowed in a PDF string (Unicode):
(hyperref)                removing `math shift' on input line 1.


Package hyperref Warning: Token not allowed in a PDF string (Unicode):
(hyperref)                removing `math shift' on input line 1.


Underfull \hbox (badness 7256) in paragraph at lines 20--22
[]\T1/phv/m/n/10 typedef int32[]_[]t([] $\OMS/cmsy/m/n/10 ^^C$ []\T1/phv/m/n/10
 ) (const a[]Context[]Type $\OMS/cmsy/m/n/10 ^^C$\T1/phv/m/n/10 in[]Instance[]C
ontext[]Ptr,
 []


Underfull \hbox (badness 10000) in paragraph at lines 33--35
\T1/pcr/m/n/8 typedef void([] $\OMS/cmsy/m/n/8 ^^C$ []$\OML/cmm/m/it/8 <$ \T1/p
cr/m/n/8 a[]Context[]Type $\OML/cmm/m/it/8 >$[]\T1/pcr/m/n/8 ::CProcess[]Proc) 
(a[]Context[]Type $\OMS/cmsy/m/n/8 ^^C$\T1/pcr/m/n/8 const
 []

[521]
Underfull \hbox (badness 10000) in paragraph at lines 47--49
\T1/pcr/m/n/8 typedef int32[]_[]t([] $\OMS/cmsy/m/n/8 ^^C$ []$\OML/cmm/m/it/8 <
$ \T1/pcr/m/n/8 a[]Context[]Type $\OML/cmm/m/it/8 >$[]\T1/pcr/m/n/8 ::CInstance
[]Init[]Proc) (const a[]
 []

) (./a01884.tex [522] [523]) (./a01900.tex
Underfull \hbox (badness 10000) detected at line 16
[][][]
 []

[524] [525] [526]) (./a01896.tex

Package hyperref Warning: Token not allowed in a PDF string (Unicode):
(hyperref)                removing `math shift' on input line 1.


Package hyperref Warning: Token not allowed in a PDF string (Unicode):
(hyperref)                removing `math shift' on input line 1.


Package hyperref Warning: Token not allowed in a PDF string (Unicode):
(hyperref)                removing `math shift' on input line 1.


Package hyperref Warning: Token not allowed in a PDF string (Unicode):
(hyperref)                removing `math shift' on input line 1.

[527]
Underfull \hbox (badness 1931) in paragraph at lines 97--98
[]\T1/phv/m/n/10 References AAX[]_[][]ERROR[]_[][]NULL[]_[][]OBJECT, AAX[]_[][]
CPacket[]Handler$\OML/cmm/m/it/10 <$ \T1/phv/m/n/10 TWorker $\OML/cmm/m/it/10 >
$[]\T1/phv/m/n/10 ::fpt, AAX[]_[][]CPacket[]Handler$\OML/cmm/m/it/10 <$
 []

[528]) (./a01908.tex

Package hyperref Warning: Token not allowed in a PDF string (Unicode):
(hyperref)                removing `math shift' on input line 1.


Package hyperref Warning: Token not allowed in a PDF string (Unicode):
(hyperref)                removing `math shift' on input line 1.


Package hyperref Warning: Token not allowed in a PDF string (Unicode):
(hyperref)                removing `math shift' on input line 1.


Package hyperref Warning: Token not allowed in a PDF string (Unicode):
(hyperref)                removing `math shift' on input line 1.


Underfull \hbox (badness 2635) in paragraph at lines 25--26
[]\T1/phv/m/n/10 Many dif-fer-ent be-hav-iors can be com-pos-ited into this cla
ss as del-e-gates. [] and
 []


Underfull \hbox (badness 10000) detected at line 29
[][][]
 []

[529]
Overfull \hbox (33.767pt too wide) in paragraph at lines 56--57
[][] \T1/phv/m/n/10 ([] iden-ti-fier, const [] &name, T default[]Value, const [
]$\OML/cmm/m/it/10 <$
 []


Underfull \hbox (badness 2205) in paragraph at lines 58--59
[][] \T1/phv/m/n/10 (const [] &iden-ti-fier, const [] &name, T default[]Value, 
const
 []

[530] [531]
Underfull \hbox (badness 5954) in paragraph at lines 155--156
[]\T1/phv/m/n/10 void [] ([] &in[]Taper[]Delegate, bool in[]Preserve[]Value=tru
e)
 []


Underfull \hbox (badness 4403) in paragraph at lines 185--186
[]\T1/phv/m/n/10 bool [] (dou-ble normalized[]Value, [] &value[]String) const
 []

[532] [533] [534]
Underfull \hbox (badness 10000) detected at line 352
[][][]
 []

[535]
Underfull \hbox (badness 10000) detected at line 397
[][][]
 []


Underfull \hbox (badness 10000) detected at line 401
[][][]
 []

[536]
Underfull \hbox (badness 10000) detected at line 426
[][][]
 []


Underfull \hbox (badness 10000) detected at line 430
[][][]
 []


Underfull \hbox (badness 10000) detected at line 434
[][][]
 []

[537] [538]
Underfull \hbox (badness 10000) detected at line 556
[][][]
 []

[539]
Underfull \hbox (badness 10000) detected at line 596
[][][]
 []

[540]
Underfull \hbox (badness 10000) detected at line 725
[][][]
 []

[541] [542] [543] [544] [545] [546]
Overfull \vbox (1.80441pt too high) has occurred while \output is active []


[547] [548] [549] [550]
Overfull \vbox (8.68204pt too high) has occurred while \output is active []


[551]
Underfull \hbox (badness 10000) detected at line 1387
[][][]
 []

[552] [553] [554] [555] [556] [557] [558]
Overfull \vbox (4.14867pt too high) has occurred while \output is active []


[559] [560] [561] [562] [563] [564] [565]) (./a01916.tex [566] [567] [568]
Underfull \hbox (badness 10000) detected at line 186
[][][]
 []

[569]
Underfull \hbox (badness 10000) detected at line 204
[][][]
 []

[570] [571]) (./a01904.tex

Package hyperref Warning: Token not allowed in a PDF string (Unicode):
(hyperref)                removing `math shift' on input line 1.


Package hyperref Warning: Token not allowed in a PDF string (Unicode):
(hyperref)                removing `math shift' on input line 1.


Package hyperref Warning: Token not allowed in a PDF string (Unicode):
(hyperref)                removing `math shift' on input line 1.


Package hyperref Warning: Token not allowed in a PDF string (Unicode):
(hyperref)                removing `math shift' on input line 1.

[572] [573]
Underfull \hbox (badness 10000) detected at line 119
[][][]
 []

[574] [575]
Underfull \hbox (badness 10000) detected at line 215
[][][]
 []

[576] [577] [578] [579]
Overfull \vbox (3.60638pt too high) has occurred while \output is active []


[580]) (./a01920.tex

Package hyperref Warning: Token not allowed in a PDF string (Unicode):
(hyperref)                removing `math shift' on input line 1.


Package hyperref Warning: Token not allowed in a PDF string (Unicode):
(hyperref)                removing `math shift' on input line 1.


Package hyperref Warning: Token not allowed in a PDF string (Unicode):
(hyperref)                removing `math shift' on input line 1.


Package hyperref Warning: Token not allowed in a PDF string (Unicode):
(hyperref)                removing `math shift' on input line 1.


Underfull \hbox (badness 927) in paragraph at lines 23--24
\T1/phv/m/n/10 e-gates or con-crete dis-play types. For more in-for-ma-tion abo
ut dis-play del-e-gate dec-o-ra-tors in [], see
 []

[581]
Underfull \hbox (badness 10000) in paragraph at lines 57--59
[]$\OML/cmm/m/it/8 <$ \T1/pcr/m/n/8 T $\OML/cmm/m/it/8 >$ $\OMS/cmsy/m/n/8 ^^C$
 []$\OML/cmm/m/it/8 <$ \T1/pcr/m/n/8 T $\OML/cmm/m/it/8 >$[]\T1/pcr/m/n/8 ::Clo
ne
 []

[582] [583]) (./a01924.tex

Package hyperref Warning: Token not allowed in a PDF string (Unicode):
(hyperref)                removing `math shift' on input line 1.


Package hyperref Warning: Token not allowed in a PDF string (Unicode):
(hyperref)                removing `math shift' on input line 1.


Package hyperref Warning: Token not allowed in a PDF string (Unicode):
(hyperref)                removing `math shift' on input line 1.


Package hyperref Warning: Token not allowed in a PDF string (Unicode):
(hyperref)                removing `math shift' on input line 1.


Underfull \hbox (badness 10000) detected at line 25
[][][]
 []

[584]
Underfull \hbox (badness 10000) detected at line 70
[][][]
 []

[585]
Underfull \hbox (badness 10000) in paragraph at lines 103--105
[]$\OML/cmm/m/it/8 <$ \T1/pcr/m/n/8 T, Real[]Precision $\OML/cmm/m/it/8 >$ $\OM
S/cmsy/m/n/8 ^^C$ []$\OML/cmm/m/it/8 <$ \T1/pcr/m/n/8 T,
 []


Underfull \hbox (badness 10000) in paragraph at lines 129--131
\T1/pcr/m/n/8 T []$\OML/cmm/m/it/8 <$ \T1/pcr/m/n/8 T, Real[]Precision $\OML/cm
m/m/it/8 >$[]\T1/pcr/m/n/8 ::Get[]Minimum[]Value ( ) const [inline],
 []


Underfull \hbox (badness 10000) in paragraph at lines 144--146
\T1/pcr/m/n/8 T []$\OML/cmm/m/it/8 <$ \T1/pcr/m/n/8 T, Real[]Precision $\OML/cm
m/m/it/8 >$[]\T1/pcr/m/n/8 ::Get[]Maximum[]Value ( ) const [inline],
 []

[586]
Underfull \hbox (badness 10000) detected at line 168
[][][]
 []

[587]) (./a01928.tex

Package hyperref Warning: Token not allowed in a PDF string (Unicode):
(hyperref)                removing `math shift' on input line 1.


Package hyperref Warning: Token not allowed in a PDF string (Unicode):
(hyperref)                removing `math shift' on input line 1.


Package hyperref Warning: Token not allowed in a PDF string (Unicode):
(hyperref)                removing `math shift' on input line 1.


Package hyperref Warning: Token not allowed in a PDF string (Unicode):
(hyperref)                removing `math shift' on input line 1.

[588]
Underfull \hbox (badness 10000) detected at line 49
[][][]
 []

[589]
Underfull \hbox (badness 10000) detected at line 96
[][][]
 []


Underfull \hbox (badness 10000) in paragraph at lines 126--128
[]$\OML/cmm/m/it/8 <$ \T1/pcr/m/n/8 T, Real[]Precision $\OML/cmm/m/it/8 >$ \T1/
pcr/m/n/8 & []$\OML/cmm/m/it/8 <$ \T1/pcr/m/n/8 T, Real[]Precision $\OML/cmm/m/
it/8 >$[]
 []

[590]
Underfull \hbox (badness 10000) in paragraph at lines 133--135
[]$\OML/cmm/m/it/8 <$ \T1/pcr/m/n/8 T, Real[]Precision $\OML/cmm/m/it/8 >$ $\OM
S/cmsy/m/n/8 ^^C$ []$\OML/cmm/m/it/8 <$ \T1/pcr/m/n/8 T, Real[]Precision $\OML/
cmm/m/it/8 >$[]
 []


Underfull \hbox (badness 10000) detected at line 198
[][][]
 []

[591] [592]) (./a01932.tex
Underfull \hbox (badness 1831) in paragraph at lines 42--43
[][] [] \T1/phv/m/n/10 ([] in[]Notification[]Type, const void $\OMS/cmsy/m/n/10
 ^^C$\T1/phv/m/n/10 in[]Notification[]Data,
 []

[593] [594]
Underfull \hbox (badness 10000) detected at line 151
[][][]
 []


Underfull \hbox (badness 10000) detected at line 155
[][][]
 []

[595]
Overfull \hbox (23.6921pt too wide) in paragraph at lines 182--183
\T1/pcr/m/n/8 virtual [] AAX[]_[][]CSession[]Document[]Client[]::[]Session[]Doc
ument[]Will[]Change ( ) [inline], [protected],
 []

[596]) (./a01936.tex

Package hyperref Warning: Token not allowed in a PDF string (Unicode):
(hyperref)                removing `math shift' on input line 1.


Package hyperref Warning: Token not allowed in a PDF string (Unicode):
(hyperref)                removing `math shift' on input line 1.


Package hyperref Warning: Token not allowed in a PDF string (Unicode):
(hyperref)                removing `math shift' on input line 1.


Package hyperref Warning: Token not allowed in a PDF string (Unicode):
(hyperref)                removing `math shift' on input line 1.

[597] [598]
Underfull \hbox (badness 10000) detected at line 62
[][][]
 []

[599] [600] [601]) (./a01912.tex [602]
Underfull \hbox (badness 10000) in paragraph at lines 100--101
[]\T1/phv/m/n/10 bool [] (const [] &, dou-ble $\OMS/cmsy/m/n/10 ^^C$\T1/phv/m/n
/10 normalized[]Value) const
 []

[603] [604] [605]
Underfull \hbox (badness 10000) detected at line 267
[][][]
 []

[606]
Underfull \hbox (badness 10000) detected at line 317
[][][]
 []


Underfull \hbox (badness 10000) detected at line 360
[][][]
 []

[607]
Underfull \hbox (badness 1354) in paragraph at lines 388--389
[]\T1/phv/m/n/10 References Iden-ti-fier(), m[]Automation[]Delegate, AAX[]_[][]
IAutomation[]Delegate[]::[]Register[]Parameter(), and AAX[]_[][]
 []

[608] [609]
Underfull \hbox (badness 10000) detected at line 521
[][][]
 []

[610] [611] [612] [613] [614] [615] [616] [617] [618] [619] [620]
Overfull \vbox (1.6533pt too high) has occurred while \output is active []


[621] [622] [623] [624]) (./a01944.tex

Package hyperref Warning: Token not allowed in a PDF string (Unicode):
(hyperref)                removing `math shift' on input line 1.


Package hyperref Warning: Token not allowed in a PDF string (Unicode):
(hyperref)                removing `math shift' on input line 1.


Package hyperref Warning: Token not allowed in a PDF string (Unicode):
(hyperref)                removing `math shift' on input line 1.


Package hyperref Warning: Token not allowed in a PDF string (Unicode):
(hyperref)                removing `math shift' on input line 1.

[625]
Underfull \hbox (badness 10000) detected at line 54
[][][]
 []

[626]
Underfull \hbox (badness 10000) detected at line 136
[][][]
 []

[627]) (./a01948.tex [628] [629] [630]
Underfull \hbox (badness 5924) in paragraph at lines 204--205
\T1/phv/m/n/10 ::[]Add(), AAX[]_[][]CString[]Abbreviations[]::[]Get(), AAX[]_[]
[]CDecibel[]Display[]Delegate[]Decorator$\OML/cmm/m/it/10 <$ \T1/phv/m/n/10 T $
\OML/cmm/m/it/10 >$[]\T1/phv/m/n/10 ::[]String[]To[]Value(),
 []


Underfull \hbox (badness 1194) in paragraph at lines 204--205
\T1/phv/m/n/10 ::[]String[]To[]Value(), AAX[]_[][]CUnit[]Prefix[]Display[]Deleg
ate[]Decorator$\OML/cmm/m/it/10 <$ \T1/phv/m/n/10 T $\OML/cmm/m/it/10 >$[]\T1/p
hv/m/n/10 ::[]String[]To[]Value(), AAX[]_[][]CDecibel[]Display[]
 []

[631]
Underfull \hbox (badness 5105) in paragraph at lines 230--231
[]\T1/phv/m/n/10 Referenced by AAX[]::[]Copy[]Page[]Table(), AAX[]::[]Page[]Tab
le[]Parameter[]Name[]Variations[]Are[]Equal(), and AAX[]_[][]
 []

[632] [633]
Underfull \hbox (badness 10000) in paragraph at lines 338--339
[]\T1/phv/m/n/10 Referenced by AAX[]_[][]IMIDIMessage[]Info[]Delegate[]::[]To[]
String[]_[][]Append[]Byte[]Range(), AAX[]_[][]IMIDIMessage[]Info[]
 []


Underfull \hbox (badness 10000) in paragraph at lines 356--357
[]\T1/phv/m/n/10 Referenced by AAX[]_[][]IMIDIMessage[]Info[]Delegate[]::[]To[]
String[]_[][]Append[]Number(), and AAX[]_[][]CNumber[]Display[]
 []

[634] [635] [636] [637] [638] [639] [640]) (./a01952.tex [641]) (./a01960.tex
[642] [643] [644]) (./a01956.tex

Package hyperref Warning: Token not allowed in a PDF string (Unicode):
(hyperref)                removing `math shift' on input line 1.


Package hyperref Warning: Token not allowed in a PDF string (Unicode):
(hyperref)                removing `math shift' on input line 1.


Package hyperref Warning: Token not allowed in a PDF string (Unicode):
(hyperref)                removing `math shift' on input line 1.


Package hyperref Warning: Token not allowed in a PDF string (Unicode):
(hyperref)                removing `math shift' on input line 1.

[645] [646] [647]) (./a01964.tex

Package hyperref Warning: Token not allowed in a PDF string (Unicode):
(hyperref)                removing `math shift' on input line 1.


Package hyperref Warning: Token not allowed in a PDF string (Unicode):
(hyperref)                removing `math shift' on input line 1.


Package hyperref Warning: Token not allowed in a PDF string (Unicode):
(hyperref)                removing `math shift' on input line 1.


Package hyperref Warning: Token not allowed in a PDF string (Unicode):
(hyperref)                removing `math shift' on input line 1.

[648]
Underfull \hbox (badness 10000) detected at line 59
[][][]
 []

[649] [650] [651]) (./a01968.tex [652] [653]
Underfull \hbox (badness 10000) detected at line 113
[][][]
 []

[654] [655]) (./a01972.tex [656] [657] [658]) (./a02360.tex) (./a01976.tex

Package hyperref Warning: Token not allowed in a PDF string (Unicode):
(hyperref)                removing `math shift' on input line 1.


Package hyperref Warning: Token not allowed in a PDF string (Unicode):
(hyperref)                removing `math shift' on input line 1.


Package hyperref Warning: Token not allowed in a PDF string (Unicode):
(hyperref)                removing `math shift' on input line 1.


Package hyperref Warning: Token not allowed in a PDF string (Unicode):
(hyperref)                removing `math shift' on input line 1.

[659]
Underfull \hbox (badness 927) in paragraph at lines 23--24
\T1/phv/m/n/10 e-gates or con-crete dis-play types. For more in-for-ma-tion abo
ut dis-play del-e-gate dec-o-ra-tors in [], see
 []


Underfull \hbox (badness 5302) in paragraph at lines 28--29
[][] \T1/phv/m/n/10 (const []$\OML/cmm/m/it/10 <$ \T1/phv/m/n/10 T $\OML/cmm/m/
it/10 >$ \T1/phv/m/n/10 &display[]Delegate, const
 []

[660]
Underfull \hbox (badness 10000) in paragraph at lines 73--75
[]$\OML/cmm/m/it/8 <$ \T1/pcr/m/n/8 T $\OML/cmm/m/it/8 >$ $\OMS/cmsy/m/n/8 ^^C$
 []$\OML/cmm/m/it/8 <$ \T1/pcr/m/n/8 T $\OML/cmm/m/it/8 >$[]\T1/pcr/m/n/8 ::Clo
ne ( )
 []

[661] [662]) (./a01980.tex

Package hyperref Warning: Token not allowed in a PDF string (Unicode):
(hyperref)                removing `math shift' on input line 1.


Package hyperref Warning: Token not allowed in a PDF string (Unicode):
(hyperref)                removing `math shift' on input line 1.


Package hyperref Warning: Token not allowed in a PDF string (Unicode):
(hyperref)                removing `math shift' on input line 1.


Package hyperref Warning: Token not allowed in a PDF string (Unicode):
(hyperref)                removing `math shift' on input line 1.


Underfull \hbox (badness 927) in paragraph at lines 23--24
\T1/phv/m/n/10 e-gates or con-crete dis-play types. For more in-for-ma-tion abo
ut dis-play del-e-gate dec-o-ra-tors in [], see
 []

[663]
Underfull \hbox (badness 10000) detected at line 31
[][][]
 []


Underfull \hbox (badness 10000) in paragraph at lines 64--66
[]$\OML/cmm/m/it/8 <$ \T1/pcr/m/n/8 T $\OML/cmm/m/it/8 >$ $\OMS/cmsy/m/n/8 ^^C$
 []$\OML/cmm/m/it/8 <$ \T1/pcr/m/n/8 T $\OML/cmm/m/it/8 >$[]
 []

[664] [665] [666]) (./a02472.tex

Package hyperref Warning: Token not allowed in a PDF string (Unicode):
(hyperref)                removing `math shift' on input line 1.


Package hyperref Warning: Token not allowed in a PDF string (Unicode):
(hyperref)                removing `math shift' on input line 1.


Package hyperref Warning: Token not allowed in a PDF string (Unicode):
(hyperref)                removing `math shift' on input line 1.


Package hyperref Warning: Token not allowed in a PDF string (Unicode):
(hyperref)                removing `math shift' on input line 1.


Overfull \vbox (22.08858pt too high) has occurred while \output is active []


[667]
Underfull \hbox (badness 10000) detected at line 47
[][][]
 []


Underfull \hbox (badness 10000) detected at line 68
[][][]
 []

[668]) (./a02008.tex
Underfull \hbox (badness 10000) detected at line 20
[][][]
 []

[669]
Underfull \hbox (badness 10000) detected at line 59
[][][]
 []


Underfull \hbox (badness 10000) detected at line 79
[][][]
 []


Underfull \hbox (badness 10000) detected at line 82
[][][]
 []

[670] [671]) (./a02012.tex [672]
Underfull \hbox (badness 10000) detected at line 84
[][][]
 []

[673]) (./a02016.tex [674]
Overfull \hbox (16.09702pt too wide) in paragraph at lines 37--38
[]\T1/phv/m/n/10 virtual [] [] ([] in[]Field[]Index, uint32[]_[]t in[]Packet[]S
ize, []
 []


Underfull \hbox (badness 1205) in paragraph at lines 41--42
[]\T1/phv/m/n/10 virtual [] [] ([] in[]Field[]Index, int32[]_[]t in[]Data[]Size
, uint32[]_[]t in[]
 []


Underfull \hbox (badness 1406) in paragraph at lines 47--48
[]\T1/phv/m/n/10 virtual [] [] ([] in[]Process[]Proc, [] $\OMS/cmsy/m/n/10 ^^C$
\T1/phv/m/n/10 in[]
 []


Underfull \hbox (badness 10000) in paragraph at lines 47--48
\T1/phv/m/n/10 Properties, [] in[]Instance[]Init[]Proc, [] in[]Background[]Proc
,
 []

[675]
Underfull \hbox (badness 10000) detected at line 76
[][][]
 []

[676] [677] [678]
Underfull \hbox (badness 10000) detected at line 242
[][][]
 []


Overfull \hbox (24.44463pt too wide) in paragraph at lines 243--244
[]\T1/phv/m/n/10 When a plug-in is op-er-at-ing in of-fline (Audio[]Suite) mode
, all data ports op-er-ate as []
 []

[679]
Underfull \hbox (badness 10000) detected at line 278
[][][]
 []


Underfull \hbox (badness 10000) detected at line 302
[][][]
 []

[680]
Underfull \hbox (badness 10000) detected at line 326
[][][]
 []


Overfull \hbox (19.98418pt too wide) in paragraph at lines 359--360
[]\T1/phv/m/n/10 To add a MIDI node that is only ac-ces-si-ble to the plug-in\T
S1/phv/m/n/10 '\T1/phv/m/n/10 s data model, use [] 
 []

[681] [682]) (./a02020.tex [683]) (./a02024.tex [684]
Underfull \hbox (badness 10000) detected at line 59
[][][]
 []

[685]) (./a02028.tex [686] [687]
Underfull \hbox (badness 10000) detected at line 125
[][][]
 []

[688]
Underfull \hbox (badness 10000) detected at line 145
[][][]
 []


Underfull \hbox (badness 1748) in paragraph at lines 146--147
[]\T1/phv/m/n/10 A plug-in should never ap-ply a DSP al-go-rithm with more de-m
and-ing re-source re-quire-ments than
 []


Underfull \hbox (badness 883) in paragraph at lines 146--147
[]\T1/phv/m/n/10 , then poll [] un-til the new value has
 []


Underfull \hbox (badness 10000) detected at line 171
[][][]
 []

[689]
Underfull \hbox (badness 1983) in paragraph at lines 193--194
[]\T1/phv/m/n/10 To set a new la-tency value, a plug-in must call [], then wait
 for an
 []


Underfull \hbox (badness 4805) in paragraph at lines 193--194
[] \T1/phv/m/n/10 no-ti-fi-ca-tion. Once this no-ti-fi-ca-tion has been re-ceiv
ed,
 []


Underfull \hbox (badness 10000) detected at line 195
[][][]
 []


Underfull \hbox (badness 10000) detected at line 215
[][][]
 []


Underfull \hbox (badness 1748) in paragraph at lines 216--217
[]\T1/phv/m/n/10 A plug-in should never ap-ply a DSP al-go-rithm with more de-m
and-ing re-source re-quire-ments than
 []


Underfull \hbox (badness 883) in paragraph at lines 216--217
[]\T1/phv/m/n/10 , then poll [] un-til the new value has
 []

[690]
Underfull \hbox (badness 10000) detected at line 243
[][][]
 []


Underfull \hbox (badness 10000) detected at line 246
[][][]
 []

[691]
Overfull \vbox (7.55772pt too high) has occurred while \output is active []


[692] [693]) (./a02032.tex
Underfull \hbox (badness 1264) in paragraph at lines 23--24
[]\T1/phv/m/n/10 virtual [] [] ([] in[]Notification[]Type, const void $\OMS/cms
y/m/n/10 ^^C$\T1/phv/m/n/10 in[]Notification[]Data,
 []

[694]
Underfull \hbox (badness 10000) detected at line 73
[][][]
 []

[695]
Underfull \hbox (badness 10000) detected at line 91
[][][]
 []

) (./a02036.tex [696]) (./a02040.tex [697]) (./a02044.tex [698]
Underfull \hbox (badness 3291) in paragraph at lines 21--22
[]\T1/phv/m/n/10 virtual [] [] (const [] &in[]Feature[]ID, []
 []


Underfull \hbox (badness 10000) detected at line 34
[][][]
 []

) (./a02048.tex [699]
Overfull \hbox (48.78409pt too wide) in paragraph at lines 50--51
[]\T1/phv/m/n/10 Unlike with [], the [] does not take own-er-ship of the []
 []

[700]
Underfull \hbox (badness 10000) detected at line 69
[][][]
 []

[701] [702]) (./a02052.tex
Underfull \hbox (badness 914) in paragraph at lines 21--22
[]\T1/phv/m/n/10 virtual [] [] ([] in[]Node[]ID, [] in[]Node[]Type,
 []

[703]
Underfull \hbox (badness 10000) detected at line 42
[][][]
 []

) (./a02056.tex [704]
Underfull \hbox (badness 10000) detected at line 32
[][][]
 []

[705]
Underfull \hbox (badness 10000) detected at line 99
[][][]
 []

) (./a02060.tex [706]
Underfull \hbox (badness 10000) detected at line 41
[][][]
 []


Underfull \hbox (badness 10000) detected at line 45
[][][]
 []

) (./a02064.tex [707]
Underfull \hbox (badness 10000) detected at line 32
[][][]
 []

[708] [709]
Underfull \hbox (badness 10000) detected at line 132
[][][]
 []


Underfull \hbox (badness 10000) detected at line 136
[][][]
 []

[710]
Underfull \hbox (badness 10000) detected at line 184
[][][]
 []

[711] [712]) (./a02068.tex
Underfull \hbox (badness 10000) detected at line 22
[][][]
 []


Underfull \hbox (badness 10000) in paragraph at lines 45--47

 []

[713]
Underfull \hbox (badness 1112) in paragraph at lines 63--64
[]\T1/phv/m/n/10 virtual [] [] ([] i[]Parameter[]ID, dou-ble i[]
 []


Underfull \hbox (badness 2334) in paragraph at lines 65--66
[]\T1/phv/m/n/10 virtual [] [] ([] i[]Parameter[]ID, [] $\OMS/cmsy/m/n/10 ^^C$\
T1/phv/m/n/10 o[]
 []


Underfull \hbox (badness 10000) detected at line 81
[][][]
 []


Underfull \hbox (badness 4913) in paragraph at lines 88--89
[]\T1/phv/m/n/10 virtual [] [] ([] i[]Parameter[]ID, dou-ble i[]Value,
 []

[714]
Underfull \hbox (badness 10000) detected at line 102
[][][]
 []


Underfull \hbox (badness 1655) in paragraph at lines 123--124
[]\T1/phv/m/n/10 virtual [] [] ([] i[]Parameter[]ID, dou-ble i[]
 []

[715]
Underfull \hbox (badness 10000) detected at line 139
[][][]
 []


Underfull \hbox (badness 10000) detected at line 176
[][][]
 []

[716]
Underfull \hbox (badness 10000) detected at line 205
[][][]
 []

[717]
Underfull \hbox (badness 10000) detected at line 249
[][][]
 []


Underfull \hbox (badness 10000) detected at line 253
[][][]
 []

[718]
Underfull \hbox (badness 10000) detected at line 343
[][][]
 []


Overfull \vbox (19.96272pt too high) has occurred while \output is active []


[719]
Overfull \hbox (19.52144pt too wide) in paragraph at lines 391--391
[]\T1/phv/m/n/10 In most cases, the AAX host will call [] or []
 []

[720] [721]
Underfull \hbox (badness 3989) in paragraph at lines 512--512
[][] \T1/phv/m/n/10 cor-re-sponds to the Get[]Control[]
 []

[722]
Underfull \hbox (badness 10000) detected at line 538
[][][]
 []

[723] [724] [725] [726]
Underfull \hbox (badness 10000) detected at line 799
[][][]
 []

[727]
Underfull \hbox (badness 10000) detected at line 823
[][][]
 []


Underfull \hbox (badness 10000) detected at line 845
[][][]
 []

[728]
Underfull \hbox (badness 10000) detected at line 869
[][][]
 []


Underfull \hbox (badness 10000) detected at line 905
[][][]
 []

[729]
Underfull \hbox (badness 10000) detected at line 933
[][][]
 []


Underfull \hbox (badness 10000) detected at line 952
[][][]
 []


Underfull \hbox (badness 10000) detected at line 955
[][][]
 []

[730] [731]
Underfull \hbox (badness 10000) detected at line 1054
[][][]
 []

[732] [733]
Overfull \vbox (9.58682pt too high) has occurred while \output is active []


[734]) (./a02076.tex
Underfull \hbox (badness 10000) detected at line 22
[][][]
 []

[735]
Overfull \hbox (38.90005pt too wide) in paragraph at lines 57--58
[]\T1/phv/m/n/10 The host calls this method in Ef-fects that reg-is-ter one or 
more MIDI nodes us-ing [].
 []


Overfull \hbox (75.04333pt too wide) in paragraph at lines 82--83
[]\T1/phv/m/n/10 The host calls this method in Ef-fects that reg-is-ter one or 
more Con-trol MIDI nodes us-ing [].
 []

[736]
Underfull \hbox (badness 10000) detected at line 84
[][][]
 []

) (./a02080.tex
Underfull \hbox (badness 10000) detected at line 22
[][][]
 []

) (./a02084.tex [737]
Underfull \hbox (badness 10000) detected at line 22
[][][]
 []

[738]
Underfull \hbox (badness 10000) detected at line 66
[][][]
 []


Underfull \hbox (badness 10000) detected at line 69
[][][]
 []

) (./a02088.tex [739]
Underfull \hbox (badness 10000) detected at line 28
[][][]
 []


Underfull \hbox (badness 10000) detected at line 53
[][][]
 []


Underfull \hbox (badness 10000) detected at line 56
[][][]
 []


Underfull \hbox (badness 10000) detected at line 61
[][][]
 []


Underfull \hbox (badness 10000) detected at line 72
[][][]
 []

) (./a02092.tex [740]
Underfull \hbox (badness 10000) detected at line 20
[][][]
 []

[741]
Overfull \hbox (82.96451pt too wide) in paragraph at lines 106--107
[]\T1/phv/m/n/10 To change the bound-aries of the pro-cess-ing re-gion be-fore 
pro-cess-ing be-gins, use [] 
 []


Underfull \hbox (badness 10000) detected at line 109
[][][]
 []

[742]
Underfull \hbox (badness 10000) detected at line 143
[][][]
 []

[743]
Underfull \hbox (badness 10000) detected at line 200
[][][]
 []

[744]
Underfull \hbox (badness 10000) detected at line 226
[][][]
 []


Underfull \hbox (badness 10000) detected at line 229
[][][]
 []

[745]
Underfull \hbox (badness 10000) detected at line 279
[][][]
 []


Underfull \hbox (badness 10000) detected at line 303
[][][]
 []


Underfull \hbox (badness 10000) detected at line 306
[][][]
 []

) (./a02096.tex
Underfull \hbox (badness 10000) detected at line 20
[][][]
 []

[746]) (./a02100.tex [747]
Underfull \hbox (badness 10000) detected at line 40
[][][]
 []


Overfull \vbox (4.13649pt too high) has occurred while \output is active []


[748]) (./a02104.tex) (./a02108.tex [749]) (./a02112.tex [750]) (./a02116.tex
[751]) (./a02120.tex [752] [753]) (./a02124.tex
Overfull \hbox (91.70448pt too wide) in paragraph at lines 52--55
[]\T1/phv/m/n/10 This method does not clear any pa-ram-e-ter name vari-a-tions 
from the ta-ble. For that, use []
 []

[754]
Underfull \hbox (badness 10000) detected at line 94
[][][]
 []

[755]
Underfull \hbox (badness 10000) detected at line 112
[][][]
 []


Underfull \hbox (badness 10000) detected at line 130
[][][]
 []


Underfull \hbox (badness 10000) detected at line 133
[][][]
 []

[756]
Underfull \hbox (badness 10000) detected at line 153
[][][]
 []


Underfull \hbox (badness 10000) detected at line 173
[][][]
 []


Underfull \hbox (badness 10000) detected at line 197
[][][]
 []

[757]) (./a02128.tex
Underfull \hbox (badness 1205) in paragraph at lines 23--25
[]\T1/phv/m/n/10 virtual [] [] (int32[]_[]t i[]Index, [] &o[]Parameter[]
 []


Underfull \hbox (badness 896) in paragraph at lines 27--29
[]\T1/phv/m/n/10 virtual [] [] ([] i[]Parameter[]Identifier,
 []


Underfull \hbox (badness 1571) in paragraph at lines 35--36
[]\T1/phv/m/n/10 virtual [] [] ([] i[]Parameter[]Identifier, const
 []


Underfull \hbox (badness 10000) detected at line 54
[][][]
 []

[758]
Underfull \hbox (badness 10000) detected at line 59
[][][]
 []


Underfull \hbox (badness 10000) detected at line 80
[][][]
 []


Underfull \hbox (badness 10000) detected at line 85
[][][]
 []

[759]
Underfull \hbox (badness 10000) detected at line 110
[][][]
 []


Underfull \hbox (badness 10000) detected at line 115
[][][]
 []


Underfull \hbox (badness 10000) detected at line 118
[][][]
 []


Underfull \hbox (badness 10000) detected at line 143
[][][]
 []


Underfull \hbox (badness 10000) detected at line 148
[][][]
 []


Underfull \hbox (badness 10000) detected at line 152
[][][]
 []

[760]
Underfull \hbox (badness 10000) detected at line 155
[][][]
 []


Underfull \hbox (badness 10000) detected at line 186
[][][]
 []


Underfull \hbox (badness 10000) detected at line 191
[][][]
 []


Underfull \hbox (badness 10000) detected at line 194
[][][]
 []


Overfull \vbox (6.24352pt too high) has occurred while \output is active []


[761]
Underfull \hbox (badness 10000) detected at line 219
[][][]
 []


Underfull \hbox (badness 10000) detected at line 222
[][][]
 []


Underfull \hbox (badness 10000) detected at line 239
[][][]
 []


Underfull \hbox (badness 10000) detected at line 242
[][][]
 []


Underfull \hbox (badness 10000) detected at line 245
[][][]
 []


Underfull \hbox (badness 10000) detected at line 250
[][][]
 []

[762]
Underfull \hbox (badness 10000) detected at line 272
[][][]
 []


Overfull \hbox (98.96336pt too wide) in paragraph at lines 273--274
\T1/phv/m/n/10 vari-a-tions in-dices, i.[]e. the pa-ram-e-ter iden-ti-fier as-s
o-ci-ated with each in-dex by [] 
 []


Underfull \hbox (badness 10000) detected at line 275
[][][]
 []


Underfull \hbox (badness 10000) detected at line 278
[][][]
 []

) (./a02132.tex [763]
Underfull \hbox (badness 10000) detected at line 20
[][][]
 []


Underfull \hbox (badness 10000) detected at line 47
[][][]
 []


Overfull \vbox (92.02599pt too high) has occurred while \output is active []


[764]
Underfull \hbox (badness 10000) detected at line 67
[][][]
 []


Underfull \hbox (badness 10000) detected at line 84
[][][]
 []


Underfull \hbox (badness 10000) detected at line 102
[][][]
 []

) (./a02136.tex [765]
Underfull \hbox (badness 10000) detected at line 20
[][][]
 []


Overfull \hbox (30.29684pt too wide) in paragraph at lines 26--28
\T1/phv/m/n/10 File[]Path[]Encoding, [] in[]Manufacturer[]ID, [] in[]Product[]I
D, []
 []


Underfull \hbox (badness 10000) detected at line 43
[][][]
 []

[766]
Underfull \hbox (badness 10000) detected at line 69
[][][]
 []


Underfull \hbox (badness 10000) detected at line 82
[][][]
 []

[767]
Underfull \hbox (badness 10000) detected at line 104
[][][]
 []

) (./a02140.tex
Underfull \hbox (badness 10000) detected at line 38
[][][]
 []

[768]
Underfull \hbox (badness 10000) detected at line 62
[][][]
 []

) (./a02144.tex [769]
Underfull \hbox (badness 10000) detected at line 59
[][][]
 []

[770]) (./a02148.tex [771]) (./a02152.tex [772]
Underfull \hbox (badness 10000) detected at line 57
[][][]
 []

) (./a02156.tex [773]
Underfull \hbox (badness 2951) in paragraph at lines 23--24
[]\T1/phv/m/n/10 virtual [] [] ([] const &in[]Data[]Type, []
 []

[774]) (./a02160.tex [775]
Underfull \hbox (badness 10000) detected at line 99
[][][]
 []


Underfull \hbox (badness 10000) detected at line 103
[][][]
 []

[776]) (./a02164.tex [777]
Underfull \hbox (badness 10000) detected at line 84
[][][]
 []

[778]) (./a02168.tex [779]
Underfull \hbox (badness 10000) detected at line 26
[][][]
 []


Overfull \vbox (7.23473pt too high) has occurred while \output is active []


[780]) (./a02172.tex [781]
Underfull \hbox (badness 10000) detected at line 56
[][][]
 []

[782] [783]
Underfull \hbox (badness 10000) detected at line 158
[][][]
 []

[784] [785]) (./a02176.tex [786]
Underfull \hbox (badness 10000) detected at line 42
[][][]
 []


Underfull \hbox (badness 10000) detected at line 60
[][][]
 []

[787]
Underfull \hbox (badness 10000) detected at line 80
[][][]
 []


Underfull \hbox (badness 10000) detected at line 100
[][][]
 []

) (./a02180.tex [788]
Underfull \hbox (badness 10000) detected at line 36
[][][]
 []

) (./a02184.tex [789]
Underfull \hbox (badness 10000) detected at line 36
[][][]
 []

) (./a02188.tex [790]) (./a02192.tex [791]
Underfull \hbox (badness 10000) detected at line 38
[][][]
 []


Underfull \hbox (badness 10000) detected at line 51
[][][]
 []

) (./a02196.tex
Underfull \hbox (badness 10000) detected at line 20
[][][]
 []

[792] [793]
Underfull \hbox (badness 10000) detected at line 104
[][][]
 []


Underfull \hbox (badness 10000) detected at line 141
[][][]
 []

[794]
Underfull \hbox (badness 10000) detected at line 161
[][][]
 []

) (./a02200.tex
Underfull \hbox (badness 10000) detected at line 20
[][][]
 []

[795]
Underfull \hbox (badness 10000) detected at line 66
[][][]
 []

[796]
Underfull \hbox (badness 10000) detected at line 88
[][][]
 []

) (./a02204.tex
Underfull \hbox (badness 10000) detected at line 20
[][][]
 []

[797]) (./a02208.tex [798] [799]
Underfull \hbox (badness 10000) detected at line 67
[][][]
 []


Underfull \hbox (badness 4673) in paragraph at lines 81--82
[]\T1/phv/m/n/10 Referenced by AAX[]_[][]CParameter$\OML/cmm/m/it/10 <$ \T1/phv
/m/n/10 T $\OML/cmm/m/it/10 >$[]\T1/phv/m/n/10 ::[]Set[]Automation[]Delegate(),
 and AAX[]_[][]CStateless[]Parameter[]::[]Set[]
 []


Underfull \hbox (badness 10000) detected at line 93
[][][]
 []


Underfull \hbox (badness 10000) detected at line 96
[][][]
 []

[800] [801] [802]) (./a02212.tex [803] [804]
Underfull \hbox (badness 10000) detected at line 135
[][][]
 []

[805]
Underfull \hbox (badness 10000) detected at line 211
[][][]
 []


Underfull \hbox (badness 2865) in paragraph at lines 214--215
[]\T1/phv/m/n/10 AAX plu-gin de-scrip-tion de-tails are cached and might not be
 re-scanned even if the host ver-
 []


Underfull \hbox (badness 914) in paragraph at lines 214--215
\T1/phv/m/n/10 sion changes. Be care-ful to avoid chang-ing any cacheable in-fo
r-ma-tion based on this data. See
 []

[806]
Underfull \hbox (badness 10000) detected at line 235
[][][]
 []


Underfull \hbox (badness 10000) detected at line 238
[][][]
 []


Underfull \hbox (badness 10000) detected at line 259
[][][]
 []


Underfull \hbox (badness 10000) detected at line 262
[][][]
 []


Underfull \hbox (badness 10000) detected at line 279
[][][]
 []


Underfull \hbox (badness 10000) detected at line 282
[][][]
 []

[807]) (./a02216.tex
Overfull \hbox (16.09702pt too wide) in paragraph at lines 39--40
[]\T1/phv/m/n/10 virtual [] [] ([] in[]Field[]Index, uint32[]_[]t in[]Packet[]S
ize, []
 []

[808]
Underfull \hbox (badness 1205) in paragraph at lines 43--44
[]\T1/phv/m/n/10 virtual [] [] ([] in[]Field[]Index, int32[]_[]t in[]Data[]Size
, uint32[]_[]t in[]
 []


Underfull \hbox (badness 3746) in paragraph at lines 59--60
[]\T1/phv/m/n/10 virtual [] [] ([] in[]Process[]Proc, []
 []


Underfull \hbox (badness 10000) in paragraph at lines 59--60
\OMS/cmsy/m/n/10 ^^C$\T1/phv/m/n/10 in[]Properties=NULL, [] in[]Instance[]Init[
]Proc=NULL, [] in[]
 []


Underfull \hbox (badness 3895) in paragraph at lines 63--64
[]\T1/phv/m/n/10 virtual [] [] ([] $\OMS/cmsy/m/n/10 ^^C$\T1/phv/m/n/10 in[]Pro
perties, [] $\OMS/cmsy/m/n/10 ^^C$\T1/phv/m/n/10 out[]Proc[]
 []


Underfull \hbox (badness 6808) in paragraph at lines 65--66
\T1/phv/m/n/10 Instances[]Begin[]$ $[], const void $\OMS/cmsy/m/n/10 ^^C$\T1/ph
v/m/n/10 in[]Instances[]End), [] $\OMS/cmsy/m/n/10 ^^C$\T1/phv/m/n/10 in[]Prope
rties=NULL, int32[]_[]
 []


Overfull \hbox (48.36082pt too wide) in paragraph at lines 65--66
\T1/phv/m/n/10 t([] $\OMS/cmsy/m/n/10 ^^C$\T1/phv/m/n/10 in[]Instance[]Init[]Pr
oc)(const a[]Context[]Type $\OMS/cmsy/m/n/10 ^^C$\T1/phv/m/n/10 in[]Instance[]C
ontext[]Ptr, []
 []

[809] [810]
Overfull \vbox (6.24747pt too high) has occurred while \output is active []


[811] [812]
Underfull \hbox (badness 10000) detected at line 297
[][][]
 []


Overfull \hbox (24.44463pt too wide) in paragraph at lines 298--299
[]\T1/phv/m/n/10 When a plug-in is op-er-at-ing in of-fline (Audio[]Suite) mode
, all data ports op-er-ate as []
 []


Overfull \vbox (37.39293pt too high) has occurred while \output is active []


[813]
Underfull \hbox (badness 10000) detected at line 343
[][][]
 []

[814]
Underfull \hbox (badness 10000) detected at line 377
[][][]
 []

[815]
Underfull \hbox (badness 10000) detected at line 436
[][][]
 []

[816]
Overfull \hbox (19.98418pt too wide) in paragraph at lines 506--507
[]\T1/phv/m/n/10 To add a MIDI node that is only ac-ces-si-ble to the plug-in\T
S1/phv/m/n/10 '\T1/phv/m/n/10 s data model, use [] 
 []


Underfull \hbox (badness 10000) detected at line 543
[][][]
 []

[817] [818] [819] [820]
Underfull \hbox (badness 10000) detected at line 697
[][][]
 []

[821]
Underfull \hbox (badness 10000) in paragraph at lines 724--726
|  \T1/pcr/m/n/8 void([] $\OMS/cmsy/m/n/8 ^^C$\T1/pcr/m/n/8 in[]Process[]Proc)(
a[]Context[]Type $\OMS/cmsy/m/n/8 ^^C$\T1/pcr/m/n/8 const in[]Instances[]Begin[
]$ $[], const
 []


Underfull \hbox (badness 10000) in paragraph at lines 724--726
|  \T1/pcr/m/n/8 int32[]_[]t([] $\OMS/cmsy/m/n/8 ^^C$\T1/pcr/m/n/8 in[]Instance
[]Init[]Proc)(const a[]Context[]Type $\OMS/cmsy/m/n/8 ^^C$\T1/pcr/m/n/8 in[]Ins
tance[]Context[]
 []


Underfull \hbox (badness 10000) detected at line 733
[][][]
 []


Overfull \hbox (218.58871pt too wide) in paragraph at lines 734--735
[][] 
 []

) (./a02220.tex [822] [823]
Overfull \hbox (79.00948pt too wide) in paragraph at lines 87--88
[]\T1/phv/m/n/10 Implemented in [], [], [],
 []

) (./a02224.tex [824]
Underfull \hbox (badness 10000) detected at line 66
[][][]
 []

[825]
Overfull \hbox (40.23097pt too wide) in paragraph at lines 99--100
[]\T1/phv/m/n/10 virtual [] $\OMS/cmsy/m/n/10 ^^C$ [] \T1/phv/m/n/10 ([] in[]Ma
nufacturer[]ID, []
 []


Underfull \hbox (badness 6526) in paragraph at lines 103--104
[]\T1/phv/m/n/10 virtual [] $\OMS/cmsy/m/n/10 ^^C$ [] \T1/phv/m/n/10 (const cha
r $\OMS/cmsy/m/n/10 ^^C$\T1/phv/m/n/10 in[]Page[]Table[]File[]Path,
 []


Underfull \hbox (badness 4660) in paragraph at lines 105--106
[]\T1/phv/m/n/10 virtual [] $\OMS/cmsy/m/n/10 ^^C$ [] \T1/phv/m/n/10 (const cha
r $\OMS/cmsy/m/n/10 ^^C$\T1/phv/m/n/10 in[]Page[]Table[]File[]Path,
 []

[826] [827]
Underfull \hbox (badness 10000) detected at line 199
[][][]
 []


Underfull \hbox (badness 10000) detected at line 223
[][][]
 []


Underfull \hbox (badness 1748) in paragraph at lines 224--225
[]\T1/phv/m/n/10 A plug-in should never ap-ply a DSP al-go-rithm with more de-m
and-ing re-source re-quire-ments than
 []


Underfull \hbox (badness 883) in paragraph at lines 224--225
[]\T1/phv/m/n/10 , then poll [] un-til the new value has
 []

[828]
Underfull \hbox (badness 10000) detected at line 253
[][][]
 []

[829]
Underfull \hbox (badness 1983) in paragraph at lines 279--280
[]\T1/phv/m/n/10 To set a new la-tency value, a plug-in must call [], then wait
 for an
 []


Underfull \hbox (badness 4805) in paragraph at lines 279--280
[] \T1/phv/m/n/10 no-ti-fi-ca-tion. Once this no-ti-fi-ca-tion has been re-ceiv
ed,
 []


Underfull \hbox (badness 10000) detected at line 281
[][][]
 []


Underfull \hbox (badness 10000) detected at line 305
[][][]
 []


Underfull \hbox (badness 1748) in paragraph at lines 306--307
[]\T1/phv/m/n/10 A plug-in should never ap-ply a DSP al-go-rithm with more de-m
and-ing re-source re-quire-ments than
 []


Underfull \hbox (badness 883) in paragraph at lines 306--307
[]\T1/phv/m/n/10 , then poll [] un-til the new value has
 []

[830]
Underfull \hbox (badness 10000) detected at line 337
[][][]
 []


Underfull \hbox (badness 10000) detected at line 340
[][][]
 []

[831] [832] [833] [834]
Underfull \hbox (badness 10000) detected at line 571
[][][]
 []

[835] [836]
Underfull \hbox (badness 10000) detected at line 658
[][][]
 []


Underfull \hbox (badness 10000) detected at line 694
[][][]
 []

[837] [838]
Underfull \hbox (badness 10000) detected at line 724
[][][]
 []

[839]
Underfull \hbox (badness 10000) detected at line 760
[][][]
 []

) (./a02228.tex [840]) (./a02232.tex [841] [842]) (./a02236.tex
Underfull \hbox (badness 10000) detected at line 16
[][][]
 []

[843]
Underfull \hbox (badness 10000) detected at line 58
[][][]
 []


Underfull \hbox (badness 10000) detected at line 63
[][][]
 []

) (./a02244.tex

Package hyperref Warning: Token not allowed in a PDF string (Unicode):
(hyperref)                removing `math shift' on input line 1.


Package hyperref Warning: Token not allowed in a PDF string (Unicode):
(hyperref)                removing `math shift' on input line 1.


Package hyperref Warning: Token not allowed in a PDF string (Unicode):
(hyperref)                removing `math shift' on input line 1.


Package hyperref Warning: Token not allowed in a PDF string (Unicode):
(hyperref)                removing `math shift' on input line 1.

pdfTeX warning (ext4): destination with the same identifier (name{a00912_displa
ydelegates_decorators}) has been already used, duplicate ignored
<to be read again> 
                   \relax 
l.33 ...rget{a00912_displaydelegates_decorators}{}
                                                  \doxysubsection{Display de...
[844]pdfTeX warning (ext4): destination with the same identifier (name{a00912_d
isplaydelegates_decorators_implementation}) has been already used, duplicate ig
nored
<to be read again> 
                   \relax 
l.36 ...playdelegates_decorators_implementation}{}
                                                  \doxysubsubsection{Display...
pdfTeX warning (ext4): destination with the same identifier (name{a00912_exampl
e}) has been already used, duplicate ignored
<to be read again> 
                   \relax 
l.64 \hypertarget{a00912_example}{}
                                   \doxysubsubsection{Decibel decorator exam...
[845]
Underfull \hbox (badness 10000) in paragraph at lines 125--126
[]\T1/phv/m/n/10 Implemented in [], [],
 []


Overfull \hbox (18.8462pt too wide) in paragraph at lines 125--126
[]\T1/phv/m/n/10 , [], [],
 []


Underfull \hbox (badness 10000) in paragraph at lines 125--126
[]\T1/phv/m/n/10 , [],
 []

[846]
Underfull \hbox (badness 10000) in paragraph at lines 160--161
[]\T1/phv/m/n/10 Implemented in [], [],
 []


Overfull \hbox (18.8462pt too wide) in paragraph at lines 160--161
[]\T1/phv/m/n/10 , [], [],
 []


Underfull \hbox (badness 10000) in paragraph at lines 160--161
[]\T1/phv/m/n/10 , [],
 []


Underfull \hbox (badness 10000) in paragraph at lines 191--192
[]\T1/phv/m/n/10 Implemented in [], [],
 []


Overfull \hbox (18.8462pt too wide) in paragraph at lines 191--192
[]\T1/phv/m/n/10 , [], [],
 []


Underfull \hbox (badness 10000) in paragraph at lines 191--192
[]\T1/phv/m/n/10 , [],
 []

[847]
Underfull \hbox (badness 10000) in paragraph at lines 220--221
[]\T1/phv/m/n/10 Implemented in [], [],
 []


Overfull \hbox (18.8462pt too wide) in paragraph at lines 220--221
[]\T1/phv/m/n/10 , [], [],
 []


Underfull \hbox (badness 10000) in paragraph at lines 220--221
[]\T1/phv/m/n/10 , [],
 []

) (./a02240.tex
Underfull \hbox (badness 10000) detected at line 20
[][][]
 []

[848]
Underfull \hbox (badness 10000) detected at line 41
[][][]
 []

) (./a02248.tex

Package hyperref Warning: Token not allowed in a PDF string (Unicode):
(hyperref)                removing `math shift' on input line 1.


Package hyperref Warning: Token not allowed in a PDF string (Unicode):
(hyperref)                removing `math shift' on input line 1.


Package hyperref Warning: Token not allowed in a PDF string (Unicode):
(hyperref)                removing `math shift' on input line 1.


Package hyperref Warning: Token not allowed in a PDF string (Unicode):
(hyperref)                removing `math shift' on input line 1.


Underfull \hbox (badness 10000) detected at line 27
[][][]
 []

[849]
Overfull \hbox (41.9971pt too wide) in paragraph at lines 83--84
[]\T1/phv/m/n/10 This con-struc-tor sets the lo-cal m[]Wrapped[]Display[]Delega
te mem-ber to a clone of the pro-vided [],
 []

[850]
Underfull \hbox (badness 10000) detected at line 101
[][][]
 []


Underfull \hbox (badness 10000) detected at line 131
[][][]
 []

[851] [852]) (./a02252.tex [853]
Underfull \hbox (badness 10000) detected at line 18
[][][]
 []

[854] [855]
Underfull \hbox (badness 10000) detected at line 200
[][][]
 []

[856]
Underfull \hbox (badness 10000) detected at line 203
[][][]
 []


Underfull \hbox (badness 10000) detected at line 218
[][][]
 []


Underfull \hbox (badness 10000) detected at line 225
[][][]
 []


Underfull \hbox (badness 10000) detected at line 240
[][][]
 []


Underfull \hbox (badness 10000) detected at line 243
[][][]
 []

[857]
Underfull \hbox (badness 10000) detected at line 281
[][][]
 []

[858]
Underfull \hbox (badness 10000) detected at line 309
[][][]
 []


Underfull \hbox (badness 10000) detected at line 332
[][][]
 []


Underfull \hbox (badness 10000) detected at line 337
[][][]
 []

[859]
Underfull \hbox (badness 10000) detected at line 369
[][][]
 []


Underfull \hbox (badness 10000) detected at line 397
[][][]
 []


Underfull \hbox (badness 10000) detected at line 420
[][][]
 []

[860]
Underfull \hbox (badness 10000) detected at line 443
[][][]
 []


Underfull \hbox (badness 10000) detected at line 468
[][][]
 []


Underfull \hbox (badness 10000) detected at line 473
[][][]
 []

[861]
Underfull \hbox (badness 10000) detected at line 496
[][][]
 []


Underfull \hbox (badness 10000) detected at line 499
[][][]
 []

[862]
Underfull \hbox (badness 10000) detected at line 524
[][][]
 []


Underfull \hbox (badness 10000) detected at line 527
[][][]
 []


Underfull \hbox (badness 10000) detected at line 550
[][][]
 []


Underfull \hbox (badness 10000) detected at line 553
[][][]
 []

) (./a02256.tex [863]
Underfull \hbox (badness 10000) detected at line 22
[][][]
 []


Overfull \hbox (21.26636pt too wide) in paragraph at lines 48--49
[]\T1/phv/m/n/10 virtual [] [] ([] in[]Meter[]ID, const char $\OMS/cmsy/m/n/10 
^^C$\T1/phv/m/n/10 in[]Meter[]Name, []
 []


Underfull \hbox (badness 914) in paragraph at lines 50--51
[]\T1/phv/m/n/10 virtual [] [] ([] in[]Node[]ID, [] in[]Node[]Type,
 []

[864]
Underfull \hbox (badness 10000) in paragraph at lines 68--69
\T1/pcr/m/n/8 virtual []$\OMS/cmsy/m/n/8 ^^C$ \T1/pcr/m/n/8 AAX[]_[][]IEffect[]
Descriptor[]::[]New[]Component[]Descriptor ( ) [pure
 []


Overfull \hbox (48.78409pt too wide) in paragraph at lines 94--95
[]\T1/phv/m/n/10 Unlike with [], the [] does not take own-er-ship of the []
 []

[865]
Underfull \hbox (badness 10000) detected at line 123
[][][]
 []

[866] [867]
Underfull \hbox (badness 10000) detected at line 289
[][][]
 []

[868]) (./a02260.tex
Underfull \hbox (badness 10000) detected at line 28
[][][]
 []

[869]) (./a02264.tex
Underfull \hbox (badness 10000) detected at line 28
[][][]
 []

[870]) (./a02268.tex [871]
Underfull \hbox (badness 10000) detected at line 32
[][][]
 []

pdfTeX warning (ext4): destination with the same identifier (name{a02268_AAX_IE
ffectParameters_relclass}) has been already used, duplicate ignored
<to be read again> 
                   \relax 
l.39 ...t{a02268_AAX_IEffectParameters_relclass}{}
                                                  \doxysubsection{Related cl...
File: dot_aax_ieffectparams_related.pdf Graphic file (type pdf)
<use dot_aax_ieffectparams_related.pdf>
Package pdftex.def Info: dot_aax_ieffectparams_related.pdf  used on input line 
42.
(pdftex.def)             Requested size: 455.24608pt x 255.83272pt.
[872]
File: dot_aax_ieffectparams_contained.pdf Graphic file (type pdf)
<use dot_aax_ieffectparams_contained.pdf>
Package pdftex.def Info: dot_aax_ieffectparams_contained.pdf  used on input lin
e 47.
(pdftex.def)             Requested size: 455.24442pt x 146.63301pt.
 [873]) (./a02272.tex [874]
Underfull \hbox (badness 10000) detected at line 42
[][][]
 []


Underfull \hbox (badness 10000) detected at line 69
[][][]
 []


Underfull \hbox (badness 10000) detected at line 74
[][][]
 []

) (./a02276.tex [875]
Underfull \hbox (badness 10000) detected at line 24
[][][]
 []

[876]) (./a02280.tex [877]
Underfull \hbox (badness 10000) detected at line 57
[][][]
 []

[878]) (./a02284.tex [879]
Underfull \hbox (badness 10000) detected at line 20
[][][]
 []

[880] [881]) (./a02288.tex
Underfull \hbox (badness 10000) detected at line 18
[][][]
 []

[882]) (./a02448.tex [883] [884] [885]) (./a02292.tex [886]
Underfull \hbox (badness 10000) detected at line 16
[][][]
 []

[887]
Underfull \hbox (badness 10000) detected at line 90
[][][]
 []

) (./a01892.tex [888]) (./a02296.tex
Underfull \hbox (badness 10000) detected at line 16
[][][]
 []

[889]
Underfull \hbox (badness 1205) in paragraph at lines 44--46
[]\T1/phv/m/n/10 virtual [] [] (int32[]_[]t i[]Index, [] &o[]Parameter[]
 []


Underfull \hbox (badness 896) in paragraph at lines 48--50
[]\T1/phv/m/n/10 virtual [] [] ([] i[]Parameter[]Identifier,
 []


Underfull \hbox (badness 1571) in paragraph at lines 56--57
[]\T1/phv/m/n/10 virtual [] [] ([] i[]Parameter[]Identifier, const
 []

[890]
Underfull \hbox (badness 10000) detected at line 71
[][][]
 []


Overfull \hbox (91.70448pt too wide) in paragraph at lines 87--88
[]\T1/phv/m/n/10 This method does not clear any pa-ram-e-ter name vari-a-tions 
from the ta-ble. For that, use []
 []

[891]
Underfull \hbox (badness 10000) detected at line 141
[][][]
 []


Underfull \hbox (badness 10000) detected at line 163
[][][]
 []


Overfull \vbox (2.25894pt too high) has occurred while \output is active []


[892]
Underfull \hbox (badness 10000) detected at line 185
[][][]
 []


Underfull \hbox (badness 10000) detected at line 188
[][][]
 []


Underfull \hbox (badness 10000) detected at line 212
[][][]
 []

[893]
Underfull \hbox (badness 10000) detected at line 236
[][][]
 []


Underfull \hbox (badness 10000) detected at line 264
[][][]
 []

[894]
Underfull \hbox (badness 10000) detected at line 294
[][][]
 []


Underfull \hbox (badness 10000) detected at line 299
[][][]
 []


Underfull \hbox (badness 10000) detected at line 320
[][][]
 []


Underfull \hbox (badness 10000) detected at line 325
[][][]
 []


Overfull \vbox (22.3984pt too high) has occurred while \output is active []


[895]
Underfull \hbox (badness 10000) detected at line 350
[][][]
 []


Underfull \hbox (badness 10000) detected at line 355
[][][]
 []


Underfull \hbox (badness 10000) detected at line 358
[][][]
 []


Underfull \hbox (badness 10000) detected at line 383
[][][]
 []

[896]
Underfull \hbox (badness 10000) detected at line 388
[][][]
 []


Underfull \hbox (badness 10000) detected at line 392
[][][]
 []


Underfull \hbox (badness 10000) detected at line 395
[][][]
 []


Underfull \hbox (badness 10000) detected at line 426
[][][]
 []


Underfull \hbox (badness 10000) detected at line 431
[][][]
 []


Underfull \hbox (badness 10000) detected at line 434
[][][]
 []

[897]
Underfull \hbox (badness 10000) detected at line 459
[][][]
 []


Underfull \hbox (badness 10000) detected at line 462
[][][]
 []


Underfull \hbox (badness 10000) detected at line 479
[][][]
 []


Underfull \hbox (badness 10000) detected at line 482
[][][]
 []


Underfull \hbox (badness 10000) detected at line 485
[][][]
 []


Underfull \hbox (badness 10000) detected at line 490
[][][]
 []

[898]
Underfull \hbox (badness 10000) detected at line 512
[][][]
 []


Overfull \hbox (98.96336pt too wide) in paragraph at lines 513--514
\T1/phv/m/n/10 vari-a-tions in-dices, i.[]e. the pa-ram-e-ter iden-ti-fier as-s
o-ci-ated with each in-dex by [] 
 []


Underfull \hbox (badness 10000) detected at line 515
[][][]
 []


Underfull \hbox (badness 10000) detected at line 518
[][][]
 []

) (./a02304.tex [899]
Underfull \hbox (badness 10000) detected at line 22
[][][]
 []

[900]
Underfull \hbox (badness 10000) in paragraph at lines 113--114
[]\T1/phv/m/n/10 virtual bool [] (dou-ble normalized[]Value, int32[]_[]t i[]Max
[]Num[]Chars,
 []

[901]
Underfull \hbox (badness 10000) detected at line 173
[][][]
 []

[902] [903]
Underfull \hbox (badness 10000) detected at line 250
[][][]
 []


Underfull \hbox (badness 10000) detected at line 288
[][][]
 []

[904]
Underfull \hbox (badness 10000) detected at line 319
[][][]
 []

[905] [906]
Underfull \hbox (badness 10000) detected at line 468
[][][]
 []

[907] [908]
Overfull \vbox (8.46594pt too high) has occurred while \output is active []


[909] [910] [911] [912] [913] [914] [915] [916]
Overfull \vbox (4.14867pt too high) has occurred while \output is active []


[917] [918] [919] [920]) (./a02300.tex
Underfull \hbox (badness 10000) detected at line 20
[][][]
 []

[921]
Underfull \hbox (badness 10000) detected at line 59
[][][]
 []


Underfull \hbox (badness 10000) detected at line 75
[][][]
 []

[922] [923] [924]) (./a02308.tex

Package hyperref Warning: Token not allowed in a PDF string (Unicode):
(hyperref)                removing `math shift' on input line 1.


Package hyperref Warning: Token not allowed in a PDF string (Unicode):
(hyperref)                removing `math shift' on input line 1.


Package hyperref Warning: Token not allowed in a PDF string (Unicode):
(hyperref)                removing `math shift' on input line 1.


Package hyperref Warning: Token not allowed in a PDF string (Unicode):
(hyperref)                removing `math shift' on input line 1.

[925]
Underfull \hbox (badness 10000) detected at line 90
[][][]
 []

[926]
Underfull \hbox (badness 10000) detected at line 114
[][][]
 []


Underfull \hbox (badness 10000) detected at line 132
[][][]
 []


Underfull \hbox (badness 10000) detected at line 150
[][][]
 []

) (./a02312.tex [927]
Underfull \hbox (badness 10000) detected at line 22
[][][]
 []


Underfull \hbox (badness 10000) detected at line 56
[][][]
 []

[928]
Underfull \hbox (badness 10000) detected at line 84
[][][]
 []

) (./a02316.tex [929] [930] [931]
Underfull \hbox (badness 10000) detected at line 119
[][][]
 []


Underfull \hbox (badness 10000) detected at line 151
[][][]
 []

[932]
Underfull \hbox (badness 10000) detected at line 177
[][][]
 []

[933]) (./a02320.tex
Underfull \hbox (badness 10000) detected at line 18
[][][]
 []


Underfull \hbox (badness 2951) in paragraph at lines 35--36
[]\T1/phv/m/n/10 virtual [] [] ([] const &in[]Data[]Type, []
 []

[934]
Underfull \hbox (badness 10000) detected at line 73
[][][]
 []

[935]) (./a02328.tex [936]) (./a02332.tex [937] [938]) (./a02340.tex

Package hyperref Warning: Token not allowed in a PDF string (Unicode):
(hyperref)                removing `math shift' on input line 1.


Package hyperref Warning: Token not allowed in a PDF string (Unicode):
(hyperref)                removing `math shift' on input line 1.


Package hyperref Warning: Token not allowed in a PDF string (Unicode):
(hyperref)                removing `math shift' on input line 1.


Package hyperref Warning: Token not allowed in a PDF string (Unicode):
(hyperref)                removing `math shift' on input line 1.

[939]
Overfull \hbox (195.10786pt too wide) in paragraph at lines 88--89
[]\T1/phv/m/n/10 Implemented in [], [], [],
 []


Overfull \hbox (99.9436pt too wide) in paragraph at lines 88--89
[]\T1/phv/m/n/10 , [], and []. 
 []

[940]
Overfull \hbox (195.10786pt too wide) in paragraph at lines 109--110
[]\T1/phv/m/n/10 Implemented in [], [], [],
 []


Overfull \hbox (99.9436pt too wide) in paragraph at lines 109--110
[]\T1/phv/m/n/10 , [], and []. 
 []


Overfull \hbox (195.10786pt too wide) in paragraph at lines 124--125
[]\T1/phv/m/n/10 Implemented in [], [], [],
 []


Overfull \hbox (99.9436pt too wide) in paragraph at lines 124--125
[]\T1/phv/m/n/10 , [], and []. 
 []


Underfull \hbox (badness 10000) detected at line 139
[][][]
 []


Overfull \hbox (195.10786pt too wide) in paragraph at lines 149--150
[]\T1/phv/m/n/10 Implemented in [], [], [],
 []


Overfull \hbox (99.9436pt too wide) in paragraph at lines 149--150
[]\T1/phv/m/n/10 , [], and []. 
 []

[941]
Overfull \hbox (195.10786pt too wide) in paragraph at lines 173--174
[]\T1/phv/m/n/10 Implemented in [], [], [],
 []


Overfull \hbox (99.9436pt too wide) in paragraph at lines 173--174
[]\T1/phv/m/n/10 , [], and []. 
 []


Overfull \hbox (195.10786pt too wide) in paragraph at lines 197--198
[]\T1/phv/m/n/10 Implemented in [], [], [],
 []


Overfull \hbox (99.9436pt too wide) in paragraph at lines 197--198
[]\T1/phv/m/n/10 , [], and []. 
 []

) (./a02336.tex [942]
Underfull \hbox (badness 10000) detected at line 24
[][][]
 []


Underfull \hbox (badness 10000) detected at line 27
[][][]
 []


Overfull \hbox (45.70091pt too wide) in paragraph at lines 28--29
[]\T1/phv/m/n/10 2. The [] finds the spec-i-fied [] and calls []
 []


Underfull \hbox (badness 10000) detected at line 30
[][][]
 []


Underfull \hbox (badness 10000) detected at line 55
[][][]
 []

) (./a02344.tex [943] [944]
Underfull \hbox (badness 10000) detected at line 83
[][][]
 []

[945] [946]) (./a02348.tex
Underfull \hbox (badness 10000) detected at line 26
[][][]
 []

[947]) (./a02352.tex [948] [949]
Underfull \hbox (badness 10000) detected at line 80
[][][]
 []


Underfull \hbox (badness 10000) detected at line 98
[][][]
 []


Overfull \vbox (14.39314pt too high) has occurred while \output is active []


[950] [951]
Underfull \hbox (badness 10000) detected at line 220
[][][]
 []

[952] [953]
Underfull \hbox (badness 10000) detected at line 334
[][][]
 []


Underfull \hbox (badness 10000) detected at line 356
[][][]
 []

[954]
Underfull \hbox (badness 10000) detected at line 380
[][][]
 []


Underfull \hbox (badness 10000) detected at line 404
[][][]
 []

[955]
Underfull \hbox (badness 10000) detected at line 426
[][][]
 []


Underfull \hbox (badness 10000) detected at line 450
[][][]
 []


Underfull \hbox (badness 10000) detected at line 467
[][][]
 []


Underfull \hbox (badness 10000) detected at line 484
[][][]
 []

[956]) (./a02356.tex [957] [958] [959]
Underfull \hbox (badness 10000) detected at line 140
[][][]
 []

[960]
Underfull \hbox (badness 10000) detected at line 185
[][][]
 []


Underfull \hbox (badness 10000) detected at line 209
[][][]
 []

[961] [962]
Underfull \hbox (badness 10000) detected at line 298
[][][]
 []


Underfull \hbox (badness 10000) detected at line 324
[][][]
 []

[963]) (./a02476.tex [964] [965]) (./a02000.tex [966]) (./a02004.tex [967])
(./a02072.tex [968]
Underfull \hbox (badness 10000) detected at line 12
[][][]
 []

[969]) (./a02456.tex
Underfull \hbox (badness 2096) in paragraph at lines 34--35
[]\T1/phv/m/n/10 You should never need to use this since the data model is avai
l-able di-rectly from within the vir-tual
 []

[970]) (./a02460.tex [971] [972]) (./a02452.tex
Underfull \hbox (badness 10000) detected at line 12
[][][]
 []

[973] [974]
Underfull \hbox (badness 10000) detected at line 103
[][][]
 []

[975]
Underfull \hbox (badness 10000) detected at line 120
[][][]
 []


Underfull \hbox (badness 10000) detected at line 137
[][][]
 []


Underfull \hbox (badness 10000) detected at line 154
[][][]
 []


Underfull \hbox (badness 10000) detected at line 171
[][][]
 []

[976]
Underfull \hbox (badness 10000) detected at line 188
[][][]
 []


Underfull \hbox (badness 10000) detected at line 205
[][][]
 []


Underfull \hbox (badness 10000) detected at line 222
[][][]
 []


Underfull \hbox (badness 10000) detected at line 239
[][][]
 []

[977]
Underfull \hbox (badness 10000) detected at line 256
[][][]
 []


Underfull \hbox (badness 10000) detected at line 273
[][][]
 []


Underfull \hbox (badness 10000) detected at line 290
[][][]
 []


Underfull \hbox (badness 10000) detected at line 307
[][][]
 []

[978]
Underfull \hbox (badness 10000) detected at line 324
[][][]
 []


Underfull \hbox (badness 4967) in paragraph at lines 341--341
[]\T1/phv/m/n/10 A plug-in that de-fines this value must also de-fine \T1/pcr/m
/n/10 m[]Hybrid[]Output[]Stem[]Format \T1/phv/m/n/10 and im-ple-ment
 []


Underfull \hbox (badness 10000) detected at line 341
[][][]
 []


Overfull \hbox (117.63927pt too wide) in paragraph at lines 358--358
[]\T1/phv/m/n/10 A plug-in that de-fines this value must also de-fine \T1/pcr/m
/n/10 m[]Hybrid[]Input[]Stem[]Format \T1/phv/m/n/10 and im-ple-ment [] 
 []


Underfull \hbox (badness 10000) detected at line 358
[][][]
 []

[979]
Underfull \hbox (badness 10000) detected at line 403
[][][]
 []


Underfull \hbox (badness 10000) detected at line 420
[][][]
 []

[980]
Underfull \hbox (badness 10000) detected at line 491
[][][]
 []

[981]) (./a01784.tex
Underfull \hbox (badness 10000) detected at line 12
[][][]
 []

[982] [983]
Underfull \hbox (badness 10000) detected at line 117
[][][]
 []

) (./a01780.tex
Underfull \hbox (badness 10000) in paragraph at lines 13--18

 []


Underfull \hbox (badness 10000) in paragraph at lines 13--18

 []


Underfull \hbox (badness 10000) in paragraph at lines 19--20

 []


Underfull \hbox (badness 10000) in paragraph at lines 21--22

 []

[984] [985]) (./a01788.tex [986] [987]) (./a01876.tex) (./a02364.tex [988]
[989]) (./a02368.tex [990]
Underfull \hbox (badness 6708) in paragraph at lines 31--33
[][] [] \T1/phv/m/n/10 ([] i[]Parameter[]ID, dou-ble i[]Normalized[]Value) cons
t
 []

[991]
Underfull \hbox (badness 10000) detected at line 77
[][][]
 []


Underfull \hbox (badness 10000) detected at line 97
[][][]
 []


Underfull \hbox (badness 10000) detected at line 100
[][][]
 []

[992] [993] [994]) (./a02372.tex [995]
Underfull \hbox (badness 4967) in paragraph at lines 77--78
[]\T1/phv/m/n/10 This im-ple-men-ta-tion re-tains each gen-er-ated [] and de-st
roys the de-scrip-tor upon
 []

[996]
Underfull \hbox (badness 10000) detected at line 141
[][][]
 []

[997]
Underfull \hbox (badness 10000) detected at line 217
[][][]
 []


Underfull \hbox (badness 2865) in paragraph at lines 220--221
[]\T1/phv/m/n/10 AAX plu-gin de-scrip-tion de-tails are cached and might not be
 re-scanned even if the host ver-
 []


Underfull \hbox (badness 914) in paragraph at lines 220--221
\T1/phv/m/n/10 sion changes. Be care-ful to avoid chang-ing any cacheable in-fo
r-ma-tion based on this data. See
 []

[998]
Underfull \hbox (badness 10000) detected at line 245
[][][]
 []


Underfull \hbox (badness 10000) detected at line 248
[][][]
 []


Underfull \hbox (badness 10000) detected at line 269
[][][]
 []


Underfull \hbox (badness 10000) detected at line 272
[][][]
 []

[999]
Underfull \hbox (badness 10000) detected at line 293
[][][]
 []


Underfull \hbox (badness 10000) detected at line 296
[][][]
 []

) (./a02376.tex [1000]
Underfull \hbox (badness 2111) in paragraph at lines 45--46
[][] [] \T1/phv/m/n/10 ([] in[]Field[]Index, int32[]_[]t in[]Data[]Size, uint32
[]_[]t in[]Options)
 []


Overfull \hbox (22.47658pt too wide) in paragraph at lines 49--50
[][] [] \T1/phv/m/n/10 ([] in[]Field[]Index, [] in[]Dma[]Mode) [] 
 []


Underfull \hbox (badness 3746) in paragraph at lines 59--60
[]\T1/phv/m/n/10 virtual [] [] ([] in[]Process[]Proc, []
 []


Underfull \hbox (badness 10000) in paragraph at lines 59--60
\OMS/cmsy/m/n/10 ^^C$\T1/phv/m/n/10 in[]Properties=NULL, [] in[]Instance[]Init[
]Proc=NULL, [] in[]
 []


Underfull \hbox (badness 3895) in paragraph at lines 63--64
[]\T1/phv/m/n/10 virtual [] [] ([] $\OMS/cmsy/m/n/10 ^^C$\T1/phv/m/n/10 in[]Pro
perties, [] $\OMS/cmsy/m/n/10 ^^C$\T1/phv/m/n/10 out[]Proc[]
 []

[1001]
Underfull \hbox (badness 10000) detected at line 114
[][][]
 []

[1002] [1003] [1004] [1005]
Underfull \hbox (badness 10000) detected at line 308
[][][]
 []


Overfull \hbox (24.44463pt too wide) in paragraph at lines 309--310
[]\T1/phv/m/n/10 When a plug-in is op-er-at-ing in of-fline (Audio[]Suite) mode
, all data ports op-er-ate as []
 []


Underfull \hbox (badness 10000) detected at line 348
[][][]
 []

[1006]
Underfull \hbox (badness 10000) detected at line 376
[][][]
 []

[1007]
Underfull \hbox (badness 10000) detected at line 429
[][][]
 []

[1008] [1009]
Overfull \hbox (19.98418pt too wide) in paragraph at lines 493--494
[]\T1/phv/m/n/10 To add a MIDI node that is only ac-ces-si-ble to the plug-in\T
S1/phv/m/n/10 '\T1/phv/m/n/10 s data model, use [] 
 []


Underfull \hbox (badness 3386) in paragraph at lines 526--527
[]\T1/phv/m/n/10 This im-ple-men-ta-tion re-tains each gen-er-ated [] and de-st
roys the prop-erty map upon
 []

[1010]
Underfull \hbox (badness 3386) in paragraph at lines 547--548
[]\T1/phv/m/n/10 This im-ple-men-ta-tion re-tains each gen-er-ated [] and de-st
roys the prop-erty map upon
 []


Overfull \vbox (33.9522pt too high) has occurred while \output is active []


[1011] [1012]
Underfull \hbox (badness 10000) detected at line 644
[][][]
 []

[1013]) (./a02380.tex [1014]
Overfull \hbox (20.39172pt too wide) in paragraph at lines 47--48
[][] [] \T1/phv/m/n/10 ([] $\OMS/cmsy/m/n/10 ^^C$\T1/phv/m/n/10 out[]Timestamp)
 const [] 
 []

LaTeX Font Info:    Font shape `T1/phv/bc/it' in size <9> not available
(Font)              Font shape `T1/phv/bc/sl' tried instead on input line 60.
LaTeX Font Info:    Font shape `T1/phv/bc/sl' will be
(Font)              scaled to size 8.09995pt on input line 60.

Underfull \hbox (badness 10000) detected at line 60
[][][]
 []

[1015]
Underfull \hbox (badness 3323) in paragraph at lines 78--79
\T1/phv/m/n/10 in[]Product[]ID, [] in[]Plug[]In[]ID, uint32[]_[]t in[]Table[]Ty
pe, int32[]_[]t in[]Table[]Page[]Size) const
 []


Overfull \hbox (37.2987pt too wide) in paragraph at lines 82--83
\T1/phv/m/n/10 in[]File[]Path[]Encoding, [] in[]Manufacturer[]ID, [] in[]Produc
t[]ID, []
 []


Underfull \hbox (badness 900) in paragraph at lines 84--85
\T1/phv/m/n/10 in[]File[]Path[]Encoding, const char $\OMS/cmsy/m/n/10 ^^C$\T1/p
hv/m/n/10 in[]Layout[]Name, uint32[]_[]t in[]Table[]Type, int32[]_[]t in[]Table
[]Page[]Size) const
 []

[1016]
Overfull \vbox (3.4522pt too high) has occurred while \output is active []


[1017]
Underfull \hbox (badness 10000) detected at line 187
[][][]
 []


Underfull \hbox (badness 10000) detected at line 211
[][][]
 []

[1018]
Underfull \hbox (badness 10000) detected at line 273
[][][]
 []


Underfull \hbox (badness 1748) in paragraph at lines 274--275
[]\T1/phv/m/n/10 A plug-in should never ap-ply a DSP al-go-rithm with more de-m
and-ing re-source re-quire-ments than
 []


Underfull \hbox (badness 883) in paragraph at lines 274--275
[]\T1/phv/m/n/10 , then poll [] un-til the new value has
 []

[1019]
Underfull \hbox (badness 10000) detected at line 303
[][][]
 []

[1020]
Underfull \hbox (badness 10000) detected at line 325
[][][]
 []


Underfull \hbox (badness 1983) in paragraph at lines 374--375
[]\T1/phv/m/n/10 To set a new la-tency value, a plug-in must call [], then wait
 for an
 []


Underfull \hbox (badness 4805) in paragraph at lines 374--375
[] \T1/phv/m/n/10 no-ti-fi-ca-tion. Once this no-ti-fi-ca-tion has been re-ceiv
ed,
 []


Underfull \hbox (badness 10000) detected at line 376
[][][]
 []

[1021]
Underfull \hbox (badness 10000) detected at line 400
[][][]
 []


Underfull \hbox (badness 1748) in paragraph at lines 401--402
[]\T1/phv/m/n/10 A plug-in should never ap-ply a DSP al-go-rithm with more de-m
and-ing re-source re-quire-ments than
 []


Underfull \hbox (badness 883) in paragraph at lines 401--402
[]\T1/phv/m/n/10 , then poll [] un-til the new value has
 []

[1022]
Underfull \hbox (badness 10000) detected at line 432
[][][]
 []


Underfull \hbox (badness 10000) detected at line 435
[][][]
 []

[1023]
Underfull \hbox (badness 10000) detected at line 490
[][][]
 []


Underfull \hbox (badness 10000) detected at line 502
[][][]
 []

[1024]
Overfull \vbox (12.97964pt too high) has occurred while \output is active []


[1025]
Overfull \vbox (10.78911pt too high) has occurred while \output is active []


[1026]
Underfull \hbox (badness 10000) detected at line 670
[][][]
 []

[1027]
Underfull \hbox (badness 10000) detected at line 706
[][][]
 []


Underfull \hbox (badness 10000) detected at line 736
[][][]
 []

[1028]
Underfull \hbox (badness 10000) detected at line 772
[][][]
 []

) (./a02384.tex [1029] [1030]) (./a02388.tex
Underfull \hbox (badness 4279) in paragraph at lines 27--29
[]\T1/phv/m/n/10 const [] $\OMS/cmsy/m/n/10 ^^C$ [] \T1/phv/m/n/10 (const [] &i
n[]Feature[]ID) const
 []

[1031]
Underfull \hbox (badness 10000) detected at line 79
[][][]
 []


Underfull \hbox (badness 10000) detected at line 84
[][][]
 []

[1032]) (./a02392.tex [1033] [1034]
Overfull \hbox (48.78409pt too wide) in paragraph at lines 91--92
[]\T1/phv/m/n/10 Unlike with [], the [] does not take own-er-ship of the []
 []


Underfull \hbox (badness 10000) detected at line 114
[][][]
 []

[1035] [1036]
Underfull \hbox (badness 3386) in paragraph at lines 197--198
[]\T1/phv/m/n/10 This im-ple-men-ta-tion re-tains each gen-er-ated [] and de-st
roys the prop-erty map upon
 []

[1037]
Underfull \hbox (badness 10000) detected at line 280
[][][]
 []

[1038]) (./a02396.tex [1039]
Underfull \hbox (badness 10000) detected at line 61
[][][]
 []


Underfull \hbox (badness 10000) detected at line 92
[][][]
 []


Underfull \hbox (badness 10000) detected at line 97
[][][]
 []

) (./a02400.tex [1040] [1041]
Underfull \hbox (badness 10000) detected at line 55
[][][]
 []

[1042]) (./a02404.tex [1043] [1044]) (./a02408.tex [1045] [1046]) (./a02412.tex

Underfull \hbox (badness 2837) in paragraph at lines 35--36
[][] [] \T1/phv/m/n/10 (int32[]_[]t i[]Page, int32[]_[]t &o[]Num[]Parameter[]Id
entifiers) const
 []


Underfull \hbox (badness 5519) in paragraph at lines 41--42
[][] [] \T1/phv/m/n/10 ([] i[]Parameter[]Identifier, int32[]_[]t i[]Page, int32
[]_[]t i[]Index)
 []


Overfull \hbox (23.57256pt too wide) in paragraph at lines 43--45
[][] [] \T1/phv/m/n/10 (int32[]_[]t &o[]Num[]Parameter[]Identifiers) const [] 
 []


Underfull \hbox (badness 1590) in paragraph at lines 45--47
[][] [] \T1/phv/m/n/10 (int32[]_[]t i[]Index, [] &o[]Parameter[]Identifier)
 []

[1047]
Overfull \hbox (25.8228pt too wide) in paragraph at lines 55--57
[][] [] \T1/phv/m/n/10 ([] i[]Parameter[]Identifier) [] 
 []


Overfull \hbox (91.70448pt too wide) in paragraph at lines 93--94
[]\T1/phv/m/n/10 This method does not clear any pa-ram-e-ter name vari-a-tions 
from the ta-ble. For that, use []
 []

[1048] [1049]
Underfull \hbox (badness 10000) detected at line 147
[][][]
 []


Underfull \hbox (badness 10000) detected at line 169
[][][]
 []


Underfull \hbox (badness 10000) detected at line 191
[][][]
 []


Underfull \hbox (badness 10000) detected at line 194
[][][]
 []

[1050]
Underfull \hbox (badness 10000) detected at line 218
[][][]
 []


Underfull \hbox (badness 10000) detected at line 242
[][][]
 []


Overfull \vbox (3.27342pt too high) has occurred while \output is active []


[1051]
Underfull \hbox (badness 10000) detected at line 270
[][][]
 []


Underfull \hbox (badness 10000) detected at line 304
[][][]
 []


Underfull \hbox (badness 10000) detected at line 309
[][][]
 []

[1052]
Underfull \hbox (badness 10000) detected at line 334
[][][]
 []


Underfull \hbox (badness 10000) detected at line 339
[][][]
 []


Underfull \hbox (badness 10000) detected at line 368
[][][]
 []

[1053]
Underfull \hbox (badness 10000) detected at line 373
[][][]
 []


Underfull \hbox (badness 10000) detected at line 376
[][][]
 []


Underfull \hbox (badness 10000) detected at line 405
[][][]
 []


Underfull \hbox (badness 10000) detected at line 410
[][][]
 []


Underfull \hbox (badness 10000) detected at line 414
[][][]
 []


Underfull \hbox (badness 10000) detected at line 417
[][][]
 []

[1054]
Underfull \hbox (badness 10000) detected at line 452
[][][]
 []


Underfull \hbox (badness 10000) detected at line 457
[][][]
 []


Underfull \hbox (badness 10000) detected at line 460
[][][]
 []

[1055]
Underfull \hbox (badness 10000) detected at line 489
[][][]
 []


Underfull \hbox (badness 10000) detected at line 492
[][][]
 []


Underfull \hbox (badness 10000) detected at line 513
[][][]
 []


Underfull \hbox (badness 10000) detected at line 516
[][][]
 []


Underfull \hbox (badness 10000) detected at line 519
[][][]
 []


Underfull \hbox (badness 10000) detected at line 524
[][][]
 []

[1056]
Underfull \hbox (badness 10000) detected at line 550
[][][]
 []


Overfull \hbox (98.96336pt too wide) in paragraph at lines 551--552
\T1/phv/m/n/10 vari-a-tions in-dices, i.[]e. the pa-ram-e-ter iden-ti-fier as-s
o-ci-ated with each in-dex by [] 
 []


Underfull \hbox (badness 10000) detected at line 553
[][][]
 []


Underfull \hbox (badness 10000) detected at line 556
[][][]
 []

[1057]) (./a02416.tex [1058]
Underfull \hbox (badness 10000) detected at line 57
[][][]
 []


Underfull \hbox (badness 10000) detected at line 85
[][][]
 []

[1059]) (./a02420.tex
Underfull \hbox (badness 10000) in paragraph at lines 23--24
[][] [] \T1/phv/m/n/10 ([] in[]Property, [] $\OMS/cmsy/m/n/10 ^^C$\T1/phv/m/n/1
0 out[]Value) const
 []


Underfull \hbox (badness 1436) in paragraph at lines 37--38
[][] [] \T1/phv/m/n/10 ([] in[]Property, const []
 []

[1060]
Underfull \hbox (badness 5189) in paragraph at lines 78--79
[]\T1/pcr/m/n/10 in[]Property[]Map[]Unknown \T1/phv/m/n/10 must sup-port at lea
st one [] in-ter-face - oth-er-wise an
 []

[1061]
Underfull \hbox (badness 10000) detected at line 136
[][][]
 []

[1062]
Underfull \hbox (badness 10000) detected at line 162
[][][]
 []


Underfull \hbox (badness 10000) detected at line 188
[][][]
 []

[1063] [1064]) (./a02424.tex [1065]
Underfull \hbox (badness 10000) in paragraph at lines 81--82
\T1/pcr/m/n/8 std[]::unique[]_[]ptr$\OML/cmm/m/it/8 <$[] \T1/pcr/m/n/8 const$\O
ML/cmm/m/it/8 >$ \T1/pcr/m/n/8 AAX[]_[][]VSession[]Document[]::[]Get[]Tempo[]Ma
p ( )
 []


Underfull \hbox (badness 10000) detected at line 87
[][][]
 []

[1066] [1067]) (./a02432.tex [1068]
Underfull \hbox (badness 10000) detected at line 93
[][][]
 []

[1069] [1070]) (./a02436.tex [1071]
Underfull \hbox (badness 2229) in paragraph at lines 49--50
[][] [] \T1/phv/m/n/10 ([] $\OMS/cmsy/m/n/10 ^^C$\T1/phv/m/n/10 o[]Feet[]Frames
[]Rate, int64[]_[]t $\OMS/cmsy/m/n/10 ^^C$\T1/phv/m/n/10 o[]Offset) const
 []


Underfull \hbox (badness 6741) in paragraph at lines 53--54
[][] [] \T1/phv/m/n/10 ([] $\OMS/cmsy/m/n/10 ^^C$\T1/phv/m/n/10 o[]HDFrame[]Rat
e, int64[]_[]t $\OMS/cmsy/m/n/10 ^^C$\T1/phv/m/n/10 o[]HDOffset) const
 []

[1072]
Underfull \hbox (badness 10000) detected at line 93
[][][]
 []

[1073] [1074] [1075]
Underfull \hbox (badness 10000) detected at line 215
[][][]
 []


Overfull \vbox (1.66803pt too high) has occurred while \output is active []


[1076] [1077]
Underfull \hbox (badness 10000) detected at line 329
[][][]
 []


Underfull \hbox (badness 10000) detected at line 351
[][][]
 []

[1078]
Underfull \hbox (badness 10000) detected at line 375
[][][]
 []


Underfull \hbox (badness 10000) detected at line 399
[][][]
 []


Underfull \hbox (badness 10000) detected at line 421
[][][]
 []

[1079]
Underfull \hbox (badness 10000) detected at line 445
[][][]
 []

[1080]
Underfull \hbox (badness 10000) detected at line 502
[][][]
 []


Underfull \hbox (badness 10000) detected at line 519
[][][]
 []

) (./a02440.tex [1081] [1082] [1083]
Underfull \hbox (badness 10000) detected at line 130
[][][]
 []


Underfull \hbox (badness 10000) detected at line 175
[][][]
 []

[1084] [1085]
Underfull \hbox (badness 10000) detected at line 199
[][][]
 []

[1086]
Underfull \hbox (badness 10000) detected at line 288
[][][]
 []

[1087]
Underfull \hbox (badness 10000) detected at line 314
[][][]
 []

) (./a01984.tex [1088]
Underfull \hbox (badness 10000) detected at line 20
[][][]
 []

[1089] [1090]) (./a01836.tex [1091]) (./a01776.tex
Underfull \hbox (badness 10000) detected at line 16
[][][]
 []


Underfull \hbox (badness 10000) detected at line 19
[][][]
 []

[1092]
Underfull \hbox (badness 1189) in paragraph at lines 31--32
[]\T1/phv/m/n/10 virtual ACFRE-SULT ACFMETHOD-CALL-TYPE [] (const [] &attribute
[]ID, const []
 []


Underfull \hbox (badness 10000) detected at line 46
[][][]
 []

[1093]
Underfull \hbox (badness 10000) detected at line 70
[][][]
 []


Underfull \hbox (badness 10000) detected at line 92
[][][]
 []


Overfull \vbox (44.68224pt too high) has occurred while \output is active []


[1094]) (./a01772.tex
Underfull \hbox (badness 10000) detected at line 12
[][][]
 []


Underfull \hbox (badness 10000) detected at line 15
[][][]
 []


Underfull \hbox (badness 10000) detected at line 20
[][][]
 []


Underfull \hbox (badness 10000) detected at line 45
[][][]
 []

[1095]
Underfull \hbox (badness 10000) detected at line 65
[][][]
 []


Underfull \hbox (badness 10000) detected at line 78
[][][]
 []

) (./a01988.tex [1096] [1097]) (./a02444.tex

Package hyperref Warning: Token not allowed in a PDF string (Unicode):
(hyperref)                removing `math shift' on input line 1.


Package hyperref Warning: Token not allowed in a PDF string (Unicode):
(hyperref)                removing `math shift' on input line 1.


Package hyperref Warning: Token not allowed in a PDF string (Unicode):
(hyperref)                removing `math shift' on input line 1.


Package hyperref Warning: Token not allowed in a PDF string (Unicode):
(hyperref)                removing `math shift' on input line 1.

[1098]) (./a02324.tex [1099]) (./a02428.tex [1100]) [1101] [1102

]
Chapter 15.
(./a00410.tex
Underfull \hbox (badness 10000) in paragraph at lines 3--13

 []

[1103]
Underfull \hbox (badness 10000) detected at line 43
[][][]
 []

[1104]
Underfull \hbox (badness 936) in paragraph at lines 137--137
[]\T1/phv/m/sl/9 Literal sam-ple rate value used by the []. For [], use a mask 
of
 []

[1105] [1106] [1107]
Underfull \hbox (badness 10000) detected at line 279
[][][]
 []

[1108]
Underfull \hbox (badness 10000) detected at line 348
[][][]
 []


Underfull \hbox (badness 10000) detected at line 375
[][][]
 []

[1109] [1110]
Underfull \hbox (badness 10000) in paragraph at lines 433--434
|   \T1/pcr/m/sl/8 a[]Member \T1/pcr/m/n/8 )  (([]) (offsetof (a[]Context[]Type
, a[]Member) / sizeof (void
 []

[1111] [1112]
Underfull \hbox (badness 10000) detected at line 525
[][][]
 []

[1113]
Underfull \hbox (badness 10000) detected at line 620
[][][]
 []


Underfull \hbox (badness 10000) detected at line 623
[][][]
 []

[1114]
Underfull \hbox (badness 10000) detected at line 636
[][][]
 []

[1115] [1116]) (./a00278.tex [1117]) (./a00281.tex) (./a00284.tex)
(./a00287.tex) (./a00290.tex) (./a00293.tex) (./a00296.tex) (./a00299.tex)
(./a00842.tex
Underfull \hbox (badness 10000) in paragraph at lines 3--4

 []

[1118]) (./a00413.tex
Underfull \hbox (badness 10000) in paragraph at lines 3--5

 []


Underfull \hbox (badness 10000) in paragraph at lines 18--19
[][] \T1/phv/m/n/10 -
 []

[1119]
Underfull \hbox (badness 10000) detected at line 27
[][][]
 []

[1120]
Underfull \hbox (badness 10000) in paragraph at lines 134--135

 []

[1121]
Underfull \hbox (badness 10000) detected at line 146
[][][]
 []


Underfull \hbox (badness 10000) detected at line 166
[][][]
 []

[1122]
Underfull \hbox (badness 10000) detected at line 193
[][][]
 []


Underfull \hbox (badness 10000) detected at line 238
[][][]
 []

[1123]
Underfull \hbox (badness 10000) detected at line 269
[][][]
 []


Underfull \hbox (badness 10000) detected at line 282
[][][]
 []

[1124]
Underfull \hbox (badness 10000) detected at line 302
[][][]
 []

) (./a00416.tex
Underfull \hbox (badness 10000) in paragraph at lines 3--5

 []

[1125]) (./a00302.tex) (./a00305.tex [1126]) (./a00308.tex) (./a00311.tex)
(./a00419.tex
Underfull \hbox (badness 10000) in paragraph at lines 3--4

 []

[1127]
Underfull \hbox (badness 10000) detected at line 65
[][][]
 []


Underfull \hbox (badness 10000) detected at line 68
[][][]
 []


Underfull \hbox (badness 10000) detected at line 87
[][][]
 []

[1128]
Underfull \hbox (badness 10000) detected at line 102
[][][]
 []


Underfull \hbox (badness 10000) detected at line 105
[][][]
 []

[1129]
Underfull \hbox (badness 10000) detected at line 146
[][][]
 []


Underfull \hbox (badness 10000) detected at line 149
[][][]
 []


Underfull \hbox (badness 10000) detected at line 152
[][][]
 []


Underfull \hbox (badness 10000) detected at line 155
[][][]
 []


Underfull \hbox (badness 10000) detected at line 158
[][][]
 []


Underfull \hbox (badness 10000) detected at line 161
[][][]
 []

[1130]) (./a00422.tex
Underfull \hbox (badness 10000) in paragraph at lines 3--8

 []

) (./a00425.tex
Underfull \hbox (badness 10000) in paragraph at lines 3--7

 []

[1131]) (./a00428.tex) (./a00431.tex
Underfull \hbox (badness 10000) in paragraph at lines 3--7

 []

) (./a00434.tex
Underfull \hbox (badness 10000) in paragraph at lines 3--4

 []

[1132]) (./a00437.tex
Underfull \hbox (badness 10000) in paragraph at lines 3--6

 []

[1133]) (./a00440.tex
Underfull \hbox (badness 10000) in paragraph at lines 3--5

 []

) (./a00443.tex
Underfull \hbox (badness 10000) in paragraph at lines 3--4

 []

[1134]) (./a00446.tex
Underfull \hbox (badness 10000) in paragraph at lines 3--9

 []

) (./a00449.tex
Underfull \hbox (badness 10000) in paragraph at lines 3--12

 []

[1135] [1136]) (./a00452.tex
Underfull \hbox (badness 10000) in paragraph at lines 3--6

 []

) (./a00455.tex
Underfull \hbox (badness 10000) in paragraph at lines 3--5

 []

[1137]) (./a00458.tex
Underfull \hbox (badness 10000) in paragraph at lines 3--6

 []

) (./a00461.tex
Underfull \hbox (badness 10000) in paragraph at lines 3--7

 []

) (./a00836.tex) (./a00839.tex [1138]
Underfull \hbox (badness 10000) in paragraph at lines 3--14

 []

[1139]) (./a00464.tex) (./a00467.tex
Underfull \hbox (badness 10000) in paragraph at lines 3--5

 []

) (./a00470.tex
Underfull \hbox (badness 10000) in paragraph at lines 3--5

 []

[1140] [1141] [1142] [1143] [1144]) (./a00314.tex [1145]) (./a00317.tex)
(./a00320.tex) (./a00323.tex) (./a00326.tex) (./a00329.tex) (./a00845.tex
Underfull \hbox (badness 10000) in paragraph at lines 3--4

 []

[1146]) (./a00473.tex
Underfull \hbox (badness 10000) in paragraph at lines 3--8

 []

[1147]) (./a00476.tex
Underfull \hbox (badness 10000) in paragraph at lines 3--12

 []

) (./a00479.tex
Underfull \hbox (badness 10000) in paragraph at lines 3--7

 []

[1148]) (./a00482.tex
Underfull \hbox (badness 10000) in paragraph at lines 3--5

 []

) (./a00485.tex
Underfull \hbox (badness 10000) in paragraph at lines 3--6

 []

[1149]) (./a00488.tex
Underfull \hbox (badness 10000) in paragraph at lines 3--7

 []

) (./a00491.tex
Underfull \hbox (badness 10000) in paragraph at lines 3--5

 []

[1150]) (./a00494.tex
Underfull \hbox (badness 10000) in paragraph at lines 3--6

 []

) (./a00497.tex
Underfull \hbox (badness 10000) in paragraph at lines 3--6

 []

[1151]) (./a00500.tex
Underfull \hbox (badness 10000) in paragraph at lines 3--7

 []

[1152]) (./a00503.tex
Underfull \hbox (badness 10000) in paragraph at lines 3--8

 []

) (./a00506.tex [1153]
Underfull \hbox (badness 10000) in paragraph at lines 3--6

 []

) (./a00509.tex
Underfull \hbox (badness 10000) in paragraph at lines 3--5

 []

) (./a00512.tex [1154]
Underfull \hbox (badness 10000) in paragraph at lines 3--5

 []

) (./a00515.tex
Underfull \hbox (badness 10000) in paragraph at lines 3--4

 []

) (./a00518.tex
Underfull \hbox (badness 10000) in paragraph at lines 3--4

 []

[1155]) (./a00848.tex
Underfull \hbox (badness 10000) in paragraph at lines 3--7

 []

[1156]) (./a00332.tex) (./a00335.tex) (./a00275.tex) (./a00521.tex
Underfull \hbox (badness 10000) in paragraph at lines 3--4

 []

[1157] [1158] [1159]) (./a00524.tex
Underfull \hbox (badness 10000) in paragraph at lines 3--4

 []

[1160] [1161] [1162] [1163] [1164] [1165] [1166] [1167] [1168] [1169]
Underfull \hbox (badness 10000) in paragraph at lines 899--900
|   \T1/pcr/m/sl/8 a[]Channel[]Count \T1/pcr/m/n/8 ) ( static[]_[]cast$\OML/cmm
/m/it/8 <$\T1/pcr/m/n/8 uint32[]_[]t$\OML/cmm/m/it/8 >$\T1/pcr/m/n/8 ( ( static
[]_[]cast$\OML/cmm/m/it/8 <$\T1/pcr/m/n/8 uint16[]_[]t$\OML/cmm/m/it/8 >$\T1/pc
r/m/n/8 (a[]Index) $\OML/cmm/m/it/8 <$$<$ \T1/pcr/m/n/8 16
 []


Underfull \hbox (badness 10000) in paragraph at lines 899--900
\T1/pcr/m/n/8 ) $\OMS/cmsy/m/n/8 j$ \T1/pcr/m/n/8 ( (a[]Channel[]Count $\OML/cm
m/m/it/8 >$\T1/pcr/m/n/8 = []) && (a[]Channel[]Count $\OML/cmm/m/it/8 <$\T1/pcr
/m/n/8 = 0x[]FFFF) ? a[]Channel[]Count & 0x[]FFFF
 []

[1170] [1171]
Underfull \hbox (badness 10000) detected at line 955
[][][]
 []

[1172] [1173]
Underfull \hbox (badness 10000) detected at line 1115
[][][]
 []


Underfull \hbox (badness 10000) detected at line 1186
[][][]
 []

[1174]
Underfull \hbox (badness 10000) detected at line 1227
[][][]
 []


Underfull \hbox (badness 10000) detected at line 1250
[][][]
 []


Underfull \hbox (badness 10000) detected at line 1273
[][][]
 []

[1175]
Underfull \hbox (badness 10000) detected at line 1276
[][][]
 []

[1176]
Underfull \hbox (badness 10000) detected at line 1462
[][][]
 []


Overfull \vbox (11.47853pt too high) has occurred while \output is active []


[1177]
Underfull \hbox (badness 10000) detected at line 1551
[][][]
 []


Underfull \hbox (badness 10000) detected at line 38
[][][]
 []

[1178] [1179]
Underfull \hbox (badness 10000) detected at line 1749
[][][]
 []

[1180]
Underfull \hbox (badness 10000) detected at line 1787
[][][]
 []


Underfull \hbox (badness 10000) detected at line 116
[][][]
 []


Underfull \hbox (badness 10000) detected at line 265
[][][]
 []

[1181] [1182] [1183] [1184] [1185] [1186]
Underfull \hbox (badness 10000) detected at line 2103
[][][]
 []


Underfull \hbox (badness 10000) detected at line 6
[][][]
 []

[1187]
Underfull \hbox (badness 10000) detected at line 2167
[][][]
 []


Underfull \hbox (badness 10000) detected at line 2200
[][][]
 []

[1188]
Underfull \hbox (badness 10000) detected at line 2223
[][][]
 []


Underfull \hbox (badness 10000) detected at line 2252
[][][]
 []


Overfull \vbox (16.97623pt too high) has occurred while \output is active []


[1189] [1190]
Underfull \hbox (badness 10000) detected at line 2387
[][][]
 []

[1191] [1192]
Underfull \hbox (badness 10000) detected at line 2514
[][][]
 []


Underfull \hbox (badness 10000) detected at line 40
[][][]
 []

[1193]
Underfull \hbox (badness 10000) detected at line 2604
[][][]
 []


Underfull \hbox (badness 10000) detected at line 16
[][][]
 []

[1194]
Underfull \hbox (badness 10000) detected at line 2642
[][][]
 []


Overfull \vbox (34.23962pt too high) has occurred while \output is active []


[1195]
Underfull \hbox (badness 10000) detected at line 2739
[][][]
 []


Underfull \hbox (badness 10000) detected at line 3
[][][]
 []

[1196]
Underfull \hbox (badness 10000) detected at line 2795
[][][]
 []


Underfull \hbox (badness 10000) detected at line 2818
[][][]
 []

[1197]
Underfull \hbox (badness 10000) detected at line 2903
[][][]
 []


Underfull \hbox (badness 10000) detected at line 2906
[][][]
 []


Underfull \hbox (badness 1874) in paragraph at lines 2907--2908
[][]\T1/phv/m/n/10 : There is no value de-fined for un-known fea-tures. In-tead
, un-known fea-tures are in-di-cated by
 []

[1198]
Underfull \hbox (badness 10000) detected at line 2947
[][][]
 []


Underfull \hbox (badness 10000) detected at line 2950
[][][]
 []

[1199] [1200] [1201] [1202] [1203]
Underfull \hbox (badness 10000) detected at line 3268
[][][]
 []


Underfull \hbox (badness 2781) in paragraph at lines 3273--3274
[]\T1/phv/m/n/10 References AAX[]_[]e[]Sample[]Rate[]Mask[]_[]176400, AAX[]_[]e
[]Sample[]Rate[]Mask[]_[]192000, AAX[]_[]e[]Sample[]Rate[]Mask[]_[]
 []

[1204]
Underfull \hbox (badness 2781) in paragraph at lines 3287--3288
[]\T1/phv/m/n/10 References AAX[]_[]e[]Sample[]Rate[]Mask[]_[]176400, AAX[]_[]e
[]Sample[]Rate[]Mask[]_[]192000, AAX[]_[]e[]Sample[]Rate[]Mask[]_[]
 []


Underfull \hbox (badness 2781) in paragraph at lines 3301--3302
[]\T1/phv/m/n/10 References AAX[]_[]e[]Sample[]Rate[]Mask[]_[]176400, AAX[]_[]e
[]Sample[]Rate[]Mask[]_[]192000, AAX[]_[]e[]Sample[]Rate[]Mask[]_[]
 []

[1205] [1206] [1207]) (./a00527.tex
Underfull \hbox (badness 10000) in paragraph at lines 3--4

 []

) (./a00530.tex
Underfull \hbox (badness 10000) in paragraph at lines 3--4

 []

[1208] [1209]
Underfull \hbox (badness 10000) detected at line 182
[][][]
 []

[1210] [1211]) (./a00533.tex
Underfull \hbox (badness 10000) in paragraph at lines 3--9

 []

[1212] [1213] [1214]) (./a00536.tex
Underfull \hbox (badness 10000) in paragraph at lines 3--7

 []


Underfull \hbox (badness 1675) in paragraph at lines 15--16
[][] [] \T1/phv/m/n/10 ([] $\OMS/cmsy/m/n/10 ^^C$\T1/phv/m/n/10 p[]Unk[]Host[]V
oid, IACFPlugin[]Definition $\OMS/cmsy/m/n/10 ^^C$$^^C$\T1/phv/m/n/10 pp[]Plugi
n[]
 []

[1215] [1216]) (./a00851.tex
Underfull \hbox (badness 10000) in paragraph at lines 3--9

 []

[1217]) (./a00854.tex) (./a00857.tex
Underfull \hbox (badness 10000) in paragraph at lines 3--5

 []

[1218]) (./a00338.tex) (./a00539.tex
Underfull \hbox (badness 10000) in paragraph at lines 3--8

 []

[1219] [1220]
Underfull \hbox (badness 10000) detected at line 96
[][][]
 []


Underfull \hbox (badness 10000) detected at line 112
[][][]
 []

[1221] [1222]) (./a00341.tex) (./a00542.tex
Underfull \hbox (badness 10000) in paragraph at lines 3--5

 []

) (./a00545.tex
Underfull \hbox (badness 10000) in paragraph at lines 3--4

 []

[1223]) (./a00548.tex
Underfull \hbox (badness 10000) in paragraph at lines 3--7

 []

) (./a00551.tex
Underfull \hbox (badness 10000) in paragraph at lines 3--5

 []

[1224]) (./a00554.tex
Underfull \hbox (badness 10000) in paragraph at lines 3--5

 []

) (./a00557.tex
Underfull \hbox (badness 10000) in paragraph at lines 3--6

 []

) (./a00560.tex
Underfull \hbox (badness 10000) in paragraph at lines 3--6

 []

[1225]) (./a00563.tex
Underfull \hbox (badness 10000) in paragraph at lines 3--5

 []

) (./a00566.tex
Underfull \hbox (badness 10000) in paragraph at lines 3--7

 []

[1226]) (./a00569.tex
Underfull \hbox (badness 10000) in paragraph at lines 3--5

 []

) (./a00572.tex
Underfull \hbox (badness 10000) in paragraph at lines 3--5

 []

) (./a00575.tex
Underfull \hbox (badness 10000) in paragraph at lines 3--5

 []

[1227]) (./a00578.tex
Underfull \hbox (badness 10000) in paragraph at lines 3--5

 []

) (./a00581.tex
Underfull \hbox (badness 10000) in paragraph at lines 3--5

 []

) (./a00584.tex
Underfull \hbox (badness 10000) in paragraph at lines 3--5

 []

[1228]) (./a00587.tex
Underfull \hbox (badness 10000) in paragraph at lines 3--5

 []

) (./a00590.tex
Underfull \hbox (badness 10000) in paragraph at lines 3--5

 []

) (./a00593.tex
Underfull \hbox (badness 10000) in paragraph at lines 3--5

 []

[1229]) (./a00596.tex
Underfull \hbox (badness 10000) in paragraph at lines 3--6

 []

) (./a00599.tex
Underfull \hbox (badness 10000) in paragraph at lines 3--6

 []

[1230]) (./a00602.tex
Underfull \hbox (badness 10000) in paragraph at lines 3--5

 []

[1231]) (./a00605.tex
Underfull \hbox (badness 10000) in paragraph at lines 3--5

 []

) (./a00608.tex
Underfull \hbox (badness 10000) in paragraph at lines 3--6

 []

[1232]) (./a00611.tex
Underfull \hbox (badness 10000) in paragraph at lines 3--6

 []

) (./a00614.tex
Underfull \hbox (badness 10000) in paragraph at lines 3--6

 []

[1233]) (./a00617.tex
Underfull \hbox (badness 10000) in paragraph at lines 3--4

 []

) (./a00620.tex
Underfull \hbox (badness 10000) in paragraph at lines 3--4

 []

) (./a00623.tex
Underfull \hbox (badness 10000) in paragraph at lines 3--6

 []

[1234]) (./a00626.tex) (./a00629.tex
Underfull \hbox (badness 10000) in paragraph at lines 3--7

 []

) (./a00632.tex
Underfull \hbox (badness 10000) in paragraph at lines 3--8

 []

[1235]) (./a00635.tex
Underfull \hbox (badness 10000) in paragraph at lines 3--4

 []

) (./a00638.tex
Underfull \hbox (badness 10000) in paragraph at lines 3--4

 []

) (./a00641.tex
Underfull \hbox (badness 10000) in paragraph at lines 3--4

 []

[1236]) (./a00644.tex
Underfull \hbox (badness 10000) in paragraph at lines 3--4

 []

) (./a00647.tex
Underfull \hbox (badness 10000) in paragraph at lines 3--4

 []

[1237]) (./a00650.tex
Underfull \hbox (badness 10000) in paragraph at lines 3--5

 []

) (./a00653.tex
Underfull \hbox (badness 10000) in paragraph at lines 3--6

 []

[1238]) (./a00656.tex
Underfull \hbox (badness 10000) in paragraph at lines 3--6

 []

) (./a00659.tex
Underfull \hbox (badness 10000) in paragraph at lines 3--6

 []

) (./a00662.tex
Underfull \hbox (badness 10000) in paragraph at lines 3--4

 []

) (./a00665.tex
Underfull \hbox (badness 10000) in paragraph at lines 3--6

 []

[1239]) (./a00668.tex
Underfull \hbox (badness 10000) in paragraph at lines 3--4

 []

) (./a00671.tex
Underfull \hbox (badness 10000) in paragraph at lines 3--4

 []

[1240]) (./a00674.tex
Underfull \hbox (badness 10000) in paragraph at lines 3--5

 []

) (./a00677.tex
Underfull \hbox (badness 10000) in paragraph at lines 3--5

 []


Underfull \hbox (badness 10000) detected at line 10
[][][]
 []

[1241]) (./a00680.tex
Underfull \hbox (badness 10000) in paragraph at lines 3--5

 []


Underfull \hbox (badness 1337) in paragraph at lines 15--16
[][] [] \T1/phv/m/n/10 ([] $\OMS/cmsy/m/n/10 ^^C$\T1/phv/m/n/10 p[]Unk[]Host, a
cf[]UInt32 in-dex, IACFComponent[]
 []

[1242] [1243]) (./a00344.tex) (./a00347.tex) (./a00683.tex
Underfull \hbox (badness 10000) in paragraph at lines 3--5

 []

) (./a00686.tex
Underfull \hbox (badness 10000) in paragraph at lines 3--4

 []

[1244]) (./a00689.tex
Underfull \hbox (badness 10000) in paragraph at lines 3--4

 []

) (./a00692.tex
Underfull \hbox (badness 10000) in paragraph at lines 3--4

 []

[1245]) (./a00695.tex
Underfull \hbox (badness 10000) in paragraph at lines 3--5

 []

) (./a00698.tex
Underfull \hbox (badness 10000) in paragraph at lines 3--7

 []

[1246]) (./a00701.tex
Underfull \hbox (badness 10000) in paragraph at lines 3--6

 []

) (./a00704.tex
Underfull \hbox (badness 10000) in paragraph at lines 3--4

 []

[1247]) (./a00707.tex) (./a00710.tex
Underfull \hbox (badness 10000) in paragraph at lines 3--5

 []

) (./a00713.tex
Underfull \hbox (badness 10000) in paragraph at lines 3--6

 []

[1248]) (./a00716.tex
Underfull \hbox (badness 10000) in paragraph at lines 3--5

 []


Underfull \hbox (badness 10000) detected at line 10
[][][]
 []

) (./a00719.tex
Underfull \hbox (badness 10000) in paragraph at lines 3--5

 []

[1249]) (./a00350.tex) (./a00860.tex
Underfull \hbox (badness 10000) in paragraph at lines 3--8

 []


Underfull \hbox (badness 10000) detected at line 11
[][][]
 []

) (./a00353.tex) (./a00827.tex
Underfull \hbox (badness 10000) in paragraph at lines 3--9

 []

[1250]) (./a00830.tex
Underfull \hbox (badness 10000) in paragraph at lines 3--4

 []

) (./a00722.tex
Underfull \hbox (badness 10000) in paragraph at lines 3--4

 []

[1251] [1252]) (./a00863.tex
Underfull \hbox (badness 10000) in paragraph at lines 3--6

 []

[1253] [1254]) (./a00356.tex) (./a00359.tex) (./a00725.tex
Underfull \hbox (badness 10000) in paragraph at lines 3--5

 []

[1255]) (./a00362.tex) (./a00365.tex) (./a00368.tex) (./a00371.tex)
(./a00866.tex) (./a00833.tex [1256]) (./a00728.tex
Underfull \hbox (badness 10000) detected at line 8
[][][]
 []


Underfull \hbox (badness 10000) detected at line 15
[][][]
 []


Underfull \hbox (badness 10000) detected at line 20
[][][]
 []

) (./a00731.tex) (./a00734.tex [1257]) (./a00374.tex) (./a00737.tex
Underfull \hbox (badness 10000) in paragraph at lines 3--4

 []

[1258] [1259]
Overfull \hbox (47.20511pt too wide) in paragraph at lines 238--238
[]\T1/phv/m/n/10 , [], [],
 []


Underfull \hbox (badness 10000) detected at line 37
[][][]
 []


Underfull \hbox (badness 10000) detected at line 66
[][][]
 []


Underfull \hbox (badness 10000) detected at line 79
[][][]
 []


Overfull \hbox (3.19524pt too wide) in paragraph at lines 91--92
[]  
 []


Overfull \hbox (32.20837pt too wide) in paragraph at lines 101--101
[] 
 []


Overfull \hbox (25.43152pt too wide) in paragraph at lines 101--101
[] 
 []


Underfull \hbox (badness 10000) detected at line 130
[][][]
 []


Underfull \hbox (badness 10000) detected at line 135
[][][]
 []


Underfull \hbox (badness 10000) detected at line 144
[][][]
 []


Overfull \hbox (3.89494pt too wide) in paragraph at lines 240--240
[]  
 []


Underfull \hbox (badness 10000) detected at line 261
[][][]
 []


Overfull \hbox (1.97803pt too wide) in paragraph at lines 281--281
[] 
 []


Underfull \hbox (badness 10000) detected at line 312
[][][]
 []


Underfull \hbox (badness 10000) detected at line 418
[][][]
 []


Underfull \hbox (badness 10000) detected at line 500
[][][]
 []


Underfull \hbox (badness 10000) detected at line 571
[][][]
 []


Overfull \hbox (26.04375pt too wide) in paragraph at lines 611--611
[]  
 []


Underfull \hbox (badness 10000) detected at line 652
[][][]
 []


Underfull \hbox (badness 10000) detected at line 667
[][][]
 []

[1260] [1261] [1262] [1263] [1264] [1265] [1266] [1267] [1268] [1269] [1270]
[1271] [1272] [1273] [1274] [1275] [1276] [1277]) (./a00740.tex [1278]
Underfull \hbox (badness 10000) detected at line 35
[][][]
 []

) (./a00743.tex
Underfull \hbox (badness 10000) detected at line 35
[][][]
 []

) (./a00746.tex [1279]
Underfull \hbox (badness 10000) detected at line 35
[][][]
 []

) (./a00869.tex
Underfull \hbox (badness 10000) in paragraph at lines 3--9

 []

[1280]) (./a00872.tex
Underfull \hbox (badness 10000) in paragraph at lines 3--8

 []

[1281]) (./a00377.tex) (./a00380.tex) (./a00875.tex [1282] [1283])
(./a00383.tex) (./a00386.tex) (./a00389.tex) (./a00749.tex
Underfull \hbox (badness 10000) in paragraph at lines 3--9

 []

[1284]) (./a00752.tex
Underfull \hbox (badness 10000) in paragraph at lines 3--6

 []


Underfull \hbox (badness 10000) detected at line 15
[][][]
 []

[1285] [1286] [1287]
Underfull \hbox (badness 10000) detected at line 120
[][][]
 []


Underfull \hbox (badness 10000) detected at line 133
[][][]
 []

) (./a00755.tex
Underfull \hbox (badness 10000) in paragraph at lines 3--7

 []

[1288]) (./a00758.tex
Underfull \hbox (badness 10000) in paragraph at lines 3--12

 []

[1289]) (./a00392.tex) (./a00761.tex
Underfull \hbox (badness 10000) in paragraph at lines 3--10

 []

[1290]
Underfull \hbox (badness 10000) in paragraph at lines 38--39
[]\T1/phv/m/n/10 References AAX[]_[][]Transport[]State[]Info[]_[][]V1[]::m[]Is[
]Loop[]Enabled, AAX[]_[][]Transport[]State[]Info[]_[][]V1[]::m[]Is[]Record[]Ena
bled,
 []

) (./a00395.tex) (./a00764.tex
Underfull \hbox (badness 10000) in paragraph at lines 3--6

 []

[1291] [1292] [1293] [1294]
Underfull \hbox (badness 10000) detected at line 219
[][][]
 []

[1295] [1296] [1297] [1298] [1299] [1300] [1301] [1302] [1303] [1304] [1305]
[1306] [1307] [1308]) (./a00767.tex
Underfull \hbox (badness 10000) in paragraph at lines 3--9

 []

[1309]) (./a00770.tex
Underfull \hbox (badness 10000) in paragraph at lines 3--6

 []

) (./a00773.tex
Underfull \hbox (badness 10000) in paragraph at lines 3--10

 []

[1310]) (./a00776.tex
Underfull \hbox (badness 10000) in paragraph at lines 3--9

 []

) (./a00779.tex
Underfull \hbox (badness 10000) in paragraph at lines 3--6

 []

[1311]) (./a00782.tex
Underfull \hbox (badness 10000) in paragraph at lines 3--5

 []

) (./a00785.tex
Underfull \hbox (badness 10000) in paragraph at lines 3--5

 []

) (./a00788.tex
Underfull \hbox (badness 10000) in paragraph at lines 3--10

 []

[1312]) (./a00398.tex) (./a00791.tex [1313] [1314] [1315] [1316] [1317])
(./a00794.tex
Underfull \hbox (badness 10000) in paragraph at lines 3--6

 []

) (./a00797.tex
Underfull \hbox (badness 10000) in paragraph at lines 3--6

 []

) (./a00800.tex
Underfull \hbox (badness 10000) in paragraph at lines 3--8

 []

[1318]) (./a00803.tex
Underfull \hbox (badness 10000) in paragraph at lines 3--5

 []

) (./a00806.tex
Underfull \hbox (badness 10000) in paragraph at lines 3--6

 []

[1319]) (./a00809.tex
Underfull \hbox (badness 10000) in paragraph at lines 3--6

 []

) (./a00812.tex
Underfull \hbox (badness 10000) in paragraph at lines 3--9

 []

) (./a00815.tex
Underfull \hbox (badness 10000) in paragraph at lines 3--5

 []

[1320]) (./a00818.tex
Underfull \hbox (badness 10000) in paragraph at lines 3--6

 []

) (./a00821.tex
Underfull \hbox (badness 10000) in paragraph at lines 3--7

 []

[1321]) (./a00824.tex
Underfull \hbox (badness 10000) in paragraph at lines 3--6

 []

) (./a00401.tex) (./a00404.tex) (./a00407.tex) [1322] (./refman.ind
Underfull \hbox (badness 787) in paragraph at lines 49--51
[]| \T1/phv/m/n/10 AAX_CPieceWiseLinearTaperDelegate$\OML/cmm/m/it/10 <$ \T1/ph
v/m/n/10 T, Re-al-
 []

[1323



] [1324]
Underfull \hbox (badness 10000) in paragraph at lines 295--297
[]| \T1/phv/m/n/10 PageTablePa-ram-e-ter-NameVari-a-tion-sA-reE-qual,
 []

[1325]
Underfull \hbox (badness 10000) in paragraph at lines 357--358
[]| \T1/phv/m/n/10 AAX_PREPROCESSOR_CONCAT_HELPER,
 []


Underfull \hbox (badness 10000) in paragraph at lines 391--393
[]\T1/phv/m/n/10 AAX_AdditionalFeatures_AOSandSidechain.doxygen,
 []

[1326]
Underfull \hbox (badness 10000) in paragraph at lines 481--483
[]| \T1/phv/m/n/10 kAAX_ProcPtrID_Create_SessionDocumentClient,
 []

[1327]
Underfull \hbox (badness 3612) in paragraph at lines 597--599
[]| \T1/phv/m/n/10 AAX_CDecibelDisplayDelegateDecorator$\OML/cmm/m/it/10 <$ \T1
/phv/m/n/10 T $\OML/cmm/m/it/10 >$\T1/phv/m/n/10 ,
 []

[1328] [1329]
Underfull \hbox (badness 1755) in paragraph at lines 818--820
[]| \T1/phv/m/n/10 AAX_CLogTaperDelegate$\OML/cmm/m/it/10 <$ \T1/phv/m/n/10 T, 
Re-al-Pre-ci-sion $\OML/cmm/m/it/10 >$\T1/phv/m/n/10 ,
 []


Underfull \hbox (badness 10000) in paragraph at lines 902--904
[]\T1/phv/m/n/10 AAX_CommonInterface_FormatSpecification.doxygen,
 []

[1330] [1331]
Underfull \hbox (badness 3029) in paragraph at lines 1085--1087
[]| \T1/phv/m/n/10 AAX_CPercentDisplayDelegateDecorator$\OML/cmm/m/it/10 <$ \T1
/phv/m/n/10 T $\OML/cmm/m/it/10 >$\T1/phv/m/n/10 ,
 []


Overfull \hbox (24.00325pt too wide) in paragraph at lines 1094--1096
[]| \T1/phv/m/n/10 AAX_CPERCENTDISPLAYDELEGATEDECORATOR_H,
 []


Underfull \hbox (badness 787) in paragraph at lines 1100--1102
[]| \T1/phv/m/n/10 AAX_CPieceWiseLinearTaperDelegate$\OML/cmm/m/it/10 <$ \T1/ph
v/m/n/10 T, Re-al-
 []

[1332] [1333] [1334] [1335] [1336]
Underfull \hbox (badness 10000) in paragraph at lines 1722--1724
[]| \T1/phv/m/n/10 AAX_BigEndianNativeSwapSequenceInPlace,
 []


Underfull \hbox (badness 10000) in paragraph at lines 1729--1731
[]| \T1/phv/m/n/10 AAX_LittleEndianNativeSwapSequenceInPlace,
 []

[1337]
Overfull \hbox (30.31148pt too wide) in paragraph at lines 1829--1831
[]| \T1/phv/m/n/10 AAX_eComponentInstanceInitAction_AddingNewInstance,
 []


Overfull \hbox (24.84868pt too wide) in paragraph at lines 1831--1833
[]| \T1/phv/m/n/10 AAX_eComponentInstanceInitAction_RemovingInstance,
 []


Underfull \hbox (badness 10000) in paragraph at lines 1838--1840
[]| \T1/phv/m/n/10 AAX_eConstraintLocationMask_DLLChipAffinity,
 []

[1338]
Underfull \hbox (badness 10000) in paragraph at lines 1946--1948
[]| \T1/phv/m/n/10 AAX_eNotificationEvent_CycleCountChanged,
 []


Underfull \hbox (badness 10000) in paragraph at lines 1950--1952
[]| \T1/phv/m/n/10 AAX_eNotificationEvent_EnteringOfflineMode,
 []


Underfull \hbox (badness 10000) in paragraph at lines 1959--1961
[]| \T1/phv/m/n/10 AAX_eNotificationEvent_InsertPositionChanged,
 []


Underfull \hbox (badness 10000) in paragraph at lines 1962--1964
[]| \T1/phv/m/n/10 AAX_eNotificationEvent_MaxViewSizeChanged,
 []


Underfull \hbox (badness 10000) in paragraph at lines 1964--1966
[]| \T1/phv/m/n/10 AAX_eNotificationEvent_NoiseFloorChanged,
 []


Underfull \hbox (badness 10000) in paragraph at lines 1973--1975
[]| \T1/phv/m/n/10 AAX_eNotificationEvent_SessionBeingOpened,
 []


Underfull \hbox (badness 10000) in paragraph at lines 1975--1977
[]| \T1/phv/m/n/10 AAX_eNotificationEvent_SessionPathChanged,
 []


Overfull \hbox (19.25087pt too wide) in paragraph at lines 1979--1981
[]| \T1/phv/m/n/10 AAX_eNotificationEvent_SideChainBeingDisconnected,
 []


Underfull \hbox (badness 10000) in paragraph at lines 1981--1983
[]| \T1/phv/m/n/10 AAX_eNotificationEvent_SignalLatencyChanged,
 []


Underfull \hbox (badness 10000) in paragraph at lines 1983--1985
[]| \T1/phv/m/n/10 AAX_eNotificationEvent_TrackNameChanged,
 []


Underfull \hbox (badness 10000) in paragraph at lines 1985--1987
[]| \T1/phv/m/n/10 AAX_eNotificationEvent_TrackPositionChanged,
 []


Underfull \hbox (badness 10000) in paragraph at lines 1989--1991
[]| \T1/phv/m/n/10 AAX_eNotificationEvent_TransportStateChanged,
 []

[1339]
Underfull \hbox (badness 10000) in paragraph at lines 1997--1999
[]| \T1/phv/m/n/10 AAX_eParameterOrientation_BottomMinTopMax,
 []


Underfull \hbox (badness 10000) in paragraph at lines 2000--2002
[]| \T1/phv/m/n/10 AAX_eParameterOrientation_LeftMinRightMax,
 []


Underfull \hbox (badness 10000) in paragraph at lines 2002--2004
[]| \T1/phv/m/n/10 AAX_eParameterOrientation_RightMinLeftMax,
 []


Underfull \hbox (badness 10000) in paragraph at lines 2012--2014
[]| \T1/phv/m/n/10 AAX_eParameterOrientation_RotarySpreadMode,
 []


Underfull \hbox (badness 10000) in paragraph at lines 2014--2016
[]| \T1/phv/m/n/10 AAX_eParameterOrientation_RotaryWrapMode,
 []


Underfull \hbox (badness 10000) in paragraph at lines 2016--2018
[]| \T1/phv/m/n/10 AAX_eParameterOrientation_TopMinBottomMax,
 []


Underfull \hbox (badness 10000) in paragraph at lines 2043--2045
[]| \T1/phv/m/n/10 AAX_ePlugInStrings_AllSelectedRegionsAnalysis,
 []


Underfull \hbox (badness 10000) in paragraph at lines 2056--2058
[]| \T1/phv/m/n/10 AAX_ePlugInStrings_RegionByRegionAnalysis,
 []

[1340] [1341] [1342] [1343]
Overfull \hbox (74.36423pt too wide) in paragraph at lines 2567--2568
[]\T1/phv/m/n/10 AAX_ERROR_FIELD_TYPE_DOES_NOT_SUPPORT_DIRECT_ACCESS 
 []


Overfull \hbox (16.39597pt too wide) in paragraph at lines 2573--2574
[]\T1/phv/m/n/10 AAX_ERROR_INITIALIZING_PACKET_STREAM_THREAD 
 []

[1344]
Underfull \hbox (badness 10000) in paragraph at lines 2656--2657
[]| \T1/phv/m/n/10 AAX_ERROR_ARGUMENT_OUT_OF_RANGE,
 []


Overfull \hbox (15.43546pt too wide) in paragraph at lines 2657--2659
[]| \T1/phv/m/n/10 AAX_ERROR_CONTEXT_ALREADY_HAS_METERS,
 []


Overfull \hbox (20.46637pt too wide) in paragraph at lines 2659--2661
[]| \T1/phv/m/n/10 AAX_ERROR_DIRECT_ACCESS_OUT_OF_BOUNDS,
 []


Overfull \hbox (96.86612pt too wide) in paragraph at lines 2664--2666
[]| \T1/phv/m/n/10 AAX_ERROR_FIELD_TYPE_DOES_NOT_SUPPORT_DIRECT_ACCESS,
 []


Overfull \hbox (38.89786pt too wide) in paragraph at lines 2668--2670
[]| \T1/phv/m/n/10 AAX_ERROR_INITIALIZING_PACKET_STREAM_THREAD,
 []


Underfull \hbox (badness 10000) in paragraph at lines 2678--2679
[]| \T1/phv/m/n/10 AAX_ERROR_INVALID_PARAMETER_INDEX,
 []


Underfull \hbox (badness 10000) in paragraph at lines 2680--2682
[]| \T1/phv/m/n/10 AAX_ERROR_INVALID_STRING_CONVERSION,
 []


Overfull \hbox (31.59004pt too wide) in paragraph at lines 2686--2688
[]| \T1/phv/m/n/10 AAX_ERROR_NO_ABBREVIATED_PARAMETER_NAME,
 []

[1345]
Underfull \hbox (badness 10000) in paragraph at lines 2697--2698
[]| \T1/phv/m/n/10 AAX_ERROR_PLUGIN_NOT_AUTHORIZED,
 []


Underfull \hbox (badness 10000) in paragraph at lines 2698--2699
[]| \T1/phv/m/n/10 AAX_ERROR_PLUGIN_NULL_PARAMETER,
 []


Underfull \hbox (badness 10000) in paragraph at lines 2710--2711
[]| \T1/phv/m/n/10 AAX_ERROR_UNSUPPORTED_ENCODING,
 []


Overfull \hbox (44.67589pt too wide) in paragraph at lines 2711--2713
[]| \T1/phv/m/n/10 AAX_RESULT_ADD_FIELD_UNSUPPORTED_FIELD_TYPE,
 []


Underfull \hbox (badness 10000) in paragraph at lines 2714--2716
[]| \T1/phv/m/n/10 AAX_RESULT_PACKET_STREAM_NOT_EMPTY,
 []

[1346] [1347]
Underfull \hbox (badness 10000) in paragraph at lines 2935--2936
[]| \T1/phv/m/n/10 AAX_FASTINTERPOLATEDTABLELOOKUP_H,
 []

[1348] [1349] [1350] [1351] [1352] [1353] [1354]
Underfull \hbox (badness 10000) in paragraph at lines 3806--3807
[]| \T1/phv/m/n/10 AAX_PLATFORMOPTIMIZATIONCONSTANTS_H,
 []


Underfull \hbox (badness 10000) in paragraph at lines 3828--3830
[]| \T1/phv/m/n/10 AAX_eProperty_AllowPreviewWithoutAnalysis,
 []


Overfull \hbox (21.96848pt too wide) in paragraph at lines 3836--3838
[]| \T1/phv/m/n/10 AAX_eProperty_Constraint_DoNotApplyDefaultSettings,
 []


Underfull \hbox (badness 10000) in paragraph at lines 3839--3841
[]| \T1/phv/m/n/10 AAX_eProperty_Constraint_MultiMonoSupport,
 []

[1355]
Underfull \hbox (badness 10000) in paragraph at lines 3849--3851
[]| \T1/phv/m/n/10 AAX_eProperty_Deprecated_DSP_Plugin_List,
 []


Underfull \hbox (badness 10000) in paragraph at lines 3851--3853
[]| \T1/phv/m/n/10 AAX_eProperty_Deprecated_Native_Plugin_List,
 []


Underfull \hbox (badness 10000) in paragraph at lines 3899--3901
[]| \T1/phv/m/n/10 AAX_eProperty_PlugInID_ExternalProcessor,
 []


Underfull \hbox (badness 10000) in paragraph at lines 3919--3921
[]| \T1/phv/m/n/10 AAX_eProperty_StoreXMLPageTablesByEffect,
 []


Underfull \hbox (badness 10000) in paragraph at lines 3921--3923
[]| \T1/phv/m/n/10 AAX_eProperty_StoreXMLPageTablesByType,
 []


Overfull \hbox (22.174pt too wide) in paragraph at lines 3961--3962
[]\T1/phv/m/n/10 AAX_RESULT_ADD_FIELD_UNSUPPORTED_FIELD_TYPE 
 []

[1356]
Underfull \hbox (badness 10000) in paragraph at lines 4049--4051
[]| \T1/phv/m/n/10 kAAX_DataBufferType_TempoBreakpointArray,
 []

[1357] [1358] [1359] [1360] [1361] [1362] [1363] [1364] [1365]
Underfull \hbox (badness 3612) in paragraph at lines 5017--5019
[]| \T1/phv/m/n/10 AAX_CDecibelDisplayDelegateDecorator$\OML/cmm/m/it/10 <$ \T1
/phv/m/n/10 T $\OML/cmm/m/it/10 >$\T1/phv/m/n/10 ,
 []


Underfull \hbox (badness 1755) in paragraph at lines 5021--5023
[]| \T1/phv/m/n/10 AAX_CLogTaperDelegate$\OML/cmm/m/it/10 <$ \T1/phv/m/n/10 T, 
Re-al-Pre-ci-sion $\OML/cmm/m/it/10 >$\T1/phv/m/n/10 ,
 []


Underfull \hbox (badness 10000) in paragraph at lines 5023--5025
[]| \T1/phv/m/n/10 AAX_CNumberDisplayDelegate$\OML/cmm/m/it/10 <$ \T1/phv/m/n/1
0 T, Pre-ci-sion,
 []


Underfull \hbox (badness 3029) in paragraph at lines 5027--5029
[]| \T1/phv/m/n/10 AAX_CPercentDisplayDelegateDecorator$\OML/cmm/m/it/10 <$ \T1
/phv/m/n/10 T $\OML/cmm/m/it/10 >$\T1/phv/m/n/10 ,
 []


Underfull \hbox (badness 787) in paragraph at lines 5029--5031
[]| \T1/phv/m/n/10 AAX_CPieceWiseLinearTaperDelegate$\OML/cmm/m/it/10 <$ \T1/ph
v/m/n/10 T, Re-al-
 []


Underfull \hbox (badness 1755) in paragraph at lines 5082--5084
[]| \T1/phv/m/n/10 AAX_CLogTaperDelegate$\OML/cmm/m/it/10 <$ \T1/phv/m/n/10 T, 
Re-al-Pre-ci-sion $\OML/cmm/m/it/10 >$\T1/phv/m/n/10 ,
 []


Underfull \hbox (badness 787) in paragraph at lines 5084--5086
[]| \T1/phv/m/n/10 AAX_CPieceWiseLinearTaperDelegate$\OML/cmm/m/it/10 <$ \T1/ph
v/m/n/10 T, Re-al-
 []

[1366]
Underfull \hbox (badness 10000) in paragraph at lines 5219--5221
[]| \T1/phv/m/n/10 AAX_FastInterpolatedTableLookup$\OML/cmm/m/it/10 <$ \T1/phv/
m/n/10 TFLOAT,
 []


Underfull \hbox (badness 10000) in paragraph at lines 5222--5224
[]| \T1/phv/m/n/10 AAX_FastInterpolatedTableLookup$\OML/cmm/m/it/10 <$ \T1/phv/
m/n/10 TFLOAT,
 []

[1367] [1368] [1369] [1370] [1371]
Underfull \hbox (badness 1755) in paragraph at lines 5783--5785
[]| \T1/phv/m/n/10 AAX_CLogTaperDelegate$\OML/cmm/m/it/10 <$ \T1/phv/m/n/10 T, 
Re-al-Pre-ci-sion $\OML/cmm/m/it/10 >$\T1/phv/m/n/10 ,
 []


Underfull \hbox (badness 787) in paragraph at lines 5785--5787
[]| \T1/phv/m/n/10 AAX_CPieceWiseLinearTaperDelegate$\OML/cmm/m/it/10 <$ \T1/ph
v/m/n/10 T, Re-al-
 []


Underfull \hbox (badness 10000) in paragraph at lines 5792--5794
[]| \T1/phv/m/n/10 AAX_FastInterpolatedTableLookup$\OML/cmm/m/it/10 <$ \T1/phv/
m/n/10 TFLOAT,
 []


Underfull \hbox (badness 10000) in paragraph at lines 5807--5809
[]| \T1/phv/m/n/10 AAX_FastInterpolatedTableLookup$\OML/cmm/m/it/10 <$ \T1/phv/
m/n/10 TFLOAT,
 []


Underfull \hbox (badness 1755) in paragraph at lines 5813--5815
[]| \T1/phv/m/n/10 AAX_CLogTaperDelegate$\OML/cmm/m/it/10 <$ \T1/phv/m/n/10 T, 
Re-al-Pre-ci-sion $\OML/cmm/m/it/10 >$\T1/phv/m/n/10 ,
 []


Underfull \hbox (badness 787) in paragraph at lines 5815--5817
[]| \T1/phv/m/n/10 AAX_CPieceWiseLinearTaperDelegate$\OML/cmm/m/it/10 <$ \T1/ph
v/m/n/10 T, Re-al-
 []

[1372] [1373] [1374] [1375] [1376] [1377] [1378] [1379]
Underfull \hbox (badness 1755) in paragraph at lines 6763--6765
[]| \T1/phv/m/n/10 AAX_CLogTaperDelegate$\OML/cmm/m/it/10 <$ \T1/phv/m/n/10 T, 
Re-al-Pre-ci-sion $\OML/cmm/m/it/10 >$\T1/phv/m/n/10 ,
 []


Underfull \hbox (badness 787) in paragraph at lines 6765--6767
[]| \T1/phv/m/n/10 AAX_CPieceWiseLinearTaperDelegate$\OML/cmm/m/it/10 <$ \T1/ph
v/m/n/10 T, Re-al-
 []

[1380] [1381]
Underfull \hbox (badness 1755) in paragraph at lines 6941--6943
[]| \T1/phv/m/n/10 AAX_CLogTaperDelegate$\OML/cmm/m/it/10 <$ \T1/phv/m/n/10 T, 
Re-al-Pre-ci-sion $\OML/cmm/m/it/10 >$\T1/phv/m/n/10 ,
 []


Underfull \hbox (badness 787) in paragraph at lines 6943--6945
[]| \T1/phv/m/n/10 AAX_CPieceWiseLinearTaperDelegate$\OML/cmm/m/it/10 <$ \T1/ph
v/m/n/10 T, Re-al-
 []


Underfull \hbox (badness 1755) in paragraph at lines 7013--7015
[]| \T1/phv/m/n/10 AAX_CLogTaperDelegate$\OML/cmm/m/it/10 <$ \T1/phv/m/n/10 T, 
Re-al-Pre-ci-sion $\OML/cmm/m/it/10 >$\T1/phv/m/n/10 ,
 []


Underfull \hbox (badness 787) in paragraph at lines 7015--7017
[]| \T1/phv/m/n/10 AAX_CPieceWiseLinearTaperDelegate$\OML/cmm/m/it/10 <$ \T1/ph
v/m/n/10 T, Re-al-
 []

[1382]
Underfull \hbox (badness 10000) in paragraph at lines 7147--7149
[]| \T1/phv/m/n/10 AAX_FastInterpolatedTableLookup$\OML/cmm/m/it/10 <$ \T1/phv/
m/n/10 TFLOAT,
 []

[1383]
Underfull \hbox (badness 3612) in paragraph at lines 7282--7284
[]| \T1/phv/m/n/10 AAX_CDecibelDisplayDelegateDecorator$\OML/cmm/m/it/10 <$ \T1
/phv/m/n/10 T $\OML/cmm/m/it/10 >$\T1/phv/m/n/10 ,
 []


Underfull \hbox (badness 10000) in paragraph at lines 7284--7286
[]| \T1/phv/m/n/10 AAX_CNumberDisplayDelegate$\OML/cmm/m/it/10 <$ \T1/phv/m/n/1
0 T, Pre-ci-sion,
 []


Underfull \hbox (badness 3029) in paragraph at lines 7286--7288
[]| \T1/phv/m/n/10 AAX_CPercentDisplayDelegateDecorator$\OML/cmm/m/it/10 <$ \T1
/phv/m/n/10 T $\OML/cmm/m/it/10 >$\T1/phv/m/n/10 ,
 []

[1384] [1385]
Underfull \hbox (badness 3612) in paragraph at lines 7449--7451
[]| \T1/phv/m/n/10 AAX_CDecibelDisplayDelegateDecorator$\OML/cmm/m/it/10 <$ \T1
/phv/m/n/10 T $\OML/cmm/m/it/10 >$\T1/phv/m/n/10 ,
 []


Underfull \hbox (badness 10000) in paragraph at lines 7451--7453
[]| \T1/phv/m/n/10 AAX_CNumberDisplayDelegate$\OML/cmm/m/it/10 <$ \T1/phv/m/n/1
0 T, Pre-ci-sion,
 []


Underfull \hbox (badness 3029) in paragraph at lines 7453--7455
[]| \T1/phv/m/n/10 AAX_CPercentDisplayDelegateDecorator$\OML/cmm/m/it/10 <$ \T1
/phv/m/n/10 T $\OML/cmm/m/it/10 >$\T1/phv/m/n/10 ,
 []

[1386]) (./refman.aux)

LaTeX Warning: There were multiply-defined labels.

Package rerunfilecheck Info: File `refman.out' has not changed.
(rerunfilecheck)             Checksum: 145F07DCB3D2DD50E0F7426D67835B51;964550.

 ) 
Here is how much of TeX's memory you used:
 39569 strings out of 478994
 846753 string characters out of 5858184
 2375436 words of memory out of 5000000
 43663 multiletter control sequences out of 15000+600000
 484559 words of font info for 136 fonts, out of 8000000 for 9000
 1141 hyphenation exceptions out of 8191
 112i,16n,117p,3566b,4133s stack positions out of 5000i,500n,10000p,200000b,80000s
pdfTeX warning (dest): name{a00416_af4fc59eed399acba13a88ca2d46cad92} has bee
n referenced but does not exist, replaced by a fixed one

pdfTeX warning (dest): name{a00416_ab1c7611e7c95fd61900b8e5a44c36e63} has been 
referenced but does not exist, replaced by a fixed one

pdfTeX warning (dest): name{a00416_ae1e5b0cf8d8c7a301e13772a57a3d2fd} has been 
referenced but does not exist, replaced by a fixed one

pdfTeX warning (dest): name{a00416_a74a2bdb895976193bdfe4cd2fe31e21e} has been 
referenced but does not exist, replaced by a fixed one

pdfTeX warning (dest): name{a00416_a02803b3ea269d4ed4758a91eec9fa46c} has been 
referenced but does not exist, replaced by a fixed one

pdfTeX warning (dest): name{a00416_a0a683337ef8627f1e2b01e69d5f11cb0} has been 
referenced but does not exist, replaced by a fixed one

pdfTeX warning (dest): name{a00884__aax_host_implementation000014} has been ref
erenced but does not exist, replaced by a fixed one

pdfTeX warning (dest): name{a00884__aax_host_implementation000013} has been ref
erenced but does not exist, replaced by a fixed one

pdfTeX warning (dest): name{a00885__aax_sdk_internal000003} has been referenced
 but does not exist, replaced by a fixed one

pdfTeX warning (dest): name{a00884__aax_host_implementation000011} has been ref
erenced but does not exist, replaced by a fixed one

pdfTeX warning (dest): name{a00884__aax_host_implementation000010} has been ref
erenced but does not exist, replaced by a fixed one

pdfTeX warning (dest): name{a00885__aax_sdk_internal000001} has been referenced
 but does not exist, replaced by a fixed one

pdfTeX warning (dest): name{a00885__aax_sdk_internal000002} has been referenced
 but does not exist, replaced by a fixed one

pdfTeX warning (dest): name{a00884__aax_host_implementation000009} has been ref
erenced but does not exist, replaced by a fixed one

pdfTeX warning (dest): name{a00884__aax_host_implementation000008} has been ref
erenced but does not exist, replaced by a fixed one

pdfTeX warning (dest): name{a00884__aax_host_implementation000007} has been ref
erenced but does not exist, replaced by a fixed one

pdfTeX warning (dest): name{a00883__aax_plugin_implementation000005} has been r
eferenced but does not exist, replaced by a fixed one

pdfTeX warning (dest): name{a00883__aax_plugin_implementation000003} has been r
eferenced but does not exist, replaced by a fixed one

pdfTeX warning (dest): name{a00883__aax_plugin_implementation000002} has been r
eferenced but does not exist, replaced by a fixed one

pdfTeX warning (dest): name{a00884__aax_host_implementation000006} has been ref
erenced but does not exist, replaced by a fixed one

pdfTeX warning (dest): name{a00884__aax_host_implementation000005} has been ref
erenced but does not exist, replaced by a fixed one

pdfTeX warning (dest): name{a00884__aax_host_implementation000004} has been ref
erenced but does not exist, replaced by a fixed one

pdfTeX warning (dest): name{a00884__aax_host_implementation000003} has been ref
erenced but does not exist, replaced by a fixed one

pdfTeX warning (dest): name{a00884__aax_host_implementation000002} has been ref
erenced but does not exist, replaced by a fixed one

pdfTeX warning (dest): name{a00884__aax_host_implementation000001} has been ref
erenced but does not exist, replaced by a fixed one

pdfTeX warning (dest): name{a00883__aax_plugin_implementation000001} has been r
eferenced but does not exist, replaced by a fixed one

pdfTeX warning (dest): name{a00884__aax_host_implementation000012} has been ref
erenced but does not exist, replaced by a fixed one

pdfTeX warning (dest): name{a00902_ga13e384f22825afd3db6d68395b79ce0dac30a4e737
72e37267dfef39ae3122705} has been referenced but does not exist, replaced by a 
fixed one

pdfTeX warning (dest): name{a00902_ga13e384f22825afd3db6d68395b79ce0da33a950bc2
e02d38fc3be0a0ad8cc89b1} has been referenced but does not exist, replaced by a 
fixed one

pdfTeX warning (dest): name{a00883__aax_plugin_implementation000004} has been r
eferenced but does not exist, replaced by a fixed one

{/usr/local/texlive/2021/texmf-dist/fonts/enc/dvips/base/8r.enc}</usr/local/tex
live/2021/texmf-dist/fonts/type1/public/amsfonts/cm/cmmi10.pfb></usr/local/texl
ive/2021/texmf-dist/fonts/type1/public/amsfonts/cm/cmmi12.pfb></usr/local/texli
ve/2021/texmf-dist/fonts/type1/public/amsfonts/cm/cmmi7.pfb></usr/local/texlive
/2021/texmf-dist/fonts/type1/public/amsfonts/cm/cmmi8.pfb></usr/local/texlive/2
021/texmf-dist/fonts/type1/public/amsfonts/cm/cmmi9.pfb></usr/local/texlive/202
1/texmf-dist/fonts/type1/public/amsfonts/cm/cmsy10.pfb></usr/local/texlive/2021
/texmf-dist/fonts/type1/public/amsfonts/cm/cmsy6.pfb></usr/local/texlive/2021/t
exmf-dist/fonts/type1/public/amsfonts/cm/cmsy7.pfb></usr/local/texlive/2021/tex
mf-dist/fonts/type1/public/amsfonts/cm/cmsy8.pfb></usr/local/texlive/2021/texmf
-dist/fonts/type1/urw/courier/ucrb8a.pfb></usr/local/texlive/2021/texmf-dist/fo
nts/type1/urw/courier/ucrr8a.pfb></usr/local/texlive/2021/texmf-dist/fonts/type
1/urw/courier/ucrro8a.pfb></usr/local/texlive/2021/texmf-dist/fonts/type1/urw/h
elvetic/uhvb8a.pfb></usr/local/texlive/2021/texmf-dist/fonts/type1/urw/helvetic
/uhvb8ac.pfb></usr/local/texlive/2021/texmf-dist/fonts/type1/urw/helvetic/uhvbo
8a.pfb></usr/local/texlive/2021/texmf-dist/fonts/type1/urw/helvetic/uhvbo8ac.pf
b></usr/local/texlive/2021/texmf-dist/fonts/type1/urw/helvetic/uhvr8a.pfb></usr
/local/texlive/2021/texmf-dist/fonts/type1/urw/helvetic/uhvro8a.pfb>
Output written on refman.pdf (1486 pages, 4587747 bytes).
PDF statistics:
 59294 PDF objects out of 66169 (max. 8388607)
 55579 compressed objects within 556 object streams
 12130 named destinations out of 12825 (max. 500000)
 32647 words of extra memory for PDF output out of 35830 (max. 10000000)

